ic,traj,n_steps,eta,loss_total,loss_T,loss_olw,loss_slwd,rmse_T,bias_T,rmse_olw,bias_olw,rmse_slwd,bias_slwd,nrmse_T,nbias_T,nrmse_olw,nbias_olw,nrmse_slwd,nbias_slwd,mean_T,mean_olw,mean_slwd,bias_C,pnorm,gnorm
1,1,10,0.01,4.2469172,0.2004368,2.9422352,1.1042452,0.22385085,0.01193176,65.26906,3.4114804,89.53111,11.061491,0.4477017,0.02386352,1.7152945,0.0896549,1.0508307,0.12982926,251.12997,245.07397,329.26288,-14.472971,23.072573,16.534672
1,2,10,0.01,4.2291527,0.20746727,2.9354913,1.0861939,0.22774288,0.0072893035,65.194214,3.413203,88.79631,11.117145,0.45548576,0.014578607,1.7133275,0.089700215,1.0422063,0.13048239,251.18488,245.25986,330.13773,-14.530348,23.072573,16.864155
1,3,10,0.01,4.240593,0.20838773,2.9586027,1.0736026,0.22824752,0.005274533,65.45035,2.9403558,88.280136,11.550621,0.45649505,0.010549066,1.7200589,0.07727359,1.036148,0.13557017,251.19293,245.31136,330.5379,-14.490976,23.072573,16.95803
1,4,10,0.01,4.255767,0.19245389,2.9624157,1.1008973,0.21934783,0.010096556,65.492516,3.1444116,89.39529,9.458339,0.43869567,0.020193111,1.721167,0.08263638,1.0492365,0.11101297,251.14836,245.21626,329.86777,-12.602751,23.072573,16.93811
1,5,10,0.01,1.4619973,0.10984576,1.0451475,0.307004,0.16571493,0.0065498874,38.900707,18.67699,47.207737,19.97736,0.33142987,0.013099775,1.0223246,0.4908381,0.5540794,0.23447518,251.13963,245.198,330.21683,-38.65435,23.095179,7.3499775
1,6,10,0.01,1.4857825,0.1154801,1.0872308,0.28307164,0.16991182,0.0058891014,39.676155,18.348747,45.330383,22.603365,0.33982363,0.011778203,1.0427036,0.4822118,0.53204477,0.2652967,251.11403,245.10222,330.36642,-40.95211,23.095179,7.23798
1,7,10,0.01,1.5429586,0.1139286,1.1190532,0.3099768,0.16876656,0.012549617,40.25261,18.310057,47.435753,20.18249,0.33753312,0.025099235,1.0578531,0.48119485,0.5567556,0.23688279,251.0897,245.05899,329.71014,-38.492546,23.095179,7.3603563
1,8,10,0.01,1.5564408,0.11257455,1.1396718,0.30419448,0.16776066,0.007603166,40.621746,18.633713,46.991238,20.828897,0.3355213,0.015206332,1.0675541,0.4897007,0.5515383,0.24446973,251.15254,245.2758,330.30252,-39.46261,23.095179,7.331186
1,9,10,0.01,0.99771786,0.09960139,0.45191643,0.4462,0.15779844,0.025721906,25.579832,3.3715708,56.912277,-24.06368,0.31559688,0.05144381,0.6722473,0.08860609,0.66798204,-0.28243652,251.235,245.56648,330.48846,20.69211,23.121048,6.336169
1,10,10,0.01,0.9611366,0.097126395,0.4257308,0.43827936,0.15582554,0.03326091,24.827682,2.6963058,56.40488,-24.825289,0.31165108,0.06652182,0.6524805,0.07085986,0.6620267,-0.29137555,251.34013,246.0508,330.30188,22.128983,23.121048,6.3287096
1,11,10,0.01,0.9568914,0.09883283,0.41843903,0.43961957,0.15718845,0.02943139,24.614147,2.5389931,56.491062,-25.547146,0.3143769,0.05886278,0.64686865,0.06672564,0.66303813,-0.29984802,251.47806,246.48405,331.4207,23.008152,23.121048,6.366656
1,12,10,0.01,0.9342041,0.098564476,0.39672127,0.43891835,0.1569749,0.026460616,23.966877,2.166363,56.445988,-25.154152,0.3139498,0.05292123,0.62985814,0.056932814,0.66250914,-0.29523543,251.59161,246.91493,332.06738,22.98779,23.121048,6.3370595
1,13,10,0.01,0.28652775,0.081745334,0.15115684,0.053625572,0.1429557,0.035062138,14.793897,-0.9845674,19.730003,-1.1786271,0.2859114,0.070124276,0.38878894,-0.025874786,0.23157196,-0.0138336,251.63667,247.13573,331.94702,2.1631947,23.148285,1.4952567
1,14,10,0.01,0.2898578,0.08057701,0.15354055,0.05574023,0.14193045,0.032347504,14.910089,-1.0048069,20.115257,-1.6771556,0.2838609,0.06469501,0.3918425,-0.026406676,0.23609369,-0.01968485,251.68385,247.30402,332.6265,2.6819625,23.148285,1.5347644
1,15,10,0.01,0.30734438,0.08839848,0.15919055,0.05975536,0.14865941,0.02810582,15.18194,-0.58014643,20.82714,-1.0651551,0.29731882,0.05621164,0.3989869,-0.0152464565,0.2444491,-0.012501777,251.66765,247.26926,332.7512,1.6453016,23.148285,1.5606967
1,16,10,0.01,0.2970304,0.07895344,0.16157715,0.056499794,0.14049327,0.035468437,15.295322,-0.57482886,20.251848,-0.9231444,0.28098655,0.07093687,0.4019666,-0.015106702,0.23769686,-0.01083499,251.61018,247.0474,331.96393,1.4979732,23.148285,1.5565369
1,17,10,0.01,0.46980876,0.07039921,0.13351762,0.26589194,0.13266425,0.014732154,13.903942,3.6388037,43.933304,16.853176,0.2653285,0.029464308,0.36540064,0.09562909,0.5156471,0.19780646,251.63057,247.09134,332.4595,-20.49198,23.17846,4.724749
1,18,10,0.01,0.47846106,0.08088608,0.14382638,0.2537486,0.14220239,0.009274459,14.430718,4.2304873,42.918354,18.732677,0.28440478,0.018548919,0.37924448,0.111178726,0.50373465,0.2198663,251.64105,247.11467,332.55844,-22.963165,23.17846,4.666818
1,19,10,0.01,0.4909202,0.07850486,0.15147741,0.2609379,0.1400936,0.0196023,14.809576,3.9143887,43.522095,17.703815,0.2801872,0.0392046,0.389201,0.102871545,0.5108208,0.20779046,251.62505,247.07288,331.8645,-21.618204,23.17846,4.767344
1,20,10,0.01,0.48714128,0.07667872,0.14939696,0.2610656,0.13845462,0.014386902,14.707523,3.5700169,43.53274,17.502718,0.27690923,0.028773803,0.386519,0.09382134,0.5109458,0.2054302,251.67053,247.24432,332.4974,-21.072735,23.17846,4.712549
1,21,10,0.01,0.34262833,0.0810349,0.13076344,0.13082999,0.14233315,0.0037895236,13.759791,-1.3560156,30.81732,7.2960367,0.2846663,0.0075790472,0.3616123,-0.03563658,0.3617043,0.085633904,251.73119,247.48463,332.997,-5.940021,23.205542,3.2123632
1,22,10,0.01,0.34955478,0.07305619,0.13579574,0.14070284,0.13514455,0.011600637,14.022058,-1.4670296,31.958961,6.221768,0.2702891,0.023201274,0.36850473,-0.03855408,0.37510377,0.07302519,251.7805,247.65808,332.4609,-4.7547383,23.205542,3.2966416
1,23,10,0.01,0.36029175,0.06845579,0.14365488,0.14818108,0.13082029,0.010703648,14.422111,-1.9126878,32.79726,5.9514294,0.26164058,0.021407297,0.3790183,-0.050266128,0.38494295,0.06985221,251.9177,248.15169,333.40533,-4.0387416,23.205542,3.351422
1,24,10,0.01,0.3446839,0.07710496,0.13147973,0.13609919,0.1388389,0.003705153,13.797426,-1.7136973,31.431782,7.4740324,0.2776778,0.007410306,0.36260134,-0.045036584,0.36891624,0.08772307,252.0189,248.59982,334.1999,-5.760335,23.205542,3.258665
1,25,10,0.01,0.1763312,0.05589948,0.06765812,0.052773606,0.11821535,0.011212547,9.897572,0.61638004,19.572647,-10.35989,0.2364307,0.022425095,0.26011175,0.016198687,0.22972506,-0.1215945,251.99704,248.54794,333.76562,9.74351,23.230259,1.5555503
1,26,10,0.01,0.18498716,0.06226903,0.06679475,0.055923373,0.124768816,0.007875808,9.834218,0.41701794,20.148275,-11.145932,0.24953763,0.015751615,0.2584468,0.010959384,0.23648123,-0.13082032,252.00157,248.46909,334.32983,10.728914,23.230259,1.5875368
1,27,10,0.01,0.1814038,0.06334172,0.06418548,0.053876597,0.1258389,0.0021681339,9.640223,0.88483244,19.776129,-10.518766,0.2516778,0.0043362677,0.25334853,0.023253715,0.23211333,-0.12345923,251.9903,248.41422,334.41956,9.633934,23.230259,1.5698186
1,28,10,0.01,0.16557862,0.05366899,0.055783726,0.056125898,0.11583284,0.011340193,8.987159,0.8535451,20.184727,-10.030707,0.23166569,0.022680387,0.23618579,0.022431472,0.23690905,-0.11773086,251.93805,248.2698,333.76382,9.177162,23.230259,1.526603
1,29,10,0.01,0.16704309,0.049638826,0.05796879,0.05943547,0.11139886,-0.003854261,9.161484,2.161714,20.771318,-0.97795707,0.22279772,-0.007708522,0.24076709,0.05681062,0.2437939,-0.011478337,251.94113,248.24084,334.24835,-1.1837571,23.253271,1.6686639
1,30,10,0.01,0.16949904,0.053984996,0.057324804,0.058189243,0.11617336,-0.010441226,9.110454,2.587176,20.5524,-0.7005581,0.23234671,-0.020882452,0.23942599,0.06799191,0.24122447,-0.008222493,251.95763,248.22937,334.40884,-1.8866179,23.253271,1.652031
1,31,10,0.01,0.1641401,0.04430261,0.060574558,0.05926293,0.105240926,-0.0021735344,9.365129,2.2974746,20.741148,-0.2274506,0.21048185,-0.0043470687,0.246119,0.06037846,0.2434398,-0.002669585,251.94835,248.24239,333.73166,-2.070024,23.253271,1.7464827
1,32,10,0.01,0.16367967,0.048296127,0.05594216,0.05944139,0.1098819,-0.004511885,8.999912,1.9055291,20.772352,-1.5631514,0.2197638,-0.00902377,0.23652095,0.050077997,0.24380605,-0.018346785,251.99315,248.42894,334.34384,-0.34237778,23.253271,1.6937569
1,33,10,0.01,0.15340263,0.05213886,0.056484908,0.04477885,0.11416968,-0.017859094,9.043466,-2.34289,18.029251,8.357359,0.22833936,-0.035718188,0.23766553,-0.061572004,0.21161014,0.0980907,251.99002,248.40839,334.46094,-6.014469,23.27359,1.7174389
1,34,10,0.01,0.15275973,0.046078417,0.06320732,0.04347398,0.10732942,-0.009544478,9.566484,-2.2552469,17.764622,8.886758,0.21465884,-0.019088956,0.25141066,-0.0592687,0.20850416,0.104304306,251.94565,248.2672,333.66425,-6.6315107,23.27359,1.7085259
1,35,10,0.01,0.15430619,0.04765685,0.06253456,0.04411478,0.10915224,-0.013841908,9.515436,-2.2614563,17.895065,8.102618,0.21830449,-0.027683817,0.2500691,-0.059431892,0.21003519,0.09510082,251.96371,248.23662,334.19476,-5.8411617,23.27359,1.7043484
1,36,10,0.01,0.16866139,0.055656563,0.06614773,0.046857096,0.11795822,-0.020447755,9.786472,-1.9935455,18.442886,9.005183,0.23591644,-0.04089551,0.25719202,-0.0523911,0.216465,0.10569424,252.01521,248.39607,334.66785,-7.0116377,23.27359,1.7249424
1,37,10,0.01,0.14714262,0.046902217,0.06437152,0.03586889,0.1082846,-0.007395377,9.654183,-1.7585808,16.136158,2.031151,0.2165692,-0.014790754,0.25371543,-0.04621614,0.18939084,0.02383971,252.06944,248.69717,334.22452,-0.27257025,23.292427,1.1570377
1,38,10,0.01,0.14371774,0.049137775,0.059157897,0.035422064,0.11083521,-0.01129011,9.254971,-2.2766998,16.03534,0.46004263,0.22167042,-0.02258022,0.24322397,-0.059832487,0.1882075,0.0053995377,252.16635,249.07947,335.01215,1.8166572,23.292427,1.1528958
1,39,10,0.01,0.14749336,0.052821096,0.059901897,0.034770366,0.1149142,-0.015189805,9.312986,-2.3210196,15.887144,0.83799744,0.2298284,-0.03037961,0.24474864,-0.06099724,0.18646814,0.009835612,252.27669,249.52931,335.76578,1.4830222,23.292427,1.1028844
1,40,10,0.01,0.15243205,0.05111443,0.06482129,0.036496338,0.1130425,-0.0051225233,9.687853,-2.4938302,16.27668,1.5951979,0.226085,-0.010245047,0.25460026,-0.06553875,0.19104014,0.018722912,252.33673,249.91837,335.3921,0.8986323,23.292427,1.137082
1,41,10,0.01,0.1415986,0.04917775,0.05158492,0.04083593,0.110880286,-0.004064549,8.642315,0.12612368,17.217197,-1.9001793,0.22176057,-0.008129098,0.22712314,0.0033145812,0.20207901,-0.022302486,252.40201,250.12209,336.31454,1.7740556,23.310385,1.6311176
1,42,10,0.01,0.14180925,0.05277175,0.050077617,0.03895989,0.11486051,-0.0102869505,8.515115,0.6624726,16.81706,-1.5644116,0.22972102,-0.020573901,0.22378029,0.017410014,0.1973826,-0.01836157,252.41643,250.02579,336.6367,0.90193903,23.310385,1.5794867
1,43,10,0.01,0.14161691,0.047102515,0.05200506,0.04250934,0.10851557,-0.002429893,8.677437,0.66346925,17.566425,-0.91631263,0.21703114,-0.004859786,0.22804618,0.017436216,0.20617794,-0.010754802,252.41068,250.06754,335.9185,0.25284338,23.310385,1.6046329
1,44,10,0.01,0.14882839,0.05256009,0.054802794,0.0414655,0.11462994,-0.004050551,8.907791,0.1387108,17.349407,-2.149102,0.22925988,-0.008101102,0.23409997,0.0036453756,0.20363079,-0.025224108,252.46054,250.24571,336.2345,2.0103912,23.310385,1.6395761
1,45,10,0.01,0.11430192,0.05254305,0.037462834,0.024296034,0.11461136,-0.008451977,7.3649354,0.46746063,13.280333,4.117766,0.22922271,-0.016903954,0.19355318,0.012285034,0.15587185,0.0483304,252.53224,250.53906,336.70013,-4.5852265,23.327587,0.83902043
1,46,10,0.01,0.10787453,0.04371276,0.04006714,0.024094623,0.104537986,0.0009733896,7.616629,0.3533225,13.225169,4.96053,0.20907597,0.0019467792,0.20016778,0.009285444,0.15522443,0.058221955,252.52287,250.65172,336.06207,-5.3138523,23.327587,0.78037685
1,47,10,0.01,0.115880504,0.05220183,0.04204803,0.021630643,0.1142386,-0.0017101289,7.8026395,-0.0859165,12.530718,3.6157417,0.2284772,-0.0034202577,0.20505616,-0.0022579143,0.1470736,0.042438127,252.56277,250.82375,336.7155,-3.5298252,23.327587,0.82001996
1,48,10,0.01,0.11420549,0.05624723,0.03605025,0.021908006,0.118582495,-0.0050380602,7.22475,0.26299134,12.6108,4.399466,0.23716499,-0.0100761205,0.18986903,0.0069115083,0.14801353,0.051636733,252.60863,250.89694,337.4488,-4.6624575,23.327587,0.793394
1,49,10,0.01,0.1144875,0.038776774,0.04874012,0.026970614,0.098459095,0.00031151978,8.400632,0.20555377,13.992219,3.2846692,0.19691819,0.00062303955,0.22077164,0.0054020183,0.16422732,0.038552318,252.59428,250.88759,336.79623,-3.490223,23.343723,1.3706491
1,50,10,0.01,0.11376292,0.04276439,0.04716301,0.02383552,0.103397764,-0.0032975646,8.263602,-0.09323136,13.15387,2.0378685,0.20679553,-0.006595129,0.21717046,-0.0024501507,0.15438756,0.023918556,252.60172,250.91193,337.19675,-1.9446372,23.343723,1.3226877
1,51,10,0.01,0.13013533,0.053687572,0.049525008,0.026922744,0.11585289,-0.008790966,8.468002,0.23462781,13.979795,2.9194577,0.23170578,-0.017581932,0.22254215,0.006166109,0.16408151,0.034265816,252.6207,250.95676,337.63272,-3.1540854,23.343723,1.3688842
1,52,10,0.01,0.11607308,0.040561244,0.0490157,0.026496135,0.10069911,-0.0017894034,8.424346,0.22111106,13.868596,3.3780115,0.20139822,-0.0035788068,0.2213949,0.0058108834,0.16277634,0.039647873,252.60551,250.95198,336.91586,-3.5991225,23.343723,1.35272
1,53,10,0.01,0.104550116,0.04146968,0.03883989,0.024240546,0.10182053,-0.006904023,7.4990754,1.4790454,13.265158,-5.8439775,0.20364106,-0.013808046,0.19707839,0.038869847,0.15569375,-0.06859103,252.6308,251.03456,337.31888,4.364932,23.357935,0.9135288
1,54,10,0.01,0.12281906,0.055136498,0.043481093,0.02420147,0.11740581,-0.011444118,7.9344873,1.6293129,13.25446,-5.114122,0.23481162,-0.022888236,0.2085212,0.042818937,0.15556821,-0.06002469,252.67557,251.18274,337.7803,3.484809,23.357935,0.94863635
1,55,10,0.01,0.10444893,0.037143327,0.03980409,0.027501507,0.09636302,-0.0040097064,7.5915856,1.6377735,14.12926,-4.3752317,0.19272605,-0.008019413,0.19950962,0.043041278,0.16583578,-0.05135229,252.67677,251.20403,337.17227,2.7374582,23.357935,1.0096016
1,56,10,0.01,0.10282334,0.040677227,0.038578596,0.023567522,0.10084298,-0.0059615695,7.473807,1.4002417,13.079712,-5.0548525,0.20168597,-0.011923139,0.19641435,0.036798857,0.15351717,-0.059329033,252.68541,251.23824,337.51617,3.6546106,23.357935,0.9774964
1,57,10,0.01,0.11152437,0.0573069,0.035839677,0.018377792,0.1196943,-0.010884686,7.203619,0.90008193,11.550156,-4.504946,0.2393886,-0.021769373,0.1893137,0.023654472,0.13556471,-0.05287476,252.70056,251.26843,337.8242,3.6048644,23.370834,1.0569994
1,58,10,0.01,0.09884299,0.03815277,0.037873216,0.022817012,0.09766367,-0.0033296612,7.405165,0.8019908,12.869766,-4.322499,0.19532734,-0.0066593224,0.19461042,0.021076616,0.15105301,-0.050733354,252.70883,251.31996,337.0599,3.520508,23.370834,1.1258008
1,59,10,0.01,0.10155253,0.040524293,0.039982397,0.021045841,0.10065323,-0.0063237995,7.608571,0.5999257,12.360168,-5.5905256,0.20130646,-0.012647599,0.19995598,0.015766261,0.14507185,-0.06561626,252.79195,251.62788,337.88635,4.9906,23.370834,1.255893
1,60,10,0.01,0.11560728,0.053648785,0.042155717,0.019802775,0.115811035,-0.0111550335,7.812624,0.6816507,11.989588,-4.416798,0.23162207,-0.022310067,0.20531857,0.017914021,0.14072233,-0.051840156,252.87666,251.93793,338.66653,3.7351475,23.370834,1.2325417
1,61,10,0.01,0.08498025,0.0320826,0.03305433,0.019843321,0.08955808,-0.00078321534,6.9180365,-2.454707,12.001857,1.6902273,0.17911616,-0.0015664307,0.1818085,-0.064510584,0.14086632,0.019838275,252.8845,252.0088,338.06006,0.76447964,23.382854,0.8427563
1,62,10,0.01,0.084951505,0.033632454,0.032268047,0.019051004,0.09169576,-0.0022166087,6.8352594,-2.6280718,11.759805,0.6620236,0.18339153,-0.0044332175,0.1796331,-0.06906667,0.13802537,0.0077702017,252.91252,252.07181,338.55563,1.9660482,23.382854,0.82577443
1,63,10,0.01,0.10009232,0.049109556,0.033521637,0.017461125,0.11080338,-0.006456362,6.9667664,-2.4747882,11.258416,1.5965692,0.22160676,-0.012912724,0.18308915,-0.06503833,0.13214055,0.018739006,252.92464,252.06578,338.81973,0.878219,23.382854,0.82503694
1,64,10,0.01,0.086681284,0.033808377,0.03219205,0.020680854,0.09193527,-0.0010538247,6.827206,-2.3462193,12.2525215,1.9360632,0.18387054,-0.0021076493,0.17942144,-0.06165948,0.1438084,0.02272366,252.89963,252.02158,338.0565,0.41015613,23.382854,0.77492255
1,65,10,0.01,0.099534646,0.03821087,0.035540696,0.025783077,0.097738005,0.00296956,7.173509,-2.94002,13.68071,2.3748884,0.19547601,0.00593912,0.1885224,-0.07726479,0.1605711,0.027874174,252.95805,252.26918,338.7358,0.56513166,23.393604,1.1377786
1,66,10,0.01,0.10614185,0.045444697,0.03678488,0.023912277,0.10658881,-0.0037758374,7.2979913,-3.0325425,13.175034,3.890583,0.21317762,-0.0075516747,0.19179384,-0.07969632,0.15463595,0.04566395,253.0449,252.6585,339.45624,-0.8580406,23.393604,1.1321083
1,67,10,0.01,0.09451924,0.032253087,0.036062274,0.026203886,0.08979572,0.0032276288,7.2259545,-3.0369534,13.791899,4.3530426,0.17959145,0.0064552575,0.1899007,-0.079812236,0.16187614,0.051091857,253.0462,252.83069,338.8435,-1.3160892,23.393604,1.1464183
1,68,10,0.01,0.09730916,0.038113773,0.034891017,0.024304364,0.097613744,0.0026539627,7.107641,-2.9925463,13.282608,3.2431717,0.19522749,0.0053079254,0.18679138,-0.07864519,0.15589857,0.038065255,253.04648,252.73528,339.31268,-0.25062537,23.393604,1.1229784
1,69,10,0.01,0.09019536,0.044949807,0.0324276,0.012817952,0.106006846,0.0017777815,6.852138,0.059498064,9.646072,-0.046553217,0.21201369,0.003555563,0.18007666,0.0015636303,0.11321639,-0.0005463976,253.03145,252.51057,339.44064,-0.012944847,23.402943,0.6161861
1,70,10,0.01,0.081903495,0.031655528,0.034850977,0.015396988,0.08896,0.008357312,7.103562,0.2440628,10.572047,0.17013866,0.17792,0.016714623,0.18668416,0.006414057,0.1240846,0.0019969249,253.0118,252.426,338.65024,-0.41420144,23.402943,0.68445086
1,71,10,0.01,0.09235243,0.038862545,0.03899511,0.01449477,0.098567925,0.0064771813,7.5140443,0.029639004,10.257626,-0.27547523,0.19713585,0.012954363,0.1974718,0.00077892793,0.12039423,-0.0032332751,253.0425,252.48067,338.79352,0.24583623,23.402943,0.7484327
1,72,10,0.01,0.1037672,0.049631394,0.04024182,0.0138939945,0.11139052,0.0028819276,7.633215,0.0671631,10.042799,0.4252433,0.22278105,0.0057638553,0.20060363,0.0017650718,0.11787279,0.004991098,253.07446,252.5827,338.87985,-0.4924064,23.402943,0.6879206
1,73,10,0.01,0.08976776,0.03622467,0.03546049,0.018082598,0.0951639,0.009327188,7.1654105,1.0064733,11.457018,-2.5711215,0.1903278,0.018654376,0.18830957,0.026450476,0.13447155,-0.030177357,253.11273,252.88522,338.44815,1.5646482,23.411314,0.8045597
1,74,10,0.01,0.08855375,0.03681807,0.034735423,0.01700026,0.09594017,0.006781059,7.091776,0.7824713,11.108848,-3.3206964,0.19188035,0.013562118,0.18637441,0.020563629,0.13038504,-0.038975168,253.17867,253.09737,339.32117,2.5382252,23.411314,0.85044557
1,75,10,0.01,0.10077461,0.04686,0.036287807,0.017626798,0.10823585,0.0012894665,7.248514,0.8683187,11.311701,-2.325737,0.2164717,0.002578933,0.19049358,0.022819726,0.13276595,-0.027297277,253.1976,253.17574,339.70825,1.4574183,23.411314,0.8424655
1,76,10,0.01,0.08969048,0.03223477,0.03836008,0.019095631,0.08977022,0.009501143,7.4526105,0.9112424,11.773571,-2.0673456,0.17954044,0.019002287,0.1958573,0.023947783,0.13818695,-0.024264527,253.17192,253.09828,339.03296,1.1561031,23.411314,0.86215895
1,77,10,0.01,0.0863009,0.036888193,0.035406318,0.014006389,0.096031494,0.0021016556,7.1599345,0.41523597,10.083337,-0.80810654,0.19206299,0.004203311,0.18816566,0.01091255,0.11834859,-0.009484784,253.18158,253.00749,339.36206,0.39287058,23.418642,0.7285712
1,78,10,0.01,0.09634879,0.046316624,0.03487815,0.01515402,0.107606485,-0.004236622,7.1063304,0.45105675,10.488301,-0.14817517,0.21521297,-0.008473244,0.18675692,0.011853926,0.12310167,-0.001739136,253.19736,253.07281,339.52658,-0.3028816,23.418642,0.78083247
1,79,10,0.01,0.086219326,0.032322995,0.035895564,0.018000768,0.08989298,0.0019241236,7.2092333,0.645731,11.431066,0.4407962,0.17978597,0.0038482472,0.18946125,0.016970046,0.13416694,0.0051736445,253.14738,252.96527,338.8792,-1.0865271,23.418642,0.89810336
1,80,10,0.01,0.088123225,0.03844827,0.03506598,0.014608974,0.098041154,0.0005338624,7.1254396,0.52388966,10.2979555,-0.956821,0.19608231,0.0010677248,0.18725912,0.013768012,0.12086759,-0.011230252,253.173,252.95952,339.29608,0.43293136,23.418642,0.7714283
1,81,10,0.01,0.09319026,0.046183713,0.03223206,0.014774485,0.10745198,-0.009337286,6.8314476,1.0341922,10.356127,2.5683131,0.21490397,-0.018674573,0.1795329,0.027178947,0.12155034,0.030144418,253.2038,253.05038,339.55478,-3.6025052,23.424885,0.7307901
1,82,10,0.01,0.08394364,0.02988045,0.036607847,0.017455347,0.08642981,-0.0020599745,7.2804093,0.968307,11.256554,3.2262387,0.17285962,-0.004119949,0.19133177,0.025447456,0.13211869,0.037866503,253.20387,253.04573,339.0878,-4.1945457,23.424885,0.73888916
1,83,10,0.01,0.090659246,0.039495233,0.035808396,0.015355613,0.09936704,-0.003979998,7.2004747,0.9198052,10.557834,2.5986416,0.19873407,-0.007959996,0.18923107,0.024172813,0.123917766,0.030500365,253.25653,253.12035,339.24945,-3.518447,23.424885,0.70695084
1,84,10,0.01,0.09540775,0.047034238,0.03146833,0.016905183,0.10843689,-0.0071563385,6.750027,0.9051456,11.07774,2.9183037,0.21687378,-0.014312677,0.17739315,0.023787541,0.13001993,0.034252267,253.3142,253.27878,339.69244,-3.8234494,23.424885,0.7186596
1,85,10,0.01,0.074613206,0.03243237,0.028869595,0.013311242,0.090044945,0.00077835086,6.4653053,1.0709643,9.829931,2.0840173,0.18008989,0.0015567017,0.16991055,0.028145332,0.11537436,0.024460206,253.2987,253.26062,338.9277,-3.1549816,23.430285,0.6892304
1,86,10,0.01,0.07505959,0.031116048,0.030372445,0.013571097,0.08819871,-0.00071354193,6.6314507,0.9403497,9.925415,1.4425935,0.17639741,-0.0014270839,0.17427692,0.024712732,0.11649505,0.016931787,253.33641,253.40605,339.47626,-2.3829432,23.430285,0.671682
1,87,10,0.01,0.08857733,0.04021162,0.03453028,0.01383543,0.10026418,-0.006251732,7.070802,1.0687325,10.021611,2.493529,0.20052835,-0.012503464,0.18582325,0.028086677,0.117624104,0.029266668,253.38849,253.60925,340.00928,-3.5622616,23.430285,0.7322589
1,88,10,0.01,0.07992276,0.033622548,0.032668892,0.01363132,0.09168226,-0.0007884626,6.8775835,0.882626,9.947413,2.6898453,0.18336453,-0.0015769252,0.18074538,0.023195734,0.11675324,0.031570833,253.41454,253.74095,339.37555,-3.5724714,23.430285,0.67072517
1,89,10,0.01,0.07411472,0.032214995,0.026222534,0.01567719,0.08974268,0.005200534,6.161777,-0.5943443,10.667811,-1.6816976,0.17948537,0.010401068,0.16193374,-0.0156195825,0.12520859,-0.019738166,253.52026,254.15102,340.2386,2.276042,23.434935,0.6421582
1,90,10,0.01,0.08899918,0.047881216,0.027000962,0.014117002,0.109408885,0.0031270199,6.2525663,-0.72956586,10.123075,-1.299949,0.21881777,0.0062540397,0.1643197,-0.019173255,0.11881499,-0.015257561,253.5936,254.4886,340.6983,2.0295148,23.434935,0.61523426
1,91,10,0.01,0.07599546,0.032942228,0.027476678,0.015576554,0.09074997,0.008615857,6.307406,-0.76704675,10.633515,-1.6355708,0.18149994,0.017231714,0.1657609,-0.020158269,0.12480607,-0.019196765,253.5928,254.46628,340.18552,2.4026175,23.434935,0.6308596
1,92,10,0.01,0.08480872,0.035350557,0.030730259,0.018727906,0.09400872,0.007861265,6.670398,-0.8027487,11.6596575,-1.9663737,0.18801744,0.01572253,0.17530048,-0.021096526,0.13684994,-0.02307941,253.6263,254.53302,340.36948,2.7691224,23.434935,0.6941686
1,93,10,0.01,0.089928396,0.043216325,0.031604454,0.015107618,0.103942685,0.0062436177,6.7646103,-1.2092184,10.47223,-2.3671963,0.20788537,0.0124872355,0.17777641,-0.031778697,0.12291305,-0.02778389,253.6796,254.72739,340.7489,3.5764146,23.439106,0.69923484
1,94,10,0.01,0.077573106,0.03336102,0.029165886,0.015046191,0.091325,0.011611999,6.498397,-1.5482982,10.450919,-2.5080726,0.18265,0.023223998,0.17078023,-0.040689833,0.12266292,-0.029437367,253.69937,254.93233,340.22253,4.0563707,23.439106,0.7160478
1,95,10,0.01,0.07320905,0.029979525,0.0270963,0.01613322,0.08657298,0.01159577,6.2635956,-1.6099262,10.821856,-2.8725648,0.17314596,0.02319154,0.16460954,-0.042309444,0.12701662,-0.033715423,253.73532,255.03291,340.59976,4.482491,23.439106,0.7709837
1,96,10,0.01,0.083784305,0.042167686,0.028071968,0.013544646,0.10267386,0.006415242,6.3753653,-1.5341948,9.915738,-2.1220133,0.20534772,0.012830484,0.16754691,-0.040319193,0.11638147,-0.024906164,253.74753,255.0876,340.63312,3.656208,23.439106,0.6883722
1,97,10,0.01,0.06665793,0.03050855,0.02548158,0.0106678,0.087333485,0.011022723,6.0740986,-0.24285465,8.799918,-0.10144282,0.17466697,0.022045447,0.15962951,-0.0063823066,0.103285044,-0.0011906395,253.69586,254.90344,339.94534,0.34429747,23.44276,0.36842135
1,98,10,0.01,0.065317646,0.029069573,0.024878344,0.01136973,0.08524901,0.009880275,6.0017705,-0.4628137,9.084821,-0.94731694,0.17049801,0.01976055,0.1577287,-0.012162915,0.10662894,-0.0111187,253.69536,254.76266,340.40436,1.4101306,23.44276,0.38930085
1,99,10,0.01,0.07220638,0.037687894,0.0235716,0.010946885,0.09706685,0.0051498427,5.842022,-0.35397696,8.914285,0.02744723,0.1941337,0.010299685,0.15353045,-0.0093026385,0.10462736,0.00032214716,253.7017,254.70842,340.7108,0.32652974,23.44276,0.37551823
1,100,10,0.01,0.06498485,0.028136369,0.024542693,0.012305786,0.083869494,0.010630382,5.9611464,-0.40348315,9.451394,0.2522342,0.16773899,0.021260764,0.15666108,-0.010603678,0.11093145,0.0029604838,253.68512,254.734,339.98312,0.15124896,23.44276,0.37878042
2,1,10,0.008,0.23171002,0.04993875,0.13758238,0.044188887,0.1117349,0.0012431156,14.113999,4.049306,17.91009,-2.0101914,0.2234698,0.0024862313,0.370921,0.106417224,0.21021153,-0.02359371,251.61624,247.1782,330.9434,-2.0391145,23.445646,1.797736
2,2,10,0.008,0.24002701,0.050335117,0.1447691,0.0449228,0.11217745,0.00035803698,14.477935,3.9472709,18.058207,-2.845893,0.2243549,0.00071607396,0.38048536,0.103735685,0.21194999,-0.033402372,251.60306,247.16249,331.563,-1.101378,23.445646,1.832042
2,3,10,0.008,0.24386188,0.052246492,0.14536053,0.04625485,0.11428746,-0.0025529235,14.507479,4.2851467,18.323982,-2.1925888,0.22857492,-0.005105847,0.38126177,0.11261516,0.21506941,-0.025734508,251.55713,247.02156,331.60092,-2.092558,23.445646,1.880782
2,4,10,0.008,0.24120547,0.053234674,0.14513794,0.042832863,0.1153632,0.00030070738,14.496366,4.13456,17.633144,-2.289629,0.2307264,0.00060141477,0.38096973,0.10865772,0.20696102,-0.026873475,251.5101,246.88411,330.87244,-1.8449311,23.445646,1.8132006
2,5,10,0.008,0.16113709,0.044655107,0.08956493,0.02691706,0.10565878,-0.0021568823,11.387742,3.5659146,13.978322,-4.222754,0.21131755,-0.0043137646,0.299274,0.09371355,0.1640642,-0.049562648,251.5421,246.9423,331.45422,0.6568394,23.447174,1.0287567
2,6,10,0.008,0.16376685,0.047901075,0.08627719,0.029588575,0.10943157,-0.004054251,11.176778,3.6460423,14.655588,-3.5852864,0.21886314,-0.008108502,0.29372978,0.09581932,0.1720133,-0.042080667,251.56674,247.03786,331.65472,-0.060755968,23.447174,1.0557837
2,7,10,0.008,0.16425812,0.047384772,0.09126783,0.02560552,0.10884022,-0.00041743377,11.495491,3.5535882,13.633521,-3.9803634,0.21768044,-0.00083486753,0.30210567,0.09338958,0.16001725,-0.046717703,251.5827,247.08646,331.4093,0.42677522,23.447174,1.0106549
2,8,10,0.008,0.1639746,0.048054893,0.08966042,0.026259283,0.10960713,-0.0005682085,11.393812,3.3898828,13.806469,-4.7907677,0.21921426,-0.001136417,0.2994335,0.08908736,0.16204716,-0.056229446,251.63637,247.21483,332.05997,1.4008849,23.447174,1.0193901
2,9,10,0.008,0.12591058,0.044087414,0.0635223,0.01830086,0.10498501,-0.0011121349,9.590291,1.4793842,11.525955,-3.6577115,0.20997003,-0.0022242698,0.2520363,0.03887875,0.13528067,-0.04293073,251.68611,247.40877,332.38864,2.1783273,23.448536,0.9651654
2,10,10,0.008,0.12591517,0.04238018,0.06538471,0.018150292,0.10293224,0.0031853926,9.729864,1.3953617,11.478443,-3.6095273,0.20586447,0.006370785,0.25570434,0.036670607,0.13472302,-0.04236519,251.68239,247.44215,331.90082,2.2141657,23.448536,0.9730559
2,11,10,0.008,0.12097013,0.039607283,0.0633044,0.018058453,0.09950789,0.0010578817,9.573829,1.2127439,11.449367,-4.344866,0.19901578,0.0021157635,0.25160366,0.03187135,0.13438174,-0.050995886,251.69392,247.41527,332.61868,3.132122,23.448536,0.95421076
2,12,10,0.008,0.12530169,0.044859793,0.062317714,0.01812418,0.10590065,-0.00027019824,9.498924,1.3010522,11.470183,-3.975909,0.2118013,-0.0005403965,0.24963516,0.03419212,0.13462608,-0.046665423,251.67273,247.41312,332.66302,2.6748567,23.448536,0.9345761
2,13,10,0.008,0.10745161,0.03505874,0.05648385,0.015909022,0.0936199,0.0033311208,9.043382,-1.8166703,10.746398,-0.26691267,0.1872398,0.0066622416,0.23766331,-0.047742758,0.12613097,-0.0031327624,251.64162,247.34969,331.77563,2.0835829,23.449688,1.0508078
2,14,10,0.008,0.107381314,0.038160145,0.05451974,0.014701424,0.09767311,0.0021428217,8.884757,-2.0126693,10.33049,-0.65212464,0.19534622,0.0042856433,0.23349462,-0.052893672,0.12124943,-0.0076540136,251.689,247.44246,332.01965,2.664794,23.449688,1.0287592
2,15,10,0.008,0.11368209,0.043237418,0.055420943,0.015023732,0.10396805,-0.0004684469,8.957888,-2.000696,10.443117,-0.39644215,0.2079361,-0.0009368938,0.23541653,-0.052579023,0.122571334,-0.0046530613,251.76622,247.75284,332.45755,2.397138,23.449688,0.9883574
2,16,10,0.008,0.109095916,0.03638006,0.05790694,0.014808913,0.09536779,0.0031611957,9.156594,-2.1036205,10.368186,-0.43834347,0.19073558,0.0063223913,0.24063861,-0.055283904,0.121691875,-0.005144861,251.77728,247.81303,332.02545,2.541964,23.449688,0.99779344
2,17,10,0.008,0.09012677,0.029108102,0.046074357,0.014944306,0.08530548,0.0017307014,8.167673,-3.526724,10.415475,5.153481,0.17061096,0.0034614028,0.21464938,-0.0926836,0.122246906,0.060486656,251.79175,247.7416,332.88254,-1.6267569,23.450567,0.7225214
2,18,10,0.008,0.09054412,0.030729657,0.043982603,0.015831856,0.08764938,0.00025347364,7.980114,-3.367261,10.7203045,5.5604167,0.17529877,0.0005069473,0.2097203,-0.08849283,0.1258247,0.06526287,251.78973,247.76672,333.22214,-2.1931558,23.450567,0.69789284
2,19,10,0.008,0.09347442,0.030974442,0.046804376,0.015695604,0.08799779,0.003236814,8.232124,-3.3200514,10.674074,5.5480742,0.17599557,0.006473628,0.2163432,-0.08725215,0.1252821,0.06511801,251.76369,247.67303,332.40115,-2.2280228,23.450567,0.7079123
2,20,10,0.008,0.090248294,0.03164095,0.04383595,0.014771393,0.08893952,0.0021489696,7.966799,-3.5757792,10.355043,4.763075,0.17787904,0.004297939,0.20937036,-0.09397277,0.12153762,0.055904426,251.82895,247.82503,333.23312,-1.1872957,23.450567,0.7110338
2,21,10,0.008,0.089858025,0.027887605,0.04026594,0.021704478,0.08349791,0.0027926967,7.6355023,-2.4518898,12.552085,8.53589,0.16699582,0.0055853934,0.20066375,-0.064436555,0.1473244,0.10018614,251.86798,247.99118,333.71243,-6.0839996,23.451202,0.96990556
2,22,10,0.008,0.092884056,0.026497126,0.043820083,0.022566848,0.08138969,0.008247868,7.9653573,-2.6513305,12.799019,8.870967,0.16277938,0.016495736,0.20933247,-0.06967792,0.15022266,0.10411894,251.87114,248.21796,333.30048,-6.2196364,23.451202,0.9580353
2,23,10,0.008,0.08997247,0.028097639,0.03779738,0.024077455,0.08381175,0.007123731,7.397748,-2.7355175,13.220459,8.570395,0.1676235,0.014247462,0.19441548,-0.07189039,0.15516911,0.10059112,251.86731,248.10953,333.73758,-5.834878,23.451202,0.95071715
2,24,10,0.008,0.09280996,0.03049446,0.03923531,0.02308019,0.08731332,0.004404927,7.537151,-2.6613104,12.943773,8.770163,0.17462663,0.008809854,0.19807905,-0.0699402,0.15192166,0.10293579,251.87561,248.09016,333.7193,-6.1088524,23.451202,0.9668819
2,25,10,0.008,0.0838792,0.025793994,0.042060617,0.016024593,0.080302544,0.013250067,7.803807,-1.6393831,10.785361,6.4473743,0.16060509,0.026500134,0.20508686,-0.043083575,0.12658828,0.07567312,251.89754,248.28091,333.21036,-4.807991,23.451532,0.683234
2,26,10,0.008,0.08262314,0.02373956,0.04252965,0.016353926,0.077038236,0.013023382,7.847198,-1.797664,10.895627,6.1347365,0.15407647,0.026046764,0.20622718,-0.047243252,0.12788247,0.072003685,251.93321,248.48425,333.76587,-4.3370724,23.451532,0.6667403
2,27,10,0.008,0.08578958,0.028019797,0.04174521,0.016024582,0.083695576,0.011635057,7.774492,-1.7482378,10.785358,6.4528866,0.16739115,0.023270113,0.20431644,-0.04594432,0.12658824,0.07573783,251.94524,248.53093,333.9581,-4.704649,23.451532,0.6638886
2,28,10,0.008,0.08329596,0.026631441,0.04125077,0.015413754,0.08159571,0.013621883,7.728313,-1.9966474,10.577802,6.364752,0.16319142,0.027243765,0.20310286,-0.05247262,0.12415214,0.07470338,251.98236,248.75154,333.35547,-4.3681045,23.451532,0.6679272
2,29,10,0.008,0.075117774,0.027040407,0.036785446,0.011291918,0.08221984,0.0145621225,7.298047,-0.37066585,9.053678,0.5139177,0.16443968,0.029124245,0.19179532,-0.009741228,0.10626344,0.0060318788,252.08546,249.05551,334.3344,-0.14325184,23.451817,0.59990746
2,30,10,0.008,0.07808579,0.028428385,0.03867125,0.0109861465,0.084303595,0.010970029,7.482777,-0.31996015,8.930255,0.7890364,0.16860719,0.021940058,0.19665007,-0.008408667,0.10481482,0.009260951,252.1527,249.21394,334.8059,-0.46907625,23.451817,0.57479537
2,31,10,0.008,0.076127276,0.024294343,0.04098151,0.010851428,0.077933215,0.015155955,7.7030487,-0.34973076,8.875333,0.7612838,0.15586643,0.03031191,0.2024389,-0.009191049,0.10417019,0.008935222,252.16994,249.3383,334.44666,-0.41155306,23.451817,0.6232484
2,32,10,0.008,0.07424842,0.02414002,0.038519535,0.01158886,0.0776853,0.014162873,7.468084,-0.31723362,9.1719475,0.60634595,0.1553706,0.028325746,0.19626394,-0.008337015,0.10765157,0.0071167145,252.1772,249.34306,334.92648,-0.28911233,23.451817,0.66512954
2,33,10,0.008,0.08247077,0.03221336,0.039702315,0.010555098,0.0897404,0.007453786,7.581874,2.5059714,8.753311,-2.6950843,0.1794808,0.014907572,0.1992544,0.06585783,0.10273801,-0.031632323,252.17282,249.26973,335.2613,0.1891129,23.451982,0.73372614
2,34,10,0.008,0.07900521,0.02547974,0.042408407,0.011117067,0.07981187,0.011894976,7.8360033,2.4908376,8.983308,-2.9745336,0.15962374,0.023789952,0.20593302,0.065460116,0.1054375,-0.034912236,252.1411,249.20576,334.6483,0.48369598,23.451982,0.74784946
2,35,10,0.008,0.08061736,0.026394632,0.041933652,0.01228908,0.08123212,0.011172389,7.7920194,2.404465,9.444978,-3.2849689,0.16246425,0.022344777,0.20477708,0.06319021,0.11085612,-0.03855584,252.15968,249.23216,335.23224,0.8805039,23.451982,0.7756169
2,36,10,0.008,0.0811652,0.031618267,0.037911624,0.011635308,0.08890763,0.007817835,7.4089193,2.432497,9.19031,-2.7751572,0.17781526,0.01563567,0.19470908,0.06392689,0.107867084,-0.03257214,252.1747,249.30098,335.3264,0.3426602,23.451982,0.7463319
2,37,10,0.008,0.07070617,0.027500672,0.03358685,0.00961865,0.08291663,0.0021085644,6.9735403,2.4715278,8.355997,-2.7445035,0.16583326,0.0042171287,0.18326715,0.06495264,0.09807472,-0.03221236,252.1731,249.43663,334.64206,0.27297568,23.451708,0.50487244
2,38,10,0.008,0.07556806,0.02893355,0.035954032,0.010680473,0.085049324,0.00090738514,7.215102,2.3295102,8.805143,-3.3294976,0.17009865,0.0018147703,0.18961549,0.06122037,0.10334638,-0.03907847,252.23059,249.54727,335.559,0.99998736,23.451708,0.523318
2,39,10,0.008,0.08227188,0.034029506,0.0381528,0.010089574,0.09223544,-0.0022594274,7.4324484,2.5017838,8.558105,-2.7181923,0.18447088,-0.004518855,0.19532742,0.06574778,0.10044687,-0.031903546,252.29932,249.73938,336.10037,0.21640849,23.451708,0.5334201
2,40,10,0.008,0.07665415,0.02799655,0.038240574,0.010417032,0.08366085,0.0027073636,7.4409933,2.482644,8.695874,-2.7741866,0.1673217,0.005414727,0.19555198,0.06524477,0.102063864,-0.032560755,252.303,249.69728,335.63092,0.29154253,23.451708,0.55255294
2,41,10,0.008,0.07122919,0.029547071,0.029057521,0.012624601,0.08594631,-0.004668001,6.486314,1.2010665,9.573044,-1.7732325,0.17189261,-0.009336002,0.17046267,0.03156446,0.11235925,-0.02081251,252.3117,249.64058,335.9694,0.57216597,23.450993,0.5749698
2,42,10,0.008,0.07685293,0.03407729,0.02994519,0.012830454,0.09230018,-0.0073448047,6.584643,1.3768357,9.650776,-1.2997268,0.18460035,-0.014689609,0.17304678,0.036183737,0.113271594,-0.015254951,252.3174,249.65115,336.11276,-0.07710886,23.450993,0.64799476
2,43,10,0.008,0.070794,0.028416578,0.02900066,0.013376763,0.084286086,-0.0041646305,6.4799647,1.2023872,9.8540945,-1.3532972,0.16857217,-0.008329261,0.1702958,0.03159917,0.115657955,-0.015883712,252.3302,249.84435,335.2837,0.15091002,23.450993,0.6517132
2,44,10,0.008,0.07233552,0.02904501,0.029860249,0.013430262,0.08521298,-0.003228456,6.575297,0.8002196,9.87378,-2.003948,0.17042597,-0.006456912,0.17280118,0.021030057,0.115889005,-0.023520429,252.42401,250.23032,335.93552,1.2037284,23.450993,0.6148045
2,45,10,0.008,0.07603449,0.034029055,0.028720276,0.013285152,0.09223483,-0.009024796,6.4485636,0.13558327,9.820293,-1.4393047,0.18446966,-0.018049592,0.16947058,0.003563179,0.115261234,-0.016893188,252.47153,250.37593,336.50333,1.3037214,23.44996,0.7332258
2,46,10,0.008,0.07076067,0.029811982,0.027733743,0.013214943,0.086330734,-0.0044870204,6.336843,0.0726244,9.794311,-1.7193465,0.17266147,-0.008974041,0.16653451,0.0019085985,0.11495627,-0.020180047,252.47629,250.52939,336.01553,1.6467221,23.44996,0.7179686
2,47,10,0.008,0.06776853,0.027712636,0.026901618,0.013154279,0.08323556,-0.005812532,6.2410526,-0.081412345,9.771804,-2.0276735,0.16647112,-0.011625064,0.16401713,-0.0021395497,0.11469211,-0.023798903,252.51581,250.58116,336.50674,2.1090858,23.44996,0.70336086
2,48,10,0.008,0.07564435,0.034793638,0.027770424,0.013080291,0.093265265,-0.010270097,6.341032,0.10342311,9.744283,-1.0715237,0.18653053,-0.020540195,0.1666446,0.00271799,0.1143691,-0.0125765195,252.58055,250.77975,336.97067,0.96810055,23.44996,0.7840795
2,49,10,0.008,0.06327593,0.028547106,0.024869347,0.009859482,0.084479444,-0.0060677254,6.0006857,-1.0877653,8.45996,-3.0686028,0.16895889,-0.012135451,0.15770018,-0.02858687,0.09929492,-0.036016338,252.59982,250.81636,336.543,4.1563683,23.448463,0.45787728
2,50,10,0.008,0.060610935,0.02635221,0.023600081,0.010658642,0.08116682,-0.0059496467,5.8455505,-1.2130231,8.796142,-3.6117048,0.16233364,-0.011899293,0.15362318,-0.031878684,0.1032407,-0.042390745,252.64792,250.84874,337.144,4.824728,23.448463,0.45893234
2,51,10,0.008,0.063298576,0.031263277,0.022722663,0.009312635,0.08840712,-0.008655343,5.7358565,-0.98531127,8.222001,-2.864266,0.17681424,-0.017310686,0.15074039,-0.025894335,0.096502,-0.033618018,252.7044,251.01376,337.72095,3.8495772,23.448463,0.46789548
2,52,10,0.008,0.06109117,0.02799505,0.023567224,0.009528896,0.083658606,-0.0057253568,5.8414793,-1.1151214,8.316918,-2.839508,0.16731721,-0.0114507135,0.1535162,-0.02930579,0.09761606,-0.033327434,252.70279,251.0885,336.96472,3.9546294,23.448463,0.4401517
2,53,10,0.008,0.066644445,0.02871152,0.028167106,0.0097658215,0.08472237,-0.004071782,6.38616,-1.9251345,8.419681,-3.5052028,0.16944474,-0.008143564,0.16783059,-0.05059323,0.09882217,-0.04114073,252.74469,251.25465,337.5382,5.4303374,23.44658,0.80384153
2,54,10,0.008,0.06962995,0.033885494,0.026613653,0.009130804,0.09204006,-0.0060672653,6.2075605,-1.7764543,8.141336,-2.8090556,0.18408012,-0.012134531,0.16313691,-0.046685863,0.09555524,-0.032970015,252.76746,251.29652,337.82623,4.58551,23.44658,0.7384575
2,55,10,0.008,0.062340144,0.028034596,0.025125364,0.0091801835,0.083717674,-0.002860048,6.0314937,-1.9048737,8.1633215,-2.805554,0.16743535,-0.005720096,0.15850982,-0.050060764,0.095813274,-0.03292891,252.74637,251.29433,337.0082,4.7104278,23.44658,0.80479026
2,56,10,0.008,0.06630582,0.02983222,0.026925437,0.009548162,0.08636003,-0.003096335,6.243816,-2.05844,8.325323,-3.3620703,0.17272006,-0.00619267,0.16408972,-0.05409655,0.0977147,-0.03946077,252.76393,251.30774,337.38837,5.4205103,23.44658,0.8432403
2,57,10,0.008,0.059005,0.029390628,0.023131698,0.0064826757,0.085718475,-0.008077001,5.787253,-0.1843772,6.859909,-0.21019033,0.17143695,-0.016154002,0.15209109,-0.0048455,0.080515064,-0.0024670127,252.81929,251.45709,337.91043,0.39456752,23.444479,0.51508415
2,58,10,0.008,0.056363564,0.025055338,0.024855899,0.006452327,0.07914439,-0.004308131,5.999062,-0.46889067,6.8438334,-0.40163064,0.15828878,-0.008616262,0.15765753,-0.01232261,0.08032638,-0.0047139563,252.85603,251.73418,337.3812,0.8705213,23.444479,0.5251547
2,59,10,0.008,0.05827562,0.025504773,0.026355993,0.006414857,0.07985107,-0.0037007206,6.1774373,-0.70203584,6.823932,-0.8448899,0.15970214,-0.007401441,0.16234529,-0.018449752,0.0800928,-0.00991651,252.91092,251.95537,337.95706,1.5469258,23.444479,0.5450176
2,60,10,0.008,0.062362608,0.030994566,0.02488415,0.0064838934,0.08802637,-0.007578609,6.0024705,-0.41890624,6.8605537,-0.29114532,0.17605273,-0.015157218,0.1577471,-0.011008999,0.08052263,-0.0034171857,252.9554,252.05968,338.46857,0.71005154,23.444479,0.5416527
2,61,10,0.008,0.052195005,0.024037886,0.020820202,0.0073369164,0.07752078,-0.006317476,5.490491,0.3301861,7.297902,2.9313817,0.15504156,-0.012634952,0.14429207,0.008677411,0.0856558,0.03440576,252.96439,252.13542,337.844,-3.2615678,23.4421,1.8002808
2,62,10,0.008,0.05265908,0.023971431,0.021783115,0.0069045336,0.07741355,-0.006756121,5.61602,0.03861853,7.079594,2.427887,0.1548271,-0.013512242,0.14759104,0.0010149105,0.083093524,0.028496223,253.02135,252.35782,338.29578,-2.4665055,23.4421,0.52789176
2,63,10,0.008,0.058314983,0.028570117,0.022844616,0.0069002467,0.084513485,-0.008409817,5.7512293,0.19220734,7.0773964,2.5201676,0.16902697,-0.016819634,0.15114436,0.0050512757,0.08306772,0.029579327,253.07951,252.57158,338.90378,-2.712375,23.4421,0.5613873
2,64,10,0.008,0.049983732,0.021889519,0.020853749,0.007240466,0.07397553,-0.0062055322,5.494912,0.09865636,7.249774,2.7921772,0.14795107,-0.0124110645,0.14440827,0.0025927287,0.08509093,0.03277191,253.07417,252.56218,338.29758,-2.8908336,23.4421,0.5625016
2,65,10,0.008,0.05272339,0.023477998,0.02093675,0.008308642,0.07661266,-0.004066996,5.505836,-0.70086485,7.7661576,3.3528776,0.15322532,-0.008133992,0.14469537,-0.01841898,0.09115175,0.03935287,253.14816,252.85452,338.8768,-2.6520128,23.439585,0.7231446
2,66,10,0.008,0.06265798,0.031455766,0.021864362,0.009337851,0.08867887,-0.007870192,5.6264834,-0.6412667,8.233125,4.0664697,0.17735773,-0.015740383,0.14786603,-0.016852725,0.096632555,0.047728345,253.21516,253.17654,339.44153,-3.4252028,23.439585,0.75372875
2,67,10,0.008,0.056083675,0.023152394,0.023953874,0.008977409,0.076079555,-0.0034931723,5.8892035,-0.77218896,8.07266,3.9337645,0.15215911,-0.0069863447,0.15477039,-0.020293407,0.09474919,0.046170764,253.22337,253.302,338.9972,-3.1615756,23.439585,0.76386267
2,68,10,0.008,0.057174984,0.024857448,0.024276668,0.008040867,0.078831226,-0.0041441037,5.928751,-0.89029115,7.6399875,3.3918328,0.15766245,-0.008288207,0.15580972,-0.023397172,0.08967088,0.039810088,253.25517,253.33693,339.61346,-2.5015416,23.439585,0.69471014
2,69,10,0.008,0.061313577,0.03032034,0.024438642,0.0065545947,0.087063685,-0.001499347,5.948496,0.505968,6.8978558,1.3270327,0.17412737,-0.002998694,0.15632863,0.01329702,0.08096045,0.015575442,253.28065,253.30086,339.85007,-1.8330007,23.436956,0.4658314
2,70,10,0.008,0.05206143,0.02195807,0.023507398,0.00659596,0.07409128,0.0030045563,5.8340607,0.399393,6.9195876,1.5049602,0.14818256,0.0060091126,0.15332122,0.010496193,0.081215516,0.017663784,253.24925,253.16035,339.1138,-1.9043531,23.436956,0.446941
2,71,10,0.008,0.04920662,0.020247418,0.021578878,0.0073803207,0.07114671,0.0029094478,5.58963,0.21259043,7.319456,1.14716,0.14229342,0.0058188955,0.14689751,0.0055869543,0.08590879,0.01346427,253.26804,253.17244,339.467,-1.3597505,23.436956,0.42467242
2,72,10,0.008,0.054744612,0.027678467,0.020002704,0.0070634405,0.083184235,-0.00037624122,5.38162,0.4782886,7.1605988,1.7875103,0.16636847,-0.00075248245,0.14143091,0.012569593,0.08404428,0.020980088,253.28159,253.15598,339.85287,-2.2657988,23.436956,0.46984988
2,73,10,0.008,0.045720994,0.021065466,0.015748493,0.008907037,0.072569735,0.012153044,4.7751627,1.0112461,8.040959,-1.5185615,0.14513947,0.024306089,0.125493,0.02657591,0.0943771,-0.017823426,253.23756,253.0907,338.938,0.5073154,23.43422,0.5547849
2,74,10,0.008,0.046584263,0.019804725,0.017448375,0.009331162,0.07036463,0.011759836,5.0262737,0.7957541,8.230175,-2.0895941,0.14072926,0.023519672,0.1320923,0.0209127,0.09659794,-0.024525661,253.24467,253.03853,339.39938,1.29384,23.43422,0.59040695
2,75,10,0.008,0.059258908,0.030439539,0.020239672,0.0085796965,0.08723465,0.006457429,5.413403,1.2886815,7.8918204,-1.2885044,0.1744693,0.012914858,0.1422662,0.03386702,0.09262665,-0.01512324,253.2428,252.97589,339.55545,-0.000177145,23.43422,0.6128646
2,76,10,0.008,0.04905412,0.019901512,0.019831518,0.00932109,0.07053636,0.012018512,5.358542,1.3501806,8.225733,-1.09759,0.14107272,0.024037024,0.14082442,0.03548323,0.09654579,-0.012882459,253.20447,252.88562,338.87457,-0.25259066,23.43422,0.62848514
2,77,10,0.008,0.05066032,0.02120443,0.0188459,0.010609987,0.072808705,0.01344629,5.223686,0.49866346,8.776041,-2.6332843,0.14561741,0.02689258,0.13728037,0.01310505,0.10300479,-0.03090698,253.19476,252.76408,338.98587,2.134621,23.431322,0.60168374
2,78,10,0.008,0.05685261,0.028095176,0.018903805,0.009853627,0.08380808,0.008856524,5.2317057,0.7864528,8.457447,-1.9340488,0.16761616,0.017713048,0.1374911,0.020668263,0.099265434,-0.02270002,253.2085,252.7696,339.4379,1.147596,23.431322,0.54857033
2,79,10,0.008,0.052307513,0.023764228,0.018819245,0.0097240405,0.07707825,0.013757845,5.219991,0.5305005,8.401649,-1.6805687,0.1541565,0.02751569,0.13718325,0.013941747,0.09861055,-0.01972491,253.22293,252.96034,339.03592,1.1500683,23.431322,0.5412836
2,80,10,0.008,0.052726332,0.021735579,0.021281883,0.009708869,0.07371496,0.013890292,5.5510316,0.21483459,8.395093,-2.397649,0.14742991,0.027780583,0.14588311,0.005645928,0.09853359,-0.028141312,253.29192,253.2269,339.49786,2.1828144,23.431322,0.605086
2,81,10,0.008,0.0627513,0.033486824,0.021711407,0.007553074,0.09149703,0.005707656,5.6067686,-0.621205,7.4046254,-0.2926261,0.18299405,0.011415312,0.14734791,-0.016325492,0.08690842,-0.0034345658,253.3733,253.55618,339.9484,0.9138311,23.42829,0.44821194
2,82,10,0.008,0.047877505,0.020608153,0.019627305,0.007642044,0.0717777,0.010019597,5.330881,-0.680106,7.4481077,-0.29672855,0.1435554,0.020039193,0.14009748,-0.017873429,0.08741879,-0.003482715,253.3899,253.65802,339.51102,0.97683454,23.42829,0.43457198
2,83,10,0.008,0.051323365,0.023680137,0.020306593,0.0073366356,0.07694176,0.010829148,5.4223456,-0.69035727,7.2977614,-0.866336,0.15388352,0.021658296,0.1425012,-0.018142838,0.08565416,-0.010168227,253.39868,253.61276,339.91855,1.5566933,23.42829,0.47463086
2,84,10,0.008,0.05941181,0.029187683,0.022603044,0.0076210783,0.08542202,0.007120727,5.7207394,-0.45632514,7.437885,0.11996329,0.17084403,0.014241454,0.15034309,-0.011992392,0.08729879,0.0014080144,253.36632,253.44937,339.94547,0.33636186,23.42829,0.42777178
2,85,10,0.008,0.05251166,0.021655345,0.020472115,0.010384197,0.073578775,0.0024229116,5.4444,-0.2244326,8.682158,1.9333938,0.14715755,0.004845823,0.1430808,-0.0058981697,0.10190288,0.022692328,253.33728,253.37958,339.09326,-1.7089612,23.425232,0.48295233
2,86,10,0.008,0.048845172,0.020696793,0.019283205,0.008865175,0.0719319,0.0023136656,5.2839456,-0.497545,8.022041,1.2457801,0.1438638,0.004627331,0.13886398,-0.013075663,0.09415506,0.014621778,253.41754,253.6888,339.92447,-0.7482351,23.425232,0.4301962
2,87,10,0.008,0.058868848,0.029326307,0.019556312,0.00998623,0.08562463,-0.000716493,5.321231,-0.47028768,8.514164,2.005535,0.17124926,-0.001432986,0.13984388,-0.012359331,0.09993113,0.023539051,253.4882,253.98753,340.57327,-1.5352472,23.425232,0.5023015
2,88,10,0.008,0.052186266,0.021706924,0.020039715,0.010439625,0.07366635,0.0035801611,5.386597,-0.61509174,8.705298,2.1494222,0.1473327,0.0071603223,0.1415617,-0.016164834,0.10217448,0.025227869,253.49358,254.03413,340.1102,-1.5343304,23.425232,0.5013592
2,89,10,0.008,0.04591408,0.019084444,0.019055106,0.0077745267,0.06907323,-0.0006896113,5.2526007,-0.4066408,7.512391,0.53483844,0.13814646,-0.0013792226,0.13804023,-0.010686666,0.08817328,0.006277423,253.49274,253.96759,340.309,-0.12819764,23.422144,0.40104592
2,90,10,0.008,0.055025343,0.027161174,0.020172631,0.0076915347,0.082403235,-0.0047432105,5.404431,-0.014657059,7.4721866,1.1462145,0.16480647,-0.009486421,0.14203039,-0.00038519563,0.087701395,0.013453172,253.45294,253.7314,340.22,-1.1315575,23.422144,0.44420752
2,91,10,0.008,0.051278796,0.02027189,0.02324655,0.007760358,0.071189694,-0.0019842924,5.801602,0.24355347,7.505542,1.5777946,0.14237939,-0.003968585,0.15246819,0.006400674,0.08809289,0.018518645,253.36375,253.37677,339.11682,-1.8213481,23.422144,0.45264792
2,92,10,0.008,0.05256395,0.019918228,0.02493211,0.007713614,0.070565976,-0.002098668,6.008252,0.028191172,7.482904,1.2301444,0.14113195,-0.004197336,0.15789905,0.0007408755,0.08782718,0.01443826,253.3834,253.40773,339.47696,-1.2583356,23.422144,0.38812014
2,93,10,0.008,0.058165204,0.030346679,0.021161111,0.006657415,0.08710149,-0.005934583,5.5352592,-0.058951985,6.951749,-0.13588649,0.17420298,-0.011869166,0.1454686,-0.0015492804,0.081592984,-0.0015949052,253.42485,253.58023,339.93817,0.19483848,23.418962,0.28252402
2,94,10,0.008,0.04455427,0.017099857,0.020119375,0.007335039,0.06538321,-0.003098458,5.3972926,-0.22560269,7.296968,0.009797549,0.13076642,-0.006196916,0.14184278,-0.005928921,0.08564484,0.000114992865,253.42194,253.59552,339.3208,0.21580514,23.418962,0.27123818
2,95,10,0.008,0.04742054,0.01882907,0.021822447,0.0067690243,0.06860953,-0.0024710412,5.621088,-0.28771004,7.009777,-0.54589814,0.13721906,-0.0049420823,0.14772423,-0.007561123,0.08227408,-0.006407232,253.44873,253.67308,339.65918,0.83360815,23.418962,0.30649516
2,96,10,0.008,0.060791925,0.030200688,0.023428952,0.007162283,0.086891726,-0.005383831,5.8243184,-0.013483375,7.210526,0.011181157,0.17378345,-0.010767662,0.15306519,-0.0003543478,0.08463027,0.00013123242,253.42867,253.57121,340.0209,0.0023022182,23.418962,0.29949456
2,97,10,0.008,0.04801983,0.017881794,0.022396587,0.007741447,0.06686141,-0.0021006817,5.6945524,0.6429931,7.4963923,-1.7507035,0.13372283,-0.0042013633,0.1496549,0.016898092,0.08798549,-0.020548088,253.36699,253.37952,339.18347,1.1077104,23.415825,0.48710597
2,98,10,0.008,0.052551746,0.021259693,0.022774814,0.008517237,0.07290352,-0.0011808131,5.7424355,0.43707284,7.8630424,-2.3654625,0.14580704,-0.0023616261,0.15091327,0.011486428,0.09228888,-0.02776354,253.3746,253.33694,339.59067,1.9283897,23.415825,0.5792335
2,99,10,0.008,0.05832757,0.027272824,0.023499766,0.0075549777,0.08257243,-0.0043954886,5.8331137,0.43340367,7.4055586,-1.5473359,0.16514486,-0.008790977,0.15329634,0.011390007,0.086919375,-0.018161148,253.39722,253.43758,339.58383,1.1139321,23.415825,0.51904535
2,100,10,0.008,0.051715545,0.021645548,0.022037199,0.0080328,0.07356213,-0.0019656906,5.648679,0.32384282,7.636154,-1.4790665,0.14712426,-0.0039313813,0.14844932,0.008510704,0.08962589,-0.017359871,253.36612,253.3529,338.68777,1.1552236,23.415825,0.5186136
3,1,10,0.0064000003,0.059146617,0.020638257,0.029322047,0.009186313,0.07183011,-0.0008726267,6.515771,0.8779023,8.166047,0.44125694,0.14366022,-0.0017452535,0.17123681,0.02307159,0.09584525,0.005179054,254.11472,256.71606,342.52145,-1.3191593,23.412653,0.515504
3,2,10,0.0064000003,0.054103807,0.021932926,0.023734596,0.008436284,0.07404885,-0.00047792358,5.862185,0.7554193,7.825585,-0.3341372,0.1480977,-0.00095584715,0.15406036,0.019852696,0.091849245,-0.003921786,254.14087,256.77518,342.8283,-0.4212821,23.412653,0.48921576
3,3,10,0.0064000003,0.06600321,0.030704094,0.027880574,0.007418544,0.08761292,-0.002788495,6.3535953,0.9187924,7.3383856,0.5021505,0.17522584,-0.00557699,0.16697477,0.024146197,0.08613097,0.005893763,254.16563,256.8938,343.20532,-1.4209429,23.412653,0.5000294
3,4,10,0.0064000003,0.057575535,0.022508398,0.027484993,0.007582148,0.075013995,-0.0011987097,6.3083596,0.948701,7.4188633,0.43267795,0.15002799,-0.0023974194,0.16578598,0.024932206,0.08707553,0.005078361,254.10028,256.7093,342.1941,-1.381379,23.412653,0.48484126
3,5,10,0.0064000003,0.045457385,0.019961827,0.018826595,0.0066689607,0.070643164,-0.002832017,5.2210107,0.18794996,6.957773,0.38465697,0.14128633,-0.005664034,0.13721004,0.004939392,0.081663705,0.0045147375,254.08455,256.55762,342.7221,-0.5726069,23.410072,0.21611242
3,6,10,0.0064000003,0.050881468,0.022448484,0.020943495,0.0074894885,0.07491409,-0.0045878943,5.5067234,0.4875432,7.3733916,1.2036597,0.14982818,-0.009175789,0.14471868,0.012812809,0.08654183,0.014127406,254.0605,256.36356,343.1468,-1.6912029,23.410072,0.26116672
3,7,10,0.0064000003,0.047098327,0.01834501,0.021012848,0.007740473,0.06772187,-0.003569914,5.5158334,0.51043326,7.49592,1.1159548,0.13544375,-0.007139828,0.1449581,0.013414372,0.08797996,0.013098013,254.02594,256.2633,342.3147,-1.6263881,23.410072,0.26203278
3,8,10,0.0064000003,0.046960827,0.018461412,0.021728523,0.006770889,0.06793639,-0.002024964,5.6089783,0.47363457,7.010743,0.4564259,0.13587278,-0.004049928,0.14740598,0.012447287,0.08228541,0.0053570922,254.01918,256.16647,342.4103,-0.9300605,23.410072,0.23377593
3,9,10,0.0064000003,0.055872224,0.024779417,0.024002943,0.0070898635,0.0787074,-0.0059946873,5.895232,0.13437685,7.1739798,1.2782707,0.1574148,-0.011989375,0.15492883,0.0035314711,0.08420133,0.015003121,253.9826,256.02844,342.32675,-1.4126476,23.407385,0.52728164
3,10,10,0.0064000003,0.045885157,0.018290628,0.021104708,0.006489821,0.067621425,-0.004783893,5.527877,0.093722254,6.8636885,0.9658325,0.13524285,-0.009567786,0.1452746,0.0024630565,0.080559425,0.011336016,253.90175,255.71046,341.44193,-1.0595547,23.407385,0.4899581
3,11,10,0.0064000003,0.04530305,0.018928086,0.01977249,0.0066024726,0.06878969,-0.0041231904,5.3505616,-0.11441712,6.923003,0.31685627,0.13757938,-0.008246381,0.14061469,-0.00300692,0.0812556,0.0037189547,253.8709,255.47867,341.6254,-0.20243914,23.407385,0.45751068
3,12,10,0.0064000003,0.0529344,0.022466607,0.023287762,0.0071800314,0.074944325,-0.0056657167,5.8067427,0.32018796,7.2194543,1.088443,0.14988865,-0.011331433,0.15260328,0.008414654,0.084735066,0.012775105,253.82098,255.20778,341.65002,-1.408631,23.407385,0.50092155
3,13,10,0.0064000003,0.044575576,0.01769683,0.020719783,0.006158964,0.066514716,-0.0035202696,5.477234,0.62705714,6.686441,-0.49427956,0.13302943,-0.0070405393,0.14394368,0.01647929,0.07847907,-0.0058013797,253.71248,254.86095,340.49356,-0.13277757,23.404577,0.27728903
3,14,10,0.0064000003,0.039022025,0.017724993,0.0156064425,0.0056905895,0.06656762,-0.0026240484,4.7535777,0.5393915,6.4271708,-1.2276148,0.13313524,-0.005248097,0.12492575,0.014175403,0.075435996,-0.0144085735,253.63495,254.38084,340.78687,0.68822324,23.404577,0.22051725
3,15,10,0.0064000003,0.045649998,0.02075808,0.018469613,0.0064223018,0.07203832,-0.0054365657,5.171275,1.0158563,6.8278913,-0.44488817,0.14407665,-0.010873131,0.13590296,0.026697068,0.080139264,-0.005221671,253.5678,254.0176,340.76236,-0.5709681,23.404577,0.29676193
3,16,10,0.0064000003,0.04285178,0.016488457,0.020513674,0.005849648,0.064203694,-0.0045794556,5.4499235,1.0270891,6.516375,-0.4401724,0.12840739,-0.009158911,0.14322595,0.026992278,0.07648299,-0.0051663197,253.4788,253.73059,339.61206,-0.5869167,23.404577,0.30301377
3,17,10,0.0064000003,0.04107938,0.017209616,0.017451871,0.0064178924,0.06559271,-0.0012987055,5.0267773,0.72785944,6.825546,-2.660109,0.13118543,-0.002597411,0.13210553,0.01912841,0.08011175,-0.031221818,253.47676,253.63242,339.94345,1.9322495,23.40154,0.4340076
3,18,10,0.0064000003,0.04849558,0.022197897,0.01963027,0.006667414,0.074494794,-0.002577157,5.3312836,1.0787839,6.9569664,-2.0355744,0.14898959,-0.005154314,0.14010806,0.028350828,0.081654236,-0.023891635,253.4602,253.48193,340.12604,0.95679057,23.40154,0.47118703
3,19,10,0.0064000003,0.03784314,0.015695611,0.016338177,0.0058093565,0.06264106,-0.001634098,4.8637414,1.2094481,6.493894,-2.0120914,0.12528212,-0.003268196,0.12782088,0.031784736,0.076219134,-0.02361601,253.38766,253.19666,339.2579,0.8026433,23.40154,0.475989
3,20,10,0.0064000003,0.038966738,0.017236583,0.015336074,0.006394082,0.065644085,-0.0015187224,4.7122216,0.97899574,6.8128734,-2.7194557,0.13128817,-0.0030374448,0.1238389,0.02572836,0.079963006,-0.031918373,253.39601,253.13478,339.39816,1.7404599,23.40154,0.45207644
3,21,10,0.0064000003,0.04424759,0.020467864,0.017164158,0.006615569,0.07153297,-0.0009890416,4.9851694,-0.2922327,6.9298654,-2.435919,0.14306594,-0.0019780833,0.13101205,-0.007679979,0.08133615,-0.028590493,253.44673,253.3546,339.7386,2.7281518,23.398281,0.31201798
3,22,10,0.0064000003,0.041920096,0.017739609,0.018083204,0.006097283,0.06659506,-0.00013656824,5.116893,-0.27281243,6.6528764,-2.6257007,0.13319013,-0.00027313648,0.1344738,-0.0071696118,0.0780851,-0.030817967,253.43675,253.42155,339.05,2.898513,23.398281,0.32546636
3,23,10,0.0064000003,0.040503893,0.015878122,0.017484529,0.0071412423,0.06300421,0.0013519038,5.0314784,-0.5478526,7.199927,-3.4694633,0.12600842,0.0027038075,0.13222907,-0.014397761,0.08450587,-0.04072125,253.44887,253.3535,339.59454,4.017316,23.398281,0.3452012
3,24,10,0.0064000003,0.046285726,0.019894,0.019064201,0.0073275277,0.070523046,-0.0008603646,5.2538543,-0.26857874,7.29323,-2.9849231,0.14104609,-0.0017207292,0.13807318,-0.0070583425,0.08560098,-0.035034183,253.43466,253.17377,339.90298,3.253502,23.398281,0.36174572
3,25,10,0.0064000003,0.03803359,0.01611488,0.016718697,0.005200014,0.0634722,0.0016674986,4.920054,-1.4552156,6.1438904,-1.2466135,0.1269444,0.0033349972,0.1293008,-0.038243588,0.07211112,-0.01463156,253.39378,253.06989,339.0264,2.701829,23.394785,0.3711886
3,26,10,0.0064000003,0.03971131,0.017309664,0.01647274,0.0059289094,0.0657831,0.0028249528,4.88373,-1.6823242,6.5603743,-2.0621667,0.1315662,0.0056499057,0.12834617,-0.04421209,0.07699941,-0.024203744,253.44334,253.26213,339.39423,3.7444909,23.394785,0.47080266
3,27,10,0.0064000003,0.0429083,0.019978201,0.017568957,0.0053611444,0.07067213,0.00028528483,5.043612,-1.5771959,6.2383533,-1.5729371,0.14134426,0.00057056965,0.13254794,-0.04144928,0.073219836,-0.018461635,253.47716,253.39426,339.61002,3.1501331,23.394785,0.44752282
3,28,10,0.0064000003,0.038744,0.01589745,0.017934151,0.0049123997,0.063042544,0.001312204,5.0957613,-1.6932524,5.971564,-1.5155535,0.12608509,0.002624408,0.13391845,-0.04449928,0.07008851,-0.017788121,253.47223,253.51628,339.2169,3.208806,23.394785,0.47954866
3,29,10,0.0064000003,0.03416593,0.014863981,0.0143866325,0.004915317,0.060958963,0.003906834,4.5640273,-1.297558,5.9733367,-0.14592709,0.121917926,0.007813668,0.11994429,-0.03410029,0.07010932,-0.0017127522,253.45927,253.4062,339.70392,1.443485,23.391079,0.3060494
3,30,10,0.0064000003,0.036088444,0.016810609,0.014961252,0.0043165814,0.06482787,0.0031239453,4.6542816,-1.0900484,5.5977197,0.23632008,0.12965573,0.0062478906,0.1223162,-0.02864687,0.065700695,0.0027736994,253.41887,253.11794,339.78314,0.85372835,23.391079,0.30423015
3,31,10,0.0064000003,0.032734133,0.01550705,0.013293839,0.0039332444,0.062263653,0.0038041312,4.3872657,-1.0092961,5.343387,0.34469667,0.124527305,0.0076082624,0.11529891,-0.026524661,0.06271558,0.00404572,253.36134,252.89978,338.95795,0.6645994,23.391079,0.31347448
3,32,10,0.0064000003,0.032976132,0.013994271,0.014154649,0.0048272116,0.05914869,0.0041942107,4.5270805,-1.259801,5.9195595,-0.58771926,0.11829738,0.0083884215,0.118973315,-0.033108026,0.06947814,-0.0068980884,253.35582,252.83757,339.22388,1.8475204,23.391079,0.3848261
3,33,10,0.0064000003,0.033568647,0.016648022,0.012117771,0.004802854,0.06451361,0.0028726116,4.1887074,0.21361212,5.904606,1.2140166,0.12902722,0.0057452233,0.11008075,0.005613806,0.069302626,0.014248968,253.34064,252.82074,339.28354,-1.4276286,23.38727,0.3997217
3,34,10,0.0064000003,0.031649217,0.015380493,0.011913624,0.004355098,0.06200906,0.0037987214,4.153274,0.22824948,5.6226387,1.5882901,0.12401812,0.0075974427,0.109149545,0.00599848,0.06599317,0.018641828,253.30417,252.76814,338.42007,-1.8165395,23.38727,0.3704032
3,35,10,0.0064000003,0.031307034,0.01508719,0.011690937,0.004528908,0.06141496,0.004255921,4.114275,0.067187704,5.733739,0.8984639,0.12282992,0.008511842,0.108124636,0.0017657183,0.06729716,0.010545314,253.3072,252.64767,338.58148,-0.96565163,23.38727,0.34380436
3,36,10,0.0064000003,0.032428686,0.016690517,0.011405442,0.0043327278,0.06459589,0.0032805952,4.0637293,0.2634429,5.6081796,0.8821077,0.12919179,0.0065611904,0.106796265,0.0069233757,0.06582346,0.010353339,253.30945,252.61266,338.9009,-1.1455506,23.38727,0.3559707
3,37,10,0.0064000003,0.030028373,0.015374468,0.010481154,0.0041727526,0.06199691,0.0049664164,3.8955896,0.904335,5.5036716,1.5967944,0.12399382,0.009932833,0.102377504,0.023766253,0.06459685,0.018741647,253.23512,252.41063,338.03128,-2.5011294,23.383356,0.30871445
3,38,10,0.0064000003,0.026508573,0.013509195,0.008560583,0.004438795,0.058114532,0.004684869,3.5206294,0.7133477,5.67641,1.0205089,0.116229065,0.009369738,0.09252342,0.018747035,0.066624284,0.011977762,253.1747,252.11499,338.0578,-1.7338566,23.383356,0.2596424
3,39,10,0.0064000003,0.029869229,0.015936922,0.009483515,0.004448789,0.06312076,0.0032030162,3.7055557,0.9165492,5.6827965,1.0480821,0.12624152,0.0064060325,0.09738334,0.024087243,0.066699244,0.012301387,253.11647,251.79501,337.9174,-1.9646313,23.383356,0.29790145
3,40,10,0.0064000003,0.028878061,0.014167395,0.010370011,0.004340654,0.059513435,0.0033997586,3.8748803,1.1044089,5.6133065,1.3937174,0.11902687,0.006799517,0.101833254,0.029024258,0.06588364,0.016358122,253.06184,251.55579,336.9738,-2.4981263,23.383356,0.34306026
3,41,10,0.0064000003,0.028953858,0.014706464,0.009256166,0.004991228,0.060635105,0.0028814909,3.66087,0.6189252,6.0192857,0.6652072,0.12127021,0.0057629817,0.096208975,0.016265582,0.070648625,0.0078075677,253.04611,251.47789,337.32022,-1.2841325,23.379301,0.25866273
3,42,10,0.0064000003,0.03093484,0.015557775,0.010278275,0.005098789,0.062365405,0.0020126216,3.8577032,0.76852185,6.0837975,0.63440585,0.12473081,0.004025243,0.10138183,0.020197032,0.071405806,0.007446048,253.00833,251.31123,337.2949,-1.4029276,23.379301,0.27388042
3,43,10,0.0064000003,0.031428292,0.014646516,0.011762717,0.0050190575,0.060511395,0.002211146,4.1268864,0.95978445,6.036042,0.850832,0.12102279,0.004422292,0.10845606,0.025223484,0.070845306,0.0099862525,252.97415,251.14682,336.42883,-1.8106165,23.379301,0.29451206
3,44,10,0.0064000003,0.030931976,0.014310325,0.011153626,0.0054680253,0.059812885,0.0024725853,4.0186176,0.7068657,6.3002305,0.29703966,0.11962577,0.0049451706,0.10561073,0.018576685,0.073946096,0.003486369,253.00691,251.21204,336.9798,-1.0039054,23.379301,0.2945283
3,45,10,0.0064000003,0.031227428,0.014556753,0.011524596,0.005146079,0.060325686,7.136949e-5,4.084901,0.5658782,6.1119456,0.027492465,0.12065137,0.00014273898,0.107352674,0.0148714855,0.07173618,0.00032268028,253.01083,251.23962,337.37173,-0.5933707,23.375101,0.39374825
3,46,10,0.0064000003,0.032020632,0.014089818,0.012901566,0.0050292467,0.05935027,0.00063457905,4.322051,0.76780576,6.0421667,0.46256056,0.11870054,0.0012691581,0.11358506,0.020178217,0.07091718,0.0054290947,252.96997,251.20312,336.54507,-1.2303663,23.375101,0.43597573
3,47,10,0.0064000003,0.03160985,0.01324461,0.013087537,0.0052777,0.057542615,0.0014028815,4.3530903,0.55686885,6.189614,-0.19593534,0.11508523,0.002805763,0.114400774,0.014634717,0.07264778,-0.0022997013,252.95364,251.08131,336.62003,-0.3609335,23.375101,0.43097082
3,48,10,0.0064000003,0.036516793,0.01623112,0.014996014,0.0052896603,0.063700706,-0.0007841992,4.6596856,0.6296437,6.196624,-0.31929255,0.12740141,-0.0015683984,0.12245821,0.016547259,0.07273005,-0.0037475496,252.95671,251.12166,336.72278,-0.31035113,23.375101,0.43616736
3,49,10,0.0064000003,0.034330044,0.01531639,0.014359425,0.004654229,0.061879702,-0.0018190552,4.55971,0.9928077,5.812529,0.4297222,0.123759404,-0.0036381104,0.11983082,0.026091345,0.06822191,0.0050436696,252.89792,250.91377,335.76108,-1.4225299,23.370792,0.23412667
3,50,10,0.0064000003,0.032185942,0.014124747,0.012878771,0.0051824213,0.05942379,-0.0012458294,4.318231,0.78121334,6.133489,-0.1754612,0.11884758,-0.0024916588,0.11348467,0.020530567,0.07198904,-0.002059395,252.85861,250.71922,335.92075,-0.6057521,23.370792,0.1932865
3,51,10,0.0064000003,0.036346287,0.016776789,0.0143150315,0.005254464,0.06476262,-0.0036158632,4.5526557,0.94108105,6.175973,-0.09970415,0.12952524,-0.0072317263,0.11964544,0.02473195,0.07248768,-0.0011702325,252.8298,250.58221,335.99707,-0.8413769,23.370792,0.21540743
3,52,10,0.0064000003,0.03783238,0.015733011,0.016712844,0.005386523,0.06271565,-0.0030819462,4.919193,1.1565814,6.2531013,0.3499019,0.1254313,-0.0061638923,0.12927817,0.030395377,0.073392935,0.004106816,252.80043,250.47496,335.16666,-1.5064833,23.370792,0.29134762
3,53,10,0.0064000003,0.034894913,0.015256545,0.014082682,0.005555687,0.061758693,-0.0038329845,4.515557,0.6605516,6.3505316,0.40259773,0.12351739,-0.007665969,0.11867048,0.017359536,0.07453648,0.0047253077,252.79706,250.42708,335.34525,-1.0631493,23.36636,0.3994187
3,54,10,0.0064000003,0.04005883,0.02008316,0.014686212,0.0052894596,0.07085753,-0.00420746,4.6113014,0.8647913,6.1965065,0.28160608,0.14171506,-0.00841492,0.12118668,0.022727022,0.07272867,0.0033052233,252.76416,250.2488,335.55875,-1.1463974,23.36636,0.38404396
3,55,10,0.0064000003,0.037210602,0.01511897,0.016915511,0.005176123,0.06147961,-0.0039332085,4.9489293,1.1964058,6.129761,0.55135137,0.12295922,-0.007866417,0.13005964,0.03144198,0.07194528,0.0064712367,252.7139,250.04242,334.7534,-1.7477572,23.36636,0.446352
3,56,10,0.0064000003,0.03557313,0.014032835,0.015896492,0.0056438018,0.059230134,-0.0034291185,4.7975483,0.93318826,6.400694,0.3762519,0.11846027,-0.006858237,0.12608129,0.024524523,0.07512524,0.004416086,252.74475,250.09514,335.16742,-1.3094401,23.36636,0.4428535
3,57,10,0.0064000003,0.03413629,0.015079865,0.013984197,0.005072227,0.061400052,-0.0022200805,4.49974,-0.2629638,6.067931,0.32751885,0.122800104,-0.004440161,0.118254796,-0.0069107846,0.07121957,0.0038441038,252.75572,250.19585,335.31622,-0.06455505,23.361807,0.23885122
3,58,10,0.0064000003,0.0349285,0.015334258,0.014707877,0.004886367,0.061915785,-0.0011614197,4.614702,-0.09673461,5.9557195,0.34814835,0.12383157,-0.0023228393,0.121276036,-0.002542219,0.069902554,0.0040862313,252.71431,250.12622,334.5974,-0.25141373,23.361807,0.21726468
3,59,10,0.0064000003,0.034606703,0.014534273,0.014705512,0.0053669177,0.060279086,-0.00075373205,4.6143303,-0.18683712,6.2417116,0.019841213,0.12055817,-0.0015074641,0.12126628,-0.0049101464,0.07325925,0.00023287746,252.68225,249.93503,334.79364,0.16699591,23.361807,0.24269864
3,60,10,0.0064000003,0.03833214,0.016771087,0.015977835,0.005583217,0.06475162,-0.002558296,4.809807,0.019418582,6.3662467,0.13696873,0.12950324,-0.005116592,0.12640347,0.00051033014,0.07472093,0.0016076089,252.63463,249.74791,334.7721,-0.15638731,23.361807,0.26349986
3,61,10,0.0064000003,0.037788168,0.017400624,0.015395296,0.0049922485,0.06595571,0.0010266706,4.721312,-0.5925984,6.0199003,-0.28863606,0.13191143,0.0020533411,0.12407778,-0.015573699,0.070655845,-0.0033877355,252.5417,249.40071,333.77893,0.8812344,23.357233,0.3797047
3,62,10,0.0064000003,0.034042314,0.0138675235,0.015374379,0.004800412,0.058880225,0.002164266,4.7181034,-0.7140087,5.903104,-0.6026282,0.11776045,0.004328532,0.123993464,-0.018764408,0.069285005,-0.007073073,252.50806,249.24664,334.04486,1.3166368,23.357233,0.3945581
3,63,10,0.0064000003,0.037900824,0.017170936,0.01598244,0.0047474476,0.06551896,0.0007396777,4.8105,-0.69684154,5.870449,-0.43480605,0.13103792,0.0014793554,0.12642168,-0.018313244,0.068901725,-0.0051033394,252.4641,249.06818,333.80936,1.1316476,23.357233,0.37322778
3,64,10,0.0064000003,0.04073758,0.017918095,0.017879527,0.004939958,0.06692924,0.00087561493,5.0879946,-0.52340823,5.988291,-0.35599145,0.13385849,0.0017512299,0.13371435,-0.01375536,0.070284836,-0.004178288,252.3913,248.75525,332.94373,0.87939966,23.357233,0.32413885
3,65,10,0.0064000003,0.03349787,0.014402194,0.014544467,0.0045512114,0.06000457,0.0032886073,4.588995,-0.54567844,5.7478404,-1.0929028,0.12000914,0.0065772147,0.12060045,-0.014340624,0.06746267,-0.0128274495,252.37135,248.58896,333.23746,1.6385813,23.352674,0.20795824
3,66,10,0.0064000003,0.03349273,0.013744027,0.01479575,0.0049529537,0.05861746,0.0025241824,4.628467,-0.5615455,5.996162,-0.82413936,0.11723492,0.005048365,0.121637784,-0.014757617,0.07037722,-0.00967296,252.35689,248.6019,333.37222,1.3856848,23.352674,0.25012052
3,67,10,0.0064000003,0.03858482,0.015794788,0.017911712,0.0048783217,0.06283866,0.002789572,5.092572,-0.37167645,5.9508147,-0.6837427,0.12567732,0.005579144,0.13383465,-0.009767795,0.06984498,-0.008025121,252.29597,248.402,332.7167,1.0554192,23.352674,0.19544451
3,68,10,0.0064000003,0.039226815,0.01586086,0.018291023,0.0050749327,0.06296995,0.0026214188,5.146212,-0.3055333,6.0695477,-1.039448,0.1259399,0.0052428376,0.13524431,-0.008029522,0.07123856,-0.012200047,252.26003,248.19128,332.83328,1.3449813,23.352674,0.23373826
3,69,10,0.0064000003,0.040050752,0.017634146,0.017607085,0.004809522,0.06639681,0.0037869608,5.0490823,-0.057053365,5.9087033,-0.56144804,0.13279362,0.0075739217,0.1326917,-0.0014993807,0.06935072,-0.0065897396,252.23903,248.17998,332.74283,0.6185014,23.348179,0.2000883
3,70,10,0.0064000003,0.041000318,0.016463073,0.0194288,0.0051084436,0.06415425,0.0050391154,5.303856,-0.074258864,6.089554,-0.7126938,0.1283085,0.010078231,0.13938724,-0.0019515487,0.071473375,-0.0083649205,252.2304,248.20947,332.29483,0.7869527,23.348179,0.24146967
3,71,10,0.0064000003,0.040703893,0.017226154,0.018738532,0.0047392067,0.06562422,0.0059701516,5.208785,-0.21369705,5.8653517,-1.083747,0.13124844,0.011940303,0.13688876,-0.0056160353,0.0688419,-0.012719988,252.23882,248.22743,332.74142,1.2974441,23.348179,0.22633842
3,72,10,0.0064000003,0.0406145,0.016377773,0.019533962,0.004702767,0.063987836,0.004770014,5.31819,-0.031956837,5.842759,-0.7466222,0.12797567,0.009540028,0.13976395,-0.0008398379,0.06857672,-0.008763138,252.18964,248.09375,332.6845,0.77857906,23.348179,0.23645104
3,73,10,0.0064000003,0.039917003,0.015365905,0.01987116,0.0046799355,0.061979644,0.0070309327,5.3638954,0.24035698,5.8285584,-0.14209983,0.12395929,0.014061865,0.1409651,0.006316672,0.068410054,-0.0016678316,252.10587,247.80489,331.6351,-0.098257154,23.34374,0.2354658
3,74,10,0.0064000003,0.04144279,0.016872456,0.019933373,0.0046369564,0.06494701,0.0071979347,5.372285,0.21053433,5.801732,-0.65365803,0.12989402,0.014395869,0.1411856,0.00553292,0.0680952,-0.0076720137,252.09302,247.703,331.9657,0.4431237,23.34374,0.2327602
3,75,10,0.0064000003,0.04111461,0.0153230755,0.021100616,0.0046909195,0.061893206,0.0053239437,5.5273404,0.36775237,5.8353944,-0.15471207,0.12378641,0.010647887,0.14526051,0.009664664,0.06849029,-0.00181586,252.10243,247.73422,332.18805,-0.2130403,23.34374,0.26152876
3,76,10,0.0064000003,0.044452507,0.015233096,0.024277577,0.004941833,0.061711214,0.005935011,5.9288616,0.4027686,5.989426,-0.09492206,0.12342243,0.011870022,0.15581264,0.01058491,0.07029817,-0.0011141063,252.10602,247.80489,331.67484,-0.30784655,23.34374,0.29019699
3,77,10,0.0064000003,0.041212477,0.015085393,0.021518081,0.004609004,0.061411303,0.0058259205,5.581751,0.35798904,5.7842197,-0.3503203,0.122822605,0.011651841,0.14669043,0.009408078,0.067889646,-0.0041117244,252.11961,247.83627,332.13834,-0.0076687336,23.339333,0.22881407
3,78,10,0.0064000003,0.0438741,0.016038496,0.022378176,0.005457427,0.06332159,0.004392542,5.6922116,0.5079064,6.294122,0.0051358975,0.12664318,0.008785084,0.14959337,0.013347964,0.0738744,6.028069e-5,252.12042,247.84904,332.24567,-0.5130423,23.339333,0.25575873
3,79,10,0.0064000003,0.046614498,0.016444081,0.02422395,0.005946466,0.06411724,0.0058681024,5.92231,0.497906,6.57008,0.0826609,0.12823448,0.011736205,0.15564045,0.013085148,0.07711333,0.0009701938,252.12186,247.94443,331.65744,-0.5805669,23.339333,0.24709442
3,80,10,0.0064000003,0.04527519,0.01848752,0.021512963,0.005274706,0.06798441,0.0062631923,5.5810866,0.14633769,6.187858,-0.16262586,0.13596882,0.012526385,0.14667298,0.0038458072,0.07262717,-0.0019087488,252.1441,247.93225,331.90826,0.016288176,23.339333,0.22261526
3,81,10,0.0064000003,0.04095967,0.016558018,0.019084917,0.0053167343,0.06433898,0.005133206,5.2567077,-0.090628035,6.212461,-0.18609843,0.12867796,0.010266412,0.13814817,-0.0023817366,0.07291594,-0.0021842457,252.18837,248.11859,332.35638,0.27672645,23.334978,0.20896672
3,82,10,0.0064000003,0.042985123,0.017771319,0.019468272,0.0057455353,0.066654555,0.005726791,5.3092403,-0.081909314,6.458125,-0.24794534,0.13330911,0.011453582,0.13952875,-0.002152608,0.07579931,-0.0029101463,252.22076,248.40242,332.16556,0.32985467,23.334978,0.22343676
3,83,10,0.0064000003,0.040887747,0.015742555,0.020115359,0.005029831,0.06273467,0.0062581254,5.396754,-0.03789921,6.042517,-0.7420851,0.12546934,0.012516251,0.14182863,-0.0009960056,0.0709213,-0.008709887,252.204,248.37552,332.66827,0.7799843,23.334978,0.2524744
3,84,10,0.0064000003,0.04290976,0.015556493,0.021823803,0.0055294647,0.062362835,0.0051959245,5.6212626,-0.043526966,6.335527,-0.35572922,0.12472567,0.010391849,0.14772882,-0.0011439071,0.07436037,-0.0041752104,252.1263,248.0941,332.36844,0.3992562,23.334978,0.28815347
3,85,10,0.0064000003,0.040254362,0.015034638,0.019708518,0.005511204,0.061307907,0.0035994847,5.3418984,0.15683225,6.3250566,0.032029163,0.122615814,0.0071989694,0.14038703,0.004121607,0.07423748,0.0003759289,252.02928,247.68576,331.41257,-0.18886141,23.33077,0.24957114
3,86,10,0.0064000003,0.040944673,0.01600312,0.019406509,0.005535042,0.06325172,0.0042187735,5.3008122,0.22335283,6.338721,-0.42462537,0.12650344,0.008437547,0.13930725,0.005869791,0.07439786,-0.004983847,252.00691,247.59595,331.49277,0.20127253,23.33077,0.25722867
3,87,10,0.0064000003,0.046801347,0.018158693,0.022509381,0.0061332737,0.0673771,0.002647957,5.7088737,0.17539077,6.6724815,-0.08089624,0.1347542,0.005295914,0.15003127,0.0046093343,0.07831522,-0.0009494848,251.98492,247.54991,331.31937,-0.09449452,23.33077,0.27845892
3,88,10,0.0064000003,0.051802985,0.019995606,0.02600395,0.005803428,0.07070291,0.0028293969,6.136042,0.40878373,6.49058,0.10240393,0.14140582,0.0056587937,0.1612574,0.010742978,0.076180235,0.0012019201,251.95111,247.41083,330.71582,-0.5111877,23.33077,0.31157482
3,89,10,0.0064000003,0.046788163,0.01841673,0.023281045,0.0050903847,0.06785413,0.0004244471,5.805905,0.23942758,6.0787807,0.8023509,0.13570826,0.0008488942,0.15258127,0.0062922467,0.07134693,0.009417228,251.98149,247.57022,330.99606,-1.0417784,23.32679,0.2275142
3,90,10,0.0064000003,0.047539692,0.019466588,0.022923945,0.0051491605,0.06976136,-0.00047627813,5.7612047,0.14021328,6.1137743,0.8314854,0.13952272,-0.00095255626,0.15140656,0.0036848579,0.07175765,0.009759182,252.01385,247.74109,331.18875,-0.97169864,23.32679,0.2002535
3,91,10,0.0064000003,0.047699798,0.019427305,0.022984676,0.005287816,0.069690935,-4.4526474e-5,5.7688317,0.35728344,6.1955433,0.9123671,0.13938187,-8.905295e-5,0.15160698,0.009389538,0.07271737,0.010708493,251.94977,247.41762,330.47485,-1.2696506,23.32679,0.22603779
3,92,10,0.0064000003,0.04462895,0.0177435,0.021101253,0.0057841972,0.066602364,-0.00043642928,5.5274243,0.30747196,6.4798174,0.5868142,0.13320473,-0.00087285857,0.1452627,0.008080475,0.07605391,0.006887465,251.95076,247.34319,330.60556,-0.89428616,23.32679,0.2278194
3,93,10,0.0064000003,0.04569171,0.019638333,0.019910343,0.006143035,0.07006842,-0.0030367374,5.3691807,-0.4355032,6.6777897,1.021889,0.14013684,-0.006073475,0.14110401,-0.011445182,0.078377515,0.011993955,251.98303,247.57188,330.67783,-0.5863857,23.322933,0.2109625
3,94,10,0.0064000003,0.04558971,0.019760113,0.019802323,0.0060272785,0.070285335,-0.0028330516,5.3545966,-0.27457014,6.6145735,1.2003764,0.14057067,-0.005666103,0.14072073,-0.0072157998,0.07763555,0.014088873,251.94725,247.47884,330.0803,-0.9258063,23.322933,0.21428302
3,95,10,0.0064000003,0.04070718,0.018647712,0.016069436,0.005990029,0.06827831,-0.002977894,4.823575,-0.24352033,6.5941024,0.8815795,0.13655663,-0.005955788,0.12676528,-0.006399802,0.077395275,0.01034714,251.95728,247.40665,330.65622,-0.6380592,23.322933,0.21080023
3,96,10,0.0064000003,0.04172988,0.018463101,0.017606026,0.005660755,0.0679395,-0.003725663,5.04893,-0.1007376,6.410301,1.2154232,0.135879,-0.007451326,0.1326877,-0.0026474192,0.07523799,0.014265479,251.98366,247.50136,331.15918,-1.1146857,23.322933,0.23648152
3,97,10,0.0064000003,0.040680528,0.016362173,0.018982518,0.0053358376,0.063957356,-0.00058992434,5.242586,-0.49741563,6.2236123,0.40266958,0.12791471,-0.0011798487,0.13777706,-0.01307226,0.07304682,0.0047261515,252.00328,247.66687,330.66168,0.09474605,23.31908,0.22438665
3,98,10,0.0064000003,0.04489019,0.018627962,0.020700103,0.005562126,0.06824215,-0.00015709226,5.4746313,-0.81138974,6.3542113,0.3827602,0.1364843,-0.00031418452,0.1438753,-0.021323616,0.07457966,0.0044924747,252.06784,248.0999,331.2594,0.42862955,23.31908,0.24772888
3,99,10,0.0064000003,0.047065694,0.02128945,0.020512994,0.0052632494,0.07295452,-0.0013266688,5.449834,-0.81007934,6.181134,0.5988193,0.14590904,-0.0026533375,0.14322358,-0.021289175,0.072548255,0.007028369,252.06512,248.14006,331.3526,0.21126002,23.31908,0.26471147
3,100,10,0.0064000003,0.045529436,0.020307537,0.019673586,0.005548314,0.07125226,-0.0012932359,5.3371625,-0.67744625,6.346317,0.74543715,0.14250451,-0.0025864718,0.14026256,-0.017803533,0.07448701,0.00874923,252.03261,248.00055,330.73993,-0.0679909,23.31908,0.2414759
4,1,10,0.0051200003,0.042242005,0.016100423,0.020596975,0.0055446057,0.06344372,0.0014823345,5.4609776,0.48295528,6.344196,-0.80518574,0.12688744,0.002964669,0.14351647,0.012692238,0.07446211,-0.009450503,251.74763,247.85655,332.86813,0.32223046,23.315256,0.3455761
4,2,10,0.0051200003,0.041078217,0.016748903,0.019659765,0.0046695466,0.06470878,0.0018899041,5.335287,0.19770473,5.822085,-1.171983,0.12941755,0.0037798083,0.14021328,0.00519575,0.06833408,-0.013755617,251.85619,248.2815,333.87296,0.9742783,23.315256,0.37301612
4,3,10,0.0051200003,0.04503812,0.02073972,0.019157518,0.00514088,0.07200646,-0.00050026056,5.266697,-0.026205583,6.1088567,-1.2739115,0.14401291,-0.0010005211,0.13841069,-0.00068869616,0.07169993,-0.014951954,251.91112,248.49113,334.36978,1.300117,23.315256,0.40120253
4,4,10,0.0051200003,0.042146057,0.017413853,0.020116813,0.004615389,0.06598078,0.0016099194,5.3969483,0.13171056,5.7882237,-0.94038934,0.13196155,0.0032198387,0.14183375,0.0034613935,0.06793665,-0.011037391,251.8993,248.51419,333.8165,0.80867875,23.315256,0.38084522
4,5,10,0.0051200003,0.03842874,0.016379032,0.017131342,0.004918367,0.063990295,0.0020913552,4.980401,0.20597424,5.9751897,-1.2681932,0.12798059,0.0041827103,0.13088675,0.0054130796,0.07013107,-0.014884842,251.89954,248.4885,334.41028,1.062219,23.311975,0.3126964
4,6,10,0.0051200003,0.04878339,0.026746396,0.01715584,0.0048811603,0.08177163,0.0002116883,4.983961,0.12768616,5.952546,-0.99243027,0.16354325,0.0004233766,0.1309803,0.0033556405,0.0698653,-0.0116481995,251.89986,248.40738,334.5898,0.8647441,23.311975,0.33405417
4,7,10,0.0051200003,0.041372582,0.017705418,0.018277798,0.005389366,0.06653085,0.001147734,5.144351,0.19359905,6.254751,-0.95924634,0.1330617,0.002295468,0.1351954,0.005087848,0.0734123,-0.011258718,251.91101,248.55556,334.24164,0.7656473,23.311975,0.3093627
4,8,10,0.0051200003,0.03931147,0.016286446,0.017649706,0.005375317,0.06380918,0.0016269404,5.0551887,0.008624221,6.2465935,-1.3470832,0.12761836,0.003253881,0.1328522,0.00022664215,0.07331655,-0.015810777,251.97546,248.76472,334.9883,1.338459,23.311975,0.33952755
4,9,10,0.0051200003,0.03831122,0.018896544,0.014428998,0.0049856785,0.06873235,-0.0004651405,4.570742,-0.14819506,6.015938,-0.08074086,0.1374647,-0.000930281,0.120120764,-0.0038946199,0.07060934,-0.0009476587,252.04393,248.99387,335.40906,0.22893593,23.308535,0.20268801
4,10,10,0.0051200003,0.036715902,0.015872598,0.015401483,0.0054418207,0.06299325,0.0010595063,4.7222605,-0.25252944,6.2851157,0.08692604,0.1259865,0.0021190126,0.12410271,-0.006636566,0.0737687,0.0010202542,252.08517,249.2854,335.0752,0.1656034,23.308535,0.2193024
4,11,10,0.0051200003,0.03650732,0.01636907,0.015035169,0.005103078,0.063970834,0.0027386998,4.6657643,-0.4906931,6.086355,-0.41134062,0.12794167,0.0054773996,0.12261798,-0.0128955925,0.07143583,-0.0048279213,252.14334,249.51065,335.72437,0.9020337,23.308535,0.21756347
4,12,10,0.0051200003,0.045350865,0.025199192,0.015374706,0.0047769663,0.079371266,-0.0004923988,4.718154,-0.62013096,5.8886714,-0.068468206,0.15874253,-0.0009847976,0.12399478,-0.016297264,0.0691156,-0.00080361404,252.19182,249.58963,335.96054,0.68859917,23.308535,0.22768778
4,13,10,0.0051200003,0.037083182,0.018015673,0.01464084,0.00442667,0.06711124,0.0007191887,4.6041737,-0.4405956,5.6686516,0.87439317,0.13422248,0.0014383774,0.120999336,-0.011579015,0.06653322,0.010262794,252.2178,249.78618,335.10434,-0.43379757,23.304995,0.30663556
4,14,10,0.0051200003,0.037736513,0.01867101,0.014192733,0.0048727677,0.06832095,0.0012236382,4.533167,-0.45090184,5.9474263,0.56673974,0.1366419,0.0024472764,0.11913326,-0.0118498625,0.06980521,0.0066518495,252.29163,250.02744,336.0089,-0.1158379,23.304995,0.30435452
4,15,10,0.0051200003,0.044071853,0.024563717,0.014536082,0.0049720574,0.07836408,-0.00012899378,4.5876718,-0.5138764,6.0077143,0.6415069,0.15672816,-0.00025798756,0.120565675,-0.013504857,0.07051282,0.007529394,252.33606,250.14883,336.65787,-0.12763053,23.304995,0.31236053
4,16,10,0.0051200003,0.041039534,0.019190937,0.01649635,0.0053522484,0.06926568,-3.9266815e-6,4.8872285,-0.51615644,6.233175,0.79500604,0.13853136,-7.853363e-6,0.12843812,-0.0135647785,0.07315906,0.009331021,252.31526,250.19296,336.03586,-0.2788496,23.304995,0.3090028
4,17,10,0.0051200003,0.037904732,0.016483337,0.015867436,0.00555396,0.064193726,0.0023554738,4.7931614,-0.17967738,6.349544,0.8041716,0.12838745,0.0047109476,0.12596601,-0.0047219866,0.074524894,0.009438599,252.3329,250.1914,336.60034,-0.62449425,23.301367,0.28553802
4,18,10,0.0051200003,0.038204845,0.018336484,0.014035406,0.005832956,0.06770614,-0.00028996004,4.507972,-0.09687683,6.5070705,1.3657975,0.13541228,-0.0005799201,0.118471116,-0.0025459572,0.07637379,0.016030429,252.3285,250.0449,336.892,-1.2689207,23.301367,0.27492553
4,19,10,0.0051200003,0.034350686,0.015609521,0.0132282125,0.005512953,0.062469035,0.0015935116,4.376422,0.040974077,6.326061,1.645039,0.12493807,0.003187023,0.115013964,0.0010768123,0.07424926,0.0193079,252.28905,249.88037,336.10544,-1.686013,23.301367,0.2649689
4,20,10,0.0051200003,0.034753982,0.014831115,0.014009123,0.005913747,0.06089153,0.002228439,4.5037484,-0.07557442,6.5519805,1.3324078,0.12178306,0.004456878,0.11836014,-0.001986122,0.07690089,0.015638532,252.31277,249.90471,336.50067,-1.2568334,23.301367,0.24615048
4,21,10,0.0051200003,0.038150903,0.019053156,0.014093068,0.005004679,0.06901658,-0.0012112907,4.5172224,0.48862,6.0273905,1.2929909,0.13803317,-0.0024225814,0.11871423,0.012841109,0.070743755,0.015175892,252.35898,250.07817,336.82608,-1.781611,23.297682,0.25570062
4,22,10,0.0051200003,0.036209792,0.016901959,0.014034373,0.0052734627,0.06500377,-0.0001690886,4.5078053,0.33935887,6.1871276,1.2004097,0.13000754,-0.0003381772,0.11846676,0.008918472,0.07261861,0.014089267,252.39102,250.35889,336.3075,-1.5397685,23.297682,0.2137048
4,23,10,0.0051200003,0.0362015,0.017206242,0.013899232,0.0050960253,0.065586284,0.0015271482,4.4860497,0.16067351,6.0821476,0.76682305,0.13117257,0.0030542964,0.11789501,0.004222558,0.07138645,0.009000237,252.45337,250.53587,337.08096,-0.92749655,23.297682,0.23261121
4,24,10,0.0051200003,0.039744742,0.018567165,0.015527076,0.0056505036,0.068130694,-0.0002350452,4.7414756,0.13017555,6.4044933,1.0445831,0.13626139,-0.0004700904,0.12460769,0.0034210598,0.07516983,0.0122603215,252.50821,250.74947,337.56918,-1.1747587,23.297682,0.28098828
4,25,10,0.0051200003,0.035821542,0.015638739,0.015293623,0.00488918,0.06252747,0.0008371793,4.7056956,0.61489797,5.957434,0.20313914,0.12505494,0.0016743586,0.12366739,0.01615974,0.06992267,0.0023842524,252.46768,250.71849,336.70908,-0.8180371,23.293966,0.2807263
4,26,10,0.0051200003,0.03395455,0.0149354795,0.014428216,0.004590853,0.0611054,0.0010373355,4.5706186,0.5641426,5.7728186,-0.24601002,0.1222108,0.002074671,0.12011751,0.014825871,0.06775583,-0.00288743,252.48518,250.74521,337.34985,-0.31813258,23.293966,0.32082886
4,27,10,0.0051200003,0.04167519,0.021550244,0.015636122,0.0044888253,0.073400006,-0.00089860085,4.758096,0.53004223,5.70831,0.39913443,0.14680001,-0.0017972017,0.12504448,0.013929701,0.0669987,0.0046846587,252.51125,250.77194,337.6235,-0.9291767,23.293966,0.36659542
4,28,10,0.0051200003,0.038662285,0.016050538,0.017528756,0.005082992,0.06334536,-0.00049631204,5.0378375,0.5574302,6.0743656,0.53556305,0.12669072,-0.0009926241,0.1323962,0.014649469,0.071295105,0.0062859277,252.5341,250.83191,336.979,-1.0929933,23.293966,0.39493075
4,29,10,0.0051200003,0.03167198,0.014192996,0.013229979,0.004249004,0.05956718,0.00045579078,4.3767147,0.61639434,5.55373,-0.39080033,0.11913436,0.00091158156,0.115021646,0.016199065,0.065184385,-0.004586842,252.60559,251.0857,337.47763,-0.22559401,23.290224,0.26262373
4,30,10,0.0051200003,0.038329147,0.020036303,0.01360744,0.004685406,0.07077482,-0.002069432,4.438711,0.6319396,5.831964,0.1041884,0.14154965,-0.004138864,0.11665093,0.0166076,0.068450026,0.0012228637,252.67328,251.33124,337.92883,-0.736128,23.290224,0.2581154
4,31,10,0.0051200003,0.034930345,0.015950268,0.014254247,0.0047258274,0.06314719,0.00017949051,4.5429797,0.49562913,5.857066,0.0634667,0.12629437,0.00035898102,0.11939115,0.013025318,0.06874465,0.00074491417,252.70576,251.54697,337.61017,-0.55909586,23.290224,0.27025515
4,32,10,0.0051200003,0.037702505,0.018288342,0.014512192,0.0049019717,0.0676172,0.0013570522,4.5839005,0.2944494,5.965222,-0.38288555,0.1352344,0.0027141045,0.12046656,0.0077382373,0.07001408,-0.0044939476,252.78154,251.79735,338.16135,0.08843616,23.290224,0.28877282
4,33,10,0.0051200003,0.042516276,0.022461006,0.015831485,0.0042237854,0.07493498,-0.0011758012,4.7877283,0.14505447,5.537225,0.046067055,0.14986996,-0.0023516023,0.12582323,0.003812082,0.064990655,0.0005406888,252.88342,252.16493,338.8446,-0.19112153,23.286507,0.28510773
4,34,10,0.0051200003,0.036954448,0.016152143,0.016051024,0.004751278,0.06354554,-0.00022138038,4.82081,-0.03829927,5.872816,0.23391597,0.12709108,-0.00044276076,0.12669264,-0.0010065201,0.068929516,0.0027454852,252.90605,252.36636,338.21347,-0.19561669,23.286507,0.26422742
4,35,10,0.0051200003,0.03497043,0.01593965,0.014468289,0.0045624897,0.06312616,0.0020239768,4.5769615,-0.2411837,5.7549577,-0.12341694,0.12625232,0.0040479535,0.1202842,-0.0063383966,0.067546204,-0.00144855,252.95427,252.56679,338.72153,0.36460063,23.286507,0.25338084
4,36,10,0.0051200003,0.042063955,0.02039153,0.016619038,0.0050533894,0.07139946,-0.00036358714,4.9053683,-0.00040528268,6.0566516,0.33898714,0.14279892,-0.0007271743,0.12891485,-1.0653277e-5,0.0710872,0.0039787088,252.98065,252.5975,339.129,-0.33858186,23.286507,0.3311384
4,37,10,0.0051200003,0.040033523,0.01789197,0.017442135,0.0046994197,0.066880435,0.0009099545,5.0253754,-0.35412136,5.8406787,0.7242802,0.13376087,0.001819909,0.13206868,-0.009306436,0.068552315,0.00850091,252.98631,252.68155,338.6685,-0.37015882,23.282827,0.35460305
4,38,10,0.0051200003,0.035091538,0.015659425,0.0146546895,0.0047774236,0.06256881,0.0030320736,4.60635,-0.47365618,5.8889527,0.29004902,0.12513763,0.006064147,0.12105656,-0.0124478545,0.06911891,0.0034043174,253.01825,252.69499,339.41074,0.18360716,23.282827,0.28075233
4,39,10,0.0051200003,0.040750217,0.019766029,0.0151790185,0.0058051674,0.070295855,0.0014166257,4.688031,-0.2498389,6.4915524,0.6838135,0.14059171,0.0028332514,0.12320316,-0.006565855,0.07619165,0.00802595,253.072,252.87386,339.8704,-0.43397462,23.282827,0.3419486
4,40,10,0.0051200003,0.035936408,0.017049963,0.014149294,0.004737149,0.065287754,0.0038932888,4.526224,-0.32815155,5.864078,0.59886813,0.13057551,0.0077865776,0.11895081,-0.008623943,0.06882695,0.0070289453,253.0479,252.8187,339.0344,-0.27071658,23.282827,0.3189126
4,41,10,0.0051200003,0.031783648,0.015684692,0.011955194,0.0041437605,0.06261927,0.0053928858,4.1605144,-0.63611114,5.484518,-0.14053854,0.12523854,0.0107857715,0.10933981,-0.016717229,0.06437205,-0.0016495065,253.06615,252.81183,339.48517,0.7766497,23.279133,0.19477727
4,42,10,0.0051200003,0.031274397,0.014709901,0.012130922,0.0044335756,0.06064219,0.0020109778,4.1909804,-0.4059835,5.673072,0.77150255,0.12128438,0.0040219557,0.110140465,-0.010669397,0.0665851,0.009055159,253.05696,252.676,339.71756,-0.36551905,23.279133,0.19529071
4,43,10,0.0051200003,0.032163266,0.015482712,0.012608302,0.0040722513,0.062214773,0.0027016553,4.272647,-0.62249357,5.43699,0.8103433,0.12442955,0.0054033105,0.112286694,-0.016359352,0.06381419,0.009511038,253.03577,252.65923,338.80386,-0.18784976,23.279133,0.20476581
4,44,10,0.0051200003,0.032524332,0.015206453,0.013362153,0.0039557237,0.061657224,0.004649998,4.398524,-0.97927576,5.3586354,0.27517727,0.12331445,0.009299996,0.11559478,-0.025735723,0.062894545,0.0032297699,253.11893,253.00726,339.28735,0.70409846,23.279133,0.23022708
4,45,10,0.0051200003,0.03790775,0.01998345,0.014129487,0.00379481,0.070681415,0.0026980913,4.523055,-0.79290426,5.2485123,-0.24366318,0.14136283,0.0053961826,0.11886752,-0.02083781,0.06160203,-0.0028598856,253.20274,253.36072,339.7845,1.0365674,23.275433,0.2339735
4,46,10,0.0051200003,0.037556358,0.016852796,0.016769174,0.003934387,0.06490916,0.004251647,4.927476,-1.0233626,5.344164,-0.06938973,0.12981832,0.008503294,0.12949584,-0.026894338,0.062724695,-0.0008144311,253.25797,253.63115,339.46442,1.0927523,23.275433,0.2816162
4,47,10,0.0051200003,0.035002638,0.015160725,0.015695805,0.004146108,0.06156445,0.0049637393,4.767168,-1.1810297,5.486072,-0.45229495,0.1231289,0.009927479,0.1252829,-0.031037895,0.06439028,-0.0053086057,253.32329,253.83553,339.9171,1.6333246,23.275433,0.32854277
4,48,10,0.0051200003,0.041059572,0.020732723,0.01609175,0.0042351014,0.07199431,0.0031236166,4.8269224,-0.9092834,5.5446367,0.06623239,0.14398862,0.006247233,0.12685326,-0.023896294,0.065077655,0.00077737204,253.3478,253.8628,340.27692,0.843051,23.275433,0.25608742
4,49,10,0.0051200003,0.036033697,0.015268299,0.01677689,0.003988509,0.06178248,0.0038081175,4.9286094,-0.42831436,5.380796,-0.6290421,0.12356496,0.007616235,0.12952563,-0.011256254,0.063154645,-0.007383096,253.32585,253.7418,339.69254,1.0573565,23.271776,0.30791613
4,50,10,0.0051200003,0.038052432,0.016299546,0.017461663,0.00429122,0.06383484,0.005059808,5.028188,-0.5511378,5.581251,-0.98652655,0.12766968,0.010119616,0.13214259,-0.014484105,0.065507405,-0.011578906,253.3325,253.66603,339.73752,1.5376644,23.271776,0.37314606
4,51,10,0.0051200003,0.040782157,0.018664833,0.018131338,0.0039859856,0.06830965,0.00350571,5.123699,-0.41981515,5.3790927,-0.39434582,0.1366193,0.00701142,0.13465266,-0.011032893,0.06313466,-0.004628455,253.3573,253.7605,339.8266,0.81416094,23.271776,0.30022532
4,52,10,0.0051200003,0.037549347,0.016655825,0.016834006,0.0040595164,0.064528726,0.0039841454,4.9369917,-0.50432336,5.428481,-0.6897541,0.12905745,0.007968291,0.12974593,-0.013253799,0.06371433,-0.008095676,253.33858,253.72928,339.23074,1.1940775,23.271776,0.30597547
4,53,10,0.0051200003,0.034008577,0.016782044,0.012809857,0.004416679,0.06477276,0.0052797506,4.306662,-0.31248534,5.662251,-1.216068,0.12954552,0.010559501,0.11318064,-0.008212228,0.0664581,-0.014273044,253.38376,253.85771,339.93292,1.5285534,23.26813,0.19107407
4,54,10,0.0051200003,0.039157853,0.020555975,0.014479827,0.0041220495,0.071686774,0.0026542828,4.5787864,-0.048704937,5.4701314,-0.6987016,0.14337355,0.0053085657,0.12033215,-0.0012799834,0.06420319,-0.008200694,253.42604,254.01085,340.3529,0.74740654,23.26813,0.21467732
4,55,10,0.0051200003,0.0364147,0.017121883,0.014876411,0.0044164057,0.06542531,0.003764082,4.6410666,-0.114270434,5.662076,-0.60707533,0.13085061,0.007528164,0.121968895,-0.003003067,0.06645604,-0.007125271,253.39452,254.01059,339.6348,0.7213458,23.26813,0.20509417
4,56,10,0.0051200003,0.033507306,0.014833383,0.013936697,0.004737225,0.060896188,0.004718638,4.492091,-0.16452119,5.864125,-0.85783416,0.121792376,0.009437276,0.11805379,-0.0043236753,0.0688275,-0.010068438,253.38191,253.84091,339.90735,1.0223553,23.26813,0.21954325
4,57,10,0.0051200003,0.03681952,0.018544098,0.013899479,0.004375947,0.06808836,0.0026670303,4.4860897,0.2531059,5.636081,0.41334468,0.13617672,0.0053340606,0.11789605,0.006651714,0.06615094,0.0048514446,253.4001,253.89386,340.0201,-0.6664506,23.26448,0.26766437
4,58,10,0.0051200003,0.03490592,0.017684264,0.013166955,0.0040547033,0.0664911,0.0034633586,4.3662777,-0.08719697,5.425262,0.23932771,0.1329822,0.0069267172,0.11474735,-0.002291568,0.06367655,0.0028089986,253.41772,254.07256,339.40784,-0.15213075,23.26448,0.22744235
4,59,10,0.0051200003,0.034517508,0.017318562,0.013052524,0.0041464227,0.0658,0.005749393,4.3472633,-0.22943866,5.4862804,-0.2818982,0.1316,0.011498786,0.11424764,-0.006029731,0.06439272,-0.003308652,253.46033,254.1573,340.13873,0.51133686,23.26448,0.18385501
4,60,10,0.0051200003,0.036098342,0.018824093,0.012626819,0.004647431,0.06860046,0.0044120406,4.275783,0.035866052,5.808281,0.40522388,0.13720092,0.008824081,0.11236912,0.0009425716,0.06817207,0.0047561307,253.49171,254.25221,340.8153,-0.44108993,23.26448,0.19133165
4,61,10,0.0051200003,0.033138543,0.01646599,0.0127452025,0.0039273486,0.06415994,0.004787854,4.29578,0.38443795,5.3393817,0.7173257,0.12831987,0.009575708,0.112894654,0.010103169,0.06266856,0.008419284,253.43604,254.08237,339.8019,-1.1017636,23.260862,0.20763274
4,62,10,0.0051200003,0.03439594,0.016060326,0.01432484,0.0040107733,0.06336467,0.0042245598,4.554216,0.16720095,5.3957925,0.37665206,0.12672934,0.0084491195,0.119686425,0.004394102,0.063330665,0.004420784,253.44156,254.0045,339.9364,-0.54385304,23.260862,0.18904378
4,63,10,0.0051200003,0.040367696,0.02043072,0.015172896,0.0047640796,0.07146803,0.0033320966,4.687086,0.3972023,5.880723,0.8920667,0.14293607,0.0066641932,0.12317831,0.010438619,0.06902231,0.010470229,253.50157,254.21977,340.40384,-1.289269,23.260862,0.2234277
4,64,10,0.0051200003,0.036120124,0.018307403,0.0131875565,0.004625166,0.06765243,0.0042793876,4.3696923,0.31039748,5.794352,0.9990761,0.13530485,0.008558775,0.11483709,0.008157358,0.06800857,0.0117262015,253.48947,254.18173,339.94043,-1.3094736,23.260862,0.23916766
4,65,10,0.0051200003,0.036242336,0.018877786,0.013246498,0.0041180504,0.06869823,0.006411476,4.379447,0.6606159,5.4674773,0.107692234,0.13739645,0.012822952,0.11509343,0.017361224,0.06417204,0.0012639898,253.4972,254.15112,340.2266,-0.76830816,23.257284,0.15570721
4,66,10,0.0051200003,0.03611685,0.017918197,0.014330687,0.0038679654,0.06692944,0.00422552,4.555145,0.90470195,5.2988605,0.7660556,0.13385887,0.00845104,0.11971085,0.02377589,0.06219297,0.00899123,253.49274,254.10815,340.4114,-1.6707575,23.257284,0.17120397
4,67,10,0.0051200003,0.034249637,0.015681164,0.014070526,0.004497947,0.06261223,0.0032087823,4.5136075,0.8963733,5.714107,0.8571383,0.12522446,0.0064175646,0.11861925,0.023557011,0.06706674,0.01006027,253.42284,253.91998,339.43848,-1.7535115,23.257284,0.19189325
4,68,10,0.0051200003,0.036136907,0.016533097,0.015606871,0.003996939,0.064290546,0.0055060796,4.7536435,0.7669726,5.386479,0.39808905,0.12858109,0.011012159,0.12492746,0.020156316,0.06322135,0.004672389,253.41124,253.79028,339.7523,-1.1650617,23.257284,0.20503072
4,69,10,0.0051200003,0.042244248,0.022048531,0.01616938,0.0040263403,0.07424374,0.0034297511,4.838552,1.0487351,5.406255,-0.0130328555,0.14848748,0.0068595023,0.12715888,0.027561136,0.06345345,-0.00015296719,253.43394,253.87437,339.9888,-1.0357022,23.253778,0.21713556
4,70,10,0.0051200003,0.032054838,0.015766714,0.012567295,0.0037208283,0.06278279,0.0034675396,4.2656927,0.8213146,5.197099,-0.261155,0.12556557,0.006935079,0.11210395,0.021584444,0.060998593,-0.0030651877,253.43872,253.93951,339.31287,-0.56015956,23.253778,0.19798428
4,71,10,0.0051200003,0.031708363,0.015186996,0.012829652,0.003691714,0.061617766,0.0050931866,4.3099885,0.6019075,5.176727,-0.6188364,0.12323553,0.010186373,0.113268055,0.015818348,0.060759477,-0.0072633093,253.49072,254.13344,339.82748,0.016928911,23.253778,0.20092309
4,72,10,0.0051200003,0.039364606,0.021511136,0.014081224,0.003772246,0.073333375,0.0034830759,4.515323,0.83035415,5.2328854,0.064001605,0.14666675,0.0069661518,0.11866433,0.021822007,0.06141861,0.00075118965,253.5105,254.2478,340.36557,-0.8943558,23.253778,0.21889342
4,73,10,0.0051200003,0.03278513,0.01582056,0.01307115,0.0038934213,0.062889904,0.0025651956,4.3503637,0.5166607,5.3162684,-0.58496773,0.12577981,0.005130391,0.11432913,0.013578029,0.062397286,-0.0068657934,253.4687,254.12926,339.6396,0.06830704,23.25035,0.18404129
4,74,10,0.0051200003,0.03551025,0.018032426,0.013295949,0.004181872,0.067142434,0.0044291336,4.3876133,0.40280128,5.5096827,-0.997711,0.13428487,0.008858267,0.11530806,0.0105857635,0.064667396,-0.011710174,253.44868,253.97386,339.9457,0.5949097,23.25035,0.19940557
4,75,10,0.0051200003,0.03558489,0.01793605,0.013373116,0.004275726,0.06696277,0.003006414,4.4003277,0.67991406,5.571167,-0.41065004,0.13392554,0.006012828,0.11564219,0.017868388,0.06538904,-0.004819818,253.42862,253.80382,340.03424,-0.269264,23.25035,0.17274718
4,76,10,0.0051200003,0.033351794,0.0156235695,0.013944764,0.0037834595,0.06249714,0.002243835,4.4933915,0.57720405,5.2406573,-0.4374174,0.12499428,0.00448767,0.11808795,0.015169131,0.061509833,-0.005133988,253.41563,253.84268,339.3253,-0.13978666,23.25035,0.158149
4,77,10,0.0051200003,0.034012515,0.017160999,0.0129274335,0.003924082,0.0655,0.0024404752,4.326381,-0.20885137,5.3371606,-0.5017497,0.131,0.0048809503,0.11369887,-0.005488688,0.06264249,-0.0058890595,253.4394,253.9775,339.66376,0.7106011,23.246964,0.23028271
4,78,10,0.0051200003,0.035264093,0.017704653,0.013624366,0.0039350726,0.066529416,0.0011299588,4.4414716,0.035026725,5.3446283,-0.0050693857,0.13305883,0.0022599176,0.11672346,0.0009205146,0.062730156,-5.9499886e-5,253.46944,254.0865,340.1848,-0.02995734,23.246964,0.19874291
4,79,10,0.0051200003,0.031551268,0.014621319,0.0129586365,0.0039713127,0.060459323,0.0012670048,4.3315997,0.1601104,5.369184,-0.26564685,0.12091865,0.0025340095,0.113836005,0.0042077596,0.06301835,-0.0031179087,253.43817,254.00063,339.6684,0.105536446,23.246964,0.20106696
4,80,10,0.0051200003,0.034827754,0.01743439,0.01351156,0.0038818049,0.06601968,0.0023696728,4.4230456,-0.012576595,5.3083315,-0.6781982,0.13203935,0.0047393455,0.116239235,-0.0003305192,0.06230413,-0.007960042,253.41635,253.88329,339.5251,0.6907748,23.246964,0.23647378
4,81,10,0.0051200003,0.03607392,0.019519165,0.012723231,0.003831524,0.069855504,-0.0007130919,4.2920756,-0.060321607,5.2738404,0.33910215,0.13971101,-0.0014261839,0.1127973,-0.001585274,0.061899304,0.0039800564,253.42975,253.92175,339.637,-0.27878055,23.243668,0.20208122
4,82,10,0.0051200003,0.029875591,0.014374507,0.012218952,0.0032821342,0.059946865,-0.0009785466,4.2061586,-0.123501904,4.881119,0.31678575,0.11989373,-0.0019570931,0.11053937,-0.0032456755,0.057289913,0.0037181282,253.4276,254.02,338.9445,-0.19328386,23.243668,0.21258484
4,83,10,0.0051200003,0.029750159,0.013849361,0.012204376,0.0036964219,0.058841653,0.0014303959,4.203649,-0.29081056,5.180027,0.03733479,0.11768331,0.0028607917,0.11047342,-0.007642605,0.060798205,0.00043819982,253.45001,254.08481,339.71185,0.25347576,23.243668,0.15969215
4,84,10,0.0051200003,0.0347319,0.018129537,0.012496102,0.00410626,0.067322984,0.0003492437,4.253593,0.049795873,5.459645,0.67132443,0.13464597,0.0006984874,0.11178596,0.0013086534,0.064080104,0.007879365,253.42216,253.92226,340.2874,-0.7211203,23.243668,0.17747898
4,85,10,0.0051200003,0.029482888,0.014720823,0.011605119,0.0031569472,0.0606647,0.000496354,4.099147,0.34170678,4.787126,0.31999984,0.1213294,0.000992708,0.10772706,0.008980176,0.056186717,0.0037558533,253.34485,253.59671,339.20352,-0.6617066,23.240482,0.18491276
4,86,10,0.0051200003,0.032907642,0.017045135,0.012511788,0.0033507196,0.06527851,0.0017409797,4.2562623,0.1018953,4.9318547,-0.050904438,0.13055702,0.0034819595,0.1118561,0.0026778458,0.0578854,-0.00059746735,253.3346,253.47379,339.07156,-0.050990865,23.240482,0.14519688
4,87,10,0.0051200003,0.03468546,0.018076299,0.012846705,0.003762456,0.06722406,0.0012399476,4.312852,0.27140835,5.226091,0.42761168,0.13444813,0.0024798953,0.113343306,0.0071327104,0.06133886,0.0050188988,253.35347,253.54344,339.21085,-0.69902,23.240482,0.18808371
4,88,10,0.0051200003,0.031857315,0.014518569,0.013520632,0.0038181124,0.060246512,-0.00018737261,4.4245305,0.28239432,5.264602,0.45039684,0.120493025,-0.00037474523,0.11627825,0.0074214237,0.061790876,0.0052863276,253.3661,253.66505,338.7838,-0.7327912,23.240482,0.19066916
4,89,10,0.0051200003,0.03352642,0.017899238,0.0116116805,0.0040155007,0.06689402,0.0051409607,4.1003056,-0.1218382,5.3989716,-1.0847374,0.13378803,0.010281921,0.10775751,-0.003201953,0.06336798,-0.012731614,253.42424,253.84935,339.2959,1.2065756,23.237333,0.1508984
4,90,10,0.0051200003,0.034558732,0.018703341,0.0118812965,0.0039740945,0.06838008,0.0034732681,4.1476355,-0.051373646,5.3710637,-0.7801629,0.13676016,0.0069465362,0.10900136,-0.0013501171,0.06304042,-0.009156807,253.42772,253.74448,339.48706,0.83153653,23.237333,0.15868652
4,91,10,0.0051200003,0.027775971,0.013574364,0.010291013,0.003910595,0.058254536,0.0027876315,3.8600929,0.14716911,5.3279805,-0.7807243,0.11650907,0.005575263,0.10144463,0.0038676562,0.06253475,-0.009163396,253.41687,253.71362,338.9458,0.6335552,23.237333,0.1445935
4,92,10,0.0051200003,0.030353218,0.015766896,0.010728751,0.0038575723,0.06278315,0.0043129963,3.9413342,-0.19643271,5.291737,-1.33499,0.1255663,0.008625993,0.103579685,-0.0051623215,0.06210936,-0.01566884,253.46735,253.99138,339.39456,1.5314227,23.237333,0.14388604
4,93,10,0.0051200003,0.03289157,0.019729732,0.009534327,0.0036275121,0.07023128,0.003702186,3.7154696,-0.4454469,5.131516,-1.4254082,0.14046256,0.007404372,0.09764388,-0.011706506,0.060228832,-0.016730081,253.49347,254.17993,339.8046,1.8708551,23.234137,0.21275537
4,94,10,0.0051200003,0.025201142,0.012810163,0.009063769,0.0033272102,0.056590997,0.0022689076,3.6226227,-0.3296504,4.9145226,-1.4023501,0.11318199,0.004537815,0.09520383,-0.008663334,0.057681974,-0.016459446,253.44781,254.01219,338.9813,1.7320005,23.234137,0.18274057
4,95,10,0.0051200003,0.027046086,0.014299549,0.0090260375,0.0037204993,0.05979036,0.0045281355,3.6150744,-0.40851313,5.1968694,-1.5517741,0.11958072,0.009056271,0.09500546,-0.010735872,0.060995895,-0.018213244,253.43637,253.87573,339.44263,1.9602873,23.234137,0.2049193
4,96,10,0.0051200003,0.030872123,0.016915616,0.010410692,0.0035458147,0.06503002,0.003526477,3.8824732,-0.3420521,5.073402,-1.1833436,0.13006005,0.007052954,0.102032796,-0.008989255,0.059546743,-0.013888959,253.40428,253.67047,339.46475,1.5253958,23.234137,0.21956685
4,97,10,0.0051200003,0.025584752,0.012712571,0.009904988,0.0029671919,0.05637502,0.0008703899,3.787003,0.07593409,4.6410265,-0.5882259,0.11275004,0.0017407798,0.099523805,0.0019955735,0.054471936,-0.006904033,253.33183,253.36923,338.55063,0.5122918,23.230862,0.12179051
4,98,10,0.0051200003,0.024811992,0.0131419245,0.0086326795,0.0030373877,0.057319116,0.0029799293,3.5354238,0.04110397,4.6956024,-0.9905066,0.11463823,0.0059598587,0.09291221,0.0010802267,0.0551125,-0.01162562,253.33574,253.21655,338.73904,0.94940263,23.230862,0.11822737
4,99,10,0.0051200003,0.030080827,0.016663311,0.009642653,0.003774862,0.064543225,0.0004250213,3.7365167,-0.14213641,5.2346997,-0.83959407,0.12908645,0.0008500426,0.09819701,-0.003735397,0.061439905,-0.009854354,253.39082,253.37831,338.90735,0.98173046,23.230862,0.14837377
4,100,10,0.0051200003,0.027053116,0.013566519,0.009603716,0.0038828796,0.0582377,-0.00053966045,3.728965,-3.211667e-5,5.309067,-0.70217496,0.1164754,-0.0010793209,0.09799855,-8.440981e-7,0.062312756,-0.008241459,253.41678,253.55086,338.544,0.7022071,23.230862,0.14508407
5,1,10,0.0040960005,0.041429643,0.014387778,0.02231451,0.0047273557,0.059974533,-0.0023860987,5.6841083,1.0903085,5.8580136,1.4872674,0.119949065,-0.0047721975,0.14938042,0.028653711,0.06875577,0.017456125,253.81453,254.87244,341.0886,-2.577576,23.227467,0.94732064
5,2,10,0.0040960005,0.042121068,0.016984312,0.020659333,0.0044774218,0.065161936,0.0002524514,5.4692388,0.9516901,5.701054,1.0301726,0.13032387,0.0005049028,0.14373355,0.025010757,0.06691354,0.012091185,253.8389,254.91776,341.53516,-1.9818627,23.227467,0.92150563
5,3,10,0.0040960005,0.044427887,0.019736849,0.020177554,0.004513484,0.07024395,-0.00066767476,5.40509,1.0166,5.723967,1.114281,0.1404879,-0.0013353495,0.14204772,0.026716622,0.06718247,0.013078368,253.82022,254.78816,341.79718,-2.130881,23.227467,0.89528567
5,4,10,0.0040960005,0.042416766,0.015622998,0.022142477,0.0046512927,0.062495995,-0.00060343323,5.6621547,1.1901472,5.8106947,1.1856258,0.12499199,-0.0012068665,0.14880349,0.031277504,0.06820039,0.013915744,253.72423,254.44756,340.8114,-2.375773,23.227467,0.96794766
5,5,10,0.0040960005,0.03156392,0.014665555,0.013068854,0.0038295074,0.060550712,0.0021242893,4.349982,-0.810298,5.2724524,0.59760636,0.121101424,0.0042485786,0.114319086,-0.021294931,0.061883014,0.007014132,253.70299,254.22934,341.23642,0.21269166,23.224586,0.46320453
5,6,10,0.0040960005,0.036171496,0.019571155,0.012916842,0.003683501,0.06994847,0.0018150767,4.3246093,-0.84978676,5.1709647,0.5839539,0.13989694,0.0036301534,0.11365228,-0.0223327,0.060691852,0.0068538934,253.70631,254.19626,341.34225,0.26583284,23.224586,0.46788853
5,7,10,0.0040960005,0.030990161,0.013139039,0.014304561,0.0035465618,0.057312824,0.0005269747,4.5509906,-0.7309994,5.0739355,0.81023467,0.11462565,0.0010539494,0.119601674,-0.019210933,0.059553016,0.00950976,253.66316,254.0713,340.50272,-0.079235256,23.224586,0.48676825
5,8,10,0.0040960005,0.030673632,0.014142749,0.013432355,0.0030985286,0.059461646,0.002614339,4.410063,-0.88882446,4.742627,0.20315185,0.11892329,0.005228678,0.115898035,-0.023358619,0.055664428,0.0023844007,253.66145,254.0583,340.86176,0.68567264,23.224586,0.5680457
5,9,10,0.0040960005,0.041405313,0.019043094,0.019157745,0.003204471,0.06899836,0.002162986,5.266728,-1.479838,4.8230233,-0.15247862,0.13799672,0.004325972,0.1384115,-0.03889067,0.056608047,-0.0017896483,253.62567,253.9362,340.82486,1.6323166,23.221632,1.0249287
5,10,10,0.0040960005,0.039234586,0.015010099,0.021070406,0.0031540804,0.061257854,0.0024279866,5.523382,-1.2218564,4.7849517,0.025965797,0.12251571,0.004855973,0.14515649,-0.032110825,0.0561612,0.00030476216,253.52177,253.57106,339.68167,1.1958905,23.221632,1.0359889
5,11,10,0.0040960005,0.034839306,0.012251072,0.01959257,0.0029956654,0.05534228,0.004859367,5.326162,-1.2085093,4.663241,-0.4663914,0.11068456,0.009718734,0.13997346,-0.031760056,0.054732673,-0.005474057,253.42596,252.99866,339.78006,1.6749008,23.221632,1.0618855
5,12,10,0.0040960005,0.039417032,0.016796073,0.019448139,0.00317282,0.06479983,0.0033882412,5.3064947,-1.0579901,4.7991457,-0.42252135,0.12959966,0.0067764823,0.13945659,-0.02780436,0.05632779,-0.004959153,253.3412,252.55788,339.53763,1.4805114,23.221632,1.0305535
5,13,10,0.0040960005,0.027916584,0.01462492,0.010192365,0.0030993,0.060466766,0.0019254701,3.8415475,0.60554147,4.7432175,-0.07902735,0.12093353,0.0038509401,0.100957245,0.015913848,0.055671357,-0.0009275477,253.25397,252.27759,338.37097,-0.5265141,23.218641,0.24552004
5,14,10,0.0040960005,0.023052286,0.011113486,0.00870827,0.00323053,0.05271026,0.0042909645,3.5508687,0.45431373,4.842595,-0.44531584,0.10542052,0.008581929,0.09331811,0.011939528,0.056837752,-0.0052266927,253.24893,252.13182,338.75092,-0.008997887,23.218641,0.263229
5,15,10,0.0040960005,0.03033005,0.017625056,0.009345553,0.0033594402,0.066379696,0.0030898987,3.6785038,0.43925503,4.938268,-0.4535119,0.13275939,0.0061797975,0.0966724,0.011543777,0.057960678,-0.005322891,253.27797,252.21846,339.11917,0.014256865,23.218641,0.26175296
5,16,10,0.0040960005,0.026106164,0.012499612,0.010381227,0.0032253251,0.05590083,0.0019427383,3.8769753,0.5093545,4.8386917,-0.31206602,0.11180166,0.0038854766,0.10188831,0.013386019,0.056791946,-0.0036627322,253.26581,252.27158,338.2597,-0.19728845,23.218641,0.20966311
5,17,10,0.0040960005,0.030615985,0.012416597,0.015051417,0.0031479711,0.055714894,0.00334781,4.668285,1.4567212,4.7803154,-0.527196,0.11142979,0.00669562,0.12268422,0.038283154,0.056106783,-0.006187723,253.28119,252.29578,338.62042,-0.9295252,23.21556,0.86449337
5,18,10,0.0040960005,0.03502426,0.015569626,0.015737474,0.003717157,0.062389154,0.0028448042,4.7734923,1.3850499,5.1945343,-0.61478686,0.12477831,0.0056896084,0.12544909,0.036399614,0.060968492,-0.0072157816,253.30663,252.4183,339.02557,-0.7702631,23.21556,0.83240134
5,19,10,0.0040960005,0.032639205,0.012018878,0.017319966,0.0033003625,0.054815322,0.0027904005,5.0077453,1.4127133,4.8946548,-0.16961874,0.109630644,0.005580801,0.13160534,0.037126616,0.057448782,-0.0019908228,253.28732,252.40523,338.38782,-1.2430946,23.21556,0.84881055
5,20,10,0.0040960005,0.030854324,0.012451968,0.015247395,0.0031549616,0.055794194,0.004734074,4.698579,1.3662161,4.7856207,-0.5271312,0.11158839,0.009468148,0.12348034,0.03590465,0.056169044,-0.006186962,253.25908,252.19861,338.58316,-0.83908486,23.21556,0.84068316
5,21,10,0.0040960005,0.032511745,0.016229384,0.013163751,0.0031186095,0.0636973,0.00082940573,4.3657465,0.69597095,4.75797,-0.09072073,0.1273946,0.0016588115,0.11473339,0.018290373,0.05584451,-0.0010647934,253.2326,252.10399,338.63022,-0.60525024,23.212322,0.54174256
5,22,10,0.0040960005,0.030487465,0.012705594,0.014700086,0.0030817848,0.056359548,-0.00052621117,4.6134796,0.7902509,4.7297955,0.113429785,0.112719096,-0.0010524223,0.12124391,0.020768076,0.055513825,0.0013313305,253.19485,252.0277,337.60828,-0.9036807,23.212322,0.54710996
5,23,10,0.0040960005,0.028655369,0.011914088,0.013143397,0.0035978826,0.05457584,0.0013775295,4.36237,0.43748373,5.1105156,-0.095942795,0.10915168,0.002755059,0.114644654,0.011497231,0.059982352,-0.001126085,253.22328,252.07532,337.8784,-0.34154093,23.212322,0.5502604
5,24,10,0.0040960005,0.03722215,0.016994,0.016371682,0.0038564685,0.06518052,0.0005869017,4.8687263,0.6479984,5.29098,-0.35278928,0.13036104,0.0011738033,0.12795188,0.017029634,0.06210047,-0.0041407035,253.25876,252.1106,338.3556,-0.2952091,23.212322,0.5687582
5,25,10,0.0040960005,0.033597276,0.011121391,0.019081872,0.003394012,0.052729003,-0.0023323281,5.2562876,-0.67425776,4.9636126,0.049927067,0.105458006,-0.0046646562,0.13813715,-0.01771974,0.05825815,0.00058599614,253.23785,252.1688,337.95566,0.6243307,23.20902,0.5633565
5,26,10,0.0040960005,0.0295083,0.010056839,0.015704721,0.0037467415,0.050141897,-0.0007473187,4.7685223,-0.86904335,5.2151656,-0.23242314,0.100283794,-0.0014946375,0.12531848,-0.02283878,0.061210632,-0.0027279619,253.22234,252.11115,338.15265,1.1014665,23.20902,0.58808196
5,27,10,0.0040960005,0.03838188,0.015606774,0.018795278,0.0039798296,0.062463537,-0.002522115,5.2166667,-0.7195943,5.3749385,-0.18234698,0.12492707,-0.00504423,0.13709587,-0.018911198,0.06308589,-0.002140215,253.17384,251.85345,338.16254,0.9019413,23.20902,0.62199116
5,28,10,0.0040960005,0.035323113,0.010604776,0.0212807,0.003437639,0.051489748,-0.002304779,5.550878,-0.42107546,4.9954123,-0.051548906,0.102979496,-0.004609558,0.14587906,-0.011066006,0.058631383,-0.0006050311,253.09187,251.49203,337.38028,0.47262436,23.20902,0.6239542
5,29,10,0.0040960005,0.026993297,0.0096791,0.0138218105,0.0034923863,0.049191207,-0.0020459301,4.4735384,-1.1228695,5.035033,-0.33732727,0.09838241,-0.0040918603,0.1175662,-0.029509416,0.059096415,-0.003959225,253.06522,251.32642,337.44168,1.4601967,23.205757,0.64460164
5,30,10,0.0040960005,0.035039242,0.014967669,0.016187899,0.0038836736,0.06117121,-0.0028812133,4.8413215,-0.92987674,5.309609,-0.29870233,0.12234242,-0.0057624266,0.12723167,-0.0244375,0.062319126,-0.0035058826,253.04077,251.24527,337.32532,1.228579,23.205757,0.657495
5,31,10,0.0040960005,0.03281948,0.010594319,0.01862647,0.00359869,0.051464353,-0.003365825,5.193187,-0.79993385,5.111089,-0.12246795,0.102928706,-0.00673165,0.13647883,-0.021022547,0.059989084,-0.0014374123,252.98651,251.0775,336.46542,0.9224018,23.205757,0.66624224
5,32,10,0.0040960005,0.02950736,0.010232424,0.015235984,0.0040389504,0.050577722,-0.0028828364,4.6968193,-0.79281294,5.4147134,-0.46895254,0.101155445,-0.005765673,0.12343413,-0.020835407,0.06355274,-0.0055041173,252.97836,250.95247,336.89694,1.2617655,23.205757,0.66059786
5,33,10,0.0040960005,0.028176224,0.012910404,0.011419057,0.0038467627,0.05681198,-0.0025591264,4.066154,0.25275168,5.284318,-0.59885824,0.11362396,-0.0051182527,0.10685999,0.006642407,0.062022276,-0.007028827,252.92708,250.69247,337.04578,0.34610656,23.20255,0.24904956
5,34,10,0.0040960005,0.027054451,0.010241995,0.013062805,0.0037496516,0.05060137,-0.0026515047,4.348975,0.4315414,5.2171903,-0.42277852,0.10120274,-0.0053030094,0.11429263,0.011341063,0.0612344,-0.004962171,252.83174,250.35071,336.11633,-0.008762896,23.20255,0.20806025
5,35,10,0.0040960005,0.026092514,0.0113825,0.010781616,0.003928399,0.0533444,-0.0010069305,3.9510322,0.34013194,5.3400955,-0.7308046,0.1066888,-0.002013861,0.10383456,0.008938791,0.062676944,-0.0085774865,252.76341,249.99992,336.00504,0.39067268,23.20255,0.21289286
5,36,10,0.0040960005,0.031373054,0.013695769,0.013718449,0.003958836,0.05851446,-0.001804639,4.45678,0.4530719,5.360743,-0.702797,0.11702892,-0.003609278,0.11712578,0.011906894,0.06291928,-0.008248759,252.70119,249.72388,335.79868,0.2497251,23.20255,0.24584474
5,37,10,0.0040960005,0.028794095,0.010381558,0.014942802,0.0034697352,0.050944965,-0.0013418708,4.6514106,1.1094785,5.0186787,-0.47097006,0.10188993,-0.0026837415,0.12224075,0.02915749,0.058904458,-0.005527796,252.63814,249.51381,334.90405,-0.63850844,23.199335,0.65211666
5,38,10,0.0040960005,0.025935052,0.009544356,0.012954946,0.0034357512,0.04884761,-0.00063056505,4.3309827,0.9037835,4.994041,-0.7591127,0.09769522,-0.0012611301,0.11381979,0.02375176,0.058615282,-0.0089097405,252.62599,249.43541,335.16815,-0.14467078,23.199335,0.6297599
5,39,10,0.0040960005,0.029784197,0.012714765,0.013487132,0.003582301,0.056379884,-0.0009191242,4.419046,0.93269235,5.0994368,-0.8315111,0.11275977,-0.0018382485,0.116134115,0.024511492,0.05985233,-0.009759483,252.5932,249.30972,334.9802,-0.10118127,23.199335,0.6355028
5,40,10,0.0040960005,0.02951214,0.011468842,0.014619168,0.0034241304,0.05354634,-0.00139153,4.6007648,1.0218723,4.985588,-0.73868275,0.10709268,-0.00278306,0.12090975,0.026855174,0.05851607,-0.008669952,252.55255,249.24915,334.22733,-0.28318954,23.199335,0.6176005
5,41,10,0.0040960005,0.026812118,0.012976576,0.010633172,0.0032023722,0.056957386,0.0008262167,3.923739,0.32007685,4.821444,-0.47837004,0.11391477,0.0016524334,0.10311727,0.008411735,0.056589507,-0.0056146514,252.55127,249.21625,334.59833,0.15829319,23.196041,0.3940397
5,42,10,0.0040960005,0.02631546,0.012776861,0.010295641,0.0032429583,0.05651739,0.0005570392,3.8609605,0.46381047,4.8519006,-0.51555336,0.11303478,0.0011140784,0.10146744,0.012189104,0.056946978,-0.0060510733,252.52043,249.09915,334.5974,0.05174288,23.196041,0.37306875
5,43,10,0.0040960005,0.025947506,0.011449071,0.011228143,0.0032702931,0.053500164,0.00026230077,4.032019,0.5301977,4.872306,-0.48978794,0.10700033,0.00052460155,0.10596293,0.013933789,0.057186477,-0.005748662,252.46962,248.99933,333.8544,-0.040409744,23.196041,0.33491695
5,44,10,0.0040960005,0.024487805,0.01111147,0.009695241,0.003681094,0.052705478,0.0012953891,3.7466917,0.42725345,5.169275,-0.85304207,0.105410956,0.0025907783,0.098464414,0.011228372,0.06067202,-0.0100121945,252.4544,248.94543,334.03394,0.4257886,23.196041,0.31919098
5,45,10,0.0040960005,0.028226692,0.014347965,0.010311756,0.0035669713,0.059891496,0.00074335077,3.8639812,-0.589977,5.0885143,-0.039958175,0.11978299,0.0014867015,0.10154682,-0.015504816,0.059724126,-0.00046899088,252.4071,248.75478,334.01523,0.6299352,23.192738,0.38936034
5,46,10,0.0040960005,0.028247513,0.013209213,0.011313891,0.0037244095,0.05746567,0.0009955827,4.0473866,-0.43906614,5.1995997,0.065988824,0.11493134,0.0019911653,0.106366776,-0.011538815,0.06102794,0.0007745139,252.32088,248.40381,333.13538,0.37307733,23.192738,0.38020924
5,47,10,0.0040960005,0.027002234,0.01237298,0.010459601,0.0041696546,0.05561695,0.0011625772,3.8915823,-0.5043204,5.501629,-0.20889953,0.1112339,0.0023251544,0.10227219,-0.013253722,0.06457286,-0.0024518631,252.30112,248.28583,333.4293,0.7132199,23.192738,0.38486132
5,48,10,0.0040960005,0.028433733,0.013429769,0.010753187,0.004250776,0.05794344,0.0010555529,3.94582,-0.42594847,5.554888,-0.20632291,0.11588688,0.0021111057,0.103697576,-0.01119408,0.065197974,-0.0024216208,252.28864,248.23738,333.43588,0.6322714,23.192738,0.3929168
5,49,10,0.0040960005,0.031572163,0.0142519595,0.013670994,0.0036492096,0.059690785,0.00079630263,4.4490643,-0.8138504,5.1468396,0.3693521,0.11938157,0.0015926053,0.11692303,-0.021388285,0.06040869,0.004335102,252.2439,248.15536,332.4608,0.4444983,23.189476,0.55941325
5,50,10,0.0040960005,0.0310276,0.014395987,0.01332962,0.0033019928,0.05999164,0.0009022659,4.393165,-1.0228264,4.895863,0.2875008,0.11998328,0.0018045318,0.11545397,-0.02688025,0.057462968,0.0033744092,252.241,248.16092,332.7253,0.73532563,23.189476,0.5663867
5,51,10,0.0040960005,0.0322405,0.015644098,0.013328643,0.003267756,0.062538184,0.0004964808,4.3930044,-1.0383955,4.870415,0.380952,0.12507637,0.0009929616,0.11544974,-0.027289415,0.05716429,0.0044712503,252.24838,248.23486,332.74524,0.6574435,23.189476,0.5489644
5,52,10,0.0040960005,0.03400555,0.01571603,0.014601538,0.00368798,0.062681794,2.9134932e-5,4.597989,-0.9223639,5.1741076,0.379834,0.12536359,5.8269863e-5,0.120836824,-0.02424006,0.06072874,0.004458129,252.2382,248.24709,332.2717,0.5425299,23.189476,0.5313894
5,53,10,0.0040960005,0.028702894,0.013272988,0.012094883,0.003335024,0.057604227,0.0003255991,4.1847496,-0.46805072,4.9202895,0.123275295,0.115208454,0.0006511982,0.10997674,-0.012300538,0.057749666,0.0014468869,252.25426,248.18864,332.6916,0.34477544,23.186209,0.27362558
5,54,10,0.0040960005,0.03026615,0.013902605,0.012914286,0.003449261,0.058954652,-0.00078637054,4.3241806,-0.35182926,5.0038495,0.23074105,0.117909305,-0.0015727411,0.11364104,-0.0092461975,0.05873041,0.0027082192,252.26453,248.18475,332.91864,0.12108821,23.186209,0.27017015
5,55,10,0.0040960005,0.034542613,0.015770134,0.014794444,0.0039780345,0.0627896,-0.00030732516,4.6282625,-0.2310013,5.3737254,0.40585783,0.1255792,-0.0006146503,0.12163241,-0.006070793,0.06307166,0.0047635715,252.27174,248.34079,332.48978,-0.17485653,23.186209,0.295987
5,56,10,0.0040960005,0.03216341,0.014330272,0.013768463,0.004064674,0.059854556,0.0010859009,4.464897,-0.29193178,5.4319296,0.459922,0.11970911,0.0021718019,0.1173391,-0.007672067,0.0637548,0.0053981254,252.30981,248.53807,333.09378,-0.16799021,23.186209,0.29603544
5,57,10,0.0040960005,0.030182045,0.0134207,0.013193052,0.0035682926,0.057923872,0.0018099264,4.3706026,0.24462172,5.089457,0.40451258,0.115847744,0.0036198527,0.11486101,0.006428745,0.059735186,0.004747782,252.31837,248.58649,333.4087,-0.6491343,23.182894,0.45076635
5,58,10,0.0040960005,0.033256385,0.015605391,0.013949214,0.0037017784,0.06246077,0.0015754874,4.4941087,0.37882665,5.1837783,0.24335152,0.12492154,0.0031509749,0.11810679,0.009955704,0.060842242,0.0028562276,252.2814,248.46997,332.9216,-0.6221782,23.182894,0.46972144
5,59,10,0.0040960005,0.029735036,0.012267266,0.013308872,0.004158899,0.055378847,0.002095143,4.389745,0.2606175,5.494528,-0.08470878,0.11075769,0.004190286,0.11536408,0.006849121,0.06448953,-0.0009942305,252.23573,248.25577,333.16064,-0.17590871,23.182894,0.46022996
5,60,10,0.0040960005,0.032031924,0.01333899,0.013702738,0.0049901954,0.05774727,0.0017603124,4.454227,0.22752096,6.018663,-0.23083997,0.11549454,0.0035206247,0.117058694,0.0059793284,0.07064132,-0.0027093787,252.18872,248.065,332.9599,0.0033190101,23.182894,0.44315967
5,61,10,0.0040960005,0.03175892,0.015381929,0.011748959,0.004628029,0.062011953,0.0039072307,4.124472,-0.037655108,5.7961454,-0.31711394,0.12402391,0.007814461,0.10839262,-0.0009895886,0.06802962,-0.0037219801,252.1368,248.0114,332.18643,0.35476905,23.179522,0.24534772
5,62,10,0.0040960005,0.031089162,0.014332701,0.012244353,0.0045121065,0.05985963,0.0042042714,4.210529,-0.024078697,5.723094,-0.47252887,0.11971926,0.008408543,0.110654205,-0.0006327987,0.067172214,-0.0055460916,252.10495,247.86182,332.2705,0.49660757,23.179522,0.24093163
5,63,10,0.0040960005,0.032180037,0.015332949,0.0123472335,0.004499853,0.061913144,0.0032247717,4.2281804,0.10857996,5.715318,-0.22278148,0.12382629,0.0064495434,0.11111811,0.0028535211,0.067080945,-0.002614797,252.05902,247.67284,331.9974,0.114201516,23.179522,0.20419613
5,64,10,0.0040960005,0.033022437,0.016092109,0.012670397,0.004259933,0.06342734,0.0030683063,4.283155,0.10616589,5.5608673,-0.17149042,0.12685467,0.0061366125,0.11256286,0.0027900767,0.06526816,-0.002012791,252.04593,247.80049,331.13242,0.06532452,23.179522,0.17679124
5,65,10,0.0040960005,0.031213699,0.015407664,0.01212563,0.0036804064,0.062063806,0.005148402,4.190066,-0.41329563,5.1687922,-0.0140732275,0.12412761,0.010296804,0.11011644,-0.01086156,0.060666353,-0.00016517892,252.07487,247.93594,331.48975,0.42736885,23.176151,0.3295489
5,66,10,0.0040960005,0.03317671,0.017410392,0.01216742,0.0035988954,0.06597422,0.0033372068,4.1972795,-0.38644183,5.1112347,0.29962277,0.13194844,0.0066744136,0.11030603,-0.0101558305,0.059990793,0.0035166861,252.08406,247.91035,331.82977,0.08681905,23.176151,0.31785667
5,67,10,0.0040960005,0.032603484,0.01582148,0.01286573,0.0039162757,0.06289173,0.0026655775,4.316044,-0.36019793,5.3318486,0.24171354,0.12578346,0.005331155,0.1134272,-0.009466133,0.06258015,0.0028370034,252.0811,247.86667,331.3421,0.11848439,23.176151,0.29141203
5,68,10,0.0040960005,0.03186962,0.014824669,0.013239773,0.0038051798,0.0608783,0.0038689747,4.3783345,-0.45272017,5.2556787,0.13652958,0.1217566,0.0077379495,0.11506421,-0.011897651,0.06168614,0.0016024534,252.12622,247.99348,332.0831,0.3161906,23.176151,0.32904837
5,69,10,0.0040960005,0.030706236,0.015361021,0.0119322045,0.003413011,0.061969794,0.0041226726,4.156512,-0.36223695,4.9774866,1.0279675,0.12393959,0.008245345,0.10923463,-0.009519716,0.058420982,0.012065303,252.12675,248.05855,332.34634,-0.6657305,23.17283,0.28191355
5,70,10,0.0040960005,0.031116487,0.014067859,0.013286545,0.0037620838,0.059304003,0.0041953586,4.3860617,-0.2188178,5.225832,1.0526062,0.118608005,0.008390717,0.11526728,-0.0057506096,0.06133583,0.012354489,252.06134,247.94424,331.61224,-0.8337884,23.17283,0.30219302
5,71,10,0.0040960005,0.032481685,0.014574126,0.01407903,0.003828528,0.060361672,0.004972923,4.5149717,-0.26335442,5.271779,0.9144315,0.120723344,0.009945846,0.118655086,-0.0069210506,0.0618751,0.010732723,252.02928,247.7509,331.79306,-0.6510771,23.17283,0.30699167
5,72,10,0.0040960005,0.035251748,0.015849419,0.015131871,0.0042704563,0.062947236,0.0030956494,4.6807446,-0.21358818,5.567733,1.1810408,0.12589447,0.006191299,0.12301167,-0.005613175,0.06534873,0.013861926,252.03542,247.7935,331.83414,-0.9674526,23.17283,0.31948572
5,73,10,0.0040960005,0.03368598,0.015302848,0.014044864,0.0043382654,0.06185234,0.00415898,4.50949,0.21737601,5.611762,1.1469917,0.12370468,0.00831796,0.11851103,0.0057127187,0.06586551,0.013462296,252.0655,248.0539,331.65836,-1.3643677,23.16961,0.22559604
5,74,10,0.0040960005,0.030591719,0.014077237,0.012916401,0.0035980814,0.059323765,0.005553613,4.3245354,-0.016203485,5.1106567,0.9247341,0.11864753,0.011107226,0.113650344,-0.00042583604,0.05998401,0.010853647,252.11455,248.27344,332.20218,-0.90853065,23.16961,0.19652686
5,75,10,0.0040960005,0.03304196,0.015587408,0.013154836,0.0042997184,0.06242477,0.003796444,4.3642683,-0.015922546,5.5867763,1.1975754,0.12484954,0.007592888,0.114694536,-0.0004184535,0.06557224,0.014055999,252.12256,248.31775,332.20438,-1.1816529,23.16961,0.20526934
5,76,10,0.0040960005,0.034114778,0.015363136,0.014044126,0.0047075157,0.06197406,0.0039661494,4.5093718,-0.010706044,5.845708,1.0778579,0.12394812,0.007932299,0.118507914,-0.0002813568,0.06861134,0.012650864,252.12926,248.38705,331.81207,-1.0671518,23.16961,0.21137784
5,77,10,0.0040960005,0.03104697,0.013944475,0.013470249,0.003632246,0.059043363,0.0038004888,4.416279,0.267223,5.134863,0.5884887,0.118086725,0.0076009776,0.116061404,0.0070227156,0.06026812,0.00690712,252.17274,248.54062,332.5026,-0.8557117,23.16642,0.35450166
5,78,10,0.0040960005,0.032598987,0.015173713,0.013804316,0.003620961,0.061590813,0.0018898331,4.470706,0.23701458,5.1268797,1.0404603,0.123181626,0.0037796663,0.11749177,0.006228832,0.06017442,0.01221193,252.178,248.56952,332.51465,-1.2774749,23.16642,0.3767061
5,79,10,0.0040960005,0.034139823,0.014874864,0.014813399,0.0044515585,0.060981277,0.0021915676,4.6312265,0.2911163,5.684565,0.82682306,0.121962555,0.004383135,0.12171031,0.007650642,0.06672,0.00970446,252.1426,248.41414,331.83612,-1.1179394,23.16642,0.3921599
5,80,10,0.0040960005,0.03259681,0.015488341,0.013099699,0.004008768,0.062226083,0.002931129,4.355112,0.31362462,5.3944435,0.5768154,0.124452166,0.005862258,0.11445392,0.008242167,0.06331483,0.0067701074,252.15881,248.375,332.34418,-0.89044005,23.16642,0.38321555
5,81,10,0.0040960005,0.029933024,0.015626647,0.010984056,0.0033223217,0.06250329,0.001129295,3.9879525,-0.060984198,4.9109106,0.18273093,0.12500659,0.00225859,0.10480484,-0.0016026873,0.057639584,0.0021447216,252.16849,248.41924,332.44476,-0.121746734,23.16321,0.15138546
5,82,10,0.0040960005,0.030668173,0.014634864,0.012546967,0.0034863418,0.060487323,0.0007683395,4.262242,0.053990934,5.0306745,-0.079780154,0.120974645,0.001536679,0.11201324,0.0014188988,0.05904525,-0.00093638356,252.151,248.40916,331.799,0.02578922,23.16321,0.1701419
5,83,10,0.0040960005,0.028756373,0.01425253,0.0108435685,0.0036602737,0.05969198,0.0019076542,3.962368,-0.1522639,5.1546364,-0.29649007,0.11938396,0.0038153084,0.10413246,-0.0040015494,0.060500197,-0.0034799178,252.17593,248.41068,332.49557,0.44875395,23.16321,0.18590575
5,84,10,0.0040960005,0.03174308,0.016696185,0.011467704,0.0035791919,0.06460686,0.00013366311,4.074806,-0.2743082,5.0972238,0.047650173,0.12921372,0.00026732622,0.10708737,-0.00720892,0.059826348,0.0005592707,252.19583,248.51147,332.65186,0.22665803,23.16321,0.18185024
5,85,10,0.0040960005,0.030821322,0.015176415,0.012173283,0.0034716225,0.061596297,0.0010261774,4.1982903,-0.73309803,5.020043,-0.81699026,0.12319259,0.0020523549,0.1103326,-0.019266082,0.058920477,-0.009589051,252.18257,248.61894,332.02493,1.5500883,23.160004,0.34456602
5,86,10,0.0040960005,0.027061896,0.013535776,0.010098572,0.003427549,0.05817168,0.002113486,3.8238306,-0.89419746,4.9880757,-1.2191193,0.11634336,0.004226972,0.10049165,-0.023499832,0.058545273,-0.014308857,252.20502,248.59738,332.38763,2.1133168,23.160004,0.35457426
5,87,10,0.0040960005,0.029571716,0.016028315,0.00989985,0.003643549,0.06330149,-4.483955e-5,3.7860203,-0.930095,5.142846,-1.0279237,0.12660298,-8.96791e-5,0.09949799,-0.024443232,0.060361817,-0.012064787,252.23221,248.73433,332.64316,1.9580188,23.160004,0.3275794
5,88,10,0.0040960005,0.028502867,0.013563432,0.011043929,0.0038955063,0.058231074,0.0007553548,3.9988072,-0.9021711,5.317692,-0.9647751,0.11646215,0.0015107096,0.1050901,-0.023709385,0.06241399,-0.011323608,252.23302,248.77942,332.31735,1.8669462,23.160004,0.42810383
5,89,10,0.0040960005,0.028327199,0.0138450945,0.010950064,0.0035320385,0.05883259,0.0018198376,3.9817777,-0.636612,5.0635366,-1.1601605,0.11766518,0.0036396752,0.104642555,-0.016730392,0.059430957,-0.013616857,252.24292,248.84825,332.76413,1.7967725,23.156858,0.2922968
5,90,10,0.0040960005,0.029789016,0.015155592,0.011088184,0.0035452405,0.061554026,0.0010951465,4.0068116,-0.5741558,5.072991,-0.86544615,0.12310805,0.002190293,0.10530045,-0.015089023,0.059541922,-0.010157779,252.2126,248.80739,332.94937,1.4396019,23.156858,0.33675855
5,91,10,0.0040960005,0.03072704,0.015084611,0.012093459,0.0035489684,0.06140971,0.0010568188,4.1845036,-0.5076802,5.075657,-0.99814385,0.12281942,0.0021136375,0.109970264,-0.013342017,0.05957322,-0.01171526,252.12683,248.46188,332.11862,1.5058241,23.156858,0.35304382
5,92,10,0.0040960005,0.028911617,0.013435152,0.011606267,0.0038701973,0.057955053,0.0014010163,4.0993495,-0.5869606,5.3003893,-1.3295066,0.115910105,0.0028020325,0.107732385,-0.015425535,0.06221091,-0.01560448,252.11511,248.363,332.49744,1.9164672,23.156858,0.35925305
5,93,10,0.0040960005,0.03077676,0.015647069,0.011026725,0.0041029654,0.06254412,-0.00010146261,3.995692,0.3843698,5.4574547,-0.79048884,0.12508824,-0.00020292522,0.105008215,0.010101379,0.06405439,-0.009278002,252.14851,248.52077,332.80844,0.40611905,23.153765,0.24128531
5,94,10,0.0040960005,0.029991625,0.014834199,0.011321489,0.0038359363,0.060897864,0.00034855804,4.048745,0.3232165,5.2768764,-0.7261143,0.12179573,0.0006971161,0.10640249,0.008494245,0.061934937,-0.008522435,252.1725,248.68752,332.09323,0.40289778,23.153765,0.22213653
5,95,10,0.0040960005,0.032690536,0.018497648,0.009917575,0.004275313,0.06800303,0.0007126414,3.7894082,0.096344054,5.570897,-1.0004529,0.13600606,0.0014252828,0.09958702,0.0025319553,0.06538588,-0.011742359,252.25671,248.87639,332.3429,0.9041088,23.153765,0.25231797
5,96,10,0.0040960005,0.03095439,0.015845122,0.010463276,0.0046459916,0.062938705,-0.0011384352,3.8922658,-0.0026498467,5.8073826,-0.7774367,0.12587741,-0.0022768704,0.10229015,-6.963869e-5,0.06816151,-0.009124812,252.35439,249.26164,333.04324,0.7800865,23.153765,0.26355737
5,97,10,0.0040960005,0.028780796,0.013547193,0.011388143,0.0038454616,0.058196206,-0.00038689692,4.0606456,0.47342443,5.283424,-0.67068374,0.11639241,-0.00077379384,0.10671524,0.0124417655,0.062011786,-0.007871843,252.33884,249.26703,332.90167,0.1972593,23.150625,0.36668342
5,98,10,0.0040960005,0.026613055,0.012705047,0.009939804,0.003968203,0.056358334,0.0008973398,3.793653,0.34633943,5.3670807,-0.9602834,0.11271667,0.0017946796,0.099698566,0.009101925,0.062993675,-0.01127089,252.32329,249.15236,333.63385,0.61394393,23.150625,0.29990023
5,99,10,0.0040960005,0.029839264,0.015443203,0.010515245,0.003880816,0.062135343,-0.00042017768,3.9019203,0.37398148,5.307656,-0.6943275,0.124270685,-0.00084035535,0.10254387,0.009828367,0.062296197,-0.008149353,252.2815,249.00497,333.46497,0.320346,23.150625,0.29612315
5,100,10,0.0040960005,0.029291922,0.014552182,0.01118275,0.0035569908,0.060316212,3.5799814e-5,4.023861,0.35480535,5.0813904,-0.7934267,0.120632425,7.159963e-5,0.10574852,0.009324412,0.059640512,-0.009312484,252.2147,248.81598,332.46967,0.43862134,23.150625,0.2811218
6,1,10,0.0032768005,0.07164473,0.018831229,0.041059878,0.011753625,0.06861346,0.001385764,7.7104106,0.5920931,9.236918,0.09646668,0.13722692,0.002771528,0.20263237,0.01556043,0.108414136,0.0011322354,252.92647,252.26227,338.30606,-0.6885598,23.147423,1.0115263
6,2,10,0.0032768005,0.07351166,0.021502413,0.040812697,0.011196546,0.073318504,0.003291717,7.687167,0.4196614,9.015364,-0.28494957,0.14663701,0.006583434,0.20202152,0.011028853,0.105813734,-0.0033444637,253.0017,252.5,339.15756,-0.13471183,23.147423,1.0442978
6,3,10,0.0032768005,0.079364784,0.023899117,0.043875497,0.01159017,0.0772967,0.0007919373,7.9703927,0.19994748,9.172466,0.12320424,0.1545934,0.0015838746,0.20946479,0.0052546924,0.10765765,0.0014460569,253.07388,252.75694,339.87878,-0.3231517,23.147423,1.115574
6,4,10,0.0032768005,0.07758867,0.021419775,0.04441117,0.011757724,0.07317748,0.0032950412,8.0189,0.25159678,9.238529,0.0448519,0.14635496,0.0065900823,0.21073958,0.00661207,0.10843304,0.000526421,253.09663,252.97455,339.26938,-0.29644868,23.147423,1.1019979
6,5,10,0.0032768005,0.05590124,0.022949524,0.023801608,0.009150107,0.0757455,0.0026232018,5.8704557,-0.39039904,8.149939,-0.6236987,0.151491,0.0052464036,0.1542777,-0.010259833,0.095656194,-0.0073203766,253.13727,253.16,339.74323,1.0140977,23.144762,0.57995933
6,6,10,0.0032768005,0.05882994,0.022829615,0.026182326,0.0098180035,0.07554736,0.0010346355,6.157051,-0.42004162,8.442144,-0.29957828,0.15109472,0.002069271,0.16180953,-0.011038843,0.09908584,-0.003516166,253.14157,253.17093,340.20068,0.71961987,23.144762,0.6106747
6,7,10,0.0032768005,0.058142833,0.019550007,0.029043324,0.009549503,0.06991067,0.0020995173,6.484729,-0.36410737,8.325909,-0.32060233,0.13982134,0.0041990345,0.17042102,-0.009568869,0.09772156,-0.0037629267,253.08432,252.88301,339.41895,0.68470967,23.144762,0.62198377
6,8,10,0.0032768005,0.060979813,0.02138188,0.029222291,0.010375643,0.07311272,0.001502092,6.5046782,-0.38634112,8.678582,-0.55079937,0.14622544,0.003004184,0.17094529,-0.010153169,0.1018609,-0.0064647547,253.07027,252.68852,339.53943,0.93714046,23.144762,0.64764506
6,9,10,0.0032768005,0.053854004,0.023747573,0.022091636,0.008014794,0.07705124,-0.0028580776,5.6556516,-0.571808,7.627591,-0.35587347,0.15410247,-0.0057161553,0.14863256,-0.015027319,0.08952539,-0.0041769035,253.07532,252.64877,339.50916,0.92768145,23.142153,0.4971832
6,10,10,0.0032768005,0.05165974,0.02072936,0.02310905,0.007821327,0.07198847,-0.0015346858,5.784419,-0.48196185,7.5349684,-0.40707752,0.14397694,-0.0030693717,0.15201661,-0.01266613,0.088438265,-0.0047778883,253.06274,252.63405,338.7631,0.8890394,23.142153,0.4685624
6,11,10,0.0032768005,0.053409725,0.021567637,0.023536157,0.008305929,0.07342962,-0.00084494986,5.8376284,-0.5561911,7.7648897,-0.53963715,0.14685924,-0.0016898997,0.15341498,-0.014616904,0.091136865,-0.006333748,253.11865,252.81311,339.30377,1.0958283,23.142153,0.46438944
6,12,10,0.0032768005,0.056922413,0.02322359,0.025347495,0.008351326,0.07619644,-0.0026991367,6.0580964,-0.66481984,7.786082,-0.16783547,0.15239288,-0.0053982735,0.15920897,-0.017471703,0.09138559,-0.0019698925,253.16298,253.006,339.7021,0.8326553,23.142153,0.4171004
6,13,10,0.0032768005,0.056188088,0.01854912,0.029792571,0.007846397,0.06809758,-0.0016522489,6.5678415,-0.33391348,7.547035,-0.09521496,0.13619515,-0.0033044978,0.17260525,-0.0087753665,0.08857989,-0.0011175404,253.16187,253.02707,339.03528,0.42912844,23.13957,0.7425139
6,14,10,0.0032768005,0.06025379,0.022680603,0.028405977,0.009167208,0.0753004,-0.0007319098,6.413182,-0.4983176,8.157551,-0.4367934,0.1506008,-0.0014638196,0.16854073,-0.013095971,0.09574554,-0.005126664,253.20988,253.20871,339.25583,0.935111,23.13957,0.74044895
6,15,10,0.0032768005,0.062218346,0.02590522,0.027857896,0.008455234,0.080475494,-0.0016329725,6.3510103,-0.47815928,7.834369,-0.03388027,0.16095099,-0.003265945,0.16690685,-0.012566203,0.091952346,-0.0003976533,253.29372,253.51439,340.03787,0.51203954,23.13957,0.74080217
6,16,10,0.0032768005,0.056781713,0.020887382,0.027743528,0.008150805,0.07226234,-0.0024292325,6.3379602,-0.4519802,7.692039,-0.044938907,0.14452468,-0.004858465,0.16656388,-0.011878197,0.09028181,-0.00052744965,253.3033,253.6336,339.69528,0.4969191,23.13957,0.7364531
6,17,10,0.0032768005,0.05076802,0.016339824,0.02631823,0.008109969,0.06391366,-0.00010679858,6.17301,-0.31546608,7.6727457,0.076519206,0.12782732,-0.00021359716,0.16222894,-0.00829057,0.09005537,0.0008981095,253.29956,253.54526,340.1646,0.23894687,23.136894,0.741234
6,18,10,0.0032768005,0.05661477,0.021313759,0.027375307,0.007925704,0.07299616,-0.0022875848,6.29576,-0.241832,7.585079,0.70022005,0.14599232,-0.0045751696,0.16545485,-0.0063554323,0.08902642,0.008218515,253.27225,253.34636,340.3603,-0.45838803,23.136894,0.77086383
6,19,10,0.0032768005,0.05685184,0.019257639,0.028929003,0.008665201,0.069385946,-0.0013143122,6.4719543,-0.18291658,7.931047,0.574002,0.13877189,-0.0026286244,0.17008528,-0.004807117,0.09308706,0.00673709,253.21689,253.18718,339.4705,-0.39108545,23.136894,0.7614874
6,20,10,0.0032768005,0.056172404,0.019380266,0.027660651,0.009131487,0.06960651,-0.00061569613,6.3284864,-0.25423154,8.141642,0.506304,0.13921303,-0.0012313923,0.16631491,-0.0066812956,0.095558815,0.0059425156,253.23907,253.1905,339.95526,-0.25207248,23.136894,0.66070586
6,21,10,0.0032768005,0.05183433,0.02183034,0.0236322,0.0063717877,0.07387547,-0.00027279722,5.849527,0.039222255,6.8009853,1.6439662,0.14775094,-0.00054559443,0.15372768,0.001030775,0.07982348,0.019295305,253.26926,253.26901,340.11703,-1.6831884,23.134167,0.39019415
6,22,10,0.0032768005,0.047606762,0.017097553,0.023807075,0.0067021376,0.06537881,-2.7444326e-5,5.87113,0.08396779,6.975059,1.9562017,0.13075761,-5.4888653e-5,0.15429541,0.0022067006,0.081866585,0.02296003,253.23369,253.08643,339.12747,-2.0401695,23.134167,0.40761137
6,23,10,0.0032768005,0.046157606,0.017852865,0.021361228,0.0069435122,0.06680731,0.00087449525,5.5613694,0.11078066,7.0995507,1.5631008,0.13361461,0.0017489905,0.1461548,0.002911357,0.08332774,0.018346187,253.26572,253.10318,339.4637,-1.6738815,23.134167,0.40110493
6,24,10,0.0032768005,0.054643754,0.025887428,0.021715958,0.007040371,0.08044785,-0.0011815985,5.607356,0.259631,7.1488957,2.0555556,0.1608957,-0.002363197,0.14736335,0.006823198,0.08390692,0.02412615,253.29716,253.18805,339.47726,-2.3151865,23.134167,0.43956116
6,25,10,0.0032768005,0.04196633,0.01816038,0.018589381,0.0052165673,0.06738023,0.0032371276,5.188014,0.29151666,6.1536617,0.987805,0.13476045,0.006474255,0.13634288,0.007661161,0.07222581,0.01159391,253.27115,253.19255,338.49814,-1.2793217,23.131546,0.30723068
6,26,10,0.0032768005,0.04001456,0.0170742,0.018052181,0.0048881797,0.06533414,0.005368677,5.112502,0.08816779,5.9568243,0.26716402,0.13066828,0.010737354,0.1343584,0.002317082,0.06991552,0.0031357151,253.28204,253.17947,339.36584,-0.3553318,23.131546,0.34256113
6,27,10,0.0032768005,0.04543325,0.023861127,0.017108373,0.00446375,0.07723524,0.0047652386,4.9770617,0.45461014,5.6923437,0.82111245,0.15447047,0.009530477,0.13079898,0.011947316,0.0668113,0.009637433,253.26233,253.07251,339.7761,-1.2757226,23.131546,0.3033635
6,28,10,0.0032768005,0.03755546,0.016629698,0.016495558,0.0044302037,0.06447809,0.005088889,4.887111,0.34848478,5.6709137,0.8336376,0.12895618,0.010177778,0.12843503,0.009158304,0.06655978,0.00978444,253.2374,253.06844,338.99478,-1.1821223,23.131546,0.31688666
6,29,10,0.0032768005,0.042760275,0.018449226,0.020321392,0.0039896574,0.067913964,0.009767842,5.4243217,0.13744979,5.3815703,-0.076718785,0.13582793,0.019535683,0.14255312,0.0036122294,0.063163735,-0.00090045127,253.30875,253.3292,339.50623,-0.060731,23.129057,0.5817019
6,30,10,0.0032768005,0.05232778,0.024542265,0.022924626,0.004860888,0.07832985,0.007819411,5.7612906,0.19844925,5.9401712,0.5991701,0.1566597,0.015638823,0.1514088,0.0052153124,0.06972007,0.0070324843,253.4109,253.7946,340.2092,-0.79761934,23.129057,0.5978191
6,31,10,0.0032768005,0.047674593,0.017786069,0.024669228,0.005219294,0.06668221,0.009639632,5.9764934,-0.02924794,6.1552696,0.45550618,0.13336442,0.019279264,0.15706441,-0.00076864706,0.07224468,0.0053462978,253.45212,254.02002,339.90466,-0.42625824,23.129057,0.6542461
6,32,10,0.0032768005,0.049790986,0.019238073,0.02581754,0.004735373,0.06935069,0.010906535,6.1140094,-0.3554122,5.862979,0.046746187,0.13870138,0.02181307,0.16067837,-0.009340353,0.06881405,0.0005486638,253.51018,254.20695,340.3389,0.308666,23.129057,0.7024341
6,33,10,0.0032768005,0.048312396,0.022585072,0.020533266,0.0051940586,0.07514165,0.009655893,5.452525,0.18672334,6.1403713,0.29715437,0.1502833,0.019311786,0.14329433,0.0049071554,0.07206982,0.0034877146,253.57793,254.48524,340.88876,-0.48387772,23.126684,0.50596267
6,34,10,0.0032768005,0.041655928,0.01594628,0.020576583,0.0051330626,0.06313929,0.009924366,5.4582744,-0.006244929,6.1042104,0.25553167,0.12627858,0.019848732,0.1434454,-0.00016411627,0.071645394,0.0029991884,253.56194,254.5151,340.34232,-0.24928674,23.126684,0.51742333
6,35,10,0.0032768005,0.04592529,0.019390088,0.021654582,0.00488062,0.06962415,0.01158079,5.5994263,-0.19789648,5.9522166,-0.2129199,0.1392483,0.02316158,0.14715496,-0.005200793,0.069861434,-0.0024990514,253.5314,254.3203,340.54056,0.41081637,23.126684,0.5461707
6,36,10,0.0032768005,0.054143425,0.026651,0.02245352,0.005038906,0.08162567,0.00999491,5.7017856,0.32107684,6.0479655,0.17574903,0.16325134,0.01998982,0.14984499,0.008438021,0.07098525,0.0020627768,253.50969,254.16022,340.6141,-0.49682587,23.126684,0.49515685
6,37,10,0.0032768005,0.03845784,0.017836742,0.015862973,0.0047581275,0.06677713,0.006386656,4.792487,0.68951124,5.877048,-0.16955686,0.13355426,0.012773312,0.1259483,0.018120607,0.06897918,-0.0019900955,253.46184,253.94713,339.74945,-0.5199544,23.124403,0.32724655
6,38,10,0.0032768005,0.04089512,0.021148402,0.015537961,0.0042087557,0.07271245,0.008243698,4.743138,0.43684253,5.527364,-0.53994936,0.1454249,0.016487395,0.12465136,0.011480377,0.064874925,-0.00633741,253.4456,253.76329,339.65598,0.10310683,23.124403,0.330914
6,39,10,0.0032768005,0.044119872,0.021716949,0.017831879,0.004571043,0.07368336,0.005565086,5.0812106,0.916935,5.76035,0.011177236,0.14736672,0.011130172,0.13353606,0.02409738,0.06760949,0.00013118764,253.44109,253.67683,339.72363,-0.92811227,23.124403,0.3937502
6,40,10,0.0032768005,0.037044,0.016687268,0.015985906,0.0043708277,0.064589605,0.005206463,4.811021,0.75776035,5.632783,-0.059271745,0.12917921,0.010412926,0.12643538,0.01991422,0.066112235,-0.00069567544,253.42688,253.6512,338.88528,-0.6984886,23.124403,0.38970006
6,41,10,0.0032768005,0.03946417,0.018962605,0.01564916,0.0048524034,0.06885239,0.0021182434,4.760079,0.32253385,5.934985,-0.56321174,0.13770477,0.0042364867,0.1250966,0.008476304,0.069659196,-0.0066104406,253.51111,254.03735,339.68988,0.2406779,23.122128,0.41310132
6,42,10,0.0032768005,0.044056293,0.02171536,0.017808573,0.004532361,0.07368066,0.0015704194,5.077889,0.5483483,5.735925,0.17238493,0.14736132,0.0031408388,0.13344876,0.014410789,0.06732281,0.0020232901,253.61636,254.56303,340.75757,-0.7207332,23.122128,0.47229964
6,43,10,0.0032768005,0.04091567,0.01835339,0.017594593,0.0049676895,0.06773734,0.0015105831,5.0472903,0.38424516,6.0050745,0.100964405,0.13547468,0.0030211662,0.13264461,0.010098102,0.07048184,0.001185024,253.60448,254.62627,340.36273,-0.48520955,23.122128,0.44376037
6,44,10,0.0032768005,0.043060992,0.021820562,0.016117536,0.0051228963,0.073858924,0.00293155,4.830788,0.080342434,6.098163,-0.47349113,0.14771785,0.0058631,0.12695485,0.0021114277,0.07157441,-0.005557387,253.61201,254.6438,340.70013,0.3931487,23.122128,0.3340296
6,45,10,0.0032768005,0.047072522,0.020012492,0.02173142,0.0053286105,0.07073276,-0.002416751,5.6093526,0.19977781,6.2193956,-0.18875647,0.14146551,-0.004833502,0.1474158,0.0052502346,0.07299733,-0.002215444,253.59375,254.49521,340.6864,-0.011021346,23.119808,0.5715596
6,46,10,0.0032768005,0.042224467,0.016888537,0.019895311,0.0054406184,0.06497795,-0.0034839045,5.367153,0.31511992,6.284422,-0.031742018,0.1299559,-0.006967809,0.14105074,0.008281464,0.07376055,-0.00037255854,253.53648,254.27318,339.79294,-0.28337792,23.119808,0.566375
6,47,10,0.0032768005,0.039075334,0.017050173,0.01681569,0.005209472,0.065288156,-0.002405361,4.9343057,0.070760824,6.1494756,-0.459738,0.13057631,-0.004810722,0.12967533,0.0018596156,0.07217667,-0.005395966,253.56558,254.30328,340.18277,0.38897717,23.119808,0.49427608
6,48,10,0.0032768005,0.045442123,0.019930659,0.020703666,0.004807797,0.07058799,-0.0034915558,5.475103,0.28115338,5.907643,-0.047907818,0.14117599,-0.0069831116,0.14388768,0.0073888185,0.06933828,-0.00056229695,253.64856,254.66904,340.65045,-0.23324557,23.119808,0.5516926
6,49,10,0.0032768005,0.04009472,0.017690143,0.01729924,0.005105334,0.06650215,-0.0050132847,5.004748,-0.26744926,6.0877004,-0.45931542,0.1330043,-0.0100265695,0.13152657,-0.007028664,0.07145162,-0.0053910045,253.64384,254.7331,339.79892,0.7267647,23.117472,0.51210916
6,50,10,0.0032768005,0.036574274,0.01576141,0.01527938,0.0055334833,0.06277223,-0.0015301252,4.7035046,-0.5779405,6.3378286,-1.0158858,0.12554446,-0.0030602503,0.12360979,-0.015188484,0.07438739,-0.0119234985,253.66667,254.83562,340.44412,1.5938263,23.117472,0.4825713
6,51,10,0.0032768005,0.040396865,0.018761087,0.016381279,0.005254501,0.06848556,-0.002236199,4.870153,-0.07894231,6.1759953,-0.31325492,0.13697112,-0.004472398,0.12798937,-0.0020746319,0.072487935,-0.0036766867,253.67162,254.7541,340.91934,0.39219722,23.117472,0.5221877
6,52,10,0.0032768005,0.036411896,0.01740452,0.014097162,0.004910216,0.0659631,-0.004040252,4.5178785,0.00012511437,5.9702353,-0.13365905,0.1319262,-0.008080504,0.11873147,3.2896946e-6,0.070072934,-0.001568762,253.6038,254.47972,340.30182,0.13353394,23.117472,0.4738393
6,53,10,0.0032768005,0.03217392,0.015711835,0.011752491,0.0047095953,0.06267343,0.0020952134,4.125092,-0.18906792,5.846999,-0.9729472,0.12534685,0.004190427,0.108408906,-0.004968772,0.06862649,-0.0114195235,253.55666,254.20769,340.40143,1.1620151,23.115114,0.2824195
6,54,10,0.0032768005,0.0397273,0.02129756,0.014038256,0.004391484,0.072968416,0.0003993046,4.5084295,0.13376659,5.6460776,-0.3960754,0.14593683,0.0007986092,0.11848315,0.003515438,0.06626827,-0.0046487553,253.55376,254.21547,340.4624,0.2623088,23.115114,0.34275824
6,55,10,0.0032768005,0.03270221,0.014256873,0.01366433,0.0047810064,0.059701074,0.0014386851,4.4479804,-0.081873536,5.891161,-0.29535446,0.11940215,0.0028773702,0.11689453,-0.0021516662,0.06914482,-0.003466588,253.5214,254.24274,339.72885,0.377228,23.115114,0.35904437
6,56,10,0.0032768005,0.033861198,0.016127048,0.012760792,0.0049733594,0.06349616,0.0033748935,4.2984066,-0.39675337,6.0085006,-0.9220378,0.12699232,0.006749787,0.11296368,-0.010426825,0.07052205,-0.010821999,253.54343,254.26938,340.3208,1.3187912,23.115114,0.3642161
6,57,10,0.0032768005,0.035711657,0.018317478,0.0130204735,0.004373707,0.06767104,0.0080084605,4.3419223,0.24569465,5.6346383,-0.69545424,0.13534208,0.016016921,0.11410729,0.006456946,0.066134006,-0.008162578,253.56143,254.29088,340.48285,0.4497596,23.11282,0.22439694
6,58,10,0.0032768005,0.030945946,0.015006548,0.011617108,0.004322291,0.06125061,0.0062754694,4.101264,0.09267229,5.6014204,-0.6228044,0.12250122,0.012550939,0.10778269,0.0024354574,0.06574413,-0.0073098824,253.53389,254.25668,339.46274,0.5301321,23.11282,0.25666767
6,59,10,0.0032768005,0.030094147,0.0138494205,0.01177614,0.0044685868,0.05884178,0.007995323,4.12924,-0.107721254,5.6954274,-1.2365187,0.11768356,0.015990647,0.10851792,-0.0028309545,0.06684749,-0.0145130735,253.5297,254.17613,339.76593,1.34424,23.11282,0.2938799
6,60,10,0.0032768005,0.036478646,0.0194692,0.012419442,0.004590006,0.06976604,0.0070738588,4.240526,0.32223862,5.772286,-0.9780605,0.13953207,0.0141477175,0.11144255,0.008468549,0.06774958,-0.011479541,253.52768,254.11826,340.08926,0.65582186,23.11282,0.22648856
6,61,10,0.0032768005,0.031331517,0.015379532,0.011665302,0.0042866804,0.06200712,0.009210936,4.109762,0.5379596,5.578299,-0.4949554,0.12401424,0.018421872,0.10800603,0.014137771,0.065472744,-0.0058093127,253.51219,254.17436,339.6643,-0.043004185,23.110596,0.35687172
6,62,10,0.0032768005,0.03301997,0.015359841,0.013505605,0.004154525,0.061967414,0.011347959,4.422071,0.11725553,5.4916377,-1.0114224,0.12393483,0.022695918,0.11621362,0.0030815173,0.064455606,-0.011871109,253.52223,254.20236,339.88965,0.8941669,23.110596,0.39941847
6,63,10,0.0032768005,0.03807387,0.019338103,0.014511577,0.004224191,0.069530755,0.011025978,4.583803,0.43490097,5.5374904,-0.62084585,0.13906151,0.022051957,0.120464005,0.011429354,0.06499378,-0.0072868965,253.5159,254.0973,340.119,0.18594489,23.110596,0.37780917
6,64,10,0.0032768005,0.033568382,0.015050291,0.013978788,0.004539303,0.061339814,0.010424432,4.4988694,0.41494003,5.740316,-0.31485826,0.12267963,0.020848865,0.11823192,0.010904773,0.06737435,-0.0036955066,253.47328,253.94719,339.40634,-0.10008177,23.110596,0.37313363
6,65,10,0.0032768005,0.03393865,0.014645259,0.015220174,0.0040732175,0.0605088,0.008863094,4.6943827,0.17394449,5.437634,-0.23849921,0.1210176,0.017726189,0.12337007,0.004571327,0.06382176,-0.0027992746,253.49335,253.94983,339.59305,0.06455472,23.108343,0.49459687
6,66,10,0.0032768005,0.03401957,0.015537855,0.014512047,0.0039696684,0.062325466,0.0071799885,4.5838776,0.33568925,5.3680725,0.017052948,0.12465093,0.014359977,0.12046596,0.00882203,0.063005306,0.00020015029,253.52817,254.04823,339.92917,-0.3527422,23.108343,0.48595065
6,67,10,0.0032768005,0.029638289,0.012914274,0.012733529,0.003990484,0.056820493,0.0063588577,4.2938123,0.3302175,5.3821273,0.20837444,0.11364099,0.012717715,0.11284294,0.008678232,0.06317028,0.0024457017,253.50937,254.07837,339.39035,-0.538592,23.108343,0.41850856
6,68,10,0.0032768005,0.028239256,0.012809799,0.011735443,0.0036940142,0.056590192,0.008166694,4.122099,0.10254962,5.178339,-0.20997342,0.113180384,0.016333388,0.10833025,0.0026950391,0.0607784,-0.0024644672,253.53596,254.13562,339.9907,0.107423805,23.108343,0.40092054
6,69,10,0.0032768005,0.027822398,0.0150468275,0.009317298,0.003458273,0.061332755,0.00060274394,3.6729386,0.029655706,5.010382,0.5508627,0.12266551,0.0012054879,0.09652615,0.00077936205,0.058807082,0.0064655,253.54396,254.10034,340.14224,-0.5805184,23.106043,0.21419308
6,70,10,0.0032768005,0.034189604,0.019648684,0.010853532,0.003687389,0.07008688,-0.002056426,3.9641874,0.15702552,5.173693,0.74713445,0.14017376,-0.004112852,0.104180284,0.004126687,0.060723875,0.008769152,253.51442,253.98438,339.13803,-0.90415996,23.106043,0.2305643
6,71,10,0.0032768005,0.031939995,0.016364217,0.011906504,0.0036692729,0.06396135,0.0011324817,4.152033,-0.16429682,5.160969,0.14502959,0.1279227,0.0022649635,0.10911693,-0.0043177805,0.060574524,0.0017022196,253.54454,254.10007,339.8089,0.019267231,23.106043,0.2505293
6,72,10,0.0032768005,0.032068655,0.017236298,0.0110499365,0.0037824211,0.06564354,0.0021279415,3.9998944,-0.08367026,5.2399383,0.35420078,0.13128708,0.004255883,0.10511868,-0.0021988829,0.06150139,0.0041572694,253.55287,254.11414,340.27463,-0.27053052,23.106043,0.22985074
6,73,10,0.0032768005,0.027699638,0.0139606325,0.01057078,0.0031682253,0.05907756,-0.0044361833,3.9122107,-0.54843545,4.7956696,0.11975828,0.11815512,-0.0088723665,0.1028143,-0.014413082,0.05628699,0.0014056076,253.49919,253.92815,339.42715,0.42867717,23.10375,0.30296767
6,74,10,0.0032768005,0.027204426,0.014374231,0.009321448,0.003508746,0.05994629,-0.0040278346,3.6737568,-0.8968409,5.0468125,-0.35812205,0.11989258,-0.008055669,0.09654765,-0.023569303,0.059234668,-0.0042032935,253.51608,253.93796,339.59003,1.2549629,23.10375,0.33005705
6,75,10,0.0032768005,0.027984686,0.015532354,0.009232472,0.003219861,0.062314432,-0.0040515102,3.6561804,-0.71351784,4.8345914,0.13599177,0.124628864,-0.0081030205,0.09608575,-0.018751506,0.05674382,0.0015961408,253.53085,254.01878,339.8237,0.5775261,23.10375,0.3359916
6,76,10,0.0032768005,0.026055716,0.012046378,0.010941833,0.0030675046,0.054877996,-0.004985195,3.9802809,-0.4732204,4.7188244,0.29538512,0.10975599,-0.00997039,0.104603216,-0.012436406,0.055385057,0.0034669493,253.45766,253.70752,338.91016,0.17783529,23.10375,0.34452155
6,77,10,0.0032768005,0.026376631,0.013591863,0.009557883,0.0032268846,0.058292072,-0.005112058,3.7200565,-0.46271777,4.8398614,-0.64411825,0.116584145,-0.010224116,0.097764425,-0.012160391,0.056805674,-0.0075600436,253.42471,253.45839,339.30548,1.1068361,23.101454,0.36911938
6,78,10,0.0032768005,0.027178189,0.01456193,0.00942014,0.003196118,0.06033641,-0.0056402804,3.6931534,-0.26263294,4.8167334,-0.29039717,0.12067282,-0.011280561,0.0970574,-0.00690209,0.05653422,-0.0034084036,253.38324,253.21721,339.50427,0.55303013,23.101454,0.35280484
6,79,10,0.0032768005,0.026158858,0.011997022,0.011106963,0.0030548724,0.05476546,-0.0063727996,4.010203,-0.14240955,4.7090983,-0.24771026,0.10953092,-0.012745599,0.10538958,-0.0037425703,0.0552709,-0.0029073858,253.31871,252.98119,338.25696,0.3901198,23.101454,0.39600545
6,80,10,0.0032768005,0.027560823,0.013552123,0.010804971,0.0032037282,0.058206793,-0.005028502,3.9553099,-0.3582898,4.822465,-0.78322315,0.116413586,-0.010057004,0.10394696,-0.009415986,0.056601487,-0.0091927275,253.32469,252.95384,338.35748,1.141513,23.101454,0.41729632
6,81,10,0.0032768005,0.024483327,0.012805477,0.0087559335,0.0029219158,0.056580644,-0.0034984578,3.560573,0.21466674,4.605481,-0.48861533,0.11316129,-0.0069969157,0.093573146,0.0056415196,0.05405475,-0.0057349014,253.32698,252.88187,338.53195,0.2739486,23.099161,0.26813185
6,82,10,0.0032768005,0.02481938,0.011785355,0.010299702,0.002734322,0.054280188,-0.0053666537,3.8617222,0.25587133,4.4551883,-0.49345517,0.108560376,-0.010733307,0.10148745,0.006724391,0.052290745,-0.0057917074,253.32527,252.95656,337.84418,0.23758385,23.099161,0.28301522
6,83,10,0.0032768005,0.02455746,0.012280566,0.009050859,0.0032260343,0.055408858,-0.0026809447,3.6200416,-0.07090983,4.839224,-0.8924844,0.110817716,-0.0053618895,0.095136,-0.0018635314,0.05679819,-0.010475131,253.34464,253.0006,338.40182,0.9633943,23.099161,0.30700874
6,84,10,0.0032768005,0.027532725,0.013951583,0.010306875,0.003274267,0.05905841,-0.0028008602,3.8630667,0.22202602,4.875265,-0.65021324,0.11811682,-0.0056017204,0.10152278,0.005834924,0.05722121,-0.007631581,253.27962,252.61137,338.32532,0.42818722,23.099161,0.33883175
6,85,10,0.0032768005,0.025416832,0.011727449,0.010926427,0.0027629568,0.054146674,0.0003742207,3.9774778,0.8696818,4.478456,0.06447628,0.10829335,0.0007484414,0.10452955,0.022855552,0.052563835,0.00075676106,253.19728,252.26257,337.52817,-0.9341581,23.096827,0.34348696
6,86,10,0.0032768005,0.024884729,0.013994664,0.007934648,0.0029554158,0.059149522,0.0016673248,3.3894753,0.57373375,4.6318073,-0.23859969,0.118299045,0.0033346496,0.08907664,0.015077928,0.054363735,-0.002800456,253.19499,252.18994,337.87738,-0.33513406,23.096827,0.29901618
6,87,10,0.0032768005,0.023521975,0.012706037,0.0078115053,0.0030044313,0.056360528,0.0005534743,3.363071,0.5689535,4.6700587,0.053333245,0.112721056,0.0011069486,0.08838272,0.014952303,0.054812692,0.0006259746,253.1956,252.2128,337.94333,-0.62228674,23.096827,0.290935
6,88,10,0.0032768005,0.026750738,0.014989869,0.008954539,0.0028063303,0.06121656,-0.000803347,3.6007278,0.736943,4.513471,0.20815562,0.12243312,-0.001606694,0.09462842,0.019367127,0.05297481,0.0024431325,253.1299,251.94475,337.10773,-0.94509864,23.096827,0.29973295
6,89,10,0.0032768005,0.0239743,0.013009896,0.008032128,0.002932277,0.057030465,0.0042581684,3.4102325,0.49325946,4.6136403,0.48350272,0.11406093,0.008516337,0.08962214,0.012963037,0.054150503,0.0056748926,253.09312,251.73727,337.20663,-0.9767622,23.09437,0.21857549
6,90,10,0.0032768005,0.024672119,0.013923162,0.007847045,0.0029019134,0.058998223,0.0036576383,3.3707128,0.6302691,4.5896907,0.7110067,0.11799645,0.0073152767,0.088583544,0.016563702,0.05386941,0.008345117,253.06357,251.61024,337.11346,-1.3412758,23.09437,0.20295373
6,91,10,0.0032768005,0.022625228,0.0114692245,0.008627391,0.0025286132,0.053547233,0.0028233342,3.5343406,0.629025,4.2843246,0.550904,0.10709447,0.0056466684,0.09288375,0.016531004,0.050285317,0.0064659845,253.01204,251.45508,336.34366,-1.179929,23.09437,0.19394751
6,92,10,0.0032768005,0.023335803,0.012391524,0.008334437,0.0026098415,0.055658612,0.00456571,3.4738164,0.50282687,4.3525953,0.17428337,0.111317225,0.00913142,0.09129314,0.013214469,0.05108661,0.0020455725,252.98766,251.19078,336.56528,-0.67711025,23.09437,0.20388852
6,93,10,0.0032768005,0.02599692,0.013496394,0.009603271,0.002897255,0.05808699,0.003314325,3.7288785,0.31343314,4.586005,0.88002235,0.11617398,0.00662865,0.09799628,0.008237136,0.053826153,0.010328864,252.9631,251.03282,336.60464,-1.1934555,23.09178,0.29870498
6,94,10,0.0032768005,0.027926927,0.015354257,0.00987399,0.0026986802,0.06195615,0.0029878267,3.7810726,0.43615654,4.426056,0.89870304,0.1239123,0.0059756534,0.099367954,0.011462352,0.051948823,0.01054812,252.91896,250.98302,335.85196,-1.3348596,23.09178,0.3056895
6,95,10,0.0032768005,0.024933226,0.014171213,0.008029423,0.0027325898,0.05952145,0.004549641,3.409658,0.21524507,4.453777,0.52889264,0.1190429,0.009099282,0.089607045,0.0056567164,0.05227418,0.006207636,252.92839,250.9695,336.26123,-0.7441377,23.09178,0.2895286
6,96,10,0.0032768005,0.023123592,0.011407196,0.00846197,0.003254427,0.053402238,0.0032169318,3.5002933,0.3290178,4.860473,0.73719555,0.106804475,0.0064338637,0.091988966,0.008646706,0.057047587,0.008652499,252.93857,250.94402,336.4667,-1.0662134,23.09178,0.2796526
6,97,10,0.0032768005,0.023454387,0.011495425,0.008886518,0.0030724448,0.05360836,-0.0020702926,3.5870256,0.030643713,4.7226233,0.5246588,0.10721672,-0.004140585,0.09426833,0.00080532586,0.055429637,0.0061579444,252.93852,250.96378,335.8431,-0.5553025,23.089056,0.25703678
6,98,10,0.0032768005,0.023032371,0.011319888,0.0087528275,0.0029596547,0.05319748,0.00064259616,3.5599413,-0.21235895,4.6351285,0.09991856,0.10639496,0.0012851923,0.093556546,-0.0055808686,0.05440271,0.0011727491,252.96059,251.09679,336.1061,0.11244039,23.089056,0.29673854
6,99,10,0.0032768005,0.024490986,0.012928987,0.008546321,0.0030156788,0.05685285,0.0020143592,3.5176957,-0.105670676,4.6787925,0.1774296,0.1137057,0.0040287185,0.09244631,-0.0027770633,0.054915197,0.002082499,252.94356,251.07504,336.28937,-0.071758926,23.089056,0.3003683
6,100,10,0.0032768005,0.025234604,0.012767891,0.009330418,0.0031362947,0.056497548,-4.2568026e-5,3.6755233,-0.031149238,4.771442,0.1596781,0.112995096,-8.513605e-5,0.09659409,-0.0008186138,0.05600263,0.0018741504,252.90948,250.95352,335.6183,-0.12852886,23.089056,0.2976261
7,1,10,0.0026214404,0.04287413,0.016535152,0.019297473,0.007041505,0.06429454,-0.0065280306,5.285899,1.881498,7.1494718,-0.5248899,0.12858908,-0.013056061,0.13891535,0.049446445,0.08391368,-0.0061606565,252.22984,248.4719,332.6855,-1.3566082,23.086227,0.59404707
7,2,10,0.0026214404,0.040913187,0.01605266,0.017711109,0.0071494207,0.063349545,-0.0045476477,5.0639753,1.9299821,7.2040486,-0.75671464,0.12669909,-0.009095295,0.13308309,0.05072062,0.08455425,-0.008881597,252.14825,248.08997,332.74405,-1.1732674,23.086227,0.594598
7,3,10,0.0026214404,0.044103492,0.01651683,0.019964589,0.007622075,0.06425891,-0.0052006035,5.37649,2.2729757,7.4383707,-0.68814456,0.12851782,-0.010401207,0.1412961,0.059734628,0.087304495,-0.008076786,252.07501,247.69894,332.57352,-1.5848311,23.086227,0.65421385
7,4,10,0.0026214404,0.048831616,0.018437825,0.022285879,0.008107913,0.067892976,-0.0055953427,5.6804605,2.4176648,7.6717725,-0.86113346,0.13578595,-0.011190685,0.14928456,0.063537106,0.09004395,-0.010107159,252.01521,247.51117,331.90936,-1.5565313,23.086227,0.6806128
7,5,10,0.0026214404,0.037355702,0.015335189,0.015455902,0.006564613,0.061917666,-0.0056923004,4.7305956,1.6808959,6.9031253,-1.707697,0.12383533,-0.011384601,0.124321766,0.044174545,0.0810223,-0.020043321,251.99503,247.43158,332.34564,0.02680111,23.08375,0.45866314
7,6,10,0.0026214404,0.039553933,0.016169032,0.016374154,0.007010747,0.063578755,-0.0054429015,4.8690934,1.8597697,7.1338396,-1.4570427,0.12715751,-0.010885803,0.12796153,0.048875418,0.083730206,-0.017101375,251.94302,247.24825,332.35788,-0.402727,23.08375,0.49079838
7,7,10,0.0026214404,0.042198513,0.017090516,0.017890323,0.007217671,0.06536535,-0.0071263025,5.0895314,1.7776941,7.2383523,-1.4620272,0.1307307,-0.014252605,0.13375472,0.046718445,0.08495688,-0.017159881,251.8926,247.13849,331.51318,-0.3156669,23.08375,0.4973885
7,8,10,0.0026214404,0.042355523,0.018213697,0.016606182,0.0075356425,0.06747907,-0.0063274833,4.90347,1.594421,7.396076,-1.8176262,0.13495813,-0.012654967,0.12886497,0.04190196,0.08680808,-0.021333562,251.904,247.14642,331.706,0.22320521,23.08375,0.49187538
7,9,10,0.0026214404,0.03624883,0.016590413,0.012682857,0.0069755586,0.06440189,-0.0049442477,4.28526,0.7994585,7.115914,-1.877905,0.12880377,-0.009888495,0.11261819,0.021010052,0.08351981,-0.02204106,251.89148,247.16515,331.70193,1.0784465,23.08118,0.3762037
7,10,10,0.0026214404,0.040245965,0.01836262,0.014402379,0.0074809645,0.06775437,-0.005382923,4.566524,0.83348006,7.369194,-1.794511,0.13550875,-0.010765846,0.120009914,0.021904154,0.08649257,-0.021062257,251.828,247.04362,330.80023,0.9610309,23.08118,0.4099984
7,11,10,0.0026214404,0.0385313,0.018129833,0.013347415,0.0070540486,0.067323536,-0.0055251094,4.3960967,0.83704644,7.155836,-1.942934,0.13464707,-0.011050219,0.11553101,0.02199788,0.08398838,-0.022804307,251.78226,246.78468,330.86664,1.1058877,23.08118,0.43310332
7,12,10,0.0026214404,0.04166309,0.019899406,0.015303317,0.0064603696,0.07053263,-0.005947271,4.707187,1.0335404,6.8480973,-1.7159002,0.14106525,-0.011894542,0.12370658,0.027161814,0.080376424,-0.020139601,251.75339,246.63625,330.79697,0.6823598,23.08118,0.42772105
7,13,10,0.0026214404,0.03927236,0.019796774,0.01386931,0.0056062774,0.070350505,-0.0052075856,4.4812183,0.2637862,6.37938,-0.7691566,0.14070101,-0.010415171,0.117768034,0.00693239,0.07487508,-0.009027625,251.73924,246.61316,330.29785,0.5053704,23.078615,0.33024848
7,14,10,0.0026214404,0.035818532,0.017972786,0.011862374,0.0059833704,0.06703131,-0.0057070456,4.1443315,0.15462598,6.590437,-0.99344957,0.13406262,-0.011414091,0.108914524,0.0040636268,0.07735225,-0.011660163,251.78767,246.71887,330.91672,0.83882356,23.078615,0.315088
7,15,10,0.0026214404,0.03815205,0.018411212,0.01333006,0.006410777,0.06784396,-0.0057857917,4.3932376,0.24061823,6.8217616,-0.85945547,0.13568792,-0.011571583,0.11545588,0.006323531,0.08006733,-0.010087469,251.81436,246.81787,331.26846,0.61883724,23.078615,0.29562968
7,16,10,0.0026214404,0.03777842,0.017013695,0.013845578,0.0069191447,0.06521828,-0.0048584263,4.477382,0.29254,7.087081,-0.6532844,0.13043655,-0.009716853,0.117667235,0.0076880553,0.083181396,-0.0076676295,251.79483,246.7979,330.65674,0.36074436,23.078615,0.29278398
7,17,10,0.0026214404,0.034745343,0.016749771,0.011680657,0.0063149137,0.06471045,0.0004845267,4.112466,-0.4449156,6.770565,0.1329061,0.1294209,0.0009690534,0.10807709,-0.011692541,0.07946643,0.0015599248,251.81093,246.80086,330.8662,0.3120095,23.076101,0.33708492
7,18,10,0.0026214404,0.035817903,0.016227745,0.012681147,0.0069090105,0.06369408,0.00024237778,4.2849717,-0.2549615,7.081889,0.053039785,0.12738816,0.00048475555,0.1126106,-0.0067004785,0.08312046,0.0006225302,251.77318,246.61028,331.0044,0.2019217,23.076101,0.30323943
7,19,10,0.0026214404,0.035148885,0.016651226,0.0121815065,0.00631615,0.064519815,0.00020796926,4.199709,-0.26555526,6.7712274,0.66614586,0.12903963,0.00041593853,0.11036986,-0.0069788876,0.07947421,0.007818584,251.68596,246.33197,330.26904,-0.4005906,23.076101,0.31174055
7,20,10,0.0026214404,0.032584317,0.015466924,0.01131018,0.005807212,0.062183045,0.00040157244,4.046723,-0.2749435,6.492696,0.42206135,0.12436609,0.0008031449,0.10634933,-0.0072256164,0.07620507,0.0049537527,251.62462,245.9497,330.2647,-0.14711785,23.076101,0.31870165
7,21,10,0.0026214404,0.03206936,0.014003994,0.012463018,0.0056023453,0.059169237,0.0050314474,4.247959,-0.5477608,6.3771434,1.6432418,0.11833847,0.010062895,0.11163789,-0.014395352,0.074848816,0.019286804,251.5778,245.81215,330.1054,-1.0954809,23.073658,0.30243412
7,22,10,0.0026214404,0.0369796,0.017577862,0.013601817,0.005799922,0.066290766,0.0052222493,4.437794,-0.6625187,6.48862,1.8981813,0.13258153,0.010444499,0.11662683,-0.01741123,0.07615722,0.02227904,251.55559,245.85446,329.5694,-1.2356627,23.073658,0.31301188
7,23,10,0.0026214404,0.03366638,0.016003607,0.012442731,0.005220039,0.06325268,0.0061823623,4.2445,-0.7418005,6.1557093,1.6174943,0.12650536,0.012364725,0.11154699,-0.019494785,0.07224984,0.018984605,251.56802,245.84132,329.85663,-0.87569386,23.073658,0.28805932
7,24,10,0.0026214404,0.034374066,0.015532688,0.01322101,0.005620368,0.062315103,0.004670998,4.3752313,-0.49592352,6.387392,1.502233,0.124630205,0.009341996,0.11498265,-0.01303305,0.07496911,0.017631778,251.605,245.96051,330.1054,-1.0063095,23.073658,0.24524614
7,25,10,0.0026214404,0.039115276,0.017249338,0.016366428,0.005499507,0.06566837,0.009503422,4.8679447,-1.0190789,6.3183417,2.22965,0.13133673,0.019006845,0.12793134,-0.026781756,0.07415866,0.026169505,251.65327,246.3164,329.73962,-1.2105712,23.071259,0.3611646
7,26,10,0.0026214404,0.036123946,0.015641764,0.015165816,0.005316365,0.06253352,0.010796119,4.6859922,-1.2948556,6.2122455,2.096408,0.12506704,0.021592239,0.12314957,-0.034029268,0.07291341,0.024605636,251.72226,246.67378,330.43552,-0.8015523,23.071259,0.3695803
7,27,10,0.0026214404,0.03731345,0.016162379,0.015958393,0.0051926775,0.06356567,0.009842205,4.8068795,-1.3102343,6.1395545,2.2777781,0.12713134,0.01968441,0.12632653,-0.03443343,0.072060235,0.026734386,251.72487,246.72328,330.44424,-0.96754384,23.071259,0.36654827
7,28,10,0.0026214404,0.040538378,0.019231835,0.016029857,0.005276688,0.06933945,0.009135826,4.817631,-1.2555417,6.1890206,2.454756,0.1386789,0.018271651,0.12660907,-0.03299609,0.072640814,0.02881158,251.71019,246.66069,329.9588,-1.1992143,23.071259,0.36775723
7,29,10,0.0026214404,0.035898935,0.016598608,0.013963139,0.0053371885,0.064417794,0.013415249,4.4963512,-1.231311,6.2243996,1.8985575,0.12883559,0.026830498,0.118165724,-0.032359295,0.073056065,0.022283455,251.75006,246.71935,330.63925,-0.6672466,23.06889,0.3260527
7,30,10,0.0026214404,0.036165368,0.015588154,0.01480748,0.005769732,0.062426265,0.0123809,4.6303015,-1.1081322,6.4717097,1.7812046,0.12485253,0.0247618,0.12168599,-0.029122112,0.07595875,0.02090608,251.75316,246.73042,330.58453,-0.67307234,23.06889,0.30031088
7,31,10,0.0026214404,0.039694812,0.01835267,0.0151233105,0.0062188325,0.067736015,0.011777931,4.6794205,-1.1219956,6.7188606,1.972475,0.13547203,0.023555862,0.12297687,-0.02948645,0.078859575,0.023151029,251.73384,246.69922,329.77448,-0.8504795,23.06889,0.31803197
7,32,10,0.0026214404,0.040045045,0.019284446,0.014502169,0.0062584328,0.069434226,0.012807464,4.582317,-1.2577076,6.7402196,1.7846,0.13886845,0.025614928,0.12042495,-0.033053007,0.07911026,0.020945929,251.79443,246.92964,330.21988,-0.5268924,23.06889,0.31778306
7,33,10,0.0026214404,0.03681342,0.016296677,0.014890249,0.0056264936,0.06382922,0.013135603,4.6432242,-1.3022641,6.390872,1.2665468,0.12765844,0.026271205,0.12202561,-0.034223974,0.07500996,0.014865519,251.82413,247.16512,330.5434,0.03571725,23.066519,0.28326902
7,34,10,0.0026214404,0.038052347,0.01735621,0.014835367,0.0058607715,0.065871485,0.01363072,4.63466,-1.2502768,6.5225677,1.3428446,0.13174297,0.02726144,0.12180052,-0.03285773,0.07655568,0.015761027,251.77325,247.06427,329.92447,-0.0925678,23.066519,0.27385738
7,35,10,0.0026214404,0.034530316,0.015289339,0.013314734,0.005926243,0.061825033,0.014306343,4.3907113,-1.3333123,6.5588994,1.1511211,0.12365007,0.028612686,0.11538949,-0.035039924,0.076982096,0.013510762,251.73856,246.73914,330.24673,0.18219113,23.066519,0.28394753
7,36,10,0.0026214404,0.03565123,0.01578878,0.014233907,0.0056285392,0.06282671,0.012526945,4.5397377,-1.2153437,6.392033,1.25997,0.12565342,0.02505389,0.11930594,-0.03193967,0.07502359,0.014788324,251.72783,246.57988,330.2131,-0.044626236,23.066519,0.27533585
7,37,10,0.0026214404,0.03691431,0.01763916,0.014288734,0.0049864184,0.06640625,0.010196787,4.548472,-1.0648007,6.016384,0.5979985,0.1328125,0.020393575,0.11953549,-0.027983347,0.07061458,0.0070187347,251.73927,246.75615,329.65588,0.46680224,23.064186,0.26175502
7,38,10,0.0026214404,0.033688337,0.015038327,0.013643983,0.0050060283,0.06131543,0.01181115,4.4446673,-1.2451086,6.0282025,0.43657643,0.12263086,0.0236223,0.11680746,-0.0327219,0.07075329,0.0051241163,251.78685,246.91653,330.34515,0.8085322,23.064186,0.27321112
7,39,10,0.0026214404,0.033483863,0.015622618,0.013027495,0.004833749,0.062495235,0.0096250065,4.343093,-1.1412171,5.923566,0.66842055,0.12499047,0.019250013,0.11413805,-0.029991597,0.06952517,0.007845283,251.79816,246.91534,330.53406,0.47279656,23.064186,0.25429234
7,40,10,0.0026214404,0.034495167,0.014766141,0.014778571,0.004950457,0.060758006,0.009587481,4.6257787,-1.228383,5.994651,0.6516307,0.12151601,0.019174961,0.121567145,-0.032282345,0.07035948,0.007648221,251.75534,246.76427,330.01254,0.57675225,23.064186,0.27840063
7,41,10,0.0026214404,0.030039877,0.015424669,0.010064873,0.004550334,0.062098045,0.0071029435,3.8174453,-0.60048103,5.747287,0.015374463,0.12419609,0.014205887,0.10032384,-0.015780859,0.06745616,0.00018045276,251.72643,246.55356,330.5152,0.58510655,23.061893,0.20664057
7,42,10,0.0026214404,0.027742563,0.01325581,0.010130719,0.0043560322,0.05756694,0.0059576156,3.8299122,-0.34667298,5.623242,0.3266078,0.11513388,0.011915231,0.10065147,-0.009110692,0.066000246,0.0038334122,251.69147,246.36127,330.66513,0.020065188,23.061893,0.21573478
7,43,10,0.0026214404,0.02895884,0.01293183,0.0116124805,0.004414531,0.056859102,0.00727143,4.1004467,-0.30063328,5.660875,0.2640297,0.113718204,0.01454286,0.10776122,-0.007900756,0.06644194,0.0030989295,251.6514,246.26056,330.24854,0.03660357,23.061893,0.2448924
7,44,10,0.0026214404,0.027948463,0.012891986,0.010466889,0.00458959,0.056771442,0.0073175365,3.8929377,-0.4683021,5.7720246,0.03285171,0.113542885,0.014635073,0.10230781,-0.012307149,0.06774651,0.00038558364,251.65625,246.29999,330.743,0.43545038,23.061893,0.25998122
7,45,10,0.0026214404,0.02836566,0.014046637,0.009726044,0.0045929793,0.059259254,0.0028350565,3.752639,0.118735075,5.774155,0.056785777,0.11851851,0.005670113,0.098620705,0.0031203984,0.067771524,0.00066650094,251.66165,246.36542,330.8136,-0.17552085,23.059677,0.23870353
7,46,10,0.0026214404,0.030126292,0.014391246,0.010455374,0.0052796723,0.05998176,0.004099067,3.8907962,0.060269903,6.190771,-0.19092706,0.11996352,0.008198134,0.10225152,0.0015839158,0.072661355,-0.002240919,251.63765,246.39172,330.16666,0.13065715,23.059677,0.25594074
7,47,10,0.0026214404,0.029141849,0.012852017,0.010989773,0.0053000576,0.05668337,0.00565154,3.988991,-0.036123257,6.2027106,-0.16374357,0.11336674,0.01130308,0.10483212,-0.0009493358,0.07280149,-0.0019218645,251.64615,246.40356,330.4536,0.19986683,23.059677,0.29865882
7,48,10,0.0026214404,0.031120598,0.014678734,0.011065988,0.005375876,0.060577914,0.0048211436,4.002799,-0.0985057,6.246919,-0.012596631,0.12115583,0.009642287,0.105195,-0.0025887634,0.07332037,-0.00014784721,251.68016,246.61028,330.7033,0.11110233,23.059677,0.30803165
7,49,10,0.0026214404,0.029570425,0.01405154,0.010175587,0.0053432975,0.059269596,0.00482399,3.8383837,0.4015285,6.2279615,-0.6937801,0.11853919,0.00964798,0.10087411,0.010552315,0.07309786,-0.00814293,251.67274,246.74718,330.09747,0.29225162,23.057577,0.2454363
7,50,10,0.0026214404,0.028858554,0.014365628,0.00966722,0.0048257047,0.05992835,0.006766302,3.7412736,0.24798481,5.9186354,-0.913933,0.1198567,0.013532604,0.09832202,0.0065171295,0.06946729,-0.010726871,251.6895,246.83427,330.6364,0.66594815,23.057577,0.286256
7,51,10,0.0026214404,0.030337684,0.01522023,0.010392959,0.0047244956,0.06168515,0.0059644254,3.8791652,0.39296293,5.8562403,-0.7514554,0.1233703,0.011928851,0.10194586,0.010327209,0.068734966,-0.008819869,251.69,246.80797,330.97876,0.3584925,23.057577,0.3278311
7,52,10,0.0026214404,0.029750504,0.014449115,0.010812273,0.004489116,0.060102236,0.00512364,3.956646,0.3299541,5.708495,-0.758434,0.12020447,0.01024728,0.10398208,0.00867131,0.067000866,-0.008901774,251.65926,246.64331,330.30316,0.4284799,23.057577,0.34174392
7,53,10,0.0026214404,0.028617045,0.013875977,0.010233729,0.004507338,0.05889817,0.0047130296,3.8493345,0.73092616,5.720069,-1.310177,0.11779634,0.009426059,0.1011619,0.019209005,0.06713671,-0.0153776035,251.70813,246.82616,331.0248,0.5792508,23.055573,0.22459172
7,54,10,0.0026214404,0.029624017,0.014877093,0.010248213,0.004498711,0.060985845,0.003501153,3.8520577,0.6475871,5.7145925,-0.9767991,0.12197169,0.007002306,0.10123346,0.017018823,0.06707243,-0.0114647355,251.76056,247.15504,331.4135,0.32921195,23.055573,0.23628463
7,55,10,0.0026214404,0.030349106,0.01505942,0.010990058,0.0042996276,0.061358415,0.005102045,3.9890425,0.5196108,5.5867167,-1.0255549,0.12271683,0.01020409,0.104833476,0.013655559,0.06557155,-0.012036981,251.73984,247.22992,331.03116,0.5059441,23.055573,0.26904544
7,56,10,0.0026214404,0.027175827,0.012872381,0.010065273,0.004238172,0.05672826,0.0058095865,3.8175216,0.43113223,5.5466466,-1.3066454,0.11345652,0.011619173,0.10032584,0.011330311,0.06510124,-0.015336157,251.72304,247.07225,331.52005,0.8755132,23.055573,0.28964046
7,57,10,0.0026214404,0.030092392,0.014606024,0.011110873,0.0043754946,0.06042769,0.0005587569,4.0109086,1.0594512,5.6357903,-0.95671713,0.12085538,0.0011175137,0.105408125,0.027842762,0.06614752,-0.011229027,251.73682,247.167,331.6352,-0.10273409,23.053648,0.32277024
7,58,10,0.0026214404,0.03199892,0.015229071,0.01269937,0.004070481,0.06170306,0.001802953,4.288049,0.87602293,5.4358077,-1.1513808,0.12340612,0.003605906,0.112691484,0.023022199,0.06380032,-0.013513809,251.7412,247.27124,330.95453,0.27535784,23.053648,0.3077083
7,59,10,0.0026214404,0.028217513,0.013694649,0.010641423,0.0038814424,0.05851207,0.0020081091,3.9252608,0.74817663,5.3080835,-1.4202924,0.11702414,0.0040162182,0.103157274,0.01966235,0.062301222,-0.016670039,251.77777,247.28838,331.5988,0.67211574,23.053648,0.31951013
7,60,10,0.0026214404,0.030033475,0.015251233,0.010562593,0.00421965,0.061747942,-0.00030764515,3.910695,0.78628176,5.534513,-1.1583883,0.123495884,-0.0006152903,0.10277448,0.02066377,0.06495883,-0.013596052,251.84047,247.46954,332.0453,0.3721065,23.053648,0.33579472
7,61,10,0.0026214404,0.029435204,0.014566039,0.010529761,0.004339405,0.060344923,-0.0035326565,3.9046123,0.8762808,5.612499,-1.0553012,0.12068985,-0.007065313,0.10261463,0.023028973,0.06587416,-0.01238612,251.83989,247.48102,331.5233,0.1790204,23.051712,0.37851736
7,62,10,0.0026214404,0.028133553,0.013618946,0.010217037,0.0042975694,0.05835012,-0.0019206374,3.8461936,0.6383553,5.5853786,-1.2778945,0.11670024,-0.003841275,0.10107936,0.016776208,0.06555585,-0.014998703,251.86324,247.49327,332.1946,0.6395392,23.051712,0.37870598
7,63,10,0.0026214404,0.0285015,0.014007902,0.010170783,0.004322815,0.05917749,-0.0028228418,3.8374777,0.7136414,5.601761,-0.8660904,0.11835498,-0.0056456835,0.1008503,0.018754754,0.06574812,-0.010165343,251.87015,247.48834,332.6025,0.15244901,23.051712,0.39697865
7,64,10,0.0026214404,0.028755952,0.0136154685,0.010941409,0.004199075,0.05834267,-0.0029528532,3.9802036,0.6481376,5.5210037,-0.98480576,0.11668534,-0.0059057064,0.10460119,0.017033292,0.06480027,-0.011558712,251.83733,247.42108,331.94327,0.33666813,23.051712,0.38256568
7,65,10,0.0026214404,0.0260735,0.012841816,0.009292346,0.003939338,0.05666087,-0.005419559,3.6680171,0.107734546,5.3475246,-1.272817,0.11332174,-0.010839118,0.09639682,0.0028313028,0.062764145,-0.0149391135,251.81554,247.25768,332.27252,1.1650825,23.04969,0.18625495
7,66,10,0.0026214404,0.026222708,0.013403736,0.008865239,0.0039537326,0.057887252,-0.006881843,3.5827286,0.08260658,5.357287,-0.8720866,0.115774505,-0.013763686,0.0941554,0.0021709308,0.06287871,-0.010235721,251.81017,247.27588,332.3054,0.78948003,23.04969,0.18112952
7,67,10,0.0026214404,0.026441228,0.013244264,0.009163444,0.0040335204,0.057541862,-0.0057787388,3.642487,0.05556116,5.4110723,-1.070499,0.115083724,-0.0115574775,0.09572588,0.0014601672,0.06351,-0.012564495,251.77867,247.16144,331.4001,1.0149378,23.04969,0.17279558
7,68,10,0.0026214404,0.02716128,0.013260106,0.009551166,0.004350009,0.057576265,-0.005808576,3.718749,-0.04747797,5.619352,-1.5284587,0.11515253,-0.011617152,0.09773006,-0.0012477381,0.065954596,-0.01793959,251.81514,247.2086,332.03458,1.5759367,23.04969,0.18371049
7,69,10,0.0026214404,0.027161248,0.014088639,0.009179846,0.0038927626,0.059347786,-0.008626137,3.6457458,-0.45912692,5.315819,-1.0165222,0.11869557,-0.017252274,0.095811516,-0.0120660225,0.062392008,-0.011930967,251.8954,247.5524,332.55655,1.4756491,23.04761,0.3034657
7,70,10,0.0026214404,0.028138032,0.013694708,0.010618341,0.0038249833,0.058512196,-0.0066101095,3.9210014,-0.4231483,5.2693377,-1.1838975,0.11702439,-0.013220219,0.10304534,-0.011120489,0.06184645,-0.013895457,251.93344,247.88533,332.14694,1.6070458,23.04761,0.33451936
7,71,10,0.0026214404,0.027801393,0.013995675,0.010239246,0.0035664716,0.05915166,-0.006189741,3.8503716,-0.73867106,5.088158,-1.4469054,0.11830332,-0.012379482,0.10118916,-0.01941254,0.059719943,-0.016982393,251.99213,248.15329,333.04678,2.1855764,23.04761,0.35802168
7,72,10,0.0026214404,0.0308421,0.016946588,0.010060478,0.0038350343,0.06508953,-0.008299226,3.8166118,-0.6776373,5.2762556,-1.2019361,0.13017906,-0.016598452,0.100301936,-0.017808555,0.061927654,-0.014107181,252.00214,248.10791,333.47092,1.8795733,23.04761,0.35515028
7,73,10,0.0026214404,0.028323995,0.013831412,0.010971617,0.0035209663,0.058803514,-0.008718529,3.9856944,-0.5487591,5.055593,-1.0657865,0.11760703,-0.017437058,0.104745485,-0.014421586,0.05933773,-0.012509185,252.0157,248.21155,332.76276,1.6145456,23.0455,0.32042828
7,74,10,0.0026214404,0.026659446,0.01252631,0.0105110295,0.0036221056,0.0559605,-0.007948862,3.9011378,-0.8047569,5.12769,-1.3478602,0.111921,-0.015897725,0.10252331,-0.021149304,0.06018393,-0.015819896,252.12863,248.63307,333.48883,2.152617,23.0455,0.30176926
7,75,10,0.0026214404,0.030933289,0.016436124,0.010700867,0.0037962983,0.064101726,-0.008389842,3.9362092,-0.88401407,5.2495413,-1.1489791,0.12820345,-0.016779684,0.10344499,-0.023232212,0.061614107,-0.01348562,252.2199,249.02902,334.0711,2.032993,23.0455,0.31734043
7,76,10,0.0026214404,0.028527394,0.014205185,0.010670928,0.003651281,0.059592754,-0.0076953466,3.9306989,-0.9581681,5.1483,-1.2524909,0.11918551,-0.015390693,0.103300184,-0.025181005,0.06042583,-0.014700545,252.25801,249.23384,333.65128,2.210659,23.0455,0.3261544
7,77,10,0.0026214404,0.028357688,0.015270779,0.009743165,0.0033437451,0.061787497,-0.005858058,3.7559404,-0.6892981,4.926719,-0.86464715,0.123574995,-0.011716116,0.098707475,-0.018115,0.057825126,-0.010148403,252.30554,249.32639,334.19144,1.5539453,23.04334,0.21656315
7,78,10,0.0026214404,0.029237077,0.01583726,0.010051306,0.0033485105,0.06292309,-0.0071862983,3.8148718,-0.5726353,4.9302287,-0.53704995,0.12584618,-0.0143725965,0.100256205,-0.015049064,0.057866316,-0.006303379,252.32887,249.32751,334.6105,1.1096852,23.04334,0.20577534
7,79,10,0.0026214404,0.027515605,0.012993015,0.011049094,0.0034734956,0.056993455,-0.006294849,3.9997423,-0.3673182,5.0213976,-0.4510173,0.11398691,-0.012589698,0.10511467,-0.009653256,0.05893637,-0.0052936114,252.30283,249.28673,334.04404,0.81833553,23.04334,0.22293414
7,80,10,0.0026214404,0.02604813,0.012638931,0.009849951,0.0035592488,0.0562115,-0.0038076476,3.7764668,-0.4612345,5.083004,-0.63171333,0.112423,-0.0076152952,0.09924692,-0.012121413,0.05965944,-0.007414448,252.29407,249.25789,334.52194,1.0929478,23.04334,0.22217606
7,81,10,0.0026214404,0.02893538,0.015639015,0.009830158,0.0034662066,0.06252802,-0.0026785803,3.772671,-0.0620091,5.016126,0.38525403,0.12505604,-0.0053571607,0.099147156,-0.0016296235,0.0588745,0.0045217434,252.25706,249.01544,334.80453,-0.32324493,23.041113,0.33083335
7,82,10,0.0026214404,0.028215732,0.013343125,0.01107625,0.003796357,0.057756223,-0.0026038445,4.0046544,0.14271492,5.2495823,0.33752018,0.115512446,-0.005207689,0.105243765,0.0037506,0.061614584,0.0039614895,252.19034,248.73676,333.8823,-0.4802351,23.041113,0.33833393
7,83,10,0.0026214404,0.026295207,0.01203559,0.010419631,0.0038399857,0.054853417,-0.0026487154,3.88414,0.0736062,5.2796607,0.21436779,0.109706834,-0.005297431,0.1020766,0.0019343972,0.06196762,0.0025160438,252.20403,248.68446,334.24652,-0.287974,23.041113,0.3548047
7,84,10,0.0026214404,0.029139133,0.013547378,0.011393752,0.004198004,0.0581966,-0.0037988145,4.061646,-0.13380583,5.5202994,0.5431324,0.1163932,-0.007597629,0.10674152,-0.0035164694,0.06479201,0.0063747684,252.26508,248.9746,334.6231,-0.4093266,23.041113,0.3544404
7,85,10,0.0026214404,0.02719222,0.012929568,0.010150765,0.004111887,0.05685413,0.0016334852,3.8336992,0.094904274,5.4633846,0.9345138,0.11370826,0.0032669704,0.100751005,0.002494116,0.064123996,0.01096843,252.30737,249.22191,334.2223,-1.0294181,23.038797,0.2615483
7,86,10,0.0026214404,0.026203979,0.012514217,0.009820862,0.0038689005,0.05593348,0.0006835029,3.7708867,-0.16803727,5.299501,0.6748407,0.11186696,0.0013670058,0.09910026,-0.0044160816,0.062200487,0.007920638,252.38712,249.45049,335.2497,-0.5068034,23.038797,0.29937035
7,87,10,0.0026214404,0.027690291,0.012768516,0.010754753,0.0041670217,0.05649893,-0.0012744969,3.946107,-0.18085387,5.499891,1.1007181,0.11299786,-0.0025489938,0.10370512,-0.004752901,0.06455247,0.0129191745,252.45569,249.65182,335.728,-0.9198643,23.038797,0.3320056
7,88,10,0.0026214404,0.02854171,0.013094701,0.010923277,0.004523731,0.05721604,0.00020784109,3.9769042,-0.05263851,5.7304616,0.947119,0.11443208,0.00041568218,0.10451448,-0.00138336,0.067258686,0.01111638,252.4656,249.7965,335.13565,-0.89448047,23.038797,0.3085083
7,89,10,0.0026214404,0.028528713,0.0140363695,0.010288996,0.004203348,0.059237592,0.005385483,3.859714,-0.35550267,5.5238113,0.74666524,0.118475184,0.010770966,0.101434685,-0.0093427375,0.06483323,0.008763646,252.49658,249.87668,335.8054,-0.39116257,23.03641,0.2580821
7,90,10,0.0026214404,0.027844692,0.013573558,0.010100927,0.004170208,0.058252808,0.0046611805,3.824277,-0.4255241,5.5019937,0.95838404,0.116505615,0.009322361,0.10050337,-0.0111829275,0.06457715,0.011248597,252.5204,249.9241,336.23227,-0.5328599,23.03641,0.27005208
7,91,10,0.0026214404,0.027358681,0.012981668,0.009934695,0.0044423183,0.056968562,0.004909128,3.7926776,-0.34487942,5.678662,0.98123074,0.113937125,0.009818256,0.09967294,-0.009063556,0.06665072,0.011516752,252.51414,249.98994,335.36176,-0.63635135,23.03641,0.27089846
7,92,10,0.0026214404,0.030287385,0.015361879,0.0105180815,0.0044074254,0.061971523,0.0060021444,3.902446,-0.49720144,5.6563163,0.71806306,0.123943046,0.012004289,0.1025577,-0.013066632,0.06638844,0.00842794,252.56787,250.26346,335.85208,-0.22086161,23.03641,0.31041518
7,93,10,0.0026214404,0.028586874,0.0145673845,0.010298555,0.0037209329,0.06034771,0.0066587273,3.8615067,-0.6054598,5.197172,0.76735824,0.12069542,0.013317455,0.101481795,-0.015911708,0.06099945,0.009006518,252.60545,250.46815,336.3537,-0.16189843,23.03399,0.37363327
7,94,10,0.0026214404,0.028132945,0.0132658575,0.010876032,0.0039910562,0.057588752,0.008211472,3.9682944,-0.33013913,5.382514,0.4437285,0.115177505,0.016422944,0.10428821,-0.008676173,0.06317481,0.00520806,252.54405,250.25252,335.77518,-0.113589376,23.03399,0.3746126
7,95,10,0.0026214404,0.027067365,0.013418133,0.009817757,0.0038314746,0.057918333,0.00813952,3.7702906,-0.31866115,5.2738066,0.14994808,0.115836665,0.01627904,0.09908459,-0.00837453,0.061898906,0.0017599463,252.50352,249.93486,336.0378,0.16871308,23.03399,0.38763875
7,96,10,0.0026214404,0.030218583,0.01542057,0.010661073,0.0041369395,0.062089793,0.0041877385,3.9288833,-0.23814443,5.480003,0.5660885,0.12417959,0.008375477,0.10325247,-0.006258525,0.064319044,0.0066442066,252.50533,249.8651,336.26196,-0.32794407,23.03399,0.3475937
7,97,10,0.0026214404,0.025757344,0.012801097,0.009170516,0.003785731,0.056570966,0.0047563454,3.6438925,0.21811004,5.242231,0.5238733,0.11314193,0.009512691,0.09576281,0.005732012,0.061528295,0.006148727,252.51746,249.99052,335.5814,-0.74198335,23.03158,0.20080663
7,98,10,0.0026214404,0.024562974,0.012091103,0.008624,0.003847872,0.054979775,0.0057901447,3.5336459,-0.047754925,5.285079,0.18426853,0.10995955,0.011580289,0.09286549,-0.0012550198,0.062031217,0.0021627662,252.60791,250.3142,336.45847,-0.1365136,23.03158,0.22432524
7,99,10,0.0026214404,0.029332645,0.01597874,0.009586251,0.0037676534,0.06320352,0.0044630975,3.7255735,-0.14615276,5.229698,0.47046283,0.12640704,0.008926195,0.097909406,-0.0038409473,0.061381213,0.0055218427,252.66312,250.532,337.0193,-0.32431006,23.03158,0.21695834
7,100,10,0.0026214404,0.026796727,0.012041179,0.010577597,0.0041779503,0.054866154,0.0049989326,3.9134717,-0.07965377,5.507099,0.5716976,0.10973231,0.009997865,0.10284744,-0.0020933307,0.064637065,0.006710041,252.6527,250.52417,336.29736,-0.49204382,23.03158,0.20190431
8,1,10,0.0020971524,0.034399457,0.014203083,0.014805273,0.005391101,0.059588343,0.0045972737,4.6299562,2.3034227,6.2557583,1.1072038,0.119176686,0.009194547,0.12167692,0.06053479,0.073424116,0.012995301,252.1986,248.23557,332.22766,-3.4106264,23.029139,0.7582134
8,2,10,0.0020971524,0.037486494,0.016407086,0.015168471,0.0059109353,0.06404507,0.0046757436,4.6864023,2.1905746,6.5504217,0.81323874,0.12809014,0.009351487,0.12316035,0.05756909,0.07688261,0.00954502,252.20049,248.16771,332.46365,-3.0038133,23.029139,0.7640162
8,3,10,0.0020971524,0.03720138,0.014078702,0.017537018,0.005585658,0.059326854,0.0027156435,5.0390253,2.290709,6.367638,1.23294,0.11865371,0.005431287,0.13242741,0.06020067,0.07473726,0.014471069,252.17546,248.08801,332.39774,-3.523649,23.029139,0.7808129
8,4,10,0.0020971524,0.038825613,0.013569203,0.019155717,0.006100692,0.05824346,0.0026982795,5.2664485,2.4387167,6.6547346,1.3551663,0.11648692,0.005396559,0.13840418,0.06409036,0.078106925,0.015905648,252.1368,247.9998,331.99353,-3.7938828,23.029139,0.79793924
8,5,10,0.0020971524,0.034526456,0.014644404,0.014308528,0.005573523,0.060507033,0.0035387808,4.551622,1.7128955,6.3607173,0.5468523,0.121014066,0.0070775617,0.11961826,0.04501551,0.07465603,0.0064184316,252.14397,248.01447,332.52612,-2.2597477,23.027035,0.5254992
8,6,10,0.0020971524,0.032882463,0.013312288,0.014717726,0.004852449,0.057689443,0.0031846997,4.616247,1.6501234,5.9350133,0.89639103,0.11537889,0.0063693994,0.121316634,0.043365836,0.06965952,0.010520984,252.18016,248.21281,332.75076,-2.5465145,23.027035,0.5253902
8,7,10,0.0020971524,0.0345244,0.015413223,0.014305503,0.0048056724,0.062075,0.00352487,4.551141,1.4963204,5.9063387,0.84865063,0.12415,0.00704974,0.119605616,0.039323837,0.06932296,0.0099606505,252.21283,248.491,332.52832,-2.344971,23.027035,0.52672327
8,8,10,0.0020971524,0.031655736,0.014559955,0.012282822,0.004812959,0.06033232,0.0045566936,4.2171373,1.270871,5.910814,0.36339068,0.12066464,0.009113387,0.11082789,0.03339894,0.06937549,0.004265134,252.24503,248.60114,333.18167,-1.6342617,23.027035,0.5010186
8,9,10,0.0020971524,0.028245438,0.013125981,0.011150838,0.003968619,0.057284337,0.004506856,4.0181155,0.2972154,5.3673625,0.058377583,0.11456867,0.009013712,0.105597526,0.0078109284,0.062996976,0.0006851806,252.19159,248.377,333.28662,-0.355593,23.024843,0.3509608
8,10,10,0.0020971524,0.028343547,0.011632833,0.01239859,0.004312125,0.053927805,0.0046574306,4.2369647,0.35328385,5.5948296,0.38683003,0.10785561,0.009314861,0.11134896,0.009284426,0.06566677,0.004540242,252.07356,247.93715,332.3365,-0.74011385,23.024843,0.3937394
8,11,10,0.0020971524,0.02894328,0.011943231,0.012509422,0.0044906265,0.054642547,0.004535244,4.25586,0.41225,5.7094555,0.1656002,0.109285094,0.009070488,0.11184553,0.010834078,0.06701214,0.0019436567,251.98982,247.49124,332.29395,-0.5778502,23.024843,0.41551173
8,12,10,0.0020971524,0.029899422,0.012698958,0.012947472,0.004252993,0.056344826,0.003353413,4.3297334,0.5170232,5.5563364,0.39561132,0.11268965,0.006706826,0.11378696,0.013587557,0.06521498,0.0046433085,251.94624,247.35579,332.11862,-0.9126345,23.024843,0.41239864
8,13,10,0.0020971524,0.030342408,0.011887973,0.014567945,0.0038864883,0.05451599,0.0051574577,4.592697,-0.250624,5.3115335,-0.021373883,0.10903198,0.010314915,0.120697744,-0.0065864865,0.062341705,-0.0002508666,251.94173,247.51878,331.55307,0.27199787,23.022667,0.6167766
8,14,10,0.0020971524,0.032239504,0.013230341,0.015298365,0.0037107994,0.05751161,0.0064051803,4.706425,-0.3223301,5.1900907,-0.42276767,0.11502322,0.012810361,0.12368656,-0.008470943,0.06091633,-0.004962042,251.96729,247.6208,332.0547,0.74509776,23.022667,0.664086
8,15,10,0.0020971524,0.03311576,0.01316793,0.016532565,0.0034152654,0.0573758,0.005498313,4.8925896,-0.1682515,4.97913,-0.28742453,0.1147516,0.010996626,0.12857902,-0.0044217063,0.05844027,-0.0033735149,251.9709,247.57213,332.36633,0.45567602,23.022667,0.6671459
8,16,10,0.0020971524,0.03457381,0.014857334,0.016191144,0.0035253316,0.060945332,0.005081592,4.841807,-0.2751098,5.058727,-0.38166964,0.121890664,0.010163184,0.12724443,-0.007229988,0.059374504,-0.0044796746,251.93726,247.49623,331.63367,0.6567794,23.022667,0.68521017
8,17,10,0.0020971524,0.02834665,0.012461671,0.012449986,0.003434994,0.055815928,0.006805223,4.245737,-0.433811,4.9934897,-0.5093331,0.111631855,0.013610446,0.11157951,-0.011400709,0.058608823,-0.005978065,251.89919,247.32616,331.72964,0.9431441,23.020557,0.5719663
8,18,10,0.0020971524,0.02949284,0.012065079,0.013862254,0.003565507,0.054920577,0.0050934074,4.4800777,-0.22467734,5.0874696,-0.13612443,0.10984115,0.010186815,0.117738076,-0.005904601,0.059711866,-0.0015976989,251.86617,247.1462,331.72586,0.36080176,23.020557,0.5607861
8,19,10,0.0020971524,0.03036494,0.011817429,0.014741363,0.0038061482,0.054354,0.0044269753,4.619952,-0.19023818,5.2563477,-0.12905712,0.108708,0.008853951,0.12141401,-0.0049995244,0.06169399,-0.00151475,251.86198,247.13129,331.22916,0.3192953,23.020557,0.5718227
8,20,10,0.0020971524,0.03269941,0.014208911,0.01453245,0.00395805,0.05960057,0.005021096,4.5870986,-0.3290658,5.360211,-0.4411775,0.11920114,0.010042192,0.12055061,-0.00864796,0.06291304,-0.0051781214,251.87875,247.2391,331.49628,0.7702433,23.020557,0.608402
8,21,10,0.0020971524,0.02810989,0.014746789,0.009462854,0.0039002462,0.06071818,0.003359426,3.7015173,0.04695054,5.320926,0.08661478,0.12143636,0.006718852,0.0972772,0.0012338782,0.06245195,0.0010166015,251.83723,247.19176,331.30753,-0.13356532,23.018507,0.23668586
8,22,10,0.0020971524,0.027695138,0.014266811,0.009384684,0.0040436434,0.05972188,0.0031485094,3.6861968,0.043589428,5.417858,0.060416326,0.11944376,0.006297019,0.09687458,0.0011455459,0.06358965,0.000709108,251.75923,246.89816,330.26913,-0.104005754,23.018507,0.24609856
8,23,10,0.0020971524,0.027514275,0.014345388,0.0089638755,0.004205011,0.059886117,0.0033127037,3.6026044,0.20162147,5.5249043,-0.30103752,0.11977223,0.0066254074,0.09467775,0.0052986867,0.06484605,-0.0035332912,251.79306,246.92155,330.8312,0.09941605,23.018507,0.24796972
8,24,10,0.0020971524,0.028740922,0.014881182,0.009351484,0.0045082555,0.060994226,0.00013402225,3.6796703,0.30593553,5.720651,0.16095772,0.12198845,0.0002680445,0.09670307,0.008040096,0.067143545,0.0018891677,251.81975,246.99751,330.87418,-0.46689326,23.018507,0.24479151
8,25,10,0.0020971524,0.031165909,0.015747646,0.010739915,0.0046783485,0.06274481,-0.0015138777,3.9433842,0.50367403,5.82757,0.45658064,0.12548962,-0.0030277553,0.10363356,0.013236737,0.06839845,0.0053589083,251.82637,247.14575,330.33273,-0.96025467,23.016478,0.4932272
8,26,10,0.0020971524,0.03182649,0.016162764,0.010966827,0.0046969,0.06356643,-0.0009481481,3.984824,0.5195124,5.8391128,0.32006925,0.12713286,-0.0018962962,0.10472262,0.013652975,0.068533935,0.003756667,251.87299,247.21802,330.81183,-0.83958167,23.016478,0.4918485
8,27,10,0.0020971524,0.030109629,0.015107705,0.010285578,0.004716346,0.061456703,-0.00239434,3.8590734,0.58878464,5.851188,0.6404847,0.122913405,-0.00478868,0.10141784,0.015473472,0.06867566,0.007517396,251.93797,247.41183,331.33768,-1.2292693,23.016478,0.47577783
8,28,10,0.0020971524,0.029215923,0.014903113,0.009734333,0.0045784772,0.061039153,-0.00094602176,3.754238,0.4130175,5.765032,0.62750554,0.12207831,-0.0018920435,0.09866272,0.01085425,0.067664444,0.007365061,251.97389,247.70146,331.5067,-1.040523,23.016478,0.4451775
8,29,10,0.0020971524,0.028401524,0.013521745,0.0106717795,0.004207998,0.05814152,0.0009374269,3.9308555,0.17931536,5.526866,0.21047002,0.11628304,0.0018748539,0.103304304,0.004712473,0.06486908,0.002470297,252.00328,247.9423,332.2911,-0.38978538,23.014414,0.5364349
8,30,10,0.0020971524,0.02784101,0.013284381,0.010080923,0.004475705,0.057628945,0.00033179286,3.8204875,0.43298462,5.699961,0.12109013,0.11525789,0.0006635857,0.1004038,0.011378988,0.06690071,0.0014212384,251.97585,247.81561,332.44595,-0.55407476,23.014414,0.48244464
8,31,10,0.0020971524,0.02756577,0.013103037,0.009648383,0.0048143496,0.05723425,-0.00046963914,3.7376268,0.48317063,5.911668,0.18276562,0.1144685,-0.0009392783,0.09822618,0.012697898,0.06938551,0.0021451302,251.91588,247.57591,331.62927,-0.66593623,23.014414,0.45020172
8,32,10,0.0020971524,0.028003832,0.013912371,0.009225073,0.004866388,0.058975358,-0.00019827981,3.6547158,0.32353142,5.943532,0.105333194,0.117950715,-0.00039655963,0.096047245,0.008502525,0.0697595,0.0012363003,251.96184,247.7696,332.04678,-0.4288646,23.014414,0.40877664
8,33,10,0.0020971524,0.026692603,0.013851798,0.008835809,0.004004996,0.05884683,-0.0013642203,3.5767767,-0.043904275,5.3919053,-0.014767079,0.11769366,-0.0027284406,0.09399898,-0.0011538243,0.06328504,-0.00017332188,252.03181,248.12042,332.46674,0.058671355,23.01232,0.31874052
8,34,10,0.0020971524,0.02826931,0.014384661,0.009363424,0.0045212256,0.059968036,-0.001369133,3.6820188,-0.22132176,5.7288747,-0.010792395,0.11993607,-0.002738266,0.09676479,-0.0058164163,0.06724006,-0.00012667131,252.08115,248.44736,332.1067,0.23211415,23.01232,0.32597765
8,35,10,0.0020971524,0.028713724,0.015249455,0.008721622,0.004742647,0.061744343,-0.00064532383,3.5535898,-0.38217193,5.86748,-0.32890436,0.12348869,-0.0012906477,0.09338962,-0.010043615,0.06886688,-0.0038603665,252.14708,248.57416,332.88345,0.71107626,23.01232,0.34604472
8,36,10,0.0020971524,0.028807273,0.01472122,0.009227835,0.004858218,0.060665518,-0.0024375287,3.6552627,-0.28791282,5.93854,-0.003137415,0.121331036,-0.0048750574,0.09606162,-0.0075664506,0.06970092,-3.6824833e-5,252.14938,248.51024,333.1953,0.29105023,23.01232,0.37001613
8,37,10,0.0020971524,0.027464489,0.014201579,0.008797951,0.0044649597,0.059585188,-0.0019924056,3.5691063,-0.70648175,5.6931148,0.09429604,0.119170375,-0.0039848113,0.09379739,-0.018566594,0.06682035,0.0011067571,252.12135,248.4035,332.50876,0.6121857,23.010244,0.27431214
8,38,10,0.0020971524,0.025374265,0.012390657,0.008570348,0.00441326,0.055656664,-0.0024900727,3.5226371,-0.90878713,5.6600585,-0.38126543,0.11131333,-0.0049801455,0.092576176,-0.023883253,0.06643237,-0.00447493,252.14967,248.42984,333.15222,1.2900525,23.010244,0.31045663
8,39,10,0.0020971524,0.025981685,0.01375998,0.0083768,0.0038449045,0.05865147,-0.001315321,3.4826336,-0.9271545,5.283041,-0.24519865,0.11730294,-0.002630642,0.09152486,-0.024365954,0.062007293,-0.0028779074,252.15523,248.58008,333.43207,1.1723531,23.010244,0.31164584
8,40,10,0.0020971524,0.024059605,0.011142727,0.008618766,0.0042981105,0.05277956,-0.00040573845,3.5325737,-0.9081308,5.5857306,-0.2497685,0.10555912,-0.0008114769,0.09283731,-0.023866007,0.065559976,-0.0029315455,252.08504,248.36348,332.76486,1.1578994,23.010244,0.3206877
8,41,10,0.0020971524,0.024455665,0.011768872,0.008932859,0.0037539348,0.054242216,0.0022450616,3.5963662,-1.1725851,5.2201686,-0.6099254,0.10848443,0.004490123,0.0945138,-0.030815957,0.06126936,-0.007158722,252.03908,248.0483,333.17084,1.7825105,23.008217,0.4426681
8,42,10,0.0020971524,0.026879983,0.013760014,0.009085781,0.004034187,0.058651544,0.00030181714,3.6270185,-1.1118554,5.4115195,-0.5354181,0.11730309,0.0006036343,0.09531936,-0.029219959,0.06351525,-0.006284226,252.01361,247.98006,333.20273,1.6472735,23.008217,0.44496745
8,43,10,0.0020971524,0.025257755,0.011329466,0.009771307,0.0041569835,0.05321998,0.00071826455,3.761361,-1.1901991,5.4932623,-0.58178335,0.10643996,0.0014365291,0.09884992,-0.03127886,0.06447467,-0.0068284166,251.99176,247.97783,332.5105,1.7719824,23.008217,0.49649134
8,44,10,0.0020971524,0.027532205,0.013484526,0.010023663,0.0040240157,0.058061447,0.0015453835,3.8096216,-1.2639475,5.4046926,-0.89220196,0.116122894,0.003090767,0.10011824,-0.033216998,0.06343513,-0.010471813,252.00706,248.06224,332.88232,2.1561494,23.008217,0.54074997
8,45,10,0.0020971524,0.02472568,0.0130409,0.008363966,0.0033208132,0.05709838,0.0030594324,3.4799647,-0.6976784,4.9097958,-0.32542813,0.11419676,0.0061188648,0.09145472,-0.018335242,0.057626497,-0.0038195644,252.0051,248.07855,332.94736,1.0231066,23.006273,0.3610039
8,46,10,0.0020971524,0.02432166,0.012354047,0.008688887,0.0032787258,0.05557438,0.0019628864,3.5469146,-0.5760906,4.878584,0.09446262,0.11114876,0.003925773,0.0932142,-0.015139865,0.05726016,0.001108712,251.97905,248.04028,332.11313,0.48162794,23.006273,0.3533153
8,47,10,0.0020971524,0.023588927,0.011479596,0.008911571,0.0031977613,0.053571437,0.0025649187,3.5920782,-0.6761532,4.8179717,-0.18362099,0.10714287,0.0051298374,0.09440112,-0.017769549,0.056548752,-0.0021551666,252.03831,248.22813,332.869,0.8597742,23.006273,0.36398572
8,48,10,0.0020971524,0.027476136,0.014913395,0.009161929,0.003400812,0.061060205,0.001315088,3.642186,-0.6170966,4.968582,0.012628074,0.12212041,0.002630176,0.09571797,-0.016217522,0.05831648,0.00014821689,252.10965,248.52644,333.5385,0.6044685,23.006273,0.3523611
8,49,10,0.0020971524,0.025818674,0.013655366,0.0086925505,0.0034707582,0.05842809,0.003336358,3.5476625,0.03332193,5.0194182,0.51202345,0.11685618,0.006672716,0.093233846,0.00087571173,0.05891314,0.0060096425,252.14272,248.68427,333.08643,-0.54534537,23.004389,0.2431921
8,50,10,0.0020971524,0.025460131,0.013159645,0.008313607,0.0039868793,0.057357747,0.0035394246,3.4694726,-0.09068352,5.379696,0.41933772,0.114715494,0.0070788492,0.09117898,-0.0023831949,0.06314174,0.004921786,252.19241,248.73457,333.75696,-0.3286542,23.004389,0.23449871
8,51,10,0.0020971524,0.024102455,0.012890453,0.0076048886,0.0036071124,0.056768067,0.002538986,3.318296,0.037902772,5.1170664,0.44542742,0.113536134,0.005077972,0.08720601,0.0009960978,0.060059242,0.005228002,252.19551,248.64244,333.82965,-0.4833302,23.004389,0.24363895
8,52,10,0.0020971524,0.022966461,0.012106046,0.0074761617,0.0033842523,0.05501374,0.0027405743,3.2900918,0.005878516,4.956471,0.53304243,0.11002748,0.0054811486,0.0864648,0.00015448802,0.058174327,0.0062563415,252.15012,248.533,332.86258,-0.53892094,23.004389,0.21415383
8,53,10,0.0020971524,0.023168987,0.011880111,0.007974924,0.0033139526,0.05449796,0.005527014,3.398067,0.3985501,4.9047217,0.37569642,0.10899592,0.011054028,0.08930243,0.01047404,0.05756694,0.0044095665,252.1809,248.70003,333.35995,-0.7742465,23.002487,0.35494918
8,54,10,0.0020971524,0.025610546,0.014010419,0.008350168,0.0032499586,0.059182808,0.0047944942,3.4770932,0.44456583,4.8571343,0.44053957,0.118365616,0.0095889885,0.091379255,0.011683349,0.057008408,0.005170633,252.21318,248.81104,333.64368,-0.8851054,23.002487,0.35213494
8,55,10,0.0020971524,0.023671268,0.012545682,0.008301507,0.0028240797,0.056003753,0.004549889,3.4669466,0.3519987,4.527721,0.60007703,0.112007506,0.009099778,0.091112606,0.009250653,0.05314207,0.007043132,252.21913,248.88672,332.98636,-0.9520757,23.002487,0.34625876
8,56,10,0.0020971524,0.024047341,0.0131751895,0.007981797,0.0028903564,0.057391614,0.0062414473,3.399531,0.20412332,4.580542,0.28584123,0.11478323,0.012482895,0.0893409,0.005364434,0.053762034,0.0033549306,252.27438,249.0953,333.85315,-0.48996454,23.002487,0.35117567
8,57,10,0.0020971524,0.023233814,0.012852392,0.007241541,0.0031398812,0.056684196,0.0047268555,3.2380548,0.4234622,4.7741694,0.5787934,0.11336839,0.009453711,0.085097246,0.011128739,0.056034643,0.0067933244,252.36533,249.50667,334.50858,-1.0022557,23.00056,0.27736992
8,58,10,0.0020971524,0.023126157,0.012708783,0.007425375,0.0029919986,0.05636662,0.0032777768,3.2788975,0.33999616,4.660386,0.6606251,0.11273324,0.0065555535,0.086170614,0.0089352215,0.054699164,0.0077537876,252.39323,249.67409,334.06107,-1.0006213,23.00056,0.28225094
8,59,10,0.0020971524,0.023852643,0.01245811,0.0078063477,0.003588185,0.05580795,0.0030604042,3.3619606,0.3160926,5.1036234,0.51047814,0.1116159,0.0061208084,0.08835354,0.008307028,0.05990146,0.005991506,252.44942,249.68375,334.92447,-0.82657075,23.00056,0.30285028
8,60,10,0.0020971524,0.0261985,0.015867447,0.0069114617,0.0034195918,0.06298303,0.0026110942,3.1633968,0.32610464,4.9822826,0.60247624,0.12596606,0.0052221883,0.0831352,0.008570148,0.058477275,0.00707129,252.52577,249.94774,335.39642,-0.9285809,23.00056,0.31519654
8,61,10,0.0020971524,0.020801323,0.011479212,0.0059475447,0.0033745656,0.053570542,0.0019974243,2.934523,0.19174707,4.9493723,0.39740896,0.107141085,0.0039948486,0.07712033,0.0050391816,0.05809101,0.004664407,252.53725,250.08028,334.67062,-0.58915603,22.998621,0.13340832
8,62,10,0.0020971524,0.021916794,0.012334923,0.00633266,0.0032492115,0.05553135,0.0034198547,3.0280414,0.078616925,4.856576,0.28654397,0.1110627,0.0068397094,0.07957801,0.0020660812,0.057001855,0.0033631795,252.58064,250.26811,335.46466,-0.36516088,22.998621,0.16631068
8,63,10,0.0020971524,0.023364307,0.012839175,0.006811164,0.0037139684,0.056655042,0.0031789301,3.1403592,0.15996984,5.1923065,0.39943665,0.113310084,0.0063578603,0.082529776,0.004204064,0.060942337,0.0046882057,252.58136,250.2564,335.60638,-0.5594065,22.998621,0.16950294
8,64,10,0.0020971524,0.021899182,0.011412322,0.0073494315,0.003137429,0.053414233,0.003845266,3.2620869,0.23078452,4.7723045,0.31512296,0.106828466,0.007690532,0.085728824,0.006065099,0.056012757,0.0036986123,252.55035,250.25438,334.83215,-0.5459075,22.998621,0.15890263
8,65,10,0.0020971524,0.022800509,0.012080251,0.0074556177,0.003264639,0.0549551,0.003953803,3.285568,-0.047256835,4.868092,-0.1370076,0.1099102,0.007907606,0.08634592,-0.0012419287,0.05713702,-0.0016080644,252.60216,250.47398,335.57956,0.18426442,22.996672,0.3185802
8,66,10,0.0020971524,0.02465374,0.0142575735,0.0074161403,0.0029800276,0.05970254,0.0019639174,3.2768579,-0.1008238,4.6510534,-0.027349645,0.11940508,0.003927835,0.086117014,-0.0026496872,0.05458963,-0.0003210038,252.65976,250.70833,336.13092,0.12817344,22.996672,0.29005378
8,67,10,0.0020971524,0.02394337,0.01269666,0.008031351,0.0032153593,0.05633973,0.0012066433,3.4100676,-0.060054816,4.83121,-0.026036466,0.11267946,0.0024132866,0.0896178,-0.0015782594,0.056704137,-0.0003055891,252.67389,250.73686,335.66644,0.08609128,22.996672,0.27399576
8,68,10,0.0020971524,0.02519116,0.014458174,0.007442641,0.0032903461,0.060121074,0.0005515099,3.2827077,-0.14620042,4.8872213,-0.019384366,0.12024215,0.0011030198,0.08627074,-0.003842201,0.05736154,-0.00022751394,252.76274,250.96452,336.47464,0.16558479,22.996672,0.27225453
8,69,10,0.0020971524,0.025191003,0.014593795,0.0072933193,0.0033038897,0.06040239,-0.0017546174,3.2496102,-0.1540223,4.8972692,-0.038985167,0.12080478,-0.0035092349,0.08540093,-0.004047763,0.05747947,-0.00045757042,252.83505,251.15874,337.0031,0.19300747,22.994726,0.26723593
8,70,10,0.0020971524,0.021556443,0.011051952,0.007186212,0.003318278,0.052564133,-0.0027813194,3.2256608,-0.30243278,4.9079213,-0.11543393,0.105128266,-0.005562639,0.08477153,-0.00794804,0.057604495,-0.0013548533,252.8519,251.36858,336.59998,0.4178667,22.994726,0.3004584
8,71,10,0.0020971524,0.020850299,0.01088073,0.006746678,0.00322289,0.052155368,-0.000613155,3.1254578,-0.43206778,4.8368645,-0.2286607,0.104310736,-0.00122631,0.082138166,-0.011354897,0.056770504,-0.002683802,252.87784,251.49416,337.28256,0.66072845,22.994726,0.3392414
8,72,10,0.0020971524,0.02342822,0.012978463,0.007121647,0.00332811,0.05696153,-0.0007281722,3.2111375,-0.39115512,4.915187,-0.10140047,0.11392306,-0.0014563444,0.08438985,-0.010279699,0.057689775,-0.0011901434,252.89587,251.51012,337.60828,0.4925556,22.994726,0.3805071
8,73,10,0.0020971524,0.018924642,0.010287564,0.0058264052,0.0028106724,0.050713815,-0.002150762,2.904484,-0.1918539,4.5169606,-0.64298475,0.10142763,-0.004301524,0.07633089,-0.0050419914,0.053015776,-0.0075467415,252.87343,251.55086,337.19073,0.8348386,22.992796,0.23203027
8,74,10,0.0020971524,0.01876106,0.010330845,0.0056750295,0.0027551856,0.05082038,-0.0011506097,2.8665051,-0.2797751,4.472153,-0.8490295,0.10164076,-0.0023012194,0.07533279,-0.007352591,0.05248986,-0.009965096,252.87091,251.51709,337.52454,1.1288046,22.992796,0.26150894
8,75,10,0.0020971524,0.020439107,0.011315048,0.006176396,0.002947664,0.053186107,-0.001487897,2.9904478,-0.30788925,4.625729,-0.6850663,0.106372215,-0.002975794,0.07859005,-0.008091441,0.054292392,-0.008040654,252.86542,251.4641,337.72095,0.99295557,22.992796,0.29397365
8,76,10,0.0020971524,0.020484747,0.0108319875,0.006694674,0.0029580847,0.052038416,-0.0010595995,3.113389,-0.281198,4.6338983,-0.64215064,0.10407683,-0.002119199,0.08182099,-0.00738999,0.054388277,-0.007536952,252.80084,251.27632,337.00867,0.92334867,22.992796,0.29290363
8,77,10,0.0020971524,0.019017473,0.010699028,0.0054213833,0.0028970614,0.051718052,-0.0006958491,2.8017135,0.14627926,4.585852,-1.0054169,0.103436105,-0.0013916983,0.07363004,0.0038442702,0.053824358,-0.0118006235,252.78654,251.159,337.3415,0.8591376,22.990871,0.1817852
8,78,10,0.0020971524,0.02331969,0.014577618,0.0058168205,0.0029252502,0.060368903,-0.0018078941,2.9020944,0.22752915,4.608109,-0.8148628,0.120737806,-0.0036157882,0.076268084,0.005979548,0.054085582,-0.009564082,252.78233,251.1324,337.5868,0.5873336,22.990871,0.17285952
8,79,10,0.0020971524,0.020328393,0.010780948,0.006438907,0.0031085392,0.05191567,-0.0018441677,3.053337,0.2461819,4.750282,-0.83307666,0.10383134,-0.0036883354,0.0802428,0.0064697484,0.055754274,-0.009777858,252.7467,251.06985,336.89093,0.58689475,22.990871,0.15573359
8,80,10,0.0020971524,0.01914547,0.009679489,0.0064268406,0.0030391412,0.049192198,-0.00093119696,3.0504746,0.14110126,4.696958,-1.0100921,0.098384395,-0.0018623939,0.08016758,0.0037081921,0.055128407,-0.011855498,252.77505,251.10196,337.4736,0.8689909,22.990871,0.1876418
8,81,10,0.0020971524,0.02146523,0.012172737,0.0064842124,0.0028082794,0.055165064,-0.0017668251,3.0640604,0.27771664,4.5150375,-0.6697774,0.11033013,-0.0035336502,0.08052461,0.0072984938,0.0529932,-0.007861209,252.81818,251.28009,337.96252,0.39206076,22.988934,0.2707623
8,82,10,0.0020971524,0.018673373,0.00975886,0.0060168607,0.0028976514,0.04939347,-0.0024625994,2.9515736,0.19971643,4.586319,-0.7086195,0.09878694,-0.004925199,0.07756843,0.00524862,0.053829838,-0.008317098,252.82632,251.45638,337.436,0.508903,22.988934,0.26067936
8,83,10,0.0020971524,0.020823542,0.011560754,0.006162262,0.0031005265,0.053760473,-0.001573693,2.987024,0.058982674,4.744156,-1.0108056,0.107520945,-0.003147386,0.07850008,0.001550085,0.055682372,-0.011863872,252.9049,251.79282,338.33246,0.95182294,22.988934,0.26079062
8,84,10,0.0020971524,0.023639064,0.013360756,0.006937243,0.0033410643,0.05779437,-0.0021201961,3.1692913,0.09716125,4.924744,-0.8202754,0.11558874,-0.0042403922,0.083290115,0.0025534318,0.05780194,-0.00962761,252.92926,251.83241,338.72916,0.7231142,22.988934,0.2696197
8,85,10,0.0020971524,0.021359194,0.011202827,0.0069647664,0.0031916017,0.052921705,-0.0038566478,3.1755717,0.2113301,4.813329,-0.6150811,0.10584341,-0.0077132955,0.083455175,0.005553833,0.056494262,-0.0072192363,252.89284,251.7085,337.87033,0.40375096,22.986965,0.26855296
8,86,10,0.0020971524,0.020204242,0.010457289,0.0066812886,0.0030656639,0.051130444,-0.0015280638,3.1102748,0.09443649,4.7174087,-0.7503179,0.10226089,-0.0030561276,0.08173915,0.0024818254,0.05536844,-0.008806514,252.93742,251.88394,338.25885,0.6558814,22.986965,0.26249477
8,87,10,0.0020971524,0.02404151,0.013645824,0.007386871,0.003008814,0.05840767,-0.00304871,3.2703853,0.043675106,4.6734643,-0.43566754,0.11681534,-0.00609742,0.08594691,0.0011477983,0.054852657,-0.00511345,252.99286,252.07329,338.7614,0.39199245,22.986965,0.273377
8,88,10,0.0020971524,0.023671653,0.012148162,0.008250959,0.0032725325,0.055109352,-0.0041467324,3.4563754,-0.002825843,4.873974,-0.6829864,0.110218704,-0.008293465,0.09083479,-7.426498e-5,0.057206053,-0.008016244,253.00568,252.14743,338.26578,0.68581223,22.986965,0.30985227
8,89,10,0.0020971524,0.02356748,0.012805335,0.0076544546,0.0031076889,0.05658033,-0.003528087,3.3290918,-0.3060032,4.7496314,-0.7142629,0.11316066,-0.007056174,0.08748974,-0.0080418745,0.05574665,-0.008383338,253.09596,252.41385,338.95282,1.020266,22.984955,0.17522085
8,90,10,0.0020971524,0.028686795,0.017492067,0.00801595,0.0031787795,0.06612879,-0.0040351213,3.4067962,-0.28584024,4.803651,-0.20718665,0.13225758,-0.008070243,0.08953184,-0.0075119855,0.056380667,-0.0024317594,253.1465,252.51993,339.2983,0.4930269,22.984955,0.18483335
8,91,10,0.0020971524,0.024522657,0.013199108,0.008161164,0.0031623857,0.057443686,-0.0044320663,3.4375165,-0.28206974,4.791248,-0.23813811,0.11488737,-0.008864133,0.09033916,-0.007412896,0.056235094,-0.0027950369,253.14868,252.63484,338.5151,0.5202079,22.984955,0.19485429
8,92,10,0.0020971524,0.022199154,0.011266266,0.0075362166,0.0033966715,0.053071335,-0.0028510645,3.3032794,-0.36393636,4.965557,-0.5515161,0.10614267,-0.005702129,0.086811386,-0.00956438,0.05828097,-0.006473169,253.18474,252.73221,339.07205,0.9154525,22.984955,0.19266813
8,93,10,0.0020971524,0.027357303,0.015359677,0.008263555,0.0037340703,0.061967082,-0.004053132,3.4590127,-0.59521353,5.206339,-0.31482264,0.123934165,-0.008106264,0.0909041,-0.015642427,0.06110704,-0.003695088,253.21042,252.75366,339.52408,0.9100362,22.982914,0.22697382
8,94,10,0.0020971524,0.026001686,0.013929205,0.008630178,0.0034423035,0.059011027,-0.0038032539,3.5349112,-0.5641324,4.9988003,-0.5218101,0.118022054,-0.0076065077,0.09289875,-0.014825603,0.058671147,-0.0061245095,253.21193,252.89125,339.1141,1.0859425,22.982914,0.24027766
8,95,10,0.0020971524,0.023201473,0.011922854,0.008123628,0.0031549917,0.05459591,-0.0015201234,3.429602,-0.71605915,4.785643,-0.57892597,0.10919182,-0.003040247,0.09013117,-0.018818295,0.056169312,-0.0067948787,253.27191,253.14745,339.7101,1.294985,22.982914,0.23442496
8,96,10,0.0020971524,0.027618267,0.014462301,0.0091568595,0.003999106,0.060129654,-0.0037330273,3.6411781,-0.668527,5.387939,-0.053636454,0.12025931,-0.0074660545,0.09569148,-0.017569128,0.06323849,-0.0006295343,253.2917,253.16043,340.10724,0.72216344,22.982914,0.20211999
8,97,10,0.0020971524,0.02425263,0.011721123,0.008786796,0.0037447119,0.054132067,-0.0037271308,3.5668426,-0.7091446,5.2137527,-0.2086464,0.10826413,-0.0074542616,0.09373791,-0.018636573,0.06119405,-0.002448893,253.30066,253.26129,339.48596,0.917791,22.980843,0.2487059
8,98,10,0.0020971524,0.023941511,0.011427803,0.008532867,0.003980842,0.05345045,-0.0024999634,3.514926,-0.73593396,5.375622,-0.21819939,0.1069009,-0.004999927,0.09237352,-0.019340616,0.063093916,-0.002561016,253.35345,253.34293,340.0056,0.95413333,22.980843,0.21375717
8,99,10,0.0020971524,0.026031056,0.013334886,0.008743781,0.00395239,0.05773839,-0.00470596,3.558101,-0.6471308,5.356376,0.22841826,0.11547678,-0.00941192,0.093508184,-0.017006828,0.06286804,0.002680951,253.41615,253.49231,340.57013,0.41871253,22.980843,0.18555541
8,100,10,0.0020971524,0.02603115,0.013391964,0.008827918,0.0038112677,0.057861827,-0.0032996994,3.575179,-0.73318017,5.2598815,0.054232318,0.115723655,-0.006599399,0.093957,-0.01926824,0.061735466,0.0006365276,253.43991,253.73155,340.34348,0.67894787,22.980843,0.19703548
9,1,10,0.001677722,0.054359455,0.020150699,0.024109928,0.010098825,0.07097658,0.000111316454,5.9083557,0.17479143,8.562028,1.8339913,0.14195316,0.00022263291,0.15527372,0.0045935675,0.10049291,0.021525633,253.74062,254.95595,341.05847,-2.0087826,22.978756,0.7495772
9,2,10,0.001677722,0.053627778,0.020917699,0.023029735,0.009680343,0.07231476,0.002072902,5.7744837,-0.023221256,8.3827505,1.2971984,0.14462952,0.004145804,0.15175551,-0.0006102649,0.09838873,0.015225276,253.77142,255.04755,341.53693,-1.2739772,22.978756,0.7254289
9,3,10,0.001677722,0.05050043,0.018343506,0.022782663,0.00937426,0.0677191,0.00088484795,5.7434244,0.1179358,8.24916,1.7248846,0.1354382,0.0017696959,0.15093927,0.0030993982,0.096820764,0.020245045,253.72014,254.73045,341.4401,-1.8428204,22.978756,0.6988824
9,4,10,0.001677722,0.04882694,0.018180357,0.021672899,0.008973685,0.06741728,0.0007613867,5.601795,0.44744343,8.070987,1.4131349,0.13483456,0.0015227734,0.14721718,0.011758964,0.094729535,0.016586028,253.6025,254.28746,340.2299,-1.8605783,22.978756,0.67462486
9,5,10,0.001677722,0.03783845,0.015769098,0.015642906,0.0064264447,0.06278753,0.0056015584,4.759128,0.2093069,6.8300934,0.31792086,0.12557507,0.011203117,0.1250716,0.0055006584,0.08016511,0.0037314494,253.52808,253.9289,340.4694,-0.52722776,22.977142,0.4429766
9,6,10,0.001677722,0.038120274,0.0152319865,0.016501334,0.0063869553,0.061708968,0.0038203713,4.8879666,0.42141476,6.8090754,0.6957981,0.123417936,0.0076407427,0.12845752,0.011074938,0.07991843,0.008166613,253.43166,253.41635,340.29065,-1.1172129,22.977142,0.4410775
9,7,10,0.001677722,0.035104454,0.013003712,0.015837263,0.006263479,0.05701691,0.003483452,4.7886024,0.68021756,6.7429357,0.5169601,0.11403382,0.006966904,0.12584619,0.017876368,0.079142146,0.006067582,253.30844,252.86928,339.17184,-1.1971776,22.977142,0.44284508
9,8,10,0.001677722,0.037754945,0.015534103,0.015443768,0.006777075,0.06231794,0.005226349,4.728739,0.6111368,7.0139456,0.38382658,0.12463588,0.010452698,0.12427296,0.016060896,0.08232299,0.0045049875,253.26036,252.55402,339.23447,-0.9949634,22.977142,0.4453143
9,9,10,0.001677722,0.032900073,0.014653684,0.012580559,0.0056658303,0.0605262,0.00613928,4.2679434,0.53828377,6.4131746,0.27373618,0.1210524,0.01227856,0.11216309,0.014146296,0.07527171,0.0032128547,253.22198,252.36348,339.34888,-0.81201994,22.97559,0.26185012
9,10,10,0.001677722,0.029705722,0.012000274,0.012248641,0.005456807,0.05477288,0.0055320347,4.2112656,0.6635437,6.2937655,0.08291842,0.10954576,0.011064069,0.11067358,0.017438168,0.073870204,0.000973218,253.15152,252.11697,338.24222,-0.7464621,22.97559,0.2800958
9,11,10,0.001677722,0.029808465,0.013264907,0.010723182,0.0058203763,0.05758669,0.0070985593,3.9403112,0.41788745,6.5000515,-0.25996995,0.11517338,0.014197119,0.103552796,0.010982234,0.07629139,-0.0030512798,253.18233,252.1931,338.70984,-0.1579175,22.97559,0.2950289
9,12,10,0.001677722,0.031200401,0.015570989,0.0103999,0.005229513,0.062391885,0.0065258685,3.880461,0.3995413,6.1612935,0.033562593,0.12478377,0.013051737,0.101979904,0.010500088,0.07231537,0.00039392558,253.22028,252.36517,339.3381,-0.4331039,22.97559,0.24718186
9,13,10,0.001677722,0.026950318,0.011213705,0.01015184,0.005584772,0.05294739,0.0075452984,3.8339024,0.0551354,6.367133,-0.6244084,0.10589478,0.015090597,0.10075634,0.0014489775,0.074731335,-0.0073287115,253.1804,252.35466,338.5989,0.569273,22.974081,0.40876737
9,14,10,0.001677722,0.026426565,0.010391152,0.009828391,0.0062070237,0.0509685,0.009019571,3.7723315,-0.053388346,6.712478,-0.80896837,0.101937,0.018039143,0.09913824,-0.0014030626,0.07878467,-0.0094949,253.14835,252.15141,338.7051,0.8623567,22.974081,0.42268357
9,15,10,0.001677722,0.028319413,0.012337475,0.010252172,0.005729767,0.055537093,0.007197616,3.8528018,0.06919618,6.4492574,-0.1959412,0.11107419,0.014395232,0.10125301,0.0018185003,0.075695224,-0.0022997719,253.13423,251.99489,338.68616,0.12674502,22.974081,0.38637367
9,16,10,0.001677722,0.02809654,0.01126354,0.010980471,0.0058525302,0.053064913,0.0070007485,3.987302,0.06819311,6.51798,-0.5558301,0.106129825,0.014001497,0.104787745,0.0017921431,0.07650183,-0.0065238024,253.10101,251.92212,337.94043,0.487637,22.974081,0.42981857
9,17,10,0.001677722,0.027433772,0.009933127,0.011488533,0.0060121124,0.049832538,0.008331476,4.0785046,-0.26237226,6.6062455,-0.4670206,0.099665076,0.016662952,0.107184574,-0.0068952315,0.07753781,-0.0054814443,253.1265,252.00229,338.44467,0.7293929,22.97256,0.5396363
9,18,10,0.001677722,0.030085782,0.012155937,0.012393975,0.005535869,0.055126984,0.0067888685,4.2361755,-0.107960016,6.3391953,0.13845825,0.11025397,0.013577737,0.11132823,-0.0028372293,0.07440342,0.0016250912,253.13405,252.04195,338.54807,-0.030498236,22.97256,0.5423078
9,19,10,0.001677722,0.029411322,0.010135712,0.0134231495,0.0058524595,0.050338138,0.006045109,4.408551,-0.0747881,6.517941,-0.2124371,0.100676276,0.012090218,0.11585832,-0.0019654722,0.07650137,-0.0024933838,253.08438,251.87709,337.62973,0.2872252,22.97256,0.5955153
9,20,10,0.001677722,0.029638495,0.009747381,0.013796088,0.0060950248,0.049364414,0.007828964,4.469373,-0.17092341,6.6516438,-0.49439988,0.09872883,0.015657928,0.11745675,-0.0044919336,0.07807064,-0.005802792,253.07303,251.80252,337.74612,0.66532326,22.97256,0.62263834
9,21,10,0.001677722,0.029787835,0.011257361,0.013519282,0.0050111925,0.053050354,0.0040759644,4.4243093,0.08905569,6.0313115,0.37932393,0.10610071,0.008151929,0.11627245,0.002340406,0.07078978,0.0044521443,253.01938,251.53575,337.75925,-0.46837962,22.971003,0.5547821
9,22,10,0.001677722,0.0273128,0.00866356,0.013295499,0.005353742,0.046539124,0.003960392,4.3875394,0.25926918,6.2340455,0.050796047,0.09307825,0.007920784,0.11530611,0.00681369,0.07316927,0.00059619336,252.86879,250.855,336.4959,-0.3100652,22.971003,0.57301295
9,23,10,0.001677722,0.028064257,0.009291522,0.013028946,0.005743788,0.04819627,0.0051024803,4.343335,0.23289274,6.457144,-0.24784744,0.09639254,0.010204961,0.11414441,0.006120501,0.07578778,-0.0029089933,252.78784,250.47395,336.41733,0.014954701,22.971003,0.567838
9,24,10,0.001677722,0.031205907,0.012084301,0.013436925,0.0056846817,0.054964308,0.003189576,4.410813,0.28133756,6.423834,0.317356,0.109928615,0.006379152,0.11591775,0.007393654,0.07539683,0.0037248225,252.77272,250.42136,336.4648,-0.59869355,22.971003,0.57678366
9,25,10,0.001677722,0.024959862,0.00912395,0.011278892,0.004557022,0.047759686,0.0001366745,4.041121,0.39181373,5.751509,0.18853498,0.09551937,0.000273349,0.106202126,0.010297005,0.06750572,0.0022128406,252.76642,250.4132,335.7287,-0.58034873,22.96939,0.4607319
9,26,10,0.001677722,0.025126092,0.009071743,0.011194849,0.0048595,0.04762285,0.0018318808,4.026037,0.21877675,5.939324,-0.17118289,0.0952457,0.0036637615,0.10580572,0.005749534,0.06971011,-0.0020091846,252.79822,250.4819,336.23703,-0.04759386,22.96939,0.46272314
9,27,10,0.001677722,0.027819876,0.01108408,0.011526885,0.0052089095,0.05264048,0.0010211756,4.0853066,0.37399077,6.149143,0.1913298,0.10528096,0.0020423513,0.107363336,0.009828622,0.072172776,0.0022456478,252.80807,250.51878,336.62814,-0.5653206,22.96939,0.501109
9,28,10,0.001677722,0.026686216,0.0091654835,0.012528521,0.0049922117,0.047868267,0.00090209465,4.2591076,0.3866235,6.0198774,-0.08563402,0.09573653,0.0018041893,0.11193088,0.0101606,0.070655584,-0.0010050896,252.77028,250.4826,335.9487,-0.30098948,22.96939,0.5085796
9,29,10,0.001677722,0.021611243,0.008141765,0.009466141,0.0040033376,0.045115866,0.0017007467,3.70216,0.47136584,5.3907886,-0.50055915,0.09023173,0.0034014934,0.0972941,0.012387667,0.06327193,-0.005875084,252.70975,250.1663,336.0741,0.029193312,22.96774,0.32698187
9,30,10,0.001677722,0.024199834,0.009859735,0.00986896,0.00447114,0.0496481,0.00017417764,3.7801092,0.6290123,5.697054,-0.14532925,0.0992962,0.00034835527,0.09934264,0.016530672,0.066866584,-0.0017057365,252.63863,249.8409,335.8761,-0.48368305,22.96774,0.36235112
9,31,10,0.001677722,0.02451496,0.009969384,0.010250447,0.0042951275,0.0499234,-0.0003329066,3.8524778,0.5885784,5.583792,-0.39491117,0.0998468,-0.0006658132,0.101244494,0.015468063,0.06553722,-0.0046350895,252.55363,249.56895,334.76343,-0.19366723,22.96774,0.35461336
9,32,10,0.001677722,0.024679359,0.010000157,0.009975618,0.0047035846,0.050000392,0.00022520365,3.8004808,0.5304862,5.8432665,-0.786907,0.100000784,0.0004504073,0.09987801,0.013941382,0.068582684,-0.00923596,252.51907,249.3643,334.82666,0.2564208,22.96774,0.36737773
9,33,10,0.001677722,0.026218465,0.011610841,0.009438748,0.005168875,0.053876806,-0.002776767,3.696799,0.91280437,6.1254673,-0.66140276,0.10775361,-0.005553534,0.09715322,0.02398883,0.07189489,-0.0077629173,252.49095,249.17233,334.70532,-0.2514016,22.966068,0.35379642
9,34,10,0.001677722,0.024870407,0.009671294,0.010260904,0.004938207,0.04917137,-0.003483917,3.8544414,0.94331735,5.987229,-0.6473546,0.09834274,-0.006967834,0.10129612,0.024790717,0.07027238,-0.0075980276,252.45995,249.0403,334.13004,-0.29596275,22.966068,0.34808475
9,35,10,0.001677722,0.022672746,0.0085109435,0.009449517,0.0047122855,0.046127386,-0.002322801,3.6989076,0.78856266,5.8486686,-0.9350404,0.09225477,-0.004645602,0.09720863,0.020723712,0.06864609,-0.010974613,252.46849,249.07314,334.6041,0.14647776,22.966068,0.33005816
9,36,10,0.001677722,0.026524767,0.012261301,0.009228902,0.0050345636,0.05536538,-0.0032276576,3.655474,0.971916,6.0453596,-0.65788037,0.11073076,-0.0064553153,0.096067175,0.0255423,0.07095466,-0.0077215717,252.45041,249.06822,334.80164,-0.31403565,22.966068,0.34335542
9,37,10,0.001677722,0.025519136,0.009908854,0.010069303,0.005540979,0.049771614,-0.0021474157,3.8182855,0.8887453,6.3421197,-0.9394766,0.09954323,-0.0042948313,0.10034592,0.023356548,0.07443775,-0.011026678,252.39792,248.94357,334.19476,0.0507313,22.964397,0.37632057
9,38,10,0.001677722,0.023935547,0.008902837,0.009601678,0.005431032,0.047177423,-0.0010991724,3.7285695,0.78253865,6.278883,-1.2758588,0.094354846,-0.0021983448,0.09798815,0.020565396,0.07369553,-0.014974811,252.37317,248.76985,334.46042,0.4933201,22.964397,0.37559438
9,39,10,0.001677722,0.02542324,0.01008618,0.009727372,0.0056096865,0.050214987,-0.0027552734,3.752895,1.063981,6.3813195,-1.1076328,0.100429974,-0.0055105467,0.09862744,0.027961807,0.07489784,-0.0130003365,252.34447,248.66125,334.2612,0.0436517,22.964397,0.35547516
9,40,10,0.001677722,0.026585598,0.009694066,0.010963642,0.0059278915,0.049229223,-0.0031471315,3.9842453,1.0259948,6.559811,-1.2817258,0.09845845,-0.006294263,0.10470741,0.026963515,0.0769928,-0.015043675,252.27348,248.41635,333.28674,0.255731,22.964397,0.37226284
9,41,10,0.001677722,0.025710374,0.010055929,0.010247652,0.0054067927,0.05013963,-0.0014179186,3.851952,0.74784976,6.2648563,-1.3771213,0.10027926,-0.0028358372,0.10123069,0.019653758,0.0735309,-0.016163336,252.26799,248.39021,333.6257,0.62927157,22.962719,0.4356896
9,42,10,0.001677722,0.02625381,0.011144938,0.009604838,0.0055040345,0.052784793,-0.0029819862,3.729183,0.9631138,6.3209414,-1.1628603,0.105569586,-0.0059639723,0.098004274,0.025310982,0.07418918,-0.013648544,252.24176,248.34525,333.55106,0.19974649,22.962719,0.37879875
9,43,10,0.001677722,0.027974492,0.01153416,0.010847252,0.0055930796,0.053698603,-0.0028974277,3.9630404,0.89704615,6.3718677,-1.2354535,0.107397206,-0.0057948553,0.10415014,0.023574699,0.074786894,-0.014500572,252.18611,248.1845,332.6748,0.33840734,22.962719,0.38260606
9,44,10,0.001677722,0.026785571,0.01071902,0.010276881,0.005789671,0.05176635,-0.0020110214,3.8574417,0.9132888,6.4828825,-1.5156945,0.1035327,-0.0040220427,0.101374954,0.02400156,0.07608989,-0.017789776,252.17227,248.05417,332.86984,0.6024057,22.962719,0.37176093
9,45,10,0.001677722,0.026728913,0.011285416,0.010605627,0.004837871,0.05311642,-0.0035677094,3.918653,1.0238585,5.9260917,-0.65225905,0.10623284,-0.0071354187,0.102983624,0.026907371,0.069554806,-0.0076555936,252.20233,248.11926,332.9098,-0.3715995,22.96103,0.3243489
9,46,10,0.001677722,0.026727583,0.010839349,0.010955281,0.004932954,0.052056096,-0.00455828,3.982726,0.8704672,5.9840436,-0.54242784,0.10411219,-0.00911656,0.10466748,0.022876196,0.07023499,-0.0063664997,252.236,248.30563,332.4782,-0.32803935,22.96103,0.33997476
9,47,10,0.001677722,0.027517796,0.012546366,0.010061816,0.0049096127,0.05600528,-0.0037593667,3.8168657,0.58454156,5.9698696,-0.81872535,0.11201056,-0.0075187334,0.100308605,0.015361964,0.07006863,-0.009609416,252.27315,248.45847,333.03824,0.23418379,22.96103,0.33816373
9,48,10,0.001677722,0.027941698,0.012434426,0.01037108,0.005136194,0.055754878,-0.0036916607,3.8750799,0.7322574,6.1060724,-0.7772335,0.111509755,-0.0073833214,0.1018385,0.01924399,0.07166725,-0.009122426,252.26567,248.49664,333.38077,0.044976056,22.96103,0.3116958
9,49,10,0.001677722,0.027772907,0.013157447,0.010340373,0.004275088,0.057352956,-0.0032459002,3.869339,0.30315223,5.5707517,0.18485509,0.11470591,-0.0064918003,0.101687625,0.0079669515,0.06538416,0.002169652,252.23793,248.541,332.8136,-0.4880073,22.959316,0.2846289
9,50,10,0.001677722,0.02553028,0.011460663,0.00988049,0.0041891276,0.053527243,-0.0013170382,3.7823172,0.28742266,5.51446,-0.12838437,0.10705449,-0.0026340764,0.099400654,0.00755357,0.06472347,-0.0015068544,252.23166,248.49341,333.1571,-0.15903829,22.959316,0.2980224
9,51,10,0.001677722,0.028188553,0.013926233,0.009826178,0.004436142,0.05900473,-0.0024022884,3.771907,0.36891985,5.6747136,-0.089686535,0.11800946,-0.0048045767,0.09912708,0.009695346,0.06660437,-0.0010526541,252.23328,248.54472,333.24338,-0.2792333,22.959316,0.2730285
9,52,10,0.001677722,0.028701281,0.013371653,0.01051285,0.0048167775,0.057817932,-0.0026154798,3.9014757,0.28403416,5.913158,-0.07109166,0.115635864,-0.0052309595,0.10253219,0.0074645192,0.06940301,-0.0008344054,252.19879,248.49524,332.6145,-0.21294251,22.959316,0.30215466
9,53,10,0.001677722,0.026453825,0.012973393,0.009133664,0.004346767,0.0569504,-0.00082761206,3.6365635,-0.030221414,5.617258,0.33493373,0.1139008,-0.0016552241,0.09557021,-0.0007942296,0.06593002,0.003931132,252.17795,248.37248,332.95706,-0.30471233,22.957575,0.24869746
9,54,10,0.001677722,0.025511283,0.011536471,0.009549117,0.004425696,0.053703982,-0.0010494157,3.7183497,0.19247113,5.668029,0.41964093,0.107407965,-0.0020988313,0.09771958,0.0050582117,0.06652591,0.0049253437,252.14543,248.20512,332.94742,-0.61211205,22.957575,0.22193271
9,55,10,0.001677722,0.025663482,0.0114580635,0.009642873,0.004562546,0.05352117,-0.0022889203,3.7365594,0.23010695,5.754994,0.5662842,0.10704234,-0.0045778407,0.09819813,0.006047292,0.06754662,0.006646503,252.11322,248.1345,332.3109,-0.7963911,22.957575,0.22857063
9,56,10,0.001677722,0.0266687,0.01278736,0.009245783,0.004635556,0.056540605,-0.0011381068,3.6588159,0.2148424,5.8008566,0.22432694,0.11308121,-0.0022762136,0.096154995,0.0056461347,0.06808492,0.0026329365,252.09647,248.08817,332.5738,-0.43916935,22.957575,0.24554625
9,57,10,0.001677722,0.025796331,0.012072817,0.009468144,0.0042553693,0.054938186,-0.0004111548,3.7025516,0.13653821,5.5578885,0.95144075,0.10987637,-0.0008223096,0.09730439,0.0035882744,0.06523319,0.011167104,252.04471,247.9225,332.28488,-1.087979,22.95581,0.2850741
9,58,10,0.001677722,0.027691606,0.013754763,0.0096319625,0.004304883,0.05864035,-0.0014722832,3.734445,-0.11895251,5.5901303,1.2513384,0.1172807,-0.0029445663,0.098142564,-0.0031261155,0.06561161,0.014687017,252.02606,248.0105,331.51755,-1.1323858,22.95581,0.27207646
9,59,10,0.001677722,0.02524822,0.011630219,0.009316704,0.0043012965,0.053921748,0.0010722897,3.6728213,-0.16391042,5.5878005,0.957534,0.107843496,0.0021445793,0.09652308,-0.00430762,0.06558427,0.011238621,252.06474,248.07942,332.14606,-0.79362357,22.95581,0.25419813
9,60,10,0.001677722,0.028467353,0.012841584,0.011256494,0.004369276,0.056660358,-0.00055340247,4.037107,-0.11110155,5.6317835,1.0636692,0.113320716,-0.0011068049,0.106096625,-0.0029197878,0.0661005,0.0124843335,252.09174,248.1862,332.49323,-0.95256764,22.95581,0.3017465
9,61,10,0.001677722,0.029040286,0.012616016,0.011627226,0.0047970437,0.05616052,0.0005781556,4.103049,-0.3811595,5.9010334,1.5927178,0.11232104,0.0011563112,0.107829615,-0.010017013,0.069260694,0.018693803,252.06407,248.1158,331.988,-1.2115582,22.95403,0.3076005
9,62,10,0.001677722,0.027813252,0.011896932,0.010734335,0.005181986,0.05453653,0.0017218944,3.9423594,-0.21998338,6.133231,1.1968004,0.10907306,0.0034437887,0.103606634,-0.005781242,0.07198601,0.014046899,252.03564,247.96768,332.47348,-0.97681695,22.95403,0.2968087
9,63,10,0.001677722,0.028090104,0.010877215,0.011808964,0.0054039247,0.052146945,0.0012667652,4.134991,0.0073253363,6.263194,1.0850835,0.10429389,0.0025335304,0.10866906,0.00019251097,0.07351139,0.012735674,251.9428,247.54143,332.0734,-1.0924088,22.95403,0.34348202
9,64,10,0.001677722,0.03014063,0.012523071,0.012361676,0.0052558836,0.055953264,0.00026610162,4.230653,-0.008482576,6.1768084,1.4191338,0.11190653,0.00053220324,0.11118308,-0.00022292258,0.07249747,0.016656438,251.86707,247.26414,330.9987,-1.4106512,22.95403,0.33675942
9,65,10,0.001677722,0.027998667,0.011776894,0.010921421,0.0053003514,0.0542607,0.0036651792,3.9765663,-0.2850159,6.202882,1.0938548,0.1085214,0.0073303585,0.104505606,-0.007490323,0.07280351,0.0128386235,251.89873,247.32173,331.2819,-0.80883884,22.952251,0.2878178
9,66,10,0.001677722,0.02837756,0.012482383,0.010948655,0.004946522,0.055862293,0.003306833,3.981521,-0.2967887,5.9922676,1.0606076,0.111724585,0.006613666,0.10463582,-0.0077997157,0.070331514,0.0124484,251.96793,247.65504,331.753,-0.76381886,22.952251,0.32124537
9,67,10,0.001677722,0.0290693,0.013215957,0.011083405,0.0047699376,0.05748034,0.0018908863,4.005948,-0.4697752,5.884337,1.2606802,0.11496068,0.0037817727,0.105277754,-0.012345862,0.06906474,0.014796661,251.98862,247.95135,331.3458,-0.790905,22.952251,0.29942212
9,68,10,0.001677722,0.03044095,0.013737047,0.011685601,0.0050183027,0.058602575,0.0035303873,4.1133356,-0.64509565,6.035589,1.2153661,0.11720515,0.0070607746,0.10809996,-0.01695335,0.07083998,0.01426481,252.0264,248.03235,331.64154,-0.5702705,22.952251,0.29088882
9,69,10,0.001677722,0.030412372,0.01378636,0.011484815,0.0051411986,0.058707666,0.004532964,4.0778446,-0.752309,6.1090465,0.92566544,0.11741533,0.009065928,0.10716723,-0.019770952,0.07170215,0.010864577,252.07294,248.17093,331.74673,-0.17335641,22.950483,0.26841435
9,70,10,0.001677722,0.031544846,0.014717525,0.01188485,0.004942468,0.060657904,0.0035987627,4.148256,-0.8203343,5.989811,0.9327432,0.12131581,0.0071975254,0.10901766,-0.021558678,0.07030269,0.010947647,252.1219,248.46547,331.66687,-0.11240888,22.950483,0.26050022
9,71,10,0.001677722,0.028991597,0.013219265,0.010859404,0.0049129273,0.057487532,0.0048947865,3.96526,-0.8933477,5.9718843,0.83698195,0.114975065,0.009789573,0.10420846,-0.023477498,0.070092276,0.009823698,252.16547,248.66556,332.28284,0.05636573,22.950483,0.25713408
9,72,10,0.001677722,0.030614477,0.013157274,0.0119712055,0.005485997,0.05735258,0.0048501105,4.1632996,-0.9032154,6.3105755,0.9154388,0.11470516,0.009700221,0.109413005,-0.02373683,0.07406752,0.010744546,252.1982,248.86093,332.47827,-0.012223363,22.950483,0.2640767
9,73,10,0.001677722,0.03210569,0.015014734,0.011668374,0.0054225856,0.061267313,0.0057350434,4.110303,-1.1524951,6.273999,1.2163192,0.122534625,0.011470087,0.108020246,-0.030287988,0.07363821,0.014275994,252.19539,248.92334,331.95834,-0.06382406,22.948765,0.23828615
9,74,10,0.001677722,0.030261902,0.013663283,0.010890328,0.0057082907,0.05844502,0.006417045,3.9709015,-1.1062466,6.437159,1.2298214,0.11689004,0.01283409,0.104356736,-0.029072562,0.07555323,0.014434473,252.21425,248.83,332.46817,-0.12357485,22.948765,0.25948924
9,75,10,0.001677722,0.030365154,0.013423232,0.011014216,0.0059277057,0.057929337,0.0058599687,3.9934244,-0.9233557,6.559708,1.131979,0.115858674,0.011719937,0.10494863,-0.024266122,0.076991595,0.013286088,252.23619,248.92381,332.74554,-0.20862329,22.948765,0.27530593
9,76,10,0.001677722,0.030898374,0.014444693,0.011025736,0.0054279463,0.060093038,0.0059626037,3.9955122,-1.2268107,6.2770987,1.2432413,0.120186076,0.011925207,0.105003506,-0.032241035,0.0736746,0.014591981,252.23796,249.13048,332.09082,-0.016430616,22.948765,0.2859138
9,77,10,0.001677722,0.030580964,0.0153176235,0.01024982,0.005013521,0.061882194,0.0081743775,3.852359,-1.2589532,6.032713,1.099282,0.12376439,0.016348755,0.101241395,-0.033085745,0.07080622,0.012902324,252.28058,249.2732,332.6389,0.15967119,22.94711,0.31606382
9,78,10,0.001677722,0.029927133,0.0138534065,0.010812067,0.005261658,0.058850247,0.006863341,3.9566085,-1.0982354,6.1801996,1.015891,0.117700495,0.013726682,0.10398109,-0.028862022,0.07253729,0.011923556,252.31238,249.23604,332.9068,0.08234441,22.94711,0.30050895
9,79,10,0.001677722,0.03088403,0.0153935915,0.010532927,0.00495751,0.062035456,0.0056065735,3.9051993,-1.1149461,5.9989195,1.2149377,0.12407091,0.011213147,0.10263005,-0.029301189,0.07040959,0.014259781,252.32657,249.38533,332.3638,-0.09999156,22.94711,0.31243855
9,80,10,0.001677722,0.031162927,0.015266699,0.010669493,0.0052267355,0.061779242,0.007862801,3.9304347,-1.3436584,6.159656,1.1428657,0.123558484,0.015725601,0.10329324,-0.03531183,0.072296165,0.013413865,252.32927,249.4707,332.92654,0.20079279,22.94711,0.3336886
9,81,10,0.001677722,0.028400708,0.013440784,0.010248673,0.004711252,0.057967197,0.009456753,3.8521435,-0.9679652,5.848027,1.2829816,0.115934394,0.018913506,0.10123573,-0.025438473,0.06863856,0.015058415,252.29393,249.41663,332.99472,-0.31501645,22.945515,0.31745195
9,82,10,0.001677722,0.027438933,0.012845442,0.009955509,0.004637983,0.056668866,0.008508019,3.7966485,-0.9296231,5.802376,1.3472322,0.11333773,0.017016038,0.099777296,-0.024430836,0.06810274,0.015812527,252.25716,249.27153,332.19696,-0.4176091,22.945515,0.31352836
9,83,10,0.001677722,0.027730864,0.013948697,0.009658296,0.004123871,0.0590523,0.008823357,3.7395463,-0.96302485,5.47134,1.1352453,0.1181046,0.017646713,0.09827663,-0.025308643,0.064217374,0.013324426,252.29521,249.37476,332.73938,-0.17222047,22.945515,0.296987
9,84,10,0.001677722,0.028982978,0.014901783,0.009628251,0.004452944,0.06103643,0.0076749856,3.7337255,-0.82222307,5.685449,1.1251843,0.12207286,0.015349971,0.098123655,-0.02160832,0.06673038,0.013206339,252.28125,249.25284,332.7978,-0.30296123,22.945515,0.2729222
9,85,10,0.001677722,0.026912525,0.013789042,0.00949498,0.0036285035,0.058713377,0.0070167514,3.707795,-0.25351906,5.132217,1.2544115,0.11742675,0.014033503,0.09744219,-0.0066625727,0.06023706,0.014723087,252.22656,248.97948,332.11508,-1.0008924,22.943964,0.25749096
9,86,10,0.001677722,0.025275413,0.012772917,0.008642712,0.0038597852,0.056508664,0.008775324,3.5374777,-0.35631004,5.293255,1.0811503,0.11301733,0.017550647,0.092966184,-0.009363955,0.06212717,0.0126895085,252.22984,248.9274,332.64914,-0.7248403,22.943964,0.2317655
9,87,10,0.001677722,0.024861075,0.012096978,0.008857826,0.0039062714,0.05499313,0.008735908,3.5812306,-0.25020045,5.3250346,1.1741359,0.10998626,0.017471816,0.094116025,-0.0065753576,0.06250017,0.013780886,252.212,248.81668,332.87982,-0.9239355,22.943964,0.23262987
9,88,10,0.001677722,0.025669178,0.012693349,0.009095958,0.003879869,0.056332383,0.007807076,3.6290495,-0.2616696,5.307008,1.1779189,0.11266477,0.015614152,0.09537274,-0.006876771,0.062288594,0.013825288,252.16206,248.68408,332.19382,-0.9162493,22.943964,0.2450492
9,89,10,0.001677722,0.022607312,0.011078118,0.008016901,0.0035122933,0.05262632,0.009135584,3.4069989,0.10941735,5.049363,0.5267027,0.10525264,0.018271169,0.08953715,0.0028755267,0.059264604,0.0061819344,252.14485,248.60365,332.5876,-0.6361201,22.942425,0.24287856
9,90,10,0.001677722,0.024509568,0.012211185,0.008602117,0.0036962663,0.055252116,0.007618974,3.5291603,0.16485311,5.179918,0.5256158,0.11050423,0.015237948,0.0927476,0.0043323995,0.060796928,0.0061691776,252.13368,248.52849,332.68143,-0.6904689,22.942425,0.2452921
9,91,10,0.001677722,0.023918308,0.0115780495,0.00864945,0.0036908097,0.053800672,0.0061966428,3.5388563,0.14469606,5.176093,0.51613265,0.107601345,0.0123932855,0.093002416,0.0038026646,0.060752034,0.0060578724,252.13313,248.60579,332.30255,-0.6608287,22.942425,0.2355611
9,92,10,0.001677722,0.022668663,0.010944006,0.007850268,0.0038743885,0.0523068,0.007712864,3.371405,0.0733726,5.3032584,0.28850618,0.1046136,0.015425728,0.08860174,0.0019282596,0.062244587,0.0033862104,252.18361,248.77875,333.13605,-0.36187878,22.942425,0.21491393
9,93,10,0.001677722,0.023326248,0.012271491,0.00749717,0.0035575866,0.05538838,0.0065067266,3.294711,0.26350322,5.081816,-0.28298488,0.11077676,0.013013453,0.0865862,0.0069249594,0.059645507,-0.003321405,252.2492,249.20845,333.57947,0.019481659,22.940899,0.15919317
9,94,10,0.001677722,0.022511613,0.010744455,0.008077309,0.0036898488,0.051827732,0.0065846066,3.41981,0.14178686,5.1754184,-0.27133667,0.103655465,0.013169213,0.08987385,0.0037262111,0.060744125,-0.0031846906,252.28548,249.45372,333.13574,0.12954982,22.940899,0.15553258
9,95,10,0.001677722,0.02265517,0.011861561,0.0072665294,0.0035270806,0.054455396,0.0079759,3.243636,-0.044246525,5.059981,-0.5999738,0.10891079,0.0159518,0.08524394,-0.0011628157,0.05938923,-0.007041921,252.35428,249.67982,333.64758,0.64422035,22.940899,0.17183083
9,96,10,0.001677722,0.022444936,0.012632466,0.006347159,0.0034653114,0.05619712,0.008521694,3.0315056,0.06325044,5.0154786,-0.55202913,0.11239424,0.017043388,0.07966906,0.0016622429,0.058866896,-0.006479191,252.32993,249.64622,333.73828,0.4887787,22.940899,0.1646282
9,97,10,0.001677722,0.020615675,0.010668531,0.0066278595,0.003319284,0.05164429,0.0067542647,3.0978138,0.48238638,4.908665,-1.1397552,0.10328858,0.013508529,0.08141167,0.012677289,0.057613228,-0.013377358,252.21303,249.18951,332.80316,0.6573689,22.939415,0.15384972
9,98,10,0.001677722,0.021237211,0.011304231,0.006553543,0.0033794364,0.05316068,0.007242779,3.0803976,0.42660895,4.9529433,-1.3582532,0.10632136,0.014485558,0.080953956,0.011211439,0.05813292,-0.015941883,252.17772,248.87634,333.06528,0.9316443,22.939415,0.16000167
9,99,10,0.001677722,0.021422252,0.011404732,0.006312895,0.0037046236,0.05339647,0.006592664,3.0233119,0.33167908,5.1857696,-1.4851793,0.10679294,0.013185328,0.07945373,0.008716646,0.06086562,-0.017431613,252.1865,248.87062,333.022,1.1535002,22.939415,0.16073847
9,100,10,0.001677722,0.023624958,0.013112139,0.0067983936,0.0037144262,0.057254124,0.005535085,3.137414,0.3728314,5.1926265,-1.5906425,0.11450825,0.01107017,0.08245237,0.009798144,0.060946092,-0.018669443,252.21654,249.11888,332.59103,1.2178111,22.939415,0.16928853
10,1,10,0.0013421776,0.07266898,0.018049726,0.046202827,0.008416424,0.067174636,0.0044184616,8.179051,0.32218948,7.8163676,0.83596706,0.13434927,0.008836923,0.21494843,0.00846726,0.09174107,0.009811784,253.41559,253.83649,339.99435,-1.1581565,22.93794,1.1491714
10,2,10,0.0013421776,0.07474523,0.020897998,0.044909135,0.008938099,0.0722807,0.0056450125,8.063731,0.1886384,8.054967,0.797453,0.1445614,0.011290025,0.21191776,0.0049575027,0.09454152,0.009359742,253.44745,253.93979,339.9921,-0.9860914,22.93794,1.2009785
10,3,10,0.0013421776,0.08319764,0.024396082,0.04897277,0.0098287845,0.078096226,0.003912405,8.420657,-0.050876193,8.44678,1.0253581,0.15619245,0.00782481,0.22129792,-0.001337037,0.09914023,0.012034672,253.47958,254.03212,340.3548,-0.9744819,22.93794,1.2430961
10,4,10,0.0013421776,0.081141084,0.021150842,0.050961446,0.00902879,0.072716646,0.0027216487,8.589928,-0.042649087,8.09573,1.0428073,0.14543329,0.0054432973,0.22574642,-0.0011208226,0.095019944,0.012239479,253.45493,254.00685,339.9411,-1.0001583,22.93794,1.2555227
10,5,10,0.0013421776,0.06444557,0.021015199,0.034868304,0.008562062,0.0724831,0.0016738237,7.105327,-0.33323437,7.8837056,0.3987486,0.1449662,0.0033476474,0.18673056,-0.0087575335,0.09253141,0.004680128,253.47072,254.01053,340.36462,-0.06551424,22.936726,0.9271913
10,6,10,0.0013421776,0.06742709,0.020589976,0.0374394,0.009397715,0.07174604,0.00019448777,7.3626328,-0.34509832,8.259473,0.92556375,0.14349207,0.00038897555,0.19349264,-0.009069318,0.096941814,0.010863382,253.49496,254.05989,340.8343,-0.58046544,22.936726,0.9541799
10,7,10,0.0013421776,0.06848383,0.018927509,0.04015277,0.009403552,0.06878864,-0.0009749902,7.624765,-0.16621384,8.262038,0.874968,0.13757728,-0.0019499804,0.20038156,-0.00436817,0.096971914,0.01026954,253.4988,254.10957,340.31738,-0.7087542,22.936726,1.002875
10,8,10,0.0013421776,0.07419266,0.023959635,0.040076237,0.010156791,0.0773945,0.00077432697,7.6174936,-0.27538785,8.586565,0.7100491,0.154789,0.0015486539,0.2001905,-0.007237309,0.100780904,0.008333881,253.5411,254.26643,340.38123,-0.43466124,22.936726,0.9960816
10,9,10,0.0013421776,0.054265562,0.021174302,0.025706053,0.0073852064,0.07275696,-0.0042380737,6.1007943,-0.865105,7.321879,0.12879936,0.14551392,-0.008476147,0.16033107,-0.022735266,0.085937224,0.0015117279,253.6289,254.69054,341.10318,0.7363056,22.935549,0.53780776
10,10,10,0.0013421776,0.056872856,0.020889256,0.028098054,0.007885546,0.07226558,-0.004519642,6.378327,-0.7845627,7.56584,0.110344164,0.14453116,-0.009039284,0.16762474,-0.020618588,0.0888006,0.001295115,253.69421,255.02621,340.9781,0.67421854,22.935549,0.55753106
10,11,10,0.0013421776,0.0583884,0.022238402,0.027234016,0.008915983,0.07456273,-0.0013403144,6.2794924,-0.87206084,8.044995,-0.030069679,0.14912546,-0.0026806288,0.16502732,-0.022918085,0.094424486,-0.0003529221,253.73773,255.08438,341.22046,0.9021305,22.935549,0.5839782
10,12,10,0.0013421776,0.063032135,0.026395716,0.027445465,0.009190954,0.08123379,-0.0032117262,6.303822,-0.95471853,8.168109,0.3769613,0.16246758,-0.0064234524,0.16566673,-0.025090352,0.09586947,0.004424408,253.74796,255.07758,341.3583,0.57775724,22.935549,0.5852737
10,13,10,0.0013421776,0.048603483,0.018895455,0.022801597,0.0069064307,0.06873037,-0.005400135,5.745811,-1.1867248,7.0805674,-0.38466105,0.13746074,-0.01080027,0.15100197,-0.031187557,0.08310494,-0.004514786,253.7036,254.97644,340.47403,1.5713859,22.934458,0.49561965
10,14,10,0.0013421776,0.049246926,0.020438554,0.021651946,0.007156428,0.071481735,-0.0032804273,5.599086,-1.3468356,7.207578,-0.61509705,0.14296347,-0.0065608546,0.147146,-0.035395324,0.08459567,-0.007219422,253.73761,255.08168,340.75568,1.9619327,22.934458,0.51517564
10,15,10,0.0013421776,0.054065693,0.025817903,0.021219535,0.0070282547,0.08033975,-0.00505016,5.5428944,-1.3802927,7.1427417,-0.5430015,0.1606795,-0.01010032,0.14566927,-0.036274597,0.083834685,-0.006373233,253.8018,255.37843,341.48273,1.9232941,22.934458,0.53523904
10,16,10,0.0013421776,0.05196733,0.021846937,0.023461027,0.0066593643,0.073903546,-0.0050779553,5.828304,-1.3865325,6.9527655,-0.7469403,0.14780709,-0.010155911,0.15316993,-0.036438577,0.08160493,-0.008766874,253.82516,255.60014,341.26593,2.133473,22.934458,0.55967736
10,17,10,0.0013421776,0.05169102,0.02006689,0.024689604,0.006934527,0.070828825,-0.004801095,5.978961,-1.6835041,7.094954,-1.5804816,0.14165765,-0.00960219,0.15712926,-0.044243094,0.083273806,-0.018550187,253.87218,255.72751,341.67258,3.2639856,22.93341,0.7695257
10,18,10,0.0013421776,0.052658137,0.022715041,0.023588486,0.0063546128,0.07535755,-0.005297473,5.8441143,-1.7363728,6.7918134,-1.0408148,0.1507151,-0.010594946,0.15358543,-0.045632508,0.079715826,-0.0122160865,253.90392,255.90373,342.11508,2.7771876,22.93341,0.7682802
10,19,10,0.0013421776,0.05231557,0.021430844,0.02418005,0.0067046764,0.07319639,-0.006502448,5.9169416,-1.6847919,6.9763794,-1.1946507,0.14639278,-0.013004896,0.15549935,-0.044276934,0.08188209,-0.0140216695,253.85991,255.80319,341.47006,2.8794427,22.93341,0.7610773
10,20,10,0.0013421776,0.050567266,0.020161763,0.023122158,0.0072833444,0.07099606,-0.004519973,5.786059,-1.7798927,7.2712097,-1.3424662,0.14199212,-0.009039946,0.15205972,-0.046776228,0.08534251,-0.015756588,253.83424,255.61409,341.67465,3.1223588,22.93341,0.7349879
10,21,10,0.0013421776,0.060632035,0.030711161,0.02344787,0.006473003,0.087623,-0.0054751886,5.826669,-1.4711404,6.854789,-0.95645887,0.175246,-0.010950377,0.15312697,-0.038662102,0.080454975,-0.011226003,253.83002,255.56924,341.93225,2.4275992,22.932362,0.7616883
10,22,10,0.0013421776,0.048720203,0.016551029,0.025057087,0.0071120844,0.0643254,-0.0069370354,6.0232925,-1.37991,7.185213,-1.323687,0.1286508,-0.013874071,0.1582943,-0.036264535,0.084333174,-0.015536173,253.80167,255.48547,341.31668,2.703597,22.932362,0.76637393
10,23,10,0.0013421776,0.050641913,0.018664446,0.02405488,0.007922585,0.06830894,-0.004103477,5.9016066,-1.3916028,7.5835876,-1.5013824,0.13661788,-0.008206954,0.15509635,-0.03657183,0.089008905,-0.017621795,253.77864,255.26988,341.34036,2.892985,22.932362,0.75585914
10,24,10,0.0013421776,0.055508878,0.023853928,0.02418643,0.0074685193,0.077223584,-0.005584692,5.9177227,-1.3781006,7.3630614,-0.94020575,0.15444717,-0.011169384,0.15551987,-0.036216978,0.086420596,-0.011035237,253.73462,255.06128,341.18628,2.3183064,22.932362,0.7211767
10,25,10,0.0013421776,0.048102222,0.017408578,0.023059523,0.007634124,0.065970786,-0.005119317,5.7782164,-0.5761812,7.4442477,-1.1943282,0.13194157,-0.010238634,0.15185362,-0.015142249,0.08737347,-0.014017885,253.65067,254.78886,340.1891,1.7705094,22.931316,0.6975786
10,26,10,0.0013421776,0.046299968,0.017394882,0.020800645,0.008104441,0.06594483,-0.0017499914,5.487911,-0.6549719,7.6701303,-1.6476682,0.13188966,-0.0034999829,0.14422429,-0.017212898,0.090024665,-0.019338757,253.66014,254.76918,340.71347,2.3026402,22.931316,0.68185
10,27,10,0.0013421776,0.05148884,0.023179488,0.021477854,0.006831495,0.07612406,-0.003263711,5.5765305,-0.68401974,7.04205,-1.0617932,0.15224811,-0.006527422,0.14655325,-0.017976282,0.08265286,-0.012462316,253.69017,254.88852,341.12988,1.7458129,22.931316,0.6469447
10,28,10,0.0013421776,0.0459431,0.017623806,0.021272637,0.0070466576,0.06637734,-0.0023888662,5.5498257,-0.7336342,7.1520867,-1.3292025,0.13275468,-0.0047777323,0.14585142,-0.01928017,0.08394437,-0.015600914,253.68353,254.90085,340.61823,2.0628366,22.931316,0.67582184
10,29,10,0.0013421776,0.0405952,0.016071223,0.01778504,0.006738934,0.063386165,0.0029177612,5.074534,-0.17087215,6.99418,-1.446028,0.12677233,0.0058355224,0.13336056,-0.0044905813,0.08209101,-0.016972091,253.69093,254.88872,340.91138,1.6169002,22.930248,0.5344953
10,30,10,0.0013421776,0.042316,0.018300876,0.017496897,0.006518225,0.067640364,0.0021553629,5.0332584,-0.10771495,6.878692,-0.9660628,0.13528073,0.0043107257,0.13227583,-0.0028307848,0.08073553,-0.01133872,253.68932,254.88371,341.20532,1.0737777,22.930248,0.50913805
10,31,10,0.0013421776,0.03953742,0.015534725,0.017490368,0.0065123243,0.06231919,0.0013963892,5.032319,-0.03166715,6.875578,-1.1821998,0.12463838,0.0027927784,0.13225116,-0.0008322181,0.080698974,-0.013875534,253.63007,254.72069,340.39038,1.213867,22.930248,0.51190114
10,32,10,0.0013421776,0.039670907,0.0158171,0.017104043,0.006749763,0.06288303,0.003972824,4.9764323,-0.16181244,6.9997973,-1.555812,0.12576605,0.007945648,0.13078243,-0.004252488,0.08215694,-0.018260635,253.61636,254.6248,340.38513,1.7176244,22.930248,0.47594854
10,33,10,0.0013421776,0.042284366,0.021134926,0.015856484,0.0052929563,0.07268928,0.0053183637,4.791507,0.31811738,6.198554,-0.47990954,0.14537856,0.010636727,0.12592253,0.008360245,0.07275271,-0.0056327195,253.62962,254.69437,340.71835,0.16179216,22.929184,0.4002583
10,34,10,0.0013421776,0.034335483,0.014681525,0.014627727,0.005026231,0.06058367,0.004458452,4.6021104,0.3629342,6.040355,-0.8803127,0.12116734,0.008916904,0.12094514,0.009538043,0.07089592,-0.010332269,253.60258,254.61319,340.33286,0.51737845,22.929184,0.39787957
10,35,10,0.0013421776,0.038611274,0.017450126,0.015921382,0.005239766,0.066049464,0.007358041,4.8013024,0.21824615,6.1673293,-0.8795996,0.13209893,0.014716082,0.12617996,0.0057355887,0.07238623,-0.0103239,253.62239,254.65968,340.68198,0.6613534,22.929184,0.3896993
10,36,10,0.0013421776,0.041744787,0.020311864,0.016011558,0.0054213656,0.07125985,0.0047190627,4.8148804,0.3887007,6.273292,-0.20290177,0.1425197,0.009438125,0.12653679,0.010215196,0.07362992,-0.002381466,253.6423,254.66011,340.835,-0.18579893,22.929184,0.38984686
10,37,10,0.0013421776,0.034179293,0.014068529,0.015269727,0.0048410357,0.059305415,0.006304466,4.702018,0.6754673,5.928029,-0.52784604,0.11861083,0.012608932,0.12357074,0.017751522,0.06957755,-0.006195352,253.62788,254.708,340.20703,-0.14762127,22.928144,0.4212409
10,38,10,0.0013421776,0.036896437,0.016156271,0.016016811,0.0047233566,0.06355366,0.010012239,4.81567,0.51346254,5.855534,-0.8951559,0.12710732,0.020024478,0.12655754,0.013493981,0.06872668,-0.010506485,253.66603,254.78085,340.92844,0.38169336,22.928144,0.42392364
10,39,10,0.0013421776,0.042732246,0.020049378,0.017208925,0.0054739425,0.07079791,0.008325079,4.9916663,0.6149361,6.3036385,-0.21000278,0.14159583,0.016650159,0.13118279,0.016160745,0.0739861,-0.0024648116,253.6932,254.82118,341.268,-0.40493333,22.928144,0.4473636
10,40,10,0.0013421776,0.03623956,0.0144730015,0.016638642,0.005127918,0.060151894,0.0068848804,4.908261,0.6468141,6.101151,-0.6854157,0.12030379,0.013769761,0.12899086,0.016998509,0.07160948,-0.008044756,253.69107,254.82579,340.53128,0.038601577,22.928144,0.43652144
10,41,10,0.0013421776,0.038534973,0.016757479,0.017128525,0.004648969,0.06472534,0.010265304,4.9799914,0.54159397,5.809243,-0.94884497,0.12945068,0.020530608,0.13087599,0.014233286,0.06818335,-0.011136635,253.74953,255.00801,341.01492,0.407251,22.927118,0.47569057
10,42,10,0.0013421776,0.041098967,0.019713745,0.016004363,0.0053808605,0.07020282,0.008516037,4.8137984,0.5353168,6.249814,-0.30242473,0.14040564,0.017032074,0.12650836,0.014068319,0.07335435,-0.0035495735,253.82242,255.37326,341.3128,-0.2328921,22.927118,0.46595773
10,43,10,0.0013421776,0.03889121,0.018483987,0.01577267,0.004634551,0.06797791,0.007887772,4.778827,0.55255765,5.8002276,-0.55278504,0.13595583,0.015775545,0.1255893,0.014521415,0.068077534,-0.006488063,253.80334,255.40822,340.6408,0.00022739172,22.927118,0.42578515
10,44,10,0.0013421776,0.035637215,0.015825722,0.015106733,0.0047047567,0.06290016,0.010180778,4.6768556,0.4024513,5.8439946,-1.0865917,0.12580033,0.020361556,0.12290945,0.010576565,0.06859123,-0.012753379,253.79303,255.3018,341.26843,0.68414044,22.927118,0.42449817
10,45,10,0.0013421776,0.037351172,0.018036475,0.013645868,0.00566883,0.067149974,0.009398112,4.4449744,0.62272125,6.414871,-0.38568208,0.13429995,0.018796224,0.11681553,0.016365342,0.07529163,-0.0045267665,253.74649,255.05118,341.50522,-0.23703918,22.9261,0.42130262
10,46,10,0.0013421776,0.031763993,0.012951462,0.013831742,0.0049807904,0.056902245,0.008663834,4.475145,0.745165,6.0129886,-0.68213856,0.11380449,0.017327668,0.11760843,0.019583207,0.070574716,-0.008006291,253.64546,254.657,340.55035,-0.06302643,22.9261,0.41204846
10,47,10,0.0013421776,0.03236398,0.0129873175,0.014736626,0.0046400363,0.056980956,0.010538167,4.61921,0.6492459,5.80366,-1.0022225,0.11396191,0.021076335,0.12139451,0.017062418,0.06811781,-0.011763133,253.58183,254.23796,340.53717,0.35297662,22.9261,0.4596266
10,48,10,0.0013421776,0.034650307,0.015109414,0.014442553,0.005098339,0.06146018,0.009024783,4.572889,0.88639086,6.083529,-0.2588591,0.12292036,0.018049566,0.12017717,0.023294672,0.071402654,-0.003038241,253.54568,254.02878,340.55106,-0.62753177,22.9261,0.44664952
10,49,10,0.0013421776,0.030388452,0.011913348,0.013910579,0.004564526,0.054574143,0.006469045,4.48788,0.9628986,5.7562423,-0.5071818,0.10914829,0.01293809,0.117943116,0.02530532,0.067561276,-0.005952816,253.47688,253.86415,339.53763,-0.4557168,22.925097,0.41565293
10,50,10,0.0013421776,0.03287323,0.013797012,0.014649228,0.004426986,0.05873034,0.008610989,4.605492,0.7799135,5.6688547,-0.96489197,0.11746068,0.017221978,0.121034,0.020496415,0.0665356,-0.011324982,253.47711,253.81854,339.80075,0.18497849,22.925097,0.46417812
10,51,10,0.0013421776,0.03505601,0.015646942,0.014440007,0.004969061,0.06254387,0.0069413786,4.5724854,1.0292159,6.0059047,-0.47876146,0.12508774,0.013882757,0.12016658,0.02704816,0.07049157,-0.005619246,253.49376,253.76834,339.97263,-0.5504545,22.925097,0.43773842
10,52,10,0.0013421776,0.03201712,0.012562773,0.014586716,0.0048676287,0.05604189,0.0057082055,4.5956554,1.0184517,5.9442887,-0.86608315,0.11208378,0.011416411,0.120775476,0.026765283,0.06976839,-0.010165258,253.48163,253.74352,339.2301,-0.15236855,22.925097,0.38425675
10,53,10,0.0013421776,0.027751556,0.011729762,0.011473482,0.0045483126,0.054152012,0.0057270345,4.0758324,0.9346593,5.746009,-1.1437842,0.108304024,0.011454069,0.10711434,0.024563182,0.06744118,-0.013424648,253.49272,253.7148,339.8097,0.20912486,22.924103,0.29875222
10,54,10,0.0013421776,0.031528845,0.014566896,0.012028764,0.0049331845,0.060346697,0.004456037,4.1732955,1.2128754,5.9841833,-0.6113952,0.12069339,0.008912074,0.10967572,0.031874806,0.07023663,-0.007175974,253.47717,253.61916,339.86893,-0.6014802,22.924103,0.2703236
10,55,10,0.0013421776,0.028149117,0.0107997935,0.012700215,0.004649109,0.051961027,0.0029228933,4.288192,1.2612165,5.8093305,-0.62516665,0.103922054,0.0058457865,0.11269523,0.03314523,0.068184376,-0.00733761,253.43951,253.50519,339.04736,-0.63604987,22.924103,0.28355858
10,56,10,0.0013421776,0.027373139,0.012162133,0.011271202,0.0039398046,0.05514103,0.0056486395,4.0397434,0.96641093,5.347842,-1.0482707,0.11028206,0.011297279,0.106165916,0.025397627,0.06276786,-0.0123036,253.47404,253.58238,339.69824,0.08185977,22.924103,0.30118176
10,57,10,0.0013421776,0.027972734,0.013902024,0.010151959,0.0039187497,0.058953423,0.0014969939,3.8339248,1.1634514,5.333533,-0.19075912,0.117906846,0.0029939879,0.10075693,0.030575925,0.06259992,-0.0022389486,253.51921,253.74234,340.24573,-0.9726923,22.923115,0.23704936
10,58,10,0.0013421776,0.028072624,0.012447464,0.011602369,0.0040227906,0.055784103,-0.0005744993,4.098661,1.0442774,5.4038706,-0.47694835,0.111568205,-0.0011489986,0.107714295,0.027443986,0.063425474,-0.005597964,253.5141,253.83865,339.47687,-0.56732905,22.923115,0.25764164
10,59,10,0.0013421776,0.02602934,0.011507272,0.010434452,0.0040876153,0.053635977,0.0017687371,3.8869014,0.7257706,5.4472365,-0.995806,0.107271954,0.0035374742,0.102149166,0.01907351,0.06393446,-0.01168782,253.54944,253.9496,340.11682,0.2700354,22.923115,0.256304
10,60,10,0.0013421776,0.03052384,0.014689391,0.011513776,0.0043206746,0.060599897,0.00081284274,4.0829825,1.0640807,5.600374,-0.5228546,0.121199794,0.0016256855,0.10730226,0.027964422,0.06573184,-0.0061367685,253.53902,253.85571,340.22668,-0.5412261,22.923115,0.26054484
10,61,10,0.0013421776,0.027640793,0.012010336,0.0115705775,0.004059881,0.05479584,-0.002609967,4.093042,1.0939864,5.428725,-0.11888751,0.10959168,-0.005219934,0.10756662,0.028750353,0.063717194,-0.001395388,253.4823,253.61859,339.48666,-0.9750989,22.922112,0.3285616
10,62,10,0.0013421776,0.026428588,0.012229917,0.010237208,0.0039614635,0.055294476,-0.00089049316,3.8499882,0.78499293,5.3625216,-0.50046086,0.11058895,-0.0017809863,0.101179086,0.020629898,0.06294016,-0.0058739316,253.49522,253.59828,339.6999,-0.28453207,22.922112,0.28760898
10,63,10,0.0013421776,0.031979024,0.015449578,0.012313441,0.0042160056,0.062148165,-0.0021208893,4.2223907,1.0640787,5.5321226,-0.20981564,0.12429633,-0.0042417785,0.110965945,0.027964372,0.064930774,-0.002462616,253.48323,253.5369,339.60956,-0.85426307,22.922112,0.36077222
10,64,10,0.0013421776,0.027765015,0.010848238,0.012937673,0.003979103,0.05207744,-0.003288082,4.3280945,1.0392544,5.3744473,-0.31236714,0.10415488,-0.006576164,0.113743894,0.027311983,0.06308013,-0.0036662675,253.42099,253.3692,338.77664,-0.7268873,22.922112,0.38444132
10,65,10,0.0013421776,0.026251297,0.011202342,0.010926091,0.0041228654,0.052920558,-0.002885839,3.9774165,0.8434587,5.470673,-0.17197537,0.105841115,-0.005771678,0.10452794,0.022166403,0.06420954,-0.0020184836,253.36826,253.07253,339.15186,-0.67148334,22.92108,0.35780144
10,66,10,0.0013421776,0.026821624,0.010845112,0.011801703,0.004174811,0.052069932,-0.0027149257,4.1337194,1.1530055,5.5050297,0.21863179,0.104139864,-0.0054298514,0.10863564,0.030301407,0.064612776,0.0025660896,253.30872,252.76405,339.149,-1.3716372,22.92108,0.4049623
10,67,10,0.0013421776,0.026521213,0.009972393,0.012586885,0.003961935,0.049930934,-0.004012257,4.2690163,1.1643443,5.362841,0.3300292,0.09986187,-0.008024514,0.11219129,0.03059939,0.062943906,0.0038735655,253.22563,252.43951,338.18552,-1.4943736,22.92108,0.38616967
10,68,10,0.0013421776,0.02749536,0.011692862,0.011911138,0.0038913598,0.05406677,-0.0015441175,4.1528416,1.1204867,5.314861,-0.1387719,0.10813354,-0.003088235,0.10913816,0.029446797,0.062380765,-0.0016287721,253.18263,252.13895,338.3287,-0.98171484,22.92108,0.35080376
10,69,10,0.0013421776,0.028479198,0.0121254865,0.012350077,0.004003635,0.055057894,-0.0034081975,4.2286673,1.1405149,5.39099,0.49891362,0.11011579,-0.006816395,0.1111309,0.029973136,0.06327429,0.005855774,253.1826,252.13068,338.25906,-1.6394285,22.920013,0.38830754
10,70,10,0.0013421776,0.027039481,0.00988996,0.01258217,0.004567351,0.04972414,-0.0045520454,4.268216,1.0562993,5.7580233,0.57799214,0.09944828,-0.009104091,0.11217027,0.02775993,0.06758218,0.006783919,253.19223,252.29073,337.7016,-1.6342914,22.920013,0.37592986
10,71,10,0.0013421776,0.025798075,0.010462752,0.011006931,0.0043283924,0.051143795,-0.0019730744,3.9921036,0.7415311,5.605373,0.22661352,0.10228759,-0.003946149,0.10491392,0.019487705,0.06579052,0.0026597749,253.24199,252.41177,338.15326,-0.9681446,22.920013,0.33589688
10,72,10,0.0013421776,0.028710805,0.012186795,0.011975192,0.0045488183,0.055196907,-0.0021847747,4.1639924,0.9427366,5.746329,0.34616026,0.110393815,-0.0043695495,0.10943122,0.024775462,0.06744493,0.0040629,253.28278,252.52965,338.67468,-1.2888969,22.920013,0.4012317
10,73,10,0.0013421776,0.02628113,0.010847954,0.011182197,0.004250978,0.052076757,-0.0037196847,4.023762,0.6856848,5.5550203,0.6947507,0.104153514,-0.0074393693,0.10574591,0.018020043,0.065199524,0.00815432,253.25316,252.5093,337.84662,-1.3804355,22.918917,0.32060465
10,74,10,0.0013421776,0.025110194,0.010688417,0.009961577,0.0044602,0.0516924,-0.0022194711,3.7978055,0.41917446,5.69008,0.2755148,0.1033848,-0.0044389423,0.0998077,0.011016055,0.06678473,0.0032337278,253.2416,252.39108,338.0641,-0.6946893,22.918917,0.28492102
10,75,10,0.0013421776,0.027911823,0.011262148,0.012128182,0.0045214933,0.053061634,-0.0033259476,4.1905065,0.845153,5.729044,0.54492915,0.10612327,-0.006651895,0.11012802,0.02221092,0.06724205,0.0063958582,253.1852,252.06564,338.07498,-1.3900821,22.918917,0.38489506
10,76,10,0.0013421776,0.02729179,0.010891969,0.011788078,0.0046117427,0.0521823,-0.004645614,4.131333,0.8856737,5.7859383,0.5665196,0.1043646,-0.009291228,0.108572915,0.023275828,0.067909814,0.0066492637,253.12457,251.76738,337.1591,-1.4521933,22.918917,0.32837012
10,77,10,0.0013421776,0.022536153,0.010335152,0.008250241,0.0039507593,0.050830975,-0.0025442403,3.456225,0.1164047,5.3552713,0.42826897,0.10166195,-0.0050884807,0.09083084,0.003059156,0.062855065,0.0050266143,253.17035,251.96204,337.689,-0.5446737,22.917793,0.19601442
10,78,10,0.0013421776,0.023991251,0.011327861,0.008857252,0.0038061382,0.05321621,-0.0009054409,3.581114,0.28059044,5.2563405,0.5007203,0.10643242,-0.0018108818,0.09411298,0.007374019,0.061693907,0.0058769765,253.20312,252.1833,338.1068,-0.7813108,22.917793,0.23762077
10,79,10,0.0013421776,0.023937702,0.009872845,0.01019704,0.003867817,0.049681097,-0.0036637362,3.8424277,0.22264847,5.298759,0.574248,0.099362195,-0.0073274723,0.10098039,0.005851282,0.062191777,0.006739976,253.15846,252.12152,337.30612,-0.79689646,22.917793,0.22452222
10,80,10,0.0013421776,0.024475327,0.010299695,0.010063565,0.0041120662,0.050743707,-0.0017633694,3.817197,-0.03196177,5.4635034,0.1553411,0.10148741,-0.0035267388,0.10031732,-0.00083996553,0.0641254,0.0018232455,253.13893,251.98041,337.6068,-0.123379335,22.917793,0.23163773
10,81,10,0.0013421776,0.025846826,0.012289212,0.009639112,0.0039185,0.05542836,-0.00088198576,3.7358305,0.0427747,5.333363,0.28780624,0.11085672,-0.0017639715,0.09817898,0.0011241364,0.06259792,0.0033779945,253.10202,251.73714,337.47412,-0.33058095,22.91664,0.21291783
10,82,10,0.0013421776,0.025859337,0.010884522,0.011055422,0.003919393,0.052164458,-0.0035081853,4.000888,0.116498,5.33397,0.53544563,0.104328915,-0.0070163705,0.10514477,0.0030616089,0.06260505,0.00628455,253.04611,251.48012,336.52603,-0.6519436,22.91664,0.21450979
10,83,10,0.0013421776,0.02330239,0.010296802,0.008923431,0.0040821563,0.05073658,-0.002109027,3.5944679,-0.17505322,5.4435973,0.13623972,0.10147316,-0.004218054,0.094463915,-0.004600465,0.06389175,0.0015990518,253.02628,251.3243,336.99353,0.0388135,22.91664,0.19973736
10,84,10,0.0013421776,0.023501122,0.010106283,0.0092568565,0.004137984,0.050265007,-0.001194185,3.661006,0.13001317,5.4806952,0.16671042,0.10053001,-0.00238837,0.09621256,0.0034167934,0.064327165,0.0019566878,252.9916,251.22987,337.0434,-0.2967236,22.91664,0.21670322
10,85,10,0.0013421776,0.023983508,0.009616731,0.010371051,0.0039957277,0.049032465,-0.0016466451,3.8750744,-0.25447002,5.385663,0.55442107,0.09806493,-0.0032932903,0.10183836,-0.0066875685,0.06321177,0.0065072654,252.9229,251.02237,336.17636,-0.29995105,22.915459,0.26664922
10,86,10,0.0013421776,0.023496972,0.009820284,0.009972272,0.0037044163,0.049548674,-0.00066184514,3.7998438,-0.53896034,5.1856246,0.13101822,0.09909735,-0.0013236903,0.099861264,-0.014164071,0.060863916,0.0015377669,252.90219,250.9292,336.31717,0.40794212,22.915459,0.2561022
10,87,10,0.0013421776,0.024835175,0.011535628,0.009625845,0.0036737018,0.05370202,-9.30223e-5,3.7332587,-0.13665155,5.164082,0.14612907,0.10740404,-0.0001860446,0.09811139,-0.0035912532,0.06061107,0.0017151233,252.83444,250.61794,336.21835,-0.009477526,22.915459,0.23051973
10,88,10,0.0013421776,0.024392083,0.0097829085,0.010832923,0.0037762527,0.049454294,-0.0023566014,3.9604223,-0.08297417,5.235664,0.4795906,0.09890859,-0.004713203,0.10408133,-0.0021805896,0.061451223,0.005628976,252.7279,250.18999,335.2002,-0.39661643,22.915459,0.24379472
10,89,10,0.0013421776,0.022583244,0.009039238,0.010026025,0.0035179823,0.047537453,-0.0011607446,3.810071,-0.43734545,5.053451,0.22532925,0.09507491,-0.0023214892,0.10013004,-0.011493593,0.059312582,0.0026446993,252.67583,249.91563,335.26538,0.2120162,22.914246,0.30369878
10,90,10,0.0013421776,0.023537932,0.0099449195,0.010017818,0.0035751946,0.04986211,-0.00089403265,3.8085115,0.008835648,5.094377,0.12561935,0.09972422,-0.0017880653,0.10008905,0.00023220645,0.059792932,0.0014743997,252.64697,249.7978,335.2863,-0.134455,22.914246,0.23120645
10,91,10,0.0013421776,0.02649654,0.010247147,0.012386912,0.003862481,0.050614096,-0.002078269,4.2349687,-0.07884405,5.295103,0.3598795,0.10122819,-0.004156538,0.111296505,-0.0020720495,0.06214886,0.0042239223,252.59166,249.66312,334.3793,-0.28103545,22.914246,0.26045606
10,92,10,0.0013421776,0.026572244,0.011244725,0.011447084,0.0038804351,0.053020574,-0.00026318966,4.071141,-0.25047702,5.307395,-0.063707046,0.10604115,-0.0005263793,0.106991045,-0.0065826294,0.06229314,-0.0007477321,252.5505,249.4538,334.3556,0.31418407,22.914246,0.2917992
10,93,10,0.0013421776,0.024416244,0.010290182,0.010480518,0.0036455425,0.050720267,-0.0012096744,3.8954718,0.11463362,5.144253,-0.06956131,0.101440534,-0.0024193488,0.102374405,0.0030126122,0.060378328,-0.00081644446,252.50015,249.1661,334.25308,-0.04507231,22.913,0.2381842
10,94,10,0.0013421776,0.028731035,0.011195779,0.013668496,0.0038667598,0.052905053,-0.003439642,4.448658,0.210216,5.298035,0.107566714,0.105810106,-0.006879284,0.11691234,0.0055245534,0.062183276,0.0012625154,252.46078,249.00714,333.5299,-0.3177827,22.913,0.26298118
10,95,10,0.0013421776,0.026644632,0.010294617,0.012347673,0.004002343,0.050731197,-0.0024840229,4.2282553,0.06642112,5.3901186,-0.2709272,0.101462394,-0.0049680457,0.11112008,0.0017455725,0.06326407,-0.0031798845,252.49078,249.05272,333.88336,0.20450607,22.913,0.27608815
10,96,10,0.0013421776,0.028161801,0.010132646,0.013748613,0.004280541,0.050330523,-0.002324825,4.461677,0.36080652,5.574303,-0.20021881,0.10066105,-0.00464965,0.11725448,0.009482124,0.06542584,-0.0023499762,252.51898,249.23068,334.09683,-0.16058771,22.913,0.25221512
10,97,10,0.0013421776,0.029718734,0.010943429,0.014862571,0.0039127357,0.052305423,-0.0035440836,4.638907,0.24992162,5.3294387,0.3447231,0.104610845,-0.007088167,0.121912144,0.006568031,0.06255186,0.00404603,252.51282,249.34213,333.64185,-0.5946447,22.911726,0.25774235
10,98,10,0.0013421776,0.026758745,0.008696638,0.014210947,0.00385116,0.046627883,-0.0024462827,4.5360746,0.13479733,5.2873373,-0.004886656,0.093255766,-0.0048925653,0.11920968,0.0035425208,0.062057715,-5.7354606e-5,252.51767,249.369,334.11124,-0.12991068,22.911726,0.28861448
10,99,10,0.0013421776,0.026627969,0.009443486,0.013209701,0.0039747814,0.0485888,-0.0015430781,4.373359,0.39112815,5.371528,-0.19727641,0.0971776,-0.0030861562,0.11493346,0.0102789905,0.06304587,-0.0023154428,252.49976,249.38333,334.30215,-0.19385174,22.911726,0.25479636
10,100,10,0.0013421776,0.028023707,0.010179737,0.013740038,0.004103933,0.05044734,-0.0035780577,4.460285,0.2878601,5.4580984,0.114333905,0.10089468,-0.0071561155,0.117217906,0.007565069,0.06406195,0.001341942,252.43916,249.17683,333.68198,-0.402194,22.911726,0.26093617
