ic,traj,n_steps,eta,loss_total,loss_T,loss_olw,loss_slwd,rmse_T,bias_T,rmse_olw,bias_olw,rmse_slwd,bias_slwd,nrmse_T,nbias_T,nrmse_olw,nbias_olw,nrmse_slwd,nbias_slwd,mean_T,mean_olw,mean_slwd,bias_C,pnorm,gnorm
1,1,10,0.01,3.413556,0.25923994,1.9999803,1.1543357,0.25457805,0.052906238,53.812294,-3.81823,91.53924,18.833994,0.5091561,0.105812475,1.4142066,-0.100344434,1.0744002,0.22105546,252.26073,248.5709,332.51633,-15.015764,23.21037,17.861088
1,2,10,0.01,3.4626956,0.26184937,2.0127313,1.1881149,0.2558561,0.05115313,53.983566,-3.4301054,92.86894,18.268543,0.5117122,0.10230626,1.4187076,-0.09014434,1.0900068,0.21441881,252.1992,248.24219,332.40903,-14.838438,23.21037,17.92395
1,3,10,0.01,3.468326,0.26427707,2.0023363,1.2017127,0.25703943,0.04452421,53.843983,-2.5773501,93.39885,18.232845,0.51407886,0.08904842,1.4150393,-0.067733645,1.0962266,0.21399978,252.13222,247.94975,332.31287,-15.655495,23.21037,17.853542
1,4,10,0.01,3.4049459,0.2636214,1.968787,1.1725374,0.25672036,0.049406786,53.390995,-2.8618016,92.258125,19.786896,0.5134407,0.09881357,1.4031347,-0.075209126,1.0828377,0.23223965,252.07927,247.7753,331.5556,-16.925095,23.21037,17.625357
1,5,10,0.01,1.0501704,0.13272758,0.60917073,0.3082721,0.18215898,0.007133756,29.698753,15.4275,47.305145,24.268906,0.36431795,0.014267512,0.7804939,0.40544027,0.5552226,0.28484523,252.05147,247.58623,331.75314,-39.696404,23.23594,6.623456
1,6,10,0.01,1.0257642,0.13702337,0.58761877,0.3011221,0.18508334,0.0017585062,29.168661,16.622828,46.75333,25.076284,0.3701667,0.0035170123,0.76656294,0.4368539,0.54874593,0.2943215,252.01897,247.52878,331.92337,-41.699112,23.23594,6.5268345
1,7,10,0.01,1.0783926,0.13194554,0.63968104,0.306766,0.18162154,0.008699532,30.433395,15.616386,47.18944,24.761148,0.36324307,0.017399063,0.79980063,0.41040418,0.5538646,0.29062274,251.95691,247.36429,331.3289,-40.377533,23.23594,6.863398
1,8,10,0.01,1.0498774,0.13632454,0.6094206,0.30413228,0.18461077,0.0047694277,29.704842,15.880998,46.986435,24.002848,0.36922154,0.009538855,0.78065395,0.41735825,0.5514819,0.28172255,251.95079,247.28433,331.69382,-39.883846,23.23594,6.6835046
1,9,10,0.01,0.7013091,0.089484066,0.20170617,0.41011888,0.14956944,-0.026467545,17.089457,-3.9909797,54.562733,-23.446688,0.29913887,-0.05293509,0.4491171,-0.1048844,0.64040524,-0.2751948,251.92105,247.15909,331.89072,27.437668,23.2673,5.969679
1,10,10,0.01,0.73517394,0.08145813,0.22922042,0.42449543,0.14270435,-0.018119492,18.217773,-4.5625405,55.510826,-23.134506,0.2854087,-0.036238983,0.4787697,-0.11990522,0.6515331,-0.27153078,251.8907,247.18964,331.3462,27.697046,23.2673,5.987615
1,11,10,0.01,0.75317246,0.08643842,0.23903356,0.42770046,0.14700206,-0.01963688,18.60365,-4.7825975,55.719994,-23.98013,0.2940041,-0.03927376,0.4889106,-0.12568837,0.6539881,-0.28145587,251.8666,247.06316,331.54025,28.762726,23.2673,6.1012435
1,12,10,0.01,0.74742085,0.09330667,0.24126124,0.41285294,0.1527307,-0.025771052,18.690136,-3.8849056,54.744305,-23.43851,0.3054614,-0.051542103,0.49118352,-0.102096714,0.64253634,-0.27509886,251.82814,246.93076,331.5993,27.323416,23.2673,6.028597
1,13,10,0.01,0.40425232,0.069789544,0.15615,0.17831278,0.13208856,-0.025087291,15.036254,3.5864882,35.977623,4.2204533,0.2641771,-0.050174583,0.3951582,0.09425422,0.42227098,0.049535636,251.78645,246.86952,331.05295,-7.8069415,23.292568,2.8960865
1,14,10,0.01,0.40834582,0.071182914,0.15779544,0.17936747,0.13340063,-0.026758665,15.115269,3.3578186,36.083866,3.5367222,0.26680127,-0.05351733,0.39723474,0.0882447,0.42351797,0.041510668,251.76985,246.7719,331.27786,-6.894541,23.292568,2.812265
1,15,10,0.01,0.41964322,0.08196679,0.1657734,0.17190301,0.14314921,-0.031368714,15.492663,4.0683336,35.32506,4.374944,0.28629842,-0.06273743,0.4071528,0.10691728,0.41461188,0.051348917,251.71179,246.5844,331.20627,-8.443277,23.292568,2.7830663
1,16,10,0.01,0.4197399,0.076237865,0.17069769,0.17280436,0.13805602,-0.025595937,15.721084,3.9947436,35.417557,4.902557,0.27611205,-0.051191874,0.41315576,0.1049833,0.41569743,0.057541523,251.63853,246.3779,330.3019,-8.897301,23.292568,2.7571244
1,17,10,0.01,0.32213414,0.061671577,0.106689766,0.15377282,0.12416881,-0.01575351,12.428823,0.35236368,33.41035,0.90620774,0.24833763,-0.03150702,0.326634,0.009260252,0.39213878,0.010636199,251.63788,246.24348,330.22427,-1.2585714,23.310026,2.2004008
1,18,10,0.01,0.32352945,0.06906724,0.10373669,0.15072551,0.13140324,-0.01964837,12.255608,0.7155919,33.077644,1.364383,0.26280648,-0.03929674,0.3220818,0.018806024,0.38823384,0.016013838,251.67389,246.40558,330.4229,-2.079975,23.310026,2.0764093
1,19,10,0.01,0.32977027,0.06818083,0.10772873,0.15386072,0.1305573,-0.01201305,12.489195,0.4366976,33.419895,1.1652721,0.2611146,-0.0240261,0.32822055,0.011476577,0.39225084,0.013676874,251.65025,246.49791,330.0138,-1.6019697,23.310026,2.12479
1,20,10,0.01,0.3256596,0.066946626,0.10208933,0.15662365,0.12937023,-0.0153972525,12.157908,0.31159818,33.718624,0.8808378,0.25874045,-0.030794505,0.31951421,0.0081889145,0.39575705,0.010338425,251.625,246.35127,330.4561,-1.192436,23.310026,2.227751
1,21,10,0.01,0.21632838,0.06211938,0.062782235,0.091426775,0.1246188,-0.009133205,9.534261,-1.0783552,25.761898,3.8942184,0.2492376,-0.01826641,0.25056383,-0.028339572,0.3023686,0.045706622,251.56427,246.07457,330.3989,-2.8158631,23.322926,1.2253233
1,22,10,0.01,0.21454139,0.06398882,0.061105642,0.08944693,0.12648006,-0.0041027926,9.406095,-1.0021032,25.481438,4.553071,0.25296012,-0.008205585,0.24719556,-0.026335632,0.2990768,0.053439602,251.48386,245.78645,329.6571,-3.5509677,23.322926,1.2298952
1,23,10,0.01,0.21742992,0.06274121,0.06471905,0.08996965,0.12524098,-0.0069603077,9.680208,-1.0865955,25.555782,4.1215477,0.25048196,-0.013920615,0.2543994,-0.028556116,0.2999494,0.04837479,251.44179,245.53473,329.8091,-3.0349522,23.322926,1.2156705
1,24,10,0.01,0.22845826,0.065177806,0.07328164,0.08999881,0.12764972,-0.011964815,10.300688,-0.33733028,25.559927,4.2927423,0.25529945,-0.02392963,0.27070582,-0.008865156,0.29999802,0.050384108,251.40213,245.38422,329.71378,-3.955412,23.322926,1.2175022
1,25,10,0.01,0.2370886,0.059931338,0.08307592,0.09408136,0.12240439,0.00073340593,10.967465,2.1652324,26.133224,8.578207,0.24480878,0.0014668119,0.28822893,0.056903087,0.30672684,0.10068281,251.37224,245.34642,329.18073,-10.74344,23.335575,2.2604733
1,26,10,0.01,0.23705694,0.059433214,0.08186475,0.09575897,0.12189464,0.0004622298,10.887224,1.7337372,26.365196,7.761596,0.24378929,0.0009244596,0.28612018,0.045563243,0.30944946,0.09109823,251.37373,245.38492,329.44574,-9.495334,23.335575,2.206294
1,27,10,0.01,0.23855993,0.058728322,0.08394184,0.09588977,0.121169634,-0.0033129354,11.024474,2.2204273,26.383194,8.040056,0.24233927,-0.0066258707,0.28972718,0.058353633,0.30966073,0.094366506,251.38387,245.43152,329.42593,-10.260484,23.335575,2.2328923
1,28,10,0.01,0.24424416,0.06372755,0.08491845,0.09559816,0.12622158,0.002499888,11.088421,1.9187313,26.343046,8.863524,0.25244316,0.004999776,0.2914077,0.05042494,0.30918953,0.10403157,251.41597,245.63701,328.94748,-10.782256,23.335575,2.2501705
1,29,10,0.01,0.18442246,0.054852664,0.054689363,0.074880436,0.11710323,0.0034924692,8.898567,-1.5627987,23.314465,-3.9282744,0.23420645,0.0069849384,0.23385757,-0.04107092,0.2736429,-0.046106324,251.50795,245.96112,329.7668,5.491073,23.348343,1.2160356
1,30,10,0.01,0.18918592,0.057275295,0.058579247,0.07333136,0.11966129,0.00036325058,9.209596,-1.0919368,23.072044,-3.8173046,0.23932257,0.00072650117,0.2420315,-0.028696498,0.27079764,-0.04480388,251.58807,246.34262,330.09915,4.9092417,23.348343,1.2026813
1,31,10,0.01,0.19193193,0.06217536,0.055386625,0.074369945,0.12467494,0.0074899546,8.955113,-1.4468341,23.234856,-3.1601152,0.24934988,0.014979909,0.23534364,-0.03802332,0.27270854,-0.037090417,251.60365,246.52762,329.6616,4.6069493,23.348343,1.26145
1,32,10,0.01,0.1950736,0.06068998,0.05770377,0.07667986,0.12317668,0.003390202,9.140516,-1.706323,23.592932,-3.9076939,0.24635336,0.006780404,0.24021609,-0.044842783,0.2769113,-0.045864783,251.61838,246.48578,330.31946,5.614017,23.348343,1.2149292
1,33,10,0.01,0.15378499,0.057557635,0.057142146,0.03908521,0.11995586,0.0039651347,9.095927,-0.8414604,16.844086,-2.9980435,0.23991172,0.007930269,0.23904423,-0.02211389,0.1976998,-0.03518817,251.61865,246.45918,330.47992,3.839504,23.360973,1.1134297
1,34,10,0.01,0.15330867,0.05613824,0.056746088,0.04042435,0.11846755,0.011408539,9.064348,-1.3844203,17.130213,-2.5041788,0.2369351,0.022817077,0.23821437,-0.036383066,0.20105807,-0.02939166,251.62627,246.66656,330.1144,3.888599,23.360973,1.2258534
1,35,10,0.01,0.15269414,0.054575097,0.056129094,0.04198995,0.11680657,0.0088856565,9.014937,-1.7281373,17.45878,-3.5495298,0.23361313,0.017771313,0.2369158,-0.04541608,0.2049145,-0.041660994,251.66483,246.71489,330.92218,5.277667,23.360973,1.3059651
1,36,10,0.01,0.15104458,0.05273714,0.057327464,0.040979967,0.11482284,0.007093104,9.110664,-0.9933518,17.247534,-3.1775398,0.22964568,0.014186208,0.23943155,-0.026105648,0.20243509,-0.037294935,251.67654,246.71457,331.12134,4.170892,23.360973,1.3183383
1,37,10,0.01,0.14125812,0.050953712,0.051525474,0.038778935,0.11286464,0.021459011,8.637334,2.5489874,16.77796,4.494291,0.22572929,0.042918023,0.22699223,0.06698833,0.19692367,0.052749705,251.65692,246.71658,330.47534,-7.043278,23.373491,1.0861716
1,38,10,0.01,0.14076653,0.048207723,0.050625917,0.041932896,0.10978129,0.020349035,8.561604,2.263908,17.446915,3.9459758,0.21956258,0.04069807,0.22500204,0.059496332,0.20477523,0.046314094,251.6138,246.55139,330.3998,-6.2098837,23.373491,1.0886738
1,39,10,0.01,0.15051445,0.05715487,0.052785266,0.040574305,0.119535424,0.016931342,8.742287,2.6769238,17.161955,4.435089,0.23907085,0.033862684,0.22975044,0.070350535,0.20143065,0.05205483,251.59901,246.63414,330.45303,-7.112013,23.373491,1.1591125
1,40,10,0.01,0.14643313,0.05121335,0.055628143,0.039591644,0.11315183,0.024224946,8.974618,2.3050911,16.95286,4.352486,0.22630367,0.048449893,0.23585619,0.06057863,0.19897649,0.051085323,251.59895,246.68991,330.09283,-6.6575775,23.373491,1.104922
1,41,10,0.01,0.13690484,0.047416445,0.046186704,0.04330168,0.108876586,0.02665851,8.177625,1.8033412,17.729382,2.451993,0.21775317,0.05331702,0.21491092,0.04739246,0.20809056,0.028779171,251.64864,246.76584,330.86002,-4.255334,23.385147,1.0790533
1,42,10,0.01,0.14557452,0.05610936,0.046093132,0.043372035,0.118437074,0.022205165,8.169336,2.3331969,17.743778,3.6839335,0.23687415,0.04441033,0.21469311,0.06131727,0.20825954,0.043238506,251.69295,246.90518,331.026,-6.0171304,23.385147,1.1696869
1,43,10,0.01,0.13677397,0.05100942,0.042388104,0.043376453,0.11292633,0.027978126,7.8341274,2.0969446,17.744682,3.2075515,0.22585265,0.055956252,0.20588371,0.05510846,0.20827015,0.03764718,251.70029,246.9536,330.62766,-5.304496,23.385147,1.1123071
1,44,10,0.01,0.13328849,0.046774466,0.041122753,0.045391273,0.10813703,0.026014896,7.716312,1.738732,18.15212,2.4782112,0.21627405,0.052029792,0.20278746,0.045694504,0.21305227,0.029086884,251.75197,247.12653,331.4357,-4.2169433,23.385147,1.0237414
1,45,10,0.01,0.12586287,0.05253379,0.037320796,0.03600829,0.114601254,0.017812135,7.3509607,-1.0458564,16.167484,-3.6688092,0.22920251,0.03562427,0.19318591,-0.027485475,0.18975851,-0.043060977,251.79498,247.25262,331.82343,4.7146654,23.395855,1.0676144
1,46,10,0.01,0.12030706,0.046265315,0.03763192,0.03640983,0.107546866,0.022995511,7.381538,-1.2768055,16.25738,-3.990584,0.21509373,0.045991022,0.19398949,-0.033554915,0.1908136,-0.046837654,251.8067,247.24657,331.37354,5.2673893,23.395855,1.1103264
1,47,10,0.01,0.1264328,0.04662408,0.03973926,0.040069476,0.10796305,0.02189294,7.5854006,-1.7073627,17.054857,-4.4389315,0.2159261,0.04378588,0.19934708,-0.04487011,0.20017362,-0.05209994,251.85924,247.40187,331.78464,6.146294,23.395855,1.1619213
1,48,10,0.01,0.1334888,0.056856528,0.038678784,0.037953496,0.119223036,0.018553201,7.4835052,-1.2212881,16.598434,-3.5117724,0.23844607,0.037106402,0.19666922,-0.032095887,0.19481657,-0.041217834,251.88605,247.62378,332.05127,4.7330604,23.395855,1.1605527
1,49,10,0.01,0.10772338,0.050563138,0.032308016,0.024852224,0.11243124,0.013707395,6.8394914,-1.4801831,13.43148,-3.999855,0.22486249,0.02741479,0.1797443,-0.03889975,0.15764588,-0.04694649,251.84105,247.51483,331.2912,5.480038,23.405848,0.7878153
1,50,10,0.01,0.10790646,0.047764692,0.03451421,0.025627557,0.10927568,0.013088779,7.0691566,-1.7735128,13.639385,-4.8974824,0.21855135,0.026177557,0.18578,-0.046608564,0.1600861,-0.057481967,251.8503,247.46492,331.62405,6.670995,23.405848,0.86484957
1,51,10,0.01,0.107463285,0.052322898,0.030864283,0.02427611,0.114370994,0.007948501,6.6849284,-1.3762577,13.274885,-3.8926673,0.22874199,0.015897002,0.17568234,-0.036168545,0.15580793,-0.045688413,251.88084,247.5709,331.97208,5.2689247,23.405848,0.80550927
1,52,10,0.01,0.10130329,0.045361362,0.033422694,0.022519229,0.10649104,0.012234835,6.9564776,-1.1984246,12.785508,-3.6908345,0.21298207,0.02446967,0.18281874,-0.03149503,0.15006408,-0.04331949,251.85164,247.4424,331.4577,4.8892593,23.405848,0.8475278
1,53,10,0.01,0.10534924,0.043660264,0.035695437,0.02599354,0.10447519,-0.0039347126,7.189108,0.97402,13.736432,1.046671,0.20895039,-0.007869425,0.18893236,0.025597602,0.16122513,0.012284828,251.88135,247.46127,332.03073,-2.020691,23.415007,1.0374085
1,54,10,0.01,0.116526075,0.052741807,0.03587456,0.027909702,0.11482792,-0.0073397546,7.2071238,0.97963446,14.233732,1.7040182,0.22965585,-0.014679509,0.18940581,0.025745146,0.16706197,0.020000132,251.91327,247.65869,332.28046,-2.6836526,23.415007,1.0712671
1,55,10,0.01,0.10304166,0.03996202,0.03693347,0.026146166,0.09995251,-0.0016779719,7.3127165,1.2814515,13.7767,1.8221931,0.19990502,-0.0033559438,0.19218083,0.03367701,0.16169776,0.021387167,251.89374,247.5736,331.7236,-3.1036446,23.415007,0.99108547
1,56,10,0.01,0.10658853,0.043003652,0.03820416,0.025380716,0.10368661,-0.0024682046,7.437449,0.9441199,13.573542,0.91384286,0.20737322,-0.004936409,0.19545884,0.024811812,0.15931326,0.010725816,251.91824,247.64635,332.43048,-1.8579627,23.415007,0.90925986
1,57,10,0.01,0.106391095,0.045979716,0.032470424,0.027940953,0.107214406,-0.014854142,6.8566604,1.276705,14.2417,2.3625927,0.21442881,-0.029708285,0.18019551,0.03355227,0.16715547,0.027729854,251.9528,247.77281,332.72714,-3.6392977,23.423302,0.87458104
1,58,10,0.01,0.10703056,0.039339192,0.037264217,0.03042715,0.09917055,-0.007474915,7.345387,1.5040234,14.861814,2.525037,0.1983411,-0.01494983,0.19303942,0.03952628,0.1744338,0.02963648,252.00446,248.10574,332.21866,-4.0290604,23.423302,0.8312285
1,59,10,0.01,0.10513381,0.040756915,0.038814418,0.02556247,0.10094171,-0.007832701,7.496616,0.60989267,13.622054,1.3269475,0.20188342,-0.015665403,0.19701375,0.016028205,0.15988268,0.015574444,252.11064,248.54095,333.0698,-1.93684,23.423302,0.72707987
1,60,10,0.01,0.1139033,0.049931165,0.035342082,0.028630048,0.11172641,-0.011742938,7.153437,0.5629032,14.416247,1.652023,0.22345282,-0.023485877,0.1879949,0.014793302,0.16920416,0.019389872,252.21672,248.97495,333.6983,-2.2149262,23.423302,0.7982806
1,61,10,0.01,0.09900776,0.03760736,0.034095548,0.02730485,0.096963085,-0.005837013,7.0261507,-0.62142456,14.078654,-0.6323353,0.19392617,-0.011674026,0.1846498,-0.016331263,0.1652418,-0.0074217548,252.27548,249.31581,333.48865,1.2537599,23.430964,0.81547433
1,62,10,0.01,0.09692315,0.040454783,0.033901084,0.022567281,0.10056687,-0.0083629275,7.0060854,-1.5265987,12.799141,-1.6697912,0.20113374,-0.016725855,0.18412247,-0.040119562,0.1502241,-0.019598411,252.36707,249.68568,334.49918,3.19639,23.430964,0.8614258
1,63,10,0.01,0.10558365,0.050057173,0.03080428,0.024722202,0.1118673,-0.012297127,6.6784267,-1.2699089,13.396298,-0.942343,0.2237346,-0.024594255,0.17551148,-0.033373673,0.15723296,-0.01106032,252.40033,249.73598,334.96133,2.212252,23.430964,0.86628854
1,64,10,0.01,0.08995671,0.03437918,0.029914383,0.025663147,0.09270812,-0.005264275,6.581255,-1.0320339,13.648852,-0.56519914,0.18541624,-0.01052855,0.17295775,-0.02712222,0.16019721,-0.006633766,252.37552,249.61746,334.44043,1.597233,23.430964,0.82844216
1,65,10,0.01,0.08471311,0.034236934,0.027431257,0.023044916,0.092516124,-0.00088895106,6.302191,-0.99685794,12.933877,-1.0666504,0.18503225,-0.0017779021,0.16562384,-0.026197787,0.15180552,-0.01251932,252.40302,249.73982,335.02185,2.0635083,23.43764,0.6151806
1,66,10,0.01,0.0940317,0.042868152,0.028056372,0.023107179,0.10352313,-0.0054217726,6.373594,-0.6881686,12.951337,-0.80919385,0.20704626,-0.010843545,0.16750036,-0.018085321,0.15201046,-0.009497544,252.41122,249.80402,335.2229,1.4973624,23.43764,0.64306074
1,67,10,0.01,0.0869181,0.032801803,0.030188384,0.023927916,0.09055634,0.0007972791,6.611326,-0.38998502,13.179341,-0.20680314,0.18111268,0.0015945582,0.17374805,-0.010248943,0.15468651,-0.0024272534,252.38863,249.81,334.71893,0.59678817,23.43764,0.6315186
1,68,10,0.01,0.08717418,0.03326347,0.029076016,0.024834689,0.09119138,-0.0005131587,6.488378,-0.75676364,13.42674,-0.93544793,0.18238276,-0.0010263174,0.17051691,-0.019888023,0.15759026,-0.0109793935,252.39903,249.83473,335.42688,1.6922116,23.43764,0.76650715
1,69,10,0.01,0.091799706,0.043084644,0.024050862,0.024664197,0.1037842,0.0020450114,5.901114,1.0567325,13.380573,1.2890598,0.2075684,0.0040900228,0.1550834,0.027771315,0.15704839,0.0151297515,252.42654,249.8969,335.95667,-2.3457923,23.443117,0.8209337
1,70,10,0.01,0.08086177,0.033411242,0.025058761,0.022391766,0.09139371,0.0067378837,6.023494,1.4149907,12.749273,1.6591964,0.18278742,0.013475767,0.1582996,0.037186466,0.14963879,0.019474056,252.41481,249.94348,335.33545,-3.074187,23.443117,0.81514573
1,71,10,0.01,0.08260581,0.034282204,0.025313022,0.023010585,0.09257727,0.006497163,6.053976,0.9587697,12.92424,1.1152526,0.18515454,0.012994326,0.15910067,0.025196813,0.1516924,0.013089773,252.45845,250.12836,335.69736,-2.0740223,23.443117,0.8108913
1,72,10,0.01,0.0959611,0.046351496,0.02591625,0.023693355,0.10764699,0.0020403303,6.125686,0.9870596,13.114581,1.68073,0.21529397,0.0040806606,0.16098525,0.025940288,0.15392646,0.019726805,252.54411,250.53662,336.21365,-2.6677895,23.443117,0.8270937
1,73,10,0.01,0.081081145,0.036610313,0.022987563,0.021483267,0.095669106,0.013447084,5.7691946,0.618232,12.487957,0.29281342,0.19133821,0.026894169,0.1516165,0.016247364,0.14657171,0.0034367654,252.5994,250.77606,336.00955,-0.91104543,23.447407,0.63866115
1,74,10,0.01,0.08254828,0.0371585,0.023474267,0.021915518,0.0963827,0.011714429,5.8299484,0.28236374,12.612962,-0.67698294,0.1927654,0.023428857,0.15321314,0.0074206176,0.14803891,-0.007945782,252.66292,250.90749,336.762,0.3946192,23.447407,0.74985397
1,75,10,0.01,0.08710163,0.043938838,0.023403246,0.019759543,0.104807965,0.006849813,5.8211226,0.39550322,11.976494,0.13289472,0.20961593,0.013699626,0.15298119,0.010393968,0.14056864,0.0015597892,252.68631,250.94221,336.95566,-0.5283979,23.447407,0.76512605
1,76,10,0.01,0.08300918,0.038432647,0.024901768,0.019674769,0.09802123,0.01469819,6.0045958,0.7527397,11.950774,0.44339058,0.19604246,0.02939638,0.15780294,0.019782273,0.14026678,0.005204094,252.65144,250.92236,336.11743,-1.1961303,23.447407,0.6996555
1,77,10,0.01,0.078657165,0.035789173,0.026800163,0.016067835,0.094590135,0.008136798,6.229274,-1.3909665,10.799904,-2.8921595,0.18918027,0.016273595,0.16370755,-0.036555104,0.12675896,-0.033945408,252.66106,250.8799,336.61728,4.283126,23.451006,0.85844773
1,78,10,0.01,0.07920114,0.03775233,0.025566641,0.015882174,0.0971498,0.0008201286,6.084229,-1.379619,10.737328,-2.3709104,0.1942996,0.0016402572,0.15989572,-0.036256883,0.1260245,-0.027827479,252.70099,250.94101,337.05554,3.7505293,23.451006,0.7430497
1,79,10,0.01,0.079568535,0.032034777,0.029522562,0.018011197,0.08949131,0.009753639,6.538012,-0.96073973,11.434378,-1.7311243,0.17898262,0.019507278,0.17182131,-0.025248593,0.1342058,-0.020318288,252.70486,251.03314,336.48193,2.691864,23.451006,0.7583891
1,80,10,0.01,0.07869139,0.03510785,0.026495375,0.017088164,0.09368545,0.008350027,6.1937504,-1.4617658,11.13753,-2.8061514,0.1873709,0.016700054,0.162774,-0.03841573,0.1307217,-0.03293593,252.76898,251.2739,337.37738,4.267917,23.451006,0.84859335
1,81,10,0.01,0.07042459,0.03514266,0.019668765,0.015613159,0.09373188,-0.006889705,5.3365083,-0.15415253,10.646005,0.040452823,0.18746376,-0.01377941,0.14024538,-0.0040511815,0.12495263,0.00047479555,252.83514,251.52829,337.7099,0.113699704,23.453741,0.5218067
1,82,10,0.01,0.072125204,0.031556997,0.021487128,0.01908108,0.08882145,0.00061523495,5.577734,0.21756351,11.769085,0.5997748,0.1776429,0.0012304699,0.14658488,0.0057176477,0.13813429,0.0070395893,252.84645,251.60902,337.09293,-0.8173383,23.453741,0.4998339
1,83,10,0.01,0.069580585,0.030965887,0.022462403,0.016152294,0.087985635,-0.00024214598,5.702913,-0.2756724,10.82825,-0.4576043,0.17597127,-0.00048429196,0.14987463,-0.0072447704,0.12709168,-0.005370929,252.88324,251.69739,337.64087,0.7332767,23.453741,0.5765187
1,84,10,0.01,0.07883535,0.040343832,0.02149754,0.016993977,0.10042887,-0.0069700642,5.579087,-0.11109123,11.106794,0.19002259,0.20085774,-0.0139401285,0.1466204,-0.002919522,0.13036095,0.002230304,252.88396,251.59106,337.85977,-0.07893136,23.453741,0.5958553
1,85,10,0.01,0.07232867,0.0302468,0.023936966,0.018144902,0.086958036,-0.006096102,5.8871245,1.8710034,11.476739,3.6798944,0.17391607,-0.012192204,0.15471576,0.049170647,0.13470301,0.043191087,252.85687,251.52444,337.21054,-5.5508976,23.455708,0.79347026
1,86,10,0.01,0.07140656,0.03336685,0.022538982,0.015500726,0.09133298,-0.008515612,5.712626,1.4821482,10.607602,2.7454455,0.18266596,-0.017031224,0.15012988,0.038951386,0.124501914,0.032223422,252.89734,251.6349,337.77582,-4.2275934,23.455708,0.6755319
1,87,10,0.01,0.07617839,0.037995715,0.022381078,0.015801597,0.097462445,-0.012664289,5.6925807,1.5843779,10.710055,3.268503,0.19492489,-0.025328578,0.14960307,0.041638024,0.12570441,0.03836257,252.95802,251.81755,338.28473,-4.852881,23.455708,0.7487138
1,88,10,0.01,0.069267705,0.028166391,0.022234939,0.018866375,0.08391423,-0.005202711,5.673965,1.873757,11.702683,3.5158541,0.16782846,-0.010405422,0.14911385,0.04924301,0.13735493,0.041265737,252.97325,252.02109,337.76666,-5.3896112,23.455708,0.7557302
1,89,10,0.01,0.07023108,0.028668895,0.024408726,0.017153457,0.08465946,-0.0076518944,5.9448543,0.25662822,11.158789,0.13358924,0.16931891,-0.015303789,0.15623292,0.0067442795,0.13097121,0.0015679417,252.98753,252.11726,338.0947,-0.39021745,23.45719,0.50649786
1,90,10,0.01,0.0756977,0.03957972,0.021652885,0.014465095,0.09947326,-0.012578868,5.5992074,0.3899082,10.247121,0.62794524,0.19894652,-0.025157737,0.14714919,0.010246925,0.12027092,0.0073702233,253.01329,252.11397,338.519,-1.0178535,23.45719,0.504152
1,91,10,0.01,0.067756295,0.028665585,0.022052683,0.017038023,0.08465457,-0.006934285,5.650663,0.59033084,11.121178,0.77095383,0.16930914,-0.01386857,0.14850146,0.0155141065,0.13052978,0.009048721,253.02614,252.18105,337.8838,-1.3612847,23.45719,0.49082145
1,92,10,0.01,0.07238863,0.031896044,0.024191247,0.016301334,0.08929732,-0.0061083455,5.918311,0.32386965,10.878094,0.17807008,0.17859463,-0.012216691,0.15553536,0.008511411,0.12767668,0.0020900173,253.07672,252.36249,338.5086,-0.5019397,23.45719,0.42798018
1,93,10,0.01,0.07095485,0.035040937,0.021995867,0.013918047,0.09359612,-0.007383048,5.643379,-0.4368368,10.051488,-3.7368467,0.18719225,-0.014766096,0.14831004,-0.01148023,0.11797477,-0.04385954,253.09418,252.38052,338.95416,4.1736836,23.457968,0.6137081
1,94,10,0.01,0.06545301,0.026937326,0.021302778,0.017212901,0.082062975,-0.0015906071,5.5537558,-0.31570885,11.178106,-3.9738336,0.16412595,-0.0031812142,0.14595471,-0.008296941,0.13119794,-0.04664106,253.07956,252.42114,338.4859,4.289542,23.457968,0.69267505
1,95,10,0.01,0.06892653,0.031529587,0.021506852,0.01589009,0.08878286,-0.0023782921,5.5802946,-0.76273644,10.740003,-4.449796,0.17756572,-0.0047565843,0.14665215,-0.020044992,0.1260559,-0.052227452,253.10677,252.49452,338.875,5.2125325,23.457968,0.6919033
1,96,10,0.01,0.072534226,0.03856227,0.019820552,0.0141514,0.098186396,-0.0076629412,5.35706,-0.620034,10.135402,-3.9568524,0.19637279,-0.0153258825,0.14078549,-0.016294714,0.11895966,-0.046441752,253.12157,252.48363,339.0629,4.576886,23.457968,0.63130516
1,97,10,0.01,0.0614827,0.027170481,0.01989485,0.014417369,0.082417354,0.0028327806,5.3670917,0.5567711,10.230202,-2.3584998,0.16483471,0.005665561,0.1410491,0.014632147,0.12007235,-0.027681818,253.09904,252.47557,338.16232,1.8017287,23.457859,0.6310561
1,98,10,0.01,0.06427052,0.030318934,0.019457633,0.014493951,0.087061666,0.0009384074,5.307789,0.33997607,10.257337,-2.7599866,0.17412333,0.0018768148,0.13949062,0.008934695,0.120390825,-0.03239409,253.12762,252.53442,338.80612,2.4200106,23.457859,0.67345953
1,99,10,0.01,0.0730331,0.0390848,0.021114247,0.012834058,0.09884938,-0.004194496,5.529126,0.7126437,9.652131,-2.2146113,0.19769876,-0.008388992,0.14530742,0.018728537,0.1132875,-0.025992999,253.10149,252.3203,338.95947,1.5019677,23.457859,0.7191837
1,100,10,0.01,0.06667418,0.027335372,0.021718817,0.017619992,0.08266706,0.0021373883,5.6077256,0.83560055,11.309518,-2.0368252,0.16533412,0.0042747767,0.14737305,0.021959882,0.13274032,-0.023906307,253.09741,252.35004,338.27313,1.2012246,23.457859,0.6982453
2,1,10,0.008,0.08271292,0.027673362,0.03989585,0.015143711,0.08317656,0.0010016048,7.600332,2.4214332,10.484733,4.063343,0.16635312,0.0020032097,0.19973946,0.06363615,0.12305979,0.047691643,252.23134,248.25395,332.85565,-6.4847765,23.45721,1.1614059
2,2,10,0.008,0.083024554,0.028832277,0.03925385,0.014938432,0.08490035,-0.0009888133,7.5389314,1.9933852,10.413427,3.550803,0.1698007,-0.0019776267,0.19812584,0.05238689,0.12222288,0.041675933,252.2222,248.18279,333.25754,-5.544188,23.45721,1.1272072
2,3,10,0.008,0.09056987,0.03347768,0.042022593,0.015069598,0.09148453,-0.004469685,7.800278,2.1580663,10.459045,4.235518,0.18296906,-0.00893937,0.20499413,0.05671475,0.12275829,0.04971247,252.18517,248.03381,333.244,-6.3935843,23.45721,1.1882187
2,4,10,0.008,0.08714168,0.027799575,0.04452032,0.014821785,0.08336602,-5.7405294e-5,8.028748,2.3533702,10.372692,3.899004,0.16673204,-0.00011481059,0.21099839,0.061847422,0.12174475,0.045762785,252.14926,247.9505,332.46957,-6.252374,23.45721,1.2046167
2,5,10,0.008,0.07633326,0.02676672,0.036101513,0.013465031,0.08180269,0.0051440746,7.229885,-2.2474272,9.886553,1.9967166,0.16360538,0.010288149,0.19000398,-0.0590632,0.11603892,0.023435552,252.14798,247.95624,332.8354,0.2507106,23.456356,0.8982358
2,6,10,0.008,0.08092663,0.032569677,0.03447276,0.013884185,0.09023535,0.0007186014,7.0649104,-2.0508204,10.039253,2.7394595,0.1804707,0.0014372028,0.18566841,-0.053896308,0.11783117,0.03215316,252.0973,247.74239,332.6662,-0.68863916,23.456356,0.8589452
2,7,10,0.008,0.07668487,0.028651625,0.0341375,0.0138957435,0.084633954,0.0054209363,7.0304723,-1.7020091,10.04343,2.7318199,0.16926791,0.010841873,0.18476336,-0.044729415,0.11788021,0.032063495,252.0304,247.48514,331.9073,-1.0298108,23.456356,0.8318653
2,8,10,0.008,0.07492812,0.026845165,0.033746894,0.014336064,0.08192247,0.0027367556,6.9901357,-1.9368433,10.201316,2.266812,0.16384494,0.0054735113,0.18370327,-0.05090094,0.119733304,0.026605675,252.02632,247.38329,332.3454,-0.3299688,23.456356,0.85953015
2,9,10,0.008,0.07370775,0.028674532,0.030316833,0.01471639,0.08466778,0.0044740457,6.6253767,-2.4590907,10.335747,-0.6635135,0.16933556,0.008948091,0.1741173,-0.064625785,0.12131113,-0.007787688,252.0326,247.4388,332.63614,3.1226041,23.45501,1.0060294
2,10,10,0.008,0.07278491,0.026683373,0.032226432,0.013875104,0.08167523,0.009790483,6.8308506,-2.5540783,10.03597,-0.9396134,0.16335046,0.019580966,0.17951722,-0.0671221,0.11779263,-0.011028285,252.0218,247.5051,332.085,3.4936917,23.45501,1.0418789
2,11,10,0.008,0.075055,0.027904145,0.032672312,0.014478547,0.08352267,0.009673199,6.8779435,-3.0262973,10.251884,-1.3683202,0.16704534,0.019346397,0.18075484,-0.07953218,0.12032683,-0.016060036,252.02592,247.514,332.38644,4.3946176,23.45501,1.0995623
2,12,10,0.008,0.08003047,0.03269869,0.03239708,0.014934702,0.0904139,0.005724617,6.848912,-2.9545202,10.4121275,-0.8513131,0.1808278,0.011449234,0.17999189,-0.07764587,0.12220762,-0.009991901,251.99919,247.36353,332.3743,3.8058333,23.45501,1.0416552
2,13,10,0.008,0.066195965,0.028400118,0.02652293,0.011272912,0.08426167,0.0116823185,6.19697,-0.33109406,9.046056,-1.3251554,0.16852334,0.023364637,0.16285862,-0.008701272,0.10617397,-0.015553409,251.96536,247.27959,331.7274,1.6562494,23.453249,0.51546866
2,14,10,0.008,0.06633402,0.027737273,0.026504984,0.012091757,0.083272554,0.009863056,6.194874,-0.5370539,9.368842,-1.5859463,0.16654511,0.019726112,0.16280352,-0.014113968,0.10996252,-0.018614322,251.96445,247.31075,332.01868,2.1230001,23.453249,0.5368125
2,15,10,0.008,0.06717957,0.029335756,0.02594079,0.011903022,0.08563842,0.006891223,6.1285863,-0.23925743,9.295438,-1.1483023,0.17127684,0.013782446,0.16106145,-0.0062877685,0.109100975,-0.013477675,251.94934,247.24228,332.31622,1.3875598,23.453249,0.49681014
2,16,10,0.008,0.06415493,0.025748214,0.027012775,0.011393944,0.08023125,0.011446064,6.253934,-0.16072008,9.094488,-1.1475422,0.1604625,0.022892129,0.16435564,-0.0042237807,0.10674242,-0.013468757,251.87236,246.94188,331.6067,1.3082623,23.453249,0.50247794
2,17,10,0.008,0.06501645,0.024654064,0.027983343,0.012379046,0.078508064,0.0072733695,6.365294,1.7825247,9.479486,0.50471234,0.15701613,0.014546739,0.16728222,0.046845388,0.11126116,0.0059238323,251.814,246.69337,331.7874,-2.2872372,23.450935,0.824006
2,18,10,0.008,0.07089309,0.028285792,0.029780231,0.012827062,0.0840919,0.0038045591,6.566481,2.1046743,9.6495,0.8756253,0.1681838,0.0076091182,0.1725695,0.0553116,0.11325662,0.010277248,251.75604,246.49153,331.71732,-2.9802997,23.450935,0.8582669
2,19,10,0.008,0.06936696,0.024603678,0.032105204,0.012658082,0.0784278,0.008458293,6.817991,2.299712,9.585729,0.6156266,0.1568556,0.016916586,0.17917925,0.060437262,0.11250814,0.007225633,251.68549,246.2067,330.81454,-2.9153385,23.450935,0.9396503
2,20,10,0.008,0.07158916,0.024763953,0.032387007,0.014438198,0.07868283,0.0071332697,6.847848,2.085847,10.237589,-0.049233254,0.15736566,0.014266539,0.1799639,0.05481681,0.12015905,-0.0005778532,251.69614,246.21579,330.88162,-2.0366137,23.450935,0.8734356
2,21,10,0.008,0.06708297,0.027233506,0.02712346,0.012726002,0.082512885,0.0027341824,6.266733,1.2963778,9.611412,0.51345843,0.16502577,0.005468365,0.16469201,0.034069274,0.11280958,0.006026484,251.70952,246.40152,330.85303,-1.8098361,23.448244,0.68211925
2,22,10,0.008,0.06458105,0.024240058,0.0281205,0.0122204935,0.077846095,0.007267498,6.380874,1.4547908,9.418584,0.4546926,0.15569219,0.014534996,0.16769168,0.03823243,0.11054634,0.005336747,251.66983,246.36185,330.0882,-1.9094834,23.448244,0.68653005
2,23,10,0.008,0.0708458,0.027543448,0.029583782,0.013718569,0.082981095,0.0056435657,6.5447865,1.175696,9.979197,-0.17727068,0.16596219,0.011287131,0.17199937,0.030897716,0.11712629,-0.0020806338,251.67961,246.34848,330.32285,-0.99842536,23.448244,0.71156746
2,24,10,0.008,0.07393942,0.029908882,0.031380855,0.012649687,0.086470924,0.002431865,6.740639,1.1801205,9.58255,0.7352071,0.17294185,0.00486373,0.17714642,0.031013992,0.11247083,0.008629161,251.71506,246.51625,330.55667,-1.9153275,23.448244,0.7471191
2,25,10,0.008,0.06330276,0.025902707,0.027247868,0.010152188,0.08047159,0.0033887727,6.281089,-0.47947347,8.584619,-1.2962152,0.16094318,0.0067775454,0.16506928,-0.012600733,0.10075807,-0.015213733,251.71965,246.65724,330.0363,1.7756886,23.44545,0.4930622
2,26,10,0.008,0.06629419,0.02659366,0.027126778,0.012573757,0.08153781,0.0023420453,6.2671165,-0.7073135,9.553747,-1.9625239,0.16307563,0.0046840906,0.16470209,-0.01858845,0.112132765,-0.023034234,251.74799,246.7208,330.62476,2.6698375,23.44545,0.5298209
2,27,10,0.008,0.07252869,0.03243075,0.028862542,0.011235403,0.090042695,-0.00016048294,6.4645147,-0.24796727,9.030994,-1.3254524,0.18008539,-0.0003209659,0.1698898,-0.006516666,0.10599718,-0.015556894,251.76482,246.69707,330.85983,1.5734197,23.44545,0.47849536
2,28,10,0.008,0.069293566,0.03030616,0.028095081,0.010892322,0.08704332,0.0026454974,6.3779893,-0.22969757,8.892041,-1.3194712,0.17408665,0.005290995,0.16761588,-0.006036538,0.10436629,-0.015486696,251.76424,246.71928,330.36487,1.5491688,23.44545,0.5647278
2,29,10,0.008,0.064492606,0.026815675,0.024149384,0.013527546,0.08187746,-0.00060027203,5.9131885,-0.8677732,9.909476,-1.8549354,0.16375493,-0.0012005441,0.15540072,-0.022805385,0.11630798,-0.02177146,251.78436,246.66765,330.79153,2.7227087,23.44245,0.7727171
2,30,10,0.008,0.06478889,0.028454948,0.023583323,0.012750619,0.08434297,-0.0025488262,5.843475,-0.50760883,9.620704,-1.5936975,0.16868594,-0.0050976523,0.15356863,-0.013340141,0.11291864,-0.018705305,251.78212,246.64577,330.8872,2.1013064,23.44245,0.7448529
2,31,10,0.008,0.06300082,0.024572635,0.02632245,0.012105734,0.078378305,0.00090064446,6.173506,-0.65623784,9.374256,-1.4732281,0.15675661,0.0018012889,0.16224195,-0.017246166,0.11002606,-0.017291347,251.7601,246.67694,330.0897,2.129466,23.44245,0.7193489
2,32,10,0.008,0.06884542,0.026802769,0.027710536,0.0143321175,0.081857756,0.0013641865,6.3341913,-1.1795596,10.199911,-1.877093,0.16371551,0.002728373,0.16646482,-0.03099925,0.11971682,-0.022031527,251.7822,246.76491,330.21725,3.0566525,23.44245,0.7984963
2,33,10,0.008,0.05839149,0.02753738,0.019526845,0.011327266,0.08297195,-0.0031848091,5.317221,-0.049652196,9.067837,1.6541843,0.1659439,-0.0063696182,0.13973849,-0.0013048769,0.10642963,0.019415239,251.80583,246.93224,330.451,-1.6045321,23.439163,0.37909985
2,34,10,0.008,0.05469887,0.02271973,0.021500742,0.0104784,0.07536533,-0.00019688363,5.579502,0.07537999,8.72145,1.5520842,0.15073065,-0.00039376726,0.14663132,0.001981012,0.102364056,0.018216884,251.73538,246.60257,329.88272,-1.6274642,23.439163,0.36843944
2,35,10,0.008,0.05700531,0.024545565,0.020956086,0.011503658,0.07833512,-0.0009682454,5.5083785,-0.05799754,9.138169,1.1841099,0.15667024,-0.0019364908,0.14476217,-0.0015241961,0.10725511,0.013897954,251.69217,246.40388,330.04703,-1.1261123,23.439163,0.34274724
2,36,10,0.008,0.058911704,0.027338175,0.020276083,0.011297447,0.0826713,-0.0042189364,5.4182706,0.34031728,9.055895,1.8051394,0.1653426,-0.008437873,0.14239411,0.008943659,0.10628945,0.021187007,251.64836,246.27959,330.0847,-2.1454568,23.439163,0.33625394
2,37,10,0.008,0.05608919,0.022318533,0.022834288,0.010936367,0.07469694,-0.0023646923,5.7499285,1.4791971,8.910001,2.9859304,0.14939389,-0.0047293846,0.15111019,0.03887384,0.10457709,0.035046,251.60791,246.09912,329.49673,-4.4651275,23.435791,0.70350915
2,38,10,0.008,0.0580208,0.025404109,0.022017963,0.010598726,0.07969333,-0.0027161017,5.646213,1.1670073,8.771382,2.2857168,0.15938666,-0.0054322034,0.14838451,0.030669382,0.10295011,0.026827563,251.6448,246.189,330.05716,-3.452724,23.435791,0.65210015
2,39,10,0.008,0.062028892,0.028890016,0.021647021,0.011491858,0.084985316,-0.006593238,5.5984488,1.6452678,9.133482,2.7137113,0.16997063,-0.013186476,0.14712927,0.043238234,0.107200086,0.031850953,251.69774,246.41173,330.3335,-4.358979,23.435791,0.6727555
2,40,10,0.008,0.057485748,0.023629643,0.022662846,0.011193256,0.07685968,-0.0027904953,5.728302,1.3905684,9.014038,2.7233982,0.15371937,-0.0055809906,0.15054184,0.036544636,0.105798185,0.031964645,251.68745,246.40059,329.81158,-4.1139665,23.435791,0.81274873
2,41,10,0.008,0.05381756,0.025115604,0.018726021,0.009975936,0.07923952,-0.00018402016,5.2070456,0.53988963,8.509774,-0.70082694,0.15847903,-0.00036804032,0.13684306,0.0141884945,0.09987961,-0.008225636,251.68793,246.34671,330.39835,0.16093731,23.432371,0.4713777
2,42,10,0.008,0.05530651,0.027004233,0.017540867,0.010761409,0.082164824,-0.0031412654,5.0395784,1.096002,8.838443,-0.40612468,0.16432965,-0.0062825307,0.13244194,0.02880333,0.10373721,-0.0047667027,251.64307,246.20099,330.53445,-0.6898773,23.432371,0.45718485
2,43,10,0.008,0.051018782,0.022331443,0.018921195,0.009766145,0.07471854,0.00035489388,5.2341113,0.93582815,8.41982,-0.4349418,0.14943708,0.00070978777,0.13755433,0.024593905,0.09882381,-0.0051049325,251.58673,246.0273,329.70886,-0.5008863,23.432371,0.4452719
2,44,10,0.008,0.05409688,0.02494447,0.019172234,0.009980177,0.07896909,0.0006089653,5.268719,0.5824035,8.511582,-0.8573684,0.15793818,0.0012179306,0.13846384,0.015305774,0.099900834,-0.010062971,251.5792,245.93254,329.887,0.27496493,23.432371,0.3992377
2,45,10,0.008,0.058963552,0.02838089,0.020404913,0.010177752,0.08423314,-0.0003237551,5.4354563,-0.804809,8.59542,-3.16883,0.16846628,-0.0006475102,0.14284576,-0.02115067,0.10088485,-0.0371927,251.55965,245.90294,329.82205,3.973639,23.428898,0.45477146
2,46,10,0.008,0.05488541,0.025023807,0.020700797,0.009160804,0.079094574,0.0031059077,5.474724,-1.0740558,8.1547,-3.134268,0.15818915,0.0062118154,0.14387771,-0.028226567,0.09571209,-0.036787044,251.53491,245.93372,329.28214,4.208324,23.428898,0.4696478
2,47,10,0.008,0.053953655,0.023974426,0.019637369,0.010341862,0.07741839,0.0029564223,5.3322473,-1.419282,8.664442,-3.634375,0.15483677,0.0059128446,0.1401334,-0.03729925,0.10169495,-0.042656828,251.54419,245.85925,329.73294,5.053657,23.428898,0.5189268
2,48,10,0.008,0.063250035,0.031975776,0.021226425,0.010047838,0.08940886,-0.0005986428,5.543794,-0.93838257,8.540386,-3.0422802,0.17881772,-0.0011972856,0.14569291,-0.02466103,0.100238904,-0.03570738,251.58763,245.9949,329.90466,3.9806628,23.428898,0.46340954
2,49,10,0.008,0.054920863,0.02415559,0.023324342,0.007440929,0.077710345,0.0017576398,5.8113008,-1.5514817,7.3494487,-1.6338474,0.15542069,0.0035152796,0.15272309,-0.040773503,0.08626082,-0.01917654,251.63025,246.2529,329.4185,3.185329,23.425491,0.4985513
2,50,10,0.008,0.055179216,0.02375618,0.022812093,0.008610943,0.0770652,0.0025065646,5.747133,-2.0244508,7.9061785,-2.3352702,0.1541304,0.005013129,0.15103672,-0.05320329,0.09279517,-0.027409168,251.74304,246.7558,330.6137,4.359721,23.425491,0.5821881
2,51,10,0.008,0.064064845,0.031191943,0.024830058,0.008042843,0.0883062,0.0006985924,5.995944,-1.8308873,7.640926,-1.9323999,0.1766124,0.0013971848,0.15757556,-0.048116386,0.0896819,-0.022680666,251.80788,247.12865,331.2105,3.763287,23.425491,0.5925258
2,52,10,0.008,0.05553978,0.023142518,0.024674008,0.007723252,0.07606333,0.0034097258,5.9770722,-1.9720507,7.487577,-2.174282,0.15212665,0.0068194517,0.15707962,-0.051826198,0.087882034,-0.025519649,251.78867,247.00793,330.73657,4.1463327,23.425491,0.59769577
2,53,10,0.008,0.05105596,0.025441434,0.017275259,0.008339269,0.07975186,0.0027660416,5.001278,-0.57178426,7.780459,1.032494,0.15950371,0.005532083,0.13143538,-0.015026693,0.0913196,0.01211843,251.80464,246.9828,331.02838,-0.4607097,23.42217,0.2932236
2,54,10,0.008,0.05527904,0.029188793,0.018058917,0.008031329,0.08542364,0.00046908302,5.113456,-0.11437564,7.6354547,1.3042655,0.17084728,0.00093816605,0.13438347,-0.0030058343,0.089617684,0.015308226,251.7894,246.98462,331.20175,-1.1898899,23.42217,0.32680178
2,55,10,0.008,0.04851946,0.021886488,0.018373514,0.008259458,0.073970415,0.0039257435,5.157803,-0.095887676,7.7431374,1.1833571,0.14794083,0.007851487,0.13554893,-0.0025199633,0.090881556,0.013889116,251.73943,246.94293,330.30066,-1.0874695,23.42217,0.3388538
2,56,10,0.008,0.046987675,0.022134222,0.016288651,0.008564802,0.07438787,0.0036833966,4.856364,-0.37939885,7.884967,0.78650033,0.14877574,0.007366793,0.127627,-0.009970738,0.09254622,0.009231191,251.75595,246.85017,330.71436,-0.40710148,23.42217,0.32516456
2,57,10,0.008,0.052285343,0.02541122,0.018970288,0.007903837,0.079704486,0.00018949415,5.240897,1.9396241,7.5746083,2.320765,0.15940897,0.0003789883,0.13773267,0.050974026,0.088903524,0.027238922,251.80704,247.0487,331.09122,-4.2603893,23.418905,0.5012039
2,58,10,0.008,0.050401032,0.021795068,0.021166991,0.007438974,0.07381576,0.0044797105,5.5360274,1.7137663,7.348484,2.1319938,0.14763153,0.008959421,0.1454888,0.045038402,0.086249486,0.025023306,251.8114,247.12602,330.69073,-3.84576,23.418905,0.47517443
2,59,10,0.008,0.050815675,0.023840817,0.019400112,0.007574748,0.07720236,0.00466594,5.299938,1.3061435,7.4152412,1.6801815,0.15440471,0.00933188,0.13928428,0.034325927,0.087033026,0.019720368,251.81245,247.07509,331.23383,-2.986325,23.418905,0.42346886
2,60,10,0.008,0.051332913,0.02538846,0.018328236,0.0076162126,0.07966878,0.001302997,5.1514444,1.5670323,7.4355097,2.320268,0.15933757,0.002605994,0.13538182,0.04118217,0.087270916,0.027233085,251.78871,246.95947,331.1655,-3.8873003,23.418905,0.43874618
2,61,10,0.008,0.045889664,0.020631477,0.01880609,0.0064520948,0.07181831,0.005797335,5.2181664,1.6544975,6.8437095,-0.01000152,0.14363661,0.01159467,0.1371353,0.043480795,0.08032493,-0.00011738623,251.76729,246.95476,330.69702,-1.644496,23.415464,0.434967
2,62,10,0.008,0.046962336,0.021681437,0.018379744,0.0069011524,0.07362309,0.005009591,5.1586776,1.3383703,7.0778613,-0.5981271,0.14724618,0.010019182,0.13557191,0.035172854,0.08307318,-0.007020246,251.76123,246.93695,331.3079,-0.7402432,23.415464,0.396382
2,63,10,0.008,0.048516672,0.024179177,0.01732507,0.0070124245,0.07774828,0.0018774641,5.0084825,1.691091,7.134693,-0.08183766,0.15549655,0.0037549282,0.13162473,0.044442475,0.08374022,-0.00096053246,251.77028,246.96208,331.55896,-1.6092533,23.415464,0.40174487
2,64,10,0.008,0.047298685,0.022620285,0.017704783,0.006973618,0.07520021,0.0053418153,5.0630703,1.7615992,7.1149244,-0.09143864,0.15040042,0.010683631,0.13305932,0.046295475,0.08350819,-0.0010732213,251.75795,246.95688,331.0424,-1.6701605,23.415464,0.41308823
2,65,10,0.008,0.04536902,0.021434741,0.017152177,0.0067821043,0.07320304,0.0014963844,4.9834294,-0.16609421,7.0165467,-1.5474902,0.14640608,0.0029927688,0.13096632,-0.0043650162,0.08235353,-0.018162962,251.82327,247.17554,331.7635,1.7135844,23.411865,0.28760305
2,66,10,0.008,0.04738351,0.024566904,0.015890766,0.0069258395,0.07836916,-0.0010066649,4.7966833,-0.1347174,7.0905085,-0.8205787,0.15673833,-0.0020133299,0.12605858,-0.0035404207,0.08322163,-0.009631169,251.88213,247.46466,332.11664,0.9552961,23.411865,0.27941427
2,67,10,0.008,0.042471275,0.020487934,0.015642403,0.0063409363,0.071568035,0.0030237734,4.7590513,-0.44797763,6.784501,-0.81574565,0.14313607,0.006047547,0.12506959,-0.011773015,0.079629995,-0.009574443,251.90019,247.65363,331.6529,1.2637233,23.411865,0.2853721
2,68,10,0.008,0.042472083,0.021756433,0.014464695,0.0062509566,0.07375031,0.002729744,4.5763936,-0.5522279,6.736192,-1.3312196,0.14750062,0.005459488,0.12026926,-0.014512748,0.07906299,-0.015624584,251.90063,247.5006,332.35223,1.8834474,23.411865,0.33348584
2,69,10,0.008,0.043809373,0.023138497,0.013701456,0.006969417,0.07605672,-0.004858597,4.4540186,-1.0094295,7.1127806,-0.049196705,0.15211344,-0.009717194,0.11705322,-0.02652817,0.08348303,-0.0005774218,251.91043,247.48473,332.57346,1.0586262,23.408073,0.38937894
2,70,10,0.008,0.04607211,0.020189108,0.018154196,0.007728808,0.07104419,2.0471185e-5,5.1269283,-1.0051858,7.4902697,-0.3786436,0.14208838,4.094237e-5,0.1347375,-0.026416648,0.08791364,-0.0044441596,251.91547,247.58693,331.82315,1.3838295,23.408073,0.39661628
2,71,10,0.008,0.052951448,0.023974957,0.02094805,0.008028442,0.077419244,0.00016464037,5.5073223,-1.3273879,7.634083,-0.70096684,0.15483849,0.00032928074,0.14473441,-0.034884237,0.08960158,-0.008227281,251.97617,247.73247,332.5224,2.0283546,23.408073,0.38635376
2,72,10,0.008,0.05487568,0.027365234,0.020344498,0.0071659456,0.0827122,-0.0019302666,5.4274044,-1.1082741,7.21237,-0.06505587,0.1654244,-0.0038605332,0.14263414,-0.02912584,0.08465191,-0.000763562,252.0182,247.81013,332.8773,1.17333,23.408073,0.3660463
2,73,10,0.008,0.043000046,0.021032311,0.016060853,0.0059068827,0.072512604,0.0040072897,4.8222866,-0.8333093,6.548177,0.085336335,0.14502521,0.008014579,0.12673143,-0.021899667,0.07685625,0.0010015975,251.98875,247.87398,332.1564,0.74797297,23.40398,0.3310549
2,74,10,0.008,0.04627311,0.021803776,0.018236917,0.0062324135,0.07383051,0.002920494,5.138595,-0.9025389,6.7261934,-0.32558927,0.14766102,0.005840988,0.13504413,-0.023719046,0.07894564,-0.0038214552,251.94855,247.72035,332.39166,1.2281282,23.40398,0.35096073
2,75,10,0.008,0.04802613,0.026381081,0.015388807,0.0062562414,0.08121127,0.00093297823,4.7203164,-0.7365547,6.7390394,0.029235763,0.16242254,0.0018659565,0.12405163,-0.019356925,0.07909641,0.00034314123,251.94284,247.70856,332.5005,0.7073189,23.40398,0.3555694
2,76,10,0.008,0.04698089,0.0222477,0.01864453,0.006088662,0.074578315,0.003995438,5.1957035,-0.8576694,6.648171,0.22200863,0.14915663,0.007990876,0.13654497,-0.022539865,0.07802988,0.0026057258,251.98485,247.85149,331.94238,0.63566077,23.40398,0.33738878
2,77,10,0.008,0.044906545,0.020297889,0.017993376,0.0066152806,0.07123533,0.0043508806,5.104169,-0.27215892,6.9297156,-0.35139805,0.14247066,0.008701761,0.13413939,-0.007152436,0.081334375,-0.0041243746,252.10579,248.27129,333.24228,0.623557,23.399565,0.3025751
2,78,10,0.008,0.042374562,0.022584038,0.014135339,0.0056551844,0.07513993,0.0027631822,4.5239916,-0.16399783,6.4071455,-0.06502325,0.15027986,0.0055263643,0.11889213,-0.0043099234,0.07520096,-0.00076318026,252.1822,248.71855,333.95746,0.22902107,23.399565,0.24917993
2,79,10,0.008,0.04046458,0.020001115,0.01401228,0.0064511863,0.07071265,0.0057075825,4.5042562,-0.024081606,6.8432283,-0.31176662,0.1414253,0.011415165,0.118373476,-0.0006328719,0.08031928,-0.00365922,252.17764,248.71767,333.3392,0.33584824,23.399565,0.23879278
2,80,10,0.008,0.036355175,0.016535006,0.01305501,0.0067651602,0.064294256,0.0039399634,4.347677,-0.4887086,7.007777,-0.9102528,0.12858851,0.007879927,0.11425852,-0.0128434375,0.082250595,-0.010683677,252.25122,248.86952,334.17993,1.3989614,23.399565,0.30100298
2,81,10,0.008,0.043742638,0.025747353,0.012333374,0.005661911,0.08022991,-0.00060017814,4.2258067,0.4507432,6.410955,0.38656935,0.16045982,-0.0012003563,0.111055724,0.011845695,0.07524567,0.004537181,252.31535,249.09189,334.67554,-0.8373126,23.394907,0.32967493
2,82,10,0.008,0.035886936,0.016089378,0.013453776,0.006343782,0.06342196,0.0040185675,4.4135776,0.29430854,6.786023,0.2785421,0.12684391,0.008037135,0.115990415,0.0077345343,0.07964786,0.0032692647,252.32523,249.23053,334.22934,-0.57285064,23.394907,0.3147423
2,83,10,0.008,0.038625386,0.01766473,0.014297921,0.0066627343,0.066454366,0.0041485177,4.549934,0.0686699,6.954525,-0.019126352,0.13290873,0.0082970355,0.11957391,0.00180467,0.08162557,-0.00022448585,252.36969,249.43454,334.84964,-0.04954355,23.394907,0.33228415
2,84,10,0.008,0.04640112,0.026065163,0.014072913,0.006263043,0.08072355,0.0013344462,4.513991,0.0691643,6.742701,0.60104334,0.1614471,0.0026688925,0.11862931,0.0018176641,0.07913939,0.0070544747,252.43051,249.70358,335.13647,-0.6702076,23.394907,0.29432902
2,85,10,0.008,0.036826596,0.017014204,0.013232159,0.0065802317,0.06521925,0.001892185,4.377075,0.19203813,6.9113326,1.500465,0.1304385,0.00378437,0.11503112,0.005046832,0.08111863,0.017611027,252.43541,249.77928,334.5866,-1.6925032,23.39001,0.23565683
2,86,10,0.008,0.03588864,0.018298248,0.011394493,0.006195898,0.06763551,0.0015711435,4.061778,-0.021138027,6.70646,0.8671067,0.13527101,0.003142287,0.10674499,-0.0005555168,0.07871403,0.010177274,252.46394,249.86253,335.2953,-0.84596866,23.39001,0.2252064
2,87,10,0.008,0.03725736,0.021719387,0.0102259675,0.0053120013,0.073687494,-0.002746616,3.8478744,0.089486316,6.209696,1.3254552,0.14737499,-0.005493232,0.10112353,0.0023517322,0.07288348,0.015556929,252.47911,249.8697,335.64355,-1.4149415,23.39001,0.21224077
2,88,10,0.008,0.0375492,0.017124925,0.014578906,0.005845371,0.06543112,0.0016606321,4.5944247,0.24364075,6.5139923,1.2871225,0.13086224,0.0033212642,0.12074314,0.0064029656,0.07645503,0.015107015,252.44736,249.80934,335.04095,-1.5307633,23.39001,0.26104406
2,89,10,0.008,0.039460875,0.01913685,0.014759551,0.0055644736,0.069168,-0.0020193881,4.6228013,0.28474975,6.355551,0.3849944,0.138336,-0.0040387763,0.12148889,0.007483324,0.0745954,0.004518696,252.45494,249.8175,335.67172,-0.66974413,23.38499,0.24889147
2,90,10,0.008,0.044318214,0.025356364,0.013637203,0.0053246464,0.07961841,-0.0052944394,4.4435625,0.21865577,6.217082,0.81936276,0.15923682,-0.010588879,0.11677843,0.0057463525,0.072970174,0.0096168965,252.47052,249.8172,335.92953,-1.0380185,23.38499,0.26864496
2,91,10,0.008,0.032692667,0.015827147,0.011332213,0.005533307,0.062902994,-0.00042332572,4.0506625,0.22925507,6.337728,0.85585886,0.12580599,-0.00084665144,0.10645287,0.006024906,0.0743862,0.010045254,252.47699,249.97385,335.18655,-1.0851139,23.38499,0.22427279
2,92,10,0.008,0.03674004,0.019193958,0.011861987,0.0056840917,0.06927113,-0.0004562202,4.1442637,0.006417881,6.4235005,0.38328785,0.13854226,-0.0009124404,0.10891275,0.0001686652,0.07539292,0.004498667,252.51254,250.19289,335.68665,-0.38970572,23.38499,0.19807011
2,93,10,0.008,0.043266505,0.025949955,0.01181305,0.005503497,0.08054495,-0.003802085,4.1357064,0.43215367,6.3206325,-1.0759393,0.1610899,-0.00760417,0.108687855,0.011357154,0.07418556,-0.012628349,252.52403,250.13152,336.12634,0.6437856,23.37985,0.25914413
2,94,10,0.008,0.03341777,0.015553422,0.012310888,0.005553458,0.06235668,0.00090568356,4.2219524,0.66038406,6.349258,-1.12963,0.12471336,0.0018113671,0.11095444,0.017355131,0.07452153,-0.01325852,252.47061,249.94974,335.31982,0.4692459,23.37985,0.22438994
2,95,10,0.008,0.03435817,0.016683415,0.012138202,0.005536554,0.06458215,-0.0011719969,4.192237,0.53001463,6.339587,-1.4011945,0.1291643,-0.0023439939,0.11017351,0.013928977,0.074408025,-0.016445883,252.4602,249.79932,335.75174,0.8711798,23.37985,0.19961736
2,96,10,0.008,0.04622551,0.02641687,0.014269446,0.0055391924,0.081266336,-0.0058866763,4.545401,0.62283164,6.3410974,-0.7594908,0.16253267,-0.0117733525,0.119454786,0.016368242,0.07442575,-0.008914177,252.48671,249.89919,335.91916,0.13665915,23.37985,0.26559803
2,97,10,0.008,0.034225706,0.015487361,0.0131704025,0.0055679423,0.062224112,0.00036645267,4.3668494,0.42983085,6.3575325,-1.1522005,0.124448225,0.00073290535,0.11476237,0.011296109,0.074618645,-0.01352343,252.48491,249.95395,335.23038,0.7223696,23.374662,0.28123534
2,98,10,0.008,0.0363555,0.017491883,0.013162286,0.0057013286,0.06612844,0.00047590968,4.3655033,0.13662061,6.433233,-1.8169727,0.13225688,0.00095181935,0.114727005,0.003590438,0.07550714,-0.02132589,252.52702,250.03796,335.91196,1.6803521,23.374662,0.33206466
2,99,10,0.008,0.042004585,0.020606011,0.015784236,0.0056143417,0.07177397,-0.0040804963,4.780578,0.22279793,6.383967,-1.4024283,0.14354794,-0.0081609925,0.12563533,0.0058552087,0.07492891,-0.016460367,252.53134,249.97261,336.2244,1.1796303,23.374662,0.3851344
2,100,10,0.008,0.041700784,0.017489139,0.017628776,0.006582866,0.066123255,0.00037968956,5.052191,0.36769894,6.912716,-1.2733408,0.13224651,0.0007593791,0.1327734,0.009663266,0.08113486,-0.014945261,252.51958,250.02689,335.5172,0.9056419,23.374662,0.41136783
3,1,10,0.0064000003,0.05117187,0.026074138,0.017586296,0.007511435,0.08073744,-4.093575e-5,5.0461006,1.7187617,7.384187,0.06983524,0.16147488,-8.18715e-5,0.13261333,0.04516968,0.086668536,0.000819659,251.67825,247.50604,331.44122,-1.7885969,23.369534,0.6266369
3,2,10,0.0064000003,0.04799308,0.025461303,0.0146770105,0.007854767,0.07978299,-0.00062637497,4.609857,1.2127323,7.5510597,-0.488144,0.15956599,-0.0012527499,0.12114871,0.031871043,0.08862712,-0.0057293708,251.74846,247.79466,332.43625,-0.7245883,23.369534,0.55391914
3,3,10,0.0064000003,0.045724694,0.022033798,0.015463138,0.008227759,0.07421893,-0.0023600014,4.731703,1.4921271,7.728264,0.23947267,0.14843786,-0.004720003,0.12435087,0.039213635,0.090707,0.0028106999,251.74142,247.79979,332.65182,-1.7315997,23.369534,0.5337917
3,4,10,0.0064000003,0.04222937,0.01881312,0.016472653,0.0069435965,0.06858046,0.00034568345,4.883717,1.686524,7.099593,0.15091822,0.13716093,0.0006913669,0.12834583,0.04432246,0.08332825,0.0017713333,251.71109,247.66663,332.19263,-1.8374423,23.369534,0.50006914
3,5,10,0.0064000003,0.03717307,0.018346384,0.013216618,0.005610066,0.067724414,0.0020430717,4.374504,-0.115704544,6.381536,0.09750601,0.13544883,0.0040861433,0.114963554,-0.0030407594,0.074900374,0.0011444344,251.73557,247.66946,332.83792,0.018198535,23.3653,0.3506823
3,6,10,0.0064000003,0.043804616,0.022915157,0.014624276,0.0062651825,0.075688764,-0.0018766228,4.601568,-0.031834304,6.7438526,0.6396387,0.15137753,-0.0037532456,0.12093087,-0.0008366156,0.079152904,0.0075074686,251.7182,247.58972,332.89166,-0.6078044,23.3653,0.31635273
3,7,10,0.0064000003,0.04042422,0.019330798,0.015513397,0.0055800253,0.06951762,0.002150489,4.739386,0.021929385,6.364427,0.8298842,0.13903524,0.004300978,0.12455279,0.0005763119,0.074699566,0.009740386,251.68152,247.58183,332.1538,-0.85181355,23.3653,0.3894021
3,8,10,0.0064000003,0.036063287,0.017932998,0.012543417,0.005586875,0.06695707,0.0014651099,4.2616386,-0.33460727,6.368332,0.23331644,0.13391414,0.0029302198,0.111997396,-0.008793601,0.0747454,0.002738447,251.6778,247.50827,332.7018,0.10129084,23.3653,0.38147995
3,9,10,0.0064000003,0.038838778,0.018978346,0.013947605,0.0059128245,0.06888096,0.0036680175,4.4938493,-1.065398,6.551469,0.1219981,0.13776192,0.007336035,0.11809998,-0.02799904,0.076894894,0.0014318972,251.66098,247.36171,332.89557,0.9433999,23.361029,0.52382267
3,10,10,0.0064000003,0.037356433,0.016323095,0.015179264,0.0058540725,0.063880935,0.0077367323,4.6880693,-0.7770957,6.51884,0.27799198,0.12776187,0.0154734645,0.12320416,-0.020422352,0.07651191,0.0032628058,251.61153,247.2232,332.24634,0.4991037,23.361029,0.59628385
3,11,10,0.0064000003,0.039438196,0.017986024,0.01585958,0.0055925925,0.06705599,0.0058432776,4.791975,-1.0481285,6.3715906,-0.3687684,0.13411199,0.011686555,0.12593482,-0.027545197,0.07478364,-0.004328251,251.62828,247.29814,332.76068,1.4168968,23.361029,0.6583722
3,12,10,0.0064000003,0.04245965,0.022461949,0.014311608,0.0056860987,0.074936554,0.0033993954,4.5521116,-0.9690894,6.424634,-0.115099125,0.14987311,0.006798791,0.119631134,-0.02546802,0.07540622,-0.0013509227,251.6532,247.26562,332.8856,1.0841885,23.361029,0.6126166
3,13,10,0.0064000003,0.036226794,0.017222399,0.01394892,0.0050554764,0.06561707,0.008798629,4.494061,-0.58470076,6.057903,0.57766056,0.13123414,0.017597258,0.118105546,-0.015366147,0.071101874,0.006780027,251.68785,247.48471,332.38898,0.0070402026,23.356745,0.32509485
3,14,10,0.0064000003,0.03816454,0.018353935,0.014625624,0.0051849834,0.06773835,0.007906771,4.6017804,-1.0393089,6.1350045,0.10648471,0.1354767,0.015813543,0.120936446,-0.027313411,0.07200683,0.0012498153,251.78891,247.87413,333.44342,0.9328242,23.356745,0.39137807
3,15,10,0.0064000003,0.04238654,0.024216006,0.0133870635,0.0047834716,0.07780746,0.0051100953,4.4026213,-1.0474423,5.892679,0.4621075,0.15561493,0.0102201905,0.11570248,-0.027527161,0.069162644,0.005423776,251.87828,248.2455,333.91525,0.5853348,23.356745,0.381855
3,16,10,0.0064000003,0.03601572,0.01634212,0.014655488,0.0050181127,0.06391815,0.0086915055,4.606476,-1.0386369,6.0354743,0.4691596,0.1278363,0.017383011,0.12105985,-0.027295759,0.07083864,0.0055065486,251.90868,248.37851,333.43536,0.5694773,23.356745,0.40291607
3,17,10,0.0064000003,0.038672395,0.020048572,0.013723564,0.00490026,0.07079649,0.0033558924,4.4576106,0.019111903,5.96418,0.61536795,0.14159298,0.0067117848,0.11714762,0.0005022709,0.070001855,0.007222601,251.97395,248.38396,334.21198,-0.6344799,23.352503,0.5394117
3,18,10,0.0064000003,0.040793672,0.02292801,0.0130335605,0.0048321006,0.07570999,0.0011181486,4.3441043,0.15527645,5.9225564,1.2202516,0.15141998,0.0022362971,0.11416462,0.004080723,0.06951331,0.014322146,252.0629,248.69196,334.88284,-1.375528,23.352503,0.53612167
3,19,10,0.0064000003,0.03351872,0.0145708285,0.013476594,0.005471297,0.060354844,0.005765839,4.417319,-0.04777149,6.302115,1.1455874,0.12070969,0.011531678,0.11608873,-0.0012554484,0.07396822,0.01344581,252.1138,249.06494,334.65366,-1.097816,23.352503,0.48136786
3,20,10,0.0064000003,0.036499612,0.018504947,0.012732937,0.005261727,0.06801645,0.004967012,4.2937126,-0.5446437,6.1802406,0.6119742,0.1360329,0.009934024,0.11284032,-0.0143134305,0.072537765,0.007182768,252.20557,249.53598,335.5233,-0.06733048,23.352503,0.42116582
3,21,10,0.0064000003,0.03550627,0.019447625,0.011431191,0.0046274546,0.06972737,0.0017837506,4.0683136,0.14634196,5.7957854,0.018467411,0.13945474,0.0035675012,0.10691675,0.0038459164,0.068025395,0.00021675289,252.22795,249.65553,335.7684,-0.16480938,23.348318,0.39849174
3,22,10,0.0064000003,0.029476669,0.013715797,0.010293396,0.005467474,0.05855723,0.0045743054,3.8605397,0.42662126,6.2999134,-0.10349254,0.11711446,0.009148611,0.101456374,0.0112117585,0.07394237,-0.0012146975,252.15059,249.37134,334.81815,-0.3231287,23.348318,0.38474452
3,23,10,0.0064000003,0.031418804,0.015829165,0.010237664,0.0053519746,0.062907,0.0037023278,3.8500743,0.2575849,6.233016,-0.71222985,0.125814,0.0074046557,0.10118134,0.006769425,0.07315719,-0.008359473,252.13947,249.19646,335.09256,0.45464495,23.348318,0.33245707
3,24,10,0.0064000003,0.03661863,0.020397391,0.011513686,0.0047075558,0.07140972,0.0018138494,4.0829673,0.30784094,5.845733,-0.21237999,0.14281943,0.0036276989,0.107301846,0.008090175,0.06861163,-0.0024927128,252.15187,249.17644,335.23438,-0.09546095,23.348318,0.3614273
3,25,10,0.0064000003,0.032684986,0.013969501,0.013951963,0.0047635203,0.05909632,0.004524308,4.494551,0.93083483,5.8803773,-1.399934,0.11819264,0.009048616,0.11811843,0.024462681,0.06901826,-0.016431091,252.11906,249.11482,334.57205,0.46909922,23.344202,0.37026048
3,26,10,0.0064000003,0.035164904,0.01635091,0.013633703,0.005180293,0.06393534,0.0039416426,4.442992,0.6983335,6.132229,-1.8595641,0.12787068,0.007883285,0.11676345,0.018352458,0.071974255,-0.02182579,252.1338,249.10245,335.231,1.1612306,23.344202,0.34976554
3,27,10,0.0064000003,0.042875305,0.024980005,0.013025253,0.004870045,0.07902532,0.00059648056,4.3427196,0.774979,5.945764,-1.3797934,0.15805064,0.0011929611,0.11412823,0.020366728,0.06978571,-0.016194696,252.1584,249.06885,335.4617,0.6048144,23.344202,0.28053907
3,28,10,0.0064000003,0.032928865,0.014237693,0.013326571,0.0053646,0.0596609,0.0038325537,4.3926635,0.91547155,6.240364,-1.1765232,0.1193218,0.0076651075,0.11544077,0.02405892,0.07324343,-0.013808908,252.19879,249.3933,334.73486,0.26105165,23.344202,0.29804355
3,29,10,0.0064000003,0.03525174,0.016015345,0.014425647,0.0048107468,0.06327587,-0.0015271625,4.5702114,0.47333044,5.909456,-1.2883638,0.12655175,-0.003054325,0.12010682,0.012439295,0.06935955,-0.015121585,252.26009,249.64468,335.35034,0.8150334,23.340096,0.40417498
3,30,10,0.0064000003,0.039024454,0.021556592,0.013307461,0.0041603995,0.07341082,-0.0028402477,4.389512,0.31563136,5.495519,-0.9690413,0.14682163,-0.0056804954,0.115357965,0.008294905,0.06450116,-0.011373683,252.32637,249.85507,336.0824,0.65340996,23.340096,0.34299693
3,31,10,0.0064000003,0.03266554,0.014161435,0.0138528105,0.0046512918,0.059500914,0.0007000295,4.478552,0.49796465,5.8106937,-0.8695918,0.11900183,0.001400059,0.11769796,0.013086692,0.06820038,-0.010206438,252.32126,249.91122,335.67993,0.37162712,23.340096,0.34833264
3,32,10,0.0064000003,0.031742163,0.014803525,0.012002203,0.0049364325,0.06083487,-0.00028379352,4.1686854,0.33619037,5.986153,-1.4729257,0.12166974,-0.00056758703,0.10955457,0.008835205,0.07025975,-0.017287796,252.35764,249.98141,336.332,1.1367353,23.340096,0.37026197
3,33,10,0.0064000003,0.036316168,0.019272616,0.012472356,0.004571195,0.069412924,-0.0067050555,4.2495494,-0.13053827,5.7604456,0.9507496,0.13882585,-0.013410111,0.1116797,-0.0034305924,0.067610614,0.011158992,252.40344,250.16757,336.99432,-0.8202113,23.335922,0.23304488
3,34,10,0.0064000003,0.034320924,0.015057271,0.013974686,0.0052889665,0.061354037,-0.0014995269,4.4982095,0.0036518984,6.196217,1.1425066,0.122708075,-0.0029990538,0.11821458,9.597311e-5,0.07272528,0.013409653,252.38863,250.21466,336.38495,-1.1461585,23.335922,0.26965392
3,35,10,0.0064000003,0.035513643,0.017770227,0.012799649,0.004943766,0.06665251,-0.004212513,4.3049455,-0.3105983,5.9905972,0.36885795,0.13330501,-0.008425026,0.11313553,-0.008162638,0.07031192,0.0043293033,252.42969,250.31107,336.9465,-0.058259636,23.335922,0.3145675
3,36,10,0.0064000003,0.03782688,0.020437628,0.0124615,0.004927755,0.07148012,-0.005340922,4.2476997,-0.61943746,5.9808893,0.95250404,0.14296024,-0.010681844,0.11163109,-0.016279042,0.07019797,0.011179582,252.51604,250.68695,337.33286,-0.33306658,23.335922,0.29483622
3,37,10,0.0064000003,0.03446693,0.016050315,0.01259484,0.0058217747,0.06334492,-0.0046017566,4.2703648,-0.78056306,6.5008316,1.6449101,0.12668984,-0.009203513,0.11222673,-0.020513482,0.076300554,0.019306384,252.57541,251.12299,337.09753,-0.86434704,23.33164,0.31721625
3,38,10,0.0064000003,0.033256352,0.016093722,0.011785072,0.0053775576,0.06343052,-0.0055011353,4.1308055,-1.0075524,6.247895,0.9844726,0.12686104,-0.0110022705,0.10855907,-0.026478842,0.07333183,0.011554799,252.6463,251.45293,337.92932,0.023079813,23.33164,0.28879476
3,39,10,0.0064000003,0.039046045,0.020324038,0.01294106,0.005780945,0.0712812,-0.008673681,4.3286614,-1.1610872,6.477996,1.6847707,0.1425624,-0.017347362,0.11375878,-0.030513786,0.07603253,0.01977423,252.67499,251.48672,338.24808,-0.52368355,23.33164,0.34729204
3,40,10,0.0064000003,0.035403267,0.015429374,0.014056723,0.005917168,0.062107515,-0.0038799879,4.511394,-1.1125621,6.5538754,1.750807,0.12421503,-0.0077599757,0.11856105,-0.02923853,0.07692313,0.020549303,252.70569,251.60838,337.78183,-0.638245,23.33164,0.35317537
3,41,10,0.0064000003,0.035646446,0.017327461,0.013681702,0.004637282,0.06581691,-0.003827872,4.4508066,-0.65872437,5.801936,-0.12891081,0.13163382,-0.007655744,0.11696881,-0.017311517,0.06809759,-0.0015130329,252.76932,251.87181,338.11987,0.7876352,23.327261,0.3272875
3,42,10,0.0064000003,0.040485136,0.019902345,0.0151640745,0.0054187197,0.070537835,-0.006760844,4.6857233,-0.6775853,6.2717614,0.34833267,0.14107567,-0.013521688,0.123142496,-0.017807178,0.07361195,0.0040883957,252.81026,251.98642,338.46375,0.32925263,23.327261,0.33938774
3,43,10,0.0064000003,0.039546803,0.018462263,0.015048313,0.0060362266,0.067937955,-0.003341162,4.6678033,-0.5948659,6.6194816,0.33203113,0.13587591,-0.006682324,0.12267157,-0.01563329,0.07769316,0.0038970646,252.81592,251.95499,337.74997,0.2628348,23.327261,0.36999813
3,44,10,0.0064000003,0.041796133,0.01961421,0.016039137,0.0061427895,0.07002537,-0.00482382,4.8190246,-0.8687915,6.6776557,-0.21496879,0.14005074,-0.00964764,0.12664571,-0.022832157,0.07837595,-0.0025230984,252.89125,252.14725,338.26828,1.0837603,23.327261,0.42061362
3,45,10,0.0064000003,0.04288165,0.024753265,0.012515002,0.0056133824,0.07866585,-0.0047828504,4.2568088,0.00935489,6.383423,-0.49409238,0.1573317,-0.009565701,0.11187047,0.00024585018,0.07492251,-0.005799185,252.97614,252.51765,338.86838,0.4847375,23.322819,0.26481718
3,46,10,0.0064000003,0.034642156,0.017876048,0.010885205,0.005880903,0.06685067,-0.001501379,3.9699676,0.061857317,6.5337605,-0.4644921,0.13370134,-0.003002758,0.10433219,0.0016256314,0.076687045,-0.005451764,252.95998,252.60709,338.22278,0.4026348,23.322819,0.24245009
3,47,10,0.0064000003,0.03453282,0.018602565,0.010305383,0.005624871,0.06819561,-0.0016431079,3.862787,-0.036417045,6.3899503,-1.0696578,0.13639122,-0.0032862157,0.101515435,-0.0009570525,0.07499914,-0.01255462,252.95541,252.51266,338.82202,1.1060748,23.322819,0.25143006
3,48,10,0.0064000003,0.03973982,0.021027315,0.012339066,0.0063734376,0.07250399,-0.005578687,4.2267814,0.249585,6.801866,-0.42522022,0.14500798,-0.011157374,0.11108135,0.0065591834,0.07983381,-0.0049908296,252.91595,252.22702,338.98065,0.17563522,23.322819,0.2589521
3,49,10,0.0064000003,0.03559096,0.016461726,0.013485226,0.005644009,0.06415163,0.0014213929,4.4187326,0.91178834,6.400812,0.21802138,0.12830326,0.0028427858,0.116125904,0.023962121,0.07512662,0.0025589261,252.85239,252.00935,338.05453,-1.1298097,23.318283,0.2605642
3,50,10,0.0064000003,0.03574513,0.01753263,0.0127552245,0.005457276,0.06620542,0.0006723711,4.2974687,0.89136875,6.2940354,-0.38971093,0.13241084,0.0013447423,0.11293903,0.023425492,0.07387338,-0.0045740535,252.85992,251.91676,338.5681,-0.50165784,23.318283,0.23638125
3,51,10,0.0064000003,0.03942338,0.018698027,0.014589851,0.0061354996,0.068370365,-0.0020724908,4.596149,0.64290154,6.673692,0.78769314,0.13674073,-0.0041449815,0.120788455,0.016895682,0.07832943,0.009245191,252.89366,252.03685,338.976,-1.4305947,23.318283,0.2321495
3,52,10,0.0064000003,0.039248545,0.015941357,0.015126439,0.008180749,0.063129544,0.00028772443,4.679905,0.79401654,7.7061553,1.0540345,0.12625909,0.00057544885,0.12298959,0.020867042,0.09044749,0.012371244,252.88876,252.09235,338.33105,-1.8480511,23.318283,0.2807884
3,53,10,0.0064000003,0.03726145,0.017789412,0.013544987,0.0059270505,0.06668848,0.0024968353,4.4285135,0.39663044,6.559346,0.7441081,0.13337696,0.0049936706,0.116382934,0.010423591,0.07698734,0.008733631,252.97551,252.35965,338.91437,-1.1407385,23.31367,0.26080665
3,54,10,0.0064000003,0.0392851,0.01797711,0.014475181,0.0068328106,0.06703937,0.00029662944,4.5780516,0.49260622,7.042728,1.2973981,0.13407874,0.0005932589,0.12031285,0.012945871,0.08266082,0.0152276205,253.03395,252.60637,339.52786,-1.7900043,23.31367,0.28575346
3,55,10,0.0064000003,0.03731353,0.014732761,0.014760178,0.007820589,0.060689293,0.0029572423,4.6229,0.71011704,7.5346127,1.3015352,0.121378586,0.0059144846,0.12149147,0.018662134,0.08843409,0.015276181,253.0009,252.49309,338.85114,-2.0116522,23.31367,0.2964834
3,56,10,0.0064000003,0.03566417,0.015495933,0.01374005,0.006428189,0.06224133,0.0022363402,4.460287,0.581121,6.83102,0.64791626,0.12448266,0.0044726804,0.11721796,0.01527207,0.08017599,0.0076046214,253.02283,252.5221,339.08908,-1.2290373,23.31367,0.25990888
3,57,10,0.0064000003,0.041733153,0.021933284,0.013583973,0.0062158974,0.07404945,0.002887355,4.434882,-0.36858436,6.7172747,0.08288068,0.1480989,0.00577471,0.116550304,-0.009686531,0.07884096,0.000972774,253.0749,252.7259,339.55997,0.2857037,23.309038,0.21894984
3,58,10,0.0064000003,0.035852466,0.015221313,0.013322818,0.007308333,0.061687343,0.0051349057,4.392044,-0.5055421,7.283672,0.048541233,0.123374686,0.010269811,0.115424514,-0.013285832,0.08548879,0.0005697316,253.10484,252.98235,339.01105,0.45700085,23.309038,0.24653319
3,59,10,0.0064000003,0.035806123,0.016440405,0.013429526,0.005936193,0.06411007,0.0046988153,4.4095984,-0.64068663,6.5644026,-0.45309645,0.12822014,0.009397631,0.11588583,-0.016837474,0.07704669,-0.005318013,253.16951,253.21121,339.59668,1.0937831,23.309038,0.33367038
3,60,10,0.0064000003,0.043188494,0.023351746,0.013546006,0.0062907413,0.07640639,0.0022625497,4.4286795,-0.62750936,6.757595,0.30779716,0.15281278,0.0045250994,0.11638731,-0.016491171,0.079314195,0.0036126303,253.23149,253.47372,340.21902,0.3197122,23.309038,0.3206262
3,61,10,0.0064000003,0.035716757,0.015373982,0.013960919,0.0063818544,0.06199593,0.004470331,4.4959936,-0.6498927,6.806356,-0.5995663,0.12399186,0.008940662,0.118156336,-0.017079413,0.07988651,-0.0070371362,253.22542,253.56511,339.7747,1.249459,23.304502,0.2584415
3,62,10,0.0064000003,0.038662393,0.017045695,0.015132947,0.006483752,0.06527958,0.0034575192,4.680912,-0.68983567,6.860478,-1.1313838,0.13055916,0.0069150385,0.123016044,-0.018129135,0.08052175,-0.013279101,253.23592,253.52533,340.23407,1.8212194,23.304502,0.33427936
3,63,10,0.0064000003,0.040532697,0.017184569,0.016940858,0.006407271,0.06554496,0.0021446752,4.952636,-0.54371184,6.8198967,-0.31031314,0.13108993,0.0042893505,0.13015705,-0.014288944,0.08004543,-0.003642158,253.2665,253.5208,340.44016,0.854025,23.304502,0.2899089
3,64,10,0.0064000003,0.043167032,0.01659164,0.018988403,0.0075869886,0.06440427,0.005188859,5.2433987,-0.786807,7.4212303,-0.490743,0.12880854,0.010377718,0.13779841,-0.020677581,0.08710332,-0.0057598725,253.3083,253.80453,339.90878,1.27755,23.304502,0.34281144
3,65,10,0.0064000003,0.037395682,0.017529782,0.014020072,0.0058458247,0.06620004,0.0013031843,4.5055084,-0.12691978,6.514245,-0.27862683,0.13240008,0.0026063686,0.118406385,-0.0033354983,0.07645799,-0.0032702559,253.36781,253.98268,340.4191,0.4055466,23.30013,0.24131675
3,66,10,0.0064000003,0.042030804,0.022825463,0.013261682,0.0059436588,0.07554049,-0.0004174694,4.3819556,0.17786914,6.5685296,0.31215623,0.15108098,-0.0008349388,0.11515938,0.0046744635,0.07709513,0.0036637916,253.39525,253.97992,340.6845,-0.49002537,23.30013,0.31276363
3,67,10,0.0064000003,0.03741426,0.016410513,0.014357044,0.006646702,0.06405176,0.002444042,4.559332,0.20359308,6.9461527,0.17118317,0.12810352,0.004888084,0.119820885,0.0053505,0.08152731,0.002009186,253.37152,253.93687,340.16193,-0.37477624,23.30013,0.32206732
3,68,10,0.0064000003,0.036398124,0.01600819,0.01404977,0.0063401638,0.06326174,0.0020114896,4.5102777,0.26835498,6.784088,-0.15973052,0.12652348,0.004022979,0.11853173,0.007052465,0.079625145,-0.0018747635,253.3531,253.7795,340.2497,-0.10862446,23.30013,0.28817394
3,69,10,0.0064000003,0.04160865,0.022276016,0.013503265,0.0058293673,0.07462576,-0.0031037915,4.4216876,0.8876532,6.505069,0.49385303,0.14925152,-0.006207583,0.11620355,0.023327844,0.076350294,0.0057963766,253.36957,253.84111,340.44568,-1.3815062,23.296022,0.28271547
3,70,10,0.0064000003,0.037192907,0.016164012,0.015054655,0.005974239,0.06356888,-0.00029925324,4.6687875,0.8140901,6.585406,0.48557597,0.12713777,-0.0005985065,0.12269741,0.02139458,0.0772932,0.005699228,253.35231,253.8576,339.76468,-1.299666,23.296022,0.26017204
3,71,10,0.0064000003,0.03728303,0.017878877,0.014195344,0.0052088075,0.06685596,-0.0017045093,4.5335836,0.60982335,6.149083,0.03440121,0.13371192,-0.0034090185,0.119144216,0.01602638,0.07217207,0.0004037685,253.4064,253.99544,340.30002,-0.6442245,23.296022,0.19647957
3,72,10,0.0064000003,0.03995035,0.020730587,0.0132347,0.0059850626,0.0719906,-0.0034002494,4.3774953,0.7154265,6.591368,0.73527795,0.1439812,-0.006800499,0.115042165,0.01880167,0.077363186,0.008629994,253.44667,254.0977,340.86298,-1.4507045,23.296022,0.24556626
3,73,10,0.0064000003,0.036053203,0.016269038,0.013942192,0.0058419756,0.06377507,2.0724241e-5,4.492977,0.54689085,6.5121,-0.40789244,0.12755014,4.1448482e-5,0.11807706,0.0143724885,0.07643282,-0.0047874516,253.42462,254.05688,340.12067,-0.13899842,23.292162,0.2461729
3,74,10,0.0064000003,0.035881735,0.017023439,0.013279607,0.0055786874,0.06523695,5.3099688e-5,4.384916,0.34828818,6.363663,-0.81001854,0.1304739,0.000106199375,0.11523718,0.009153139,0.07469061,-0.009507221,253.44661,254.07915,340.58508,0.46173036,23.292162,0.25208187
3,75,10,0.0064000003,0.04136079,0.020646106,0.014174482,0.0065402044,0.071843766,-0.0020336933,4.530251,0.63587195,6.8902802,-0.35200474,0.14368753,-0.0040673865,0.119056635,0.016710944,0.08087153,-0.0041314964,253.46039,254.01295,340.84067,-0.2838672,23.292162,0.21904053
3,76,10,0.0064000003,0.04020159,0.017340655,0.01553003,0.007330907,0.06584196,-0.00029691233,4.741926,0.543849,7.2949123,-0.3963309,0.13168392,-0.00059382466,0.12461954,0.014292548,0.085620716,-0.0046517523,253.47037,254.093,339.92953,-0.1475181,23.292162,0.21059334
3,77,10,0.0064000003,0.03853014,0.018635908,0.013898159,0.0059960755,0.0682567,0.0010508768,4.485877,-0.23728488,6.5974298,-1.0604436,0.1365134,0.0021017536,0.117890455,-0.006235932,0.07743433,-0.012446476,253.53978,254.36514,340.44962,1.2977285,23.288408,0.31546366
3,78,10,0.0064000003,0.043827284,0.02340895,0.013835561,0.006582774,0.07649992,-0.0013313118,4.475763,-0.10906157,6.9126678,-0.27266836,0.15299983,-0.0026626235,0.11762466,-0.002866177,0.0811343,-0.003200321,253.57288,254.57414,340.9407,0.38172993,23.288408,0.27400458
3,79,10,0.0064000003,0.040686768,0.019457866,0.014853951,0.0063749524,0.06974573,0.0013750053,4.6375613,-0.15573524,6.802675,-0.31080782,0.13949145,0.0027500107,0.12187678,-0.0040927767,0.0798433,-0.0036479654,253.53342,254.55934,340.40625,0.46654308,23.288408,0.27032968
3,80,10,0.0064000003,0.041396376,0.020504408,0.015285684,0.005606283,0.0715968,0.0006504966,4.7044744,-0.2904256,6.379384,-0.7058107,0.1431936,0.0013009931,0.123635285,-0.0076324902,0.07487512,-0.008284134,253.53024,254.46005,340.79333,0.9962363,23.288408,0.3285261
3,81,10,0.0064000003,0.03957109,0.019804679,0.013744087,0.006022327,0.07036455,-9.340417e-5,4.4609427,-0.34026104,6.611856,0.38969374,0.1407291,-0.00018680833,0.117235176,-0.008942184,0.07760365,0.004573853,253.53426,254.34761,340.81076,-0.049432695,23.284613,0.18597463
3,82,10,0.0064000003,0.039312202,0.016681902,0.015846442,0.006783857,0.06457922,0.0019316885,4.78999,-0.3448032,7.017454,0.2209752,0.12915844,0.003863377,0.12588266,-0.0090615535,0.08236417,0.0025935958,253.50902,254.2168,339.96313,0.12382801,23.284613,0.18922141
3,83,10,0.0064000003,0.044573512,0.021476632,0.01604837,0.0070485114,0.07327454,0.0015255173,4.820412,-0.42616215,7.153028,0.10629062,0.14654908,0.0030510346,0.12668216,-0.011199695,0.083955415,0.0012475377,253.5619,254.30074,340.01544,0.31987154,23.284613,0.17995457
3,84,10,0.0064000003,0.04605352,0.02524151,0.014301929,0.006510081,0.07943788,-0.0007500114,4.550572,-0.40952152,6.874394,0.5655651,0.15887576,-0.0015000228,0.11959067,-0.010762371,0.08068507,0.006638062,253.65569,254.71559,340.49918,-0.15604359,23.284613,0.2080079
3,85,10,0.0064000003,0.037215047,0.017260643,0.014067945,0.005886457,0.065689884,0.0038739834,4.5131946,-0.19148332,6.5368443,0.4668517,0.13137977,0.007747967,0.11860837,-0.0050322516,0.07672325,0.005479461,253.65225,254.7799,340.00656,-0.2753684,23.280855,0.2722011
3,86,10,0.0064000003,0.037959646,0.0170681,0.014824176,0.00606737,0.065322466,0.003617255,4.6329107,-0.3016845,6.636536,0.2654204,0.13064493,0.00723451,0.12175457,-0.007928376,0.077893324,0.0031152505,253.66273,254.7631,340.48953,0.03626409,23.280855,0.2552917
3,87,10,0.0064000003,0.04501675,0.023376586,0.015273784,0.0063663805,0.07644702,0.0006607711,4.702643,-0.15442392,6.7980995,0.70664656,0.15289403,0.0013215422,0.123587154,-0.0040583163,0.0797896,0.008293942,253.65994,254.72615,340.63998,-0.5522226,23.280855,0.33119524
3,88,10,0.0064000003,0.044026688,0.019468602,0.017718872,0.0068392158,0.069764964,0.0026341728,5.0650845,-0.27712226,7.0460286,0.6221185,0.13952993,0.0052683456,0.13311225,-0.007282872,0.08269955,0.0073018335,253.65826,254.80319,339.75354,-0.3449962,23.280855,0.35974112
3,89,10,0.0064000003,0.042995155,0.022660872,0.013666277,0.0066680056,0.07526764,0.0036958703,4.448297,0.1274141,6.957276,-0.5702431,0.15053529,0.0073917406,0.11690285,0.003348491,0.08165786,-0.0066929683,253.74965,255.06885,340.46695,0.442829,23.277094,0.23053649
3,90,10,0.0064000003,0.04370445,0.023820896,0.012991114,0.0068924446,0.0771701,0.00025927884,4.337024,0.1859634,7.073394,-0.28610215,0.1543402,0.0005185577,0.113978565,0.0048871855,0.08302075,-0.0033579913,253.81346,255.27791,340.70554,0.10013874,23.277094,0.24684061
3,91,10,0.0064000003,0.040782176,0.019557249,0.013889291,0.0073356363,0.06992362,0.0032475172,4.4844446,-0.019519536,7.2972646,-0.43821323,0.13984723,0.0064950343,0.11785284,-0.0005129817,0.08564833,-0.0051433286,253.81982,255.39795,339.9771,0.45773277,23.277094,0.22326337
3,92,10,0.0064000003,0.036656655,0.01879632,0.012134303,0.005726032,0.068549834,0.0028421732,4.1915636,-0.2072419,6.4471545,-0.5634722,0.13709967,0.0056843464,0.11015581,-0.0054463884,0.07567055,-0.0066134976,253.8773,255.6063,340.65973,0.7707141,23.277094,0.20267394
3,93,10,0.0064000003,0.041140765,0.023567174,0.011735779,0.0058378144,0.07675802,0.00054919766,4.122158,-0.042297017,6.5097814,-0.19232436,0.15351604,0.0010983953,0.1083318,-0.0011115784,0.07640559,-0.002257321,253.90468,255.72661,341.2699,0.23462138,23.273167,0.21565486
3,94,10,0.0064000003,0.033775233,0.016935397,0.011246381,0.0055934563,0.06506804,0.005149235,4.035292,-0.0072711213,6.372082,-0.53353065,0.13013607,0.01029847,0.10604896,-0.00019108527,0.07478941,-0.006262074,253.87535,255.64725,340.92523,0.54080176,23.273167,0.19608982
3,95,10,0.0064000003,0.03786625,0.021184433,0.01124054,0.005441277,0.072774366,0.004629889,4.034245,-0.019470504,6.2848024,-0.554467,0.14554873,0.009259778,0.10602141,-0.000511692,0.07376501,-0.006507806,253.84866,255.4421,341.0096,0.57393754,23.273167,0.21082342
3,96,10,0.0064000003,0.041406423,0.023090161,0.0117221875,0.006594072,0.075977236,0.0012903322,4.11977,0.11852499,6.9185967,-0.31883106,0.15195447,0.0025806644,0.10826905,0.0031148798,0.08120389,-0.0037421356,253.79494,255.08142,340.87018,0.20030606,23.273167,0.21271281
3,97,10,0.0064000003,0.03765958,0.020335244,0.011494033,0.005830306,0.07130085,0.0036608898,4.0794806,0.093830705,6.505593,-0.2466416,0.1426017,0.0073217796,0.10721023,0.002465908,0.07635644,-0.0028948446,253.71413,254.83311,339.70016,0.1528109,23.269033,0.28091547
3,98,10,0.0064000003,0.03335111,0.015796406,0.011859172,0.0056955274,0.06284188,0.0030718406,4.143772,0.010946447,6.4299593,-0.4309683,0.12568375,0.0061436812,0.108899824,0.0002876785,0.07546872,-0.005058293,253.73189,254.92397,340.1369,0.42002186,23.269033,0.3359413
3,99,10,0.0064000003,0.03811075,0.02112466,0.011445308,0.005540785,0.07267162,0.0012712395,4.070825,-0.0035761439,6.342009,-0.107421026,0.14534324,0.002542479,0.106982745,-9.398147e-5,0.07443645,-0.0012608065,253.7655,255.0953,340.46375,0.11099717,23.269033,0.3254891
3,100,10,0.0064000003,0.033028055,0.016396489,0.011260933,0.005370631,0.06402439,0.0045101955,4.0379024,0.0837402,6.24387,-0.030567594,0.12804878,0.009020391,0.10611755,0.0022007264,0.07328459,-0.0003587748,253.7622,255.11801,340.08563,-0.053172603,23.269033,0.31107888
4,1,10,0.0051200003,0.04850152,0.013448267,0.027796902,0.0072563533,0.05798333,0.0021705544,6.3440533,2.7845502,7.257724,1.2706282,0.11596666,0.0043411087,0.16672403,0.073178984,0.08518423,0.014913418,253.53235,253.89441,340.47208,-4.0551786,23.26474,1.0125775
4,2,10,0.0051200003,0.04736235,0.015539664,0.02534396,0.0064787264,0.062329095,0.0024392698,6.057674,2.5845504,6.857819,1.2313553,0.12465819,0.0048785396,0.15919787,0.06792293,0.08049054,0.014452472,253.52896,253.85437,340.87576,-3.8159056,23.26474,0.9518549
4,3,10,0.0051200003,0.04928734,0.018077673,0.024571972,0.0066376966,0.06722662,-0.0005357957,5.964701,2.5942044,6.9414463,1.3626655,0.13445324,-0.0010715914,0.1567545,0.06817663,0.08147206,0.015993671,253.48073,253.64883,341.03882,-3.95687,23.26474,0.9271294
4,4,10,0.0051200003,0.045746535,0.013217376,0.025645128,0.0068840296,0.057483424,0.0023551364,6.0935597,2.7317505,7.069075,1.1796913,0.11496685,0.004710273,0.16014096,0.071791396,0.08297005,0.01384609,253.37524,253.21782,339.9562,-3.9114418,23.26474,0.97750515
4,5,10,0.0051200003,0.034345485,0.015255247,0.013223609,0.0058666286,0.061756067,0.00018810097,4.3756614,-0.41595805,6.5258265,-0.15201391,0.123512134,0.00037620193,0.11499395,-0.010931529,0.07659392,-0.0017841922,253.34158,252.95413,340.05777,0.56797194,23.261679,0.33750394
4,6,10,0.0051200003,0.033732027,0.015440876,0.012153696,0.0061374535,0.06213066,-0.0028132712,4.194912,-0.37924066,6.6747546,-0.1908705,0.12426132,-0.0056265425,0.110243805,-0.009966584,0.0783419,-0.002240258,253.34428,252.91447,340.05978,0.57011116,23.261679,0.31732777
4,7,10,0.0051200003,0.0311158,0.013547063,0.011743232,0.005825504,0.058195926,0.00047126052,4.1234665,-0.58292174,6.502914,-0.26396018,0.11639185,0.00094252103,0.10836619,-0.015319396,0.07632499,-0.0030981135,253.31357,252.90523,339.37338,0.8468819,23.261679,0.30689505
4,8,10,0.0051200003,0.03396041,0.015802367,0.01223474,0.005923301,0.06285373,-0.0002489954,4.2088757,-0.6675065,6.5572705,-0.3127063,0.12570746,-0.0004979908,0.11061076,-0.017542312,0.076962985,-0.0036702468,253.30379,252.84665,339.6351,0.9802128,23.261679,0.31994385
4,9,10,0.0051200003,0.0425686,0.017857974,0.019350534,0.005360095,0.06681687,-0.0039805938,5.293162,-2.4299226,6.2377424,-0.5719433,0.13363373,-0.0079611875,0.1391062,-0.063859254,0.07321267,-0.006712924,253.28893,252.66623,339.82135,3.0018659,23.258514,0.83200985
4,10,10,0.0051200003,0.038572006,0.012163446,0.02073163,0.005676929,0.05514401,-0.0016340095,5.4787993,-2.382565,6.4194527,-0.70792365,0.11028802,-0.003268019,0.14398482,-0.06261468,0.0753454,-0.0083089275,253.2549,252.54053,339.02072,3.0904887,23.258514,0.8261
4,11,10,0.0051200003,0.038644716,0.012987445,0.020457676,0.005199595,0.056981236,-0.0024245877,5.4424796,-2.610136,6.143643,-0.8433952,0.11396247,-0.0048491755,0.14303033,-0.06859531,0.07210822,-0.009898966,253.28879,252.65141,339.39148,3.4535313,23.258514,0.8630753
4,12,10,0.0051200003,0.04188306,0.016883451,0.019628048,0.005371558,0.06496817,-0.0043282416,5.330982,-2.6308348,6.244409,-0.6836217,0.12993634,-0.008656483,0.14010014,-0.06913928,0.073290914,-0.008023701,253.31816,252.7842,339.67648,3.3144565,23.258514,0.8450654
4,13,10,0.0051200003,0.030130696,0.011863506,0.013302452,0.0049647377,0.054459862,-0.0016265151,4.388686,-1.5074965,6.0032907,-0.07554145,0.108919725,-0.0032530301,0.115336254,-0.039617553,0.07046089,-0.00088663294,253.28986,252.69843,339.05627,1.583038,23.254992,0.5700864
4,14,10,0.0051200003,0.032360487,0.014106721,0.013251403,0.005002361,0.05938586,-0.0014224891,4.3802576,-1.6751913,6.0259943,-0.24201912,0.11877172,-0.0028449781,0.11511474,-0.044024635,0.07072737,-0.00284059,253.28224,252.62242,339.4555,1.9172103,23.254992,0.6015436
4,15,10,0.0051200003,0.034259785,0.015795609,0.013360247,0.0051039285,0.06284029,-0.003735265,4.3982096,-1.5283858,6.0868635,-0.14916383,0.12568058,-0.00747053,0.115586534,-0.04016653,0.071441785,-0.0017507431,253.22914,252.35423,339.41516,1.6775496,23.254992,0.59262407
4,16,10,0.0051200003,0.032018885,0.012192419,0.0142578585,0.005568608,0.055209644,-0.0017208369,4.5435557,-1.4299865,6.3579125,-0.3933836,0.11041929,-0.0034416737,0.119406275,-0.037580553,0.07462311,-0.00461716,253.11928,251.89954,338.22296,1.8233701,23.254992,0.5962204
4,17,10,0.0051200003,0.027769413,0.012733014,0.010301311,0.004735088,0.05642033,0.00016148856,3.8620236,1.2776401,5.8628016,-0.7465839,0.11284066,0.0003229771,0.10149537,0.03357684,0.068811975,-0.008762688,253.07283,251.64903,338.34735,-0.5310562,23.251295,0.34829757
4,18,10,0.0051200003,0.029434256,0.014119758,0.010920244,0.004394254,0.059413295,-0.0010643888,3.9763525,1.4050056,5.647858,-0.6055923,0.11882659,-0.0021287776,0.10449997,0.03692405,0.06628917,-0.0071078646,253.0423,251.4795,338.36816,-0.79941326,23.251295,0.3676306
4,19,10,0.0051200003,0.029733455,0.012045096,0.012509532,0.0051788255,0.054875076,0.0006455887,4.2558784,1.5482671,6.13136,-0.58108073,0.10975015,0.0012911774,0.11184602,0.040689006,0.071964055,-0.0068201697,252.97672,251.23416,337.46133,-0.9671864,23.251295,0.42365074
4,20,10,0.0051200003,0.03091277,0.0130511345,0.012869582,0.004992055,0.05712078,0.0005371933,4.316691,1.3159512,6.0197835,-0.6906134,0.11424156,0.0010743866,0.11344418,0.034583673,0.070654474,-0.00810576,252.98767,251.20995,337.87442,-0.62533784,23.251295,0.40598515
4,21,10,0.0051200003,0.034802224,0.013192526,0.017199289,0.0044104094,0.057429362,-0.0002216845,4.990268,2.2577624,5.6582313,-0.5199483,0.114858724,-0.000443369,0.13114606,0.0593348,0.066410914,-0.0061026565,252.99629,251.24825,338.00806,-1.7378142,23.247736,0.7004509
4,22,10,0.0051200003,0.034484655,0.011147991,0.01845942,0.0048772427,0.052792024,0.0010237102,5.169847,2.2615974,5.950156,-0.862396,0.10558405,0.0020474205,0.13586545,0.059435595,0.06983726,-0.010121982,252.93526,251.12128,337.29877,-1.3992014,23.247736,0.70268863
4,23,10,0.0051200003,0.031271033,0.010714826,0.015938709,0.0046174987,0.05175622,0.0020857698,4.803914,1.9673845,5.789547,-1.2259494,0.10351244,0.0041715396,0.1262486,0.05170358,0.06795218,-0.014389023,252.90929,250.9575,337.64087,-0.74143505,23.247736,0.65635914
4,24,10,0.0051200003,0.036888693,0.016519703,0.015648628,0.0047203647,0.0642645,0.0006477598,4.7599983,2.122673,5.85368,-1.0656826,0.128529,0.0012955196,0.12509447,0.05578461,0.06870491,-0.012507969,252.84377,250.6822,337.55634,-1.0569904,23.247736,0.6583882
4,25,10,0.0051200003,0.025489407,0.009572179,0.011496876,0.004420351,0.048918758,0.0013895257,4.079985,0.98403275,5.664604,-0.6292454,0.097837515,0.0027790514,0.10722349,0.025860734,0.06648572,-0.0073854825,252.76765,250.3837,336.73312,-0.35478735,23.244356,0.41761696
4,26,10,0.0051200003,0.026864782,0.0116576925,0.010978255,0.004228834,0.0539854,0.0017280793,3.9869003,0.7448063,5.540533,-1.0090456,0.1079708,0.0034561586,0.10477717,0.019573782,0.06502949,-0.011843213,252.75957,250.30173,336.8843,0.2642393,23.244356,0.4025191
4,27,10,0.0051200003,0.027285032,0.01158962,0.011416016,0.0042793946,0.05382755,0.0003446187,4.0656123,0.91357815,5.5735555,-0.84184617,0.1076551,0.0006892374,0.10684576,0.024009163,0.06541708,-0.009880788,252.75948,250.29922,336.96274,-0.071731985,23.244356,0.43243393
4,28,10,0.0051200003,0.026489984,0.009694308,0.011981767,0.004813909,0.049229838,0.0013958438,4.165135,0.99057776,5.9113975,-0.92044306,0.098459676,0.0027916876,0.109461255,0.026032742,0.06938234,-0.010803281,252.70099,250.12141,336.13748,-0.0701347,23.244356,0.42845687
4,29,10,0.0051200003,0.026995663,0.013422597,0.009262976,0.004310089,0.057927966,-0.00093717466,3.6622152,-1.2356037,5.5935087,-0.009081985,0.11585593,-0.0018743493,0.09624436,-0.03247211,0.06565127,-0.00010659448,252.65881,249.88452,336.30783,1.2446856,23.240973,0.26739362
4,30,10,0.0051200003,0.024834735,0.011878441,0.009070302,0.003885992,0.05449413,-0.0021619068,3.623928,-0.91282487,5.3111944,0.13715462,0.10898826,-0.0043238136,0.095238134,-0.02398937,0.062337726,0.0016097904,252.60425,249.65094,336.2604,0.77567023,23.240973,0.22455162
4,31,10,0.0051200003,0.02654348,0.011966139,0.01044939,0.0041279495,0.054694925,-0.0013251919,3.8896825,-0.894057,5.4740453,-0.10912423,0.10938985,-0.0026503839,0.10222226,-0.023496142,0.06424912,-0.0012807971,252.52853,249.37212,335.30817,1.0031812,23.240973,0.2285126
4,32,10,0.0051200003,0.025080197,0.010588205,0.010365076,0.004126914,0.051449504,-0.0017531458,3.873958,-1.2446587,5.4733586,-0.35767263,0.10289901,-0.0035062917,0.10180902,-0.03271008,0.06424106,-0.004198019,252.52565,249.30501,335.56393,1.6023314,23.240973,0.268504
4,33,10,0.0051200003,0.02929679,0.013285863,0.01215693,0.0038539954,0.05763216,-0.0049729967,4.19547,-1.9417205,5.289283,0.7719309,0.11526432,-0.009945993,0.11025847,-0.05102912,0.062080555,0.009060188,252.53996,249.39838,335.7621,1.1697896,23.237438,0.46679038
4,34,10,0.0051200003,0.02890668,0.010829107,0.01444635,0.003631222,0.0520315,-0.004029771,4.57349,-1.926161,5.1341386,0.5188531,0.104063,-0.008059542,0.12019297,-0.0506202,0.06025962,0.006089804,252.52486,249.33607,335.181,1.4073079,23.237438,0.48408967
4,35,10,0.0051200003,0.029043121,0.01047233,0.0150655005,0.0035052914,0.0511672,-0.0038608478,4.6704683,-2.2481809,5.0443277,0.39961028,0.1023344,-0.0077216956,0.1227416,-0.059083004,0.059205502,0.004690244,252.54521,249.34608,335.53668,1.8485706,23.237438,0.49431723
4,36,10,0.0051200003,0.027324105,0.010681505,0.012757515,0.0038850855,0.051675685,-0.004035523,4.297855,-1.940369,5.3105745,0.5573034,0.10335137,-0.008071046,0.11294917,-0.050993595,0.062330455,0.006541095,252.5408,249.40518,335.78473,1.3830656,23.237438,0.4463287
4,37,10,0.0051200003,0.026636427,0.01038995,0.012612935,0.0036335413,0.05096555,-0.003115151,4.2734313,-1.0905694,5.1357784,-0.24762739,0.1019311,-0.006230302,0.112307325,-0.028660562,0.060278863,-0.002906414,252.44934,249.08238,334.87067,1.3381968,23.233625,0.3952395
4,38,10,0.0051200003,0.026558548,0.010211311,0.012729816,0.0036174199,0.050525516,-0.0029593508,4.293186,-1.2462516,5.1243725,-0.4614749,0.10105103,-0.0059187016,0.11282649,-0.032751948,0.06014499,-0.005416353,252.406,248.80737,334.85654,1.7077265,23.233625,0.39204633
4,39,10,0.0051200003,0.027925046,0.0111912,0.0127753485,0.0039584977,0.052894235,-0.0040336926,4.3008575,-0.90845484,5.360513,-0.09609646,0.10578847,-0.008067385,0.11302809,-0.023874514,0.06291659,-0.0011278882,252.40811,248.85094,334.73853,1.0045513,23.233625,0.32967064
4,40,10,0.0051200003,0.02934368,0.011794288,0.013409673,0.0041397177,0.054300755,-0.0037959313,4.4063373,-0.88923323,5.4818425,-0.17743813,0.10860151,-0.0075918627,0.11580014,-0.02336937,0.064340636,-0.0020825998,252.3863,248.83263,334.00336,1.0666714,23.233625,0.3479212
4,41,10,0.0051200003,0.027156128,0.011431794,0.011805332,0.0039190017,0.053459782,0.0004958203,4.134355,0.32444707,5.333704,-0.16468494,0.106919564,0.0009916406,0.108652346,0.008526585,0.06260193,-0.0019329145,252.38112,248.73671,334.4378,-0.15976213,23.229536,0.207177
4,42,10,0.0051200003,0.026053512,0.011021537,0.010930654,0.0041013225,0.052491754,0.00065141945,3.978247,0.4860177,5.4563622,0.18080841,0.10498351,0.0013028389,0.104549766,0.012772719,0.06404157,0.0021221568,252.33609,248.59656,334.64694,-0.6668261,23.229536,0.18726349
4,43,10,0.0051200003,0.027968928,0.012346699,0.011911185,0.0037110448,0.05555785,0.00022708252,4.152849,0.4544671,5.1902623,-0.08007971,0.1111157,0.00045416504,0.10913838,0.011943555,0.060918346,-0.000939899,252.24136,248.2861,333.68893,-0.37438738,23.229536,0.20336568
4,44,10,0.0051200003,0.029703835,0.012089531,0.013531004,0.0040832995,0.054976203,0.00023384302,4.426227,0.30454698,5.4443607,-0.49654424,0.109952405,0.00046768604,0.116322845,0.008003602,0.0639007,-0.005827963,252.21404,248.1035,333.7392,0.19199726,23.229536,0.22249918
4,45,10,0.0051200003,0.02852394,0.011298951,0.013178518,0.0040464723,0.053148262,0.0025697344,4.368194,1.5861511,5.419753,0.75135154,0.106296524,0.0051394687,0.114797726,0.041684624,0.06361189,0.008818648,252.24503,248.21413,333.81927,-2.3375027,23.22522,0.43424135
4,46,10,0.0051200003,0.028951986,0.012806754,0.01218285,0.003962381,0.056583464,0.003083571,4.19994,1.514054,5.3631425,0.49265012,0.11316693,0.006167142,0.11037595,0.03978988,0.062947445,0.0057822564,252.26076,248.38766,333.52145,-2.006704,23.22522,0.39323536
4,47,10,0.0051200003,0.028120538,0.012399104,0.011630405,0.0040910305,0.055675633,0.0033569373,4.10361,1.2407502,5.449511,0.29588717,0.11135127,0.0067138746,0.10784435,0.03260736,0.06396116,0.003472841,252.28745,248.51823,333.92957,-1.5366373,23.22522,0.3625559
4,48,10,0.0051200003,0.029384533,0.011987575,0.013210788,0.00418617,0.054743893,0.0018716907,4.373539,1.5308721,5.5125136,0.82054925,0.10948779,0.0037433815,0.11493819,0.04023187,0.06470062,0.009630823,252.27654,248.51515,333.96454,-2.3514214,23.22522,0.4085398
4,49,10,0.0051200003,0.030803636,0.014061927,0.013153314,0.0035883952,0.059291497,0.004314946,4.364015,1.1368744,5.103773,0.7081342,0.118582994,0.008629892,0.1146879,0.02987747,0.059903216,0.008311404,252.24585,248.40805,333.2174,-1.8450086,23.22082,0.40781495
4,50,10,0.0051200003,0.031135662,0.01328495,0.014109221,0.0037414895,0.057630178,0.0039846385,4.51981,0.8844159,5.2115083,0.47695875,0.115260355,0.007969277,0.118782245,0.023242768,0.061167717,0.0055980873,252.26814,248.44667,333.50742,-1.3613746,23.22082,0.41143233
4,51,10,0.0051200003,0.03184175,0.012057245,0.015395817,0.004388689,0.054902744,0.0035996172,4.7213917,1.1394331,5.644281,0.97448516,0.10980549,0.0071992343,0.12407988,0.029944714,0.06624718,0.011437576,252.29292,248.5775,333.83255,-2.1139183,23.22082,0.4703857
4,52,10,0.0051200003,0.035320275,0.01556235,0.015595744,0.0041621826,0.062374573,0.0038856647,4.7519484,1.0935141,5.4966965,0.61627465,0.12474915,0.0077713295,0.12488292,0.02873795,0.06451498,0.0072332453,252.25925,248.54822,333.30707,-1.7097888,23.22082,0.44612765
4,53,10,0.0051200003,0.029884133,0.015344595,0.010721999,0.0038175397,0.06193665,0.005607363,3.9400935,-0.031382725,5.2642074,-0.28920946,0.1238733,0.011214726,0.10354709,-0.00082474767,0.06178624,-0.0033944643,252.21803,248.30083,333.27368,0.32059216,23.21651,0.22266448
4,54,10,0.0051200003,0.029796775,0.013535323,0.012049742,0.0042117117,0.058170702,0.003630716,4.1769333,0.23833044,5.529305,0.32228637,0.116341405,0.007261432,0.10977132,0.006263415,0.0648977,0.0037826903,252.20433,248.22063,333.19815,-0.5606168,23.21651,0.24501574
4,55,10,0.0051200003,0.03096565,0.015042079,0.011857015,0.004066556,0.061323076,0.004172578,4.1433954,0.077473454,5.4331865,-0.073979385,0.12264615,0.008345156,0.10888992,0.0020360271,0.06376956,-0.0008682973,252.1487,248.13579,332.49902,-0.003494069,23.21651,0.22378512
4,56,10,0.0051200003,0.030748293,0.01512061,0.011651709,0.0039759753,0.061482944,0.005453383,4.1073666,-0.10537558,5.372335,-0.42974555,0.12296589,0.010906766,0.10794308,-0.0027693089,0.06305534,-0.0050439425,252.09471,247.9032,332.42465,0.53512114,23.21651,0.24175629
4,57,10,0.0051200003,0.029029828,0.013251973,0.012104753,0.0036731001,0.057558607,0.0022493354,4.1864576,-0.71295273,5.1636596,0.16712531,0.115117215,0.004498671,0.110021606,-0.018736653,0.060606107,0.0019615567,252.04915,247.69034,332.25668,0.5458274,23.21225,0.24910893
4,58,10,0.0051200003,0.034369074,0.017183533,0.013506492,0.0036790464,0.06554299,0.0029542053,4.422216,-0.68409,5.167837,0.17822063,0.13108598,0.0059084105,0.116217434,-0.017978134,0.060655143,0.0020917829,251.98119,247.4435,331.4984,0.5058694,23.21225,0.24286652
4,59,10,0.0051200003,0.032368764,0.015004734,0.013716698,0.0036473344,0.061246905,0.0031152565,4.4564953,-0.79088986,5.1455173,0.107707545,0.12249381,0.006230513,0.11711831,-0.02078487,0.060393166,0.0012641689,251.96638,247.31714,331.647,0.6831823,23.21225,0.24205938
4,60,10,0.0051200003,0.03613776,0.016717914,0.015103419,0.0043164287,0.06464889,0.0013081041,4.6763425,-0.5640896,5.597621,0.6674271,0.12929778,0.0026162083,0.12289597,-0.014824477,0.06569953,0.007833621,251.98695,247.35458,331.6956,-0.10333753,23.21225,0.20958649
4,61,10,0.0051200003,0.036085263,0.016513411,0.015641246,0.0039306055,0.06425226,-0.0009764224,4.758876,-1.0597013,5.341595,0.8781398,0.12850451,-0.0019528448,0.12506497,-0.027849328,0.06269454,0.010306768,252.02013,247.57106,331.60757,0.18156153,23.207937,0.3533135
4,62,10,0.0051200003,0.035121348,0.01579392,0.01522319,0.0041042385,0.06283693,-0.001160842,4.6948476,-1.2409568,5.458301,0.45710954,0.12567386,-0.002321684,0.12338229,-0.03261279,0.06406433,0.005365115,252.08484,247.77592,332.49496,0.7838472,23.207937,0.4107751
4,63,10,0.0051200003,0.035518974,0.015218307,0.015709529,0.004591136,0.061681252,-0.0025459763,4.7692513,-1.0668567,5.7729964,0.80584645,0.123362504,-0.0050919526,0.12533766,-0.028037384,0.06775792,0.009458257,252.12376,248.0086,332.80002,0.2610103,23.207937,0.34162772
4,64,10,0.0051200003,0.036321726,0.01545619,0.016177064,0.0046884706,0.062161464,-0.0020623105,4.839701,-1.3629314,5.833871,0.66817284,0.12432293,-0.004124621,0.12718908,-0.035818327,0.06847241,0.007842377,252.13199,248.21425,332.46616,0.69475853,23.207937,0.4243929
4,65,10,0.0051200003,0.032476366,0.014779825,0.012921741,0.0047748005,0.06078615,-0.00023792074,4.325429,-1.0175087,5.8873367,0.21212524,0.1215723,-0.0004758415,0.113673836,-0.026740499,0.06909993,0.0024897228,252.09477,248.01355,332.68073,0.8053835,23.203543,0.36815962
4,66,10,0.0051200003,0.032440394,0.01375181,0.014211039,0.004477545,0.058634058,-0.0025896698,4.5360894,-0.49268103,5.7011333,0.37168074,0.117268115,-0.0051793396,0.119210064,-0.012947834,0.06691446,0.0043624337,252.0494,247.7217,332.52466,0.12100029,23.203543,0.31464192
4,67,10,0.0051200003,0.036593966,0.015852265,0.01606363,0.00467807,0.06295289,-0.002725602,4.8227034,-0.51556873,5.8273964,0.3983915,0.12590578,-0.005451204,0.12674238,-0.0135493325,0.06839642,0.0046759387,252.01326,247.66078,331.64807,0.11717725,23.203543,0.3588332
4,68,10,0.0051200003,0.034846738,0.013797014,0.015755717,0.005294005,0.058730345,-0.0018256493,4.7762585,-0.7923028,6.1991673,0.32589144,0.11746069,-0.0036512986,0.12552178,-0.020822002,0.07275991,0.003825002,252.00984,247.61804,331.85684,0.46641135,23.203543,0.39373022
4,69,10,0.0051200003,0.03238891,0.0148563655,0.012526685,0.0050058607,0.060943346,-0.00058532273,4.2587953,0.27924377,6.0281024,-0.5873322,0.12188669,-0.0011706455,0.111922674,0.00733863,0.07075211,-0.006893546,252.00734,247.6202,331.83374,0.30808842,23.199091,0.16660324
4,70,10,0.0051200003,0.036170237,0.016223919,0.01502077,0.004925548,0.06368657,-0.00029465082,4.6635303,0.21697977,5.9795504,-0.56171817,0.12737314,-0.00058930164,0.12255925,0.005702304,0.07018225,-0.0065929126,251.97952,247.60258,331.3103,0.3447384,23.199091,0.2024111
4,71,10,0.0051200003,0.036499847,0.015743349,0.015591429,0.0051650708,0.06273625,0.0017271786,4.751291,-0.042528402,6.123213,-0.71740717,0.1254725,0.0034543572,0.12486564,-0.0011176605,0.07186843,-0.00842024,251.98526,247.6859,331.694,0.75993556,23.199091,0.23498252
4,72,10,0.0051200003,0.04163709,0.017828297,0.018512316,0.005296477,0.06676132,-0.00040293692,5.177249,0.0074068704,6.200615,-0.3173696,0.13352264,-0.00080587383,0.13605997,0.00019465432,0.0727769,-0.0037249797,252.00096,247.86476,331.68655,0.30996275,23.199091,0.22705574
4,73,10,0.0051200003,0.039766297,0.018843982,0.015521003,0.0054013124,0.06863669,0.0019635232,4.7405477,0.63983715,6.2616796,-0.73381245,0.13727339,0.0039270464,0.12458332,0.01681515,0.07349362,-0.00861279,252.04155,248.10062,331.10565,0.093975306,23.194645,0.34252945
4,74,10,0.0051200003,0.03919188,0.019434996,0.014341228,0.0054156543,0.06970473,0.0034486714,4.5568194,0.44883898,6.269987,-1.1347203,0.13940945,0.006897343,0.119754866,0.011795651,0.07359113,-0.013318264,252.12372,248.40633,331.8357,0.6858814,23.194645,0.34958962
4,75,10,0.0051200003,0.040430445,0.017502302,0.017867805,0.0050603375,0.06614813,0.0010407051,5.0863266,0.54351264,6.060814,-0.75846845,0.13229626,0.0020814103,0.13367051,0.014283707,0.07113605,-0.008902177,252.12985,248.45503,331.9267,0.2149558,23.194645,0.37786978
4,76,10,0.0051200003,0.040151224,0.016678268,0.018092366,0.0053805904,0.064572185,0.0018657617,5.11819,0.61286366,6.2496567,-0.6249394,0.12914437,0.0037315234,0.13450786,0.016106283,0.07335251,-0.0073349415,252.09349,248.32579,331.40665,0.012075722,23.194645,0.37318057
4,77,10,0.0051200003,0.034980614,0.016852418,0.013237921,0.004890275,0.06490843,0.0026614,4.3780284,0.8229041,5.958101,-0.555272,0.12981686,0.0053228,0.115056165,0.021626217,0.0699305,-0.0065172515,252.12967,248.38673,332.11285,-0.26763213,23.190144,0.39626583
4,78,10,0.0051200003,0.035887726,0.015228067,0.015784992,0.004874668,0.061701026,3.462601e-6,4.7806926,0.9841016,5.9485855,-0.13961838,0.12340205,6.925202e-6,0.12563834,0.025862547,0.069818825,-0.0016387064,252.14879,248.40475,332.55795,-0.8444832,23.190144,0.4406357
4,79,10,0.0051200003,0.038410787,0.016789824,0.016453674,0.005167287,0.064787775,0.0005084224,4.880903,1.0200257,6.1245265,0.13620086,0.12957555,0.0010168448,0.12827188,0.026806643,0.07188384,0.0015985951,252.10681,248.29088,331.80026,-1.1562266,23.190144,0.38857836
4,80,10,0.0051200003,0.035990044,0.017511118,0.013287377,0.00519155,0.06616479,0.000840918,4.386198,0.8363376,6.1388884,-0.23928842,0.13232958,0.001681836,0.11527088,0.02197925,0.07205241,-0.0028085392,252.10345,248.26366,332.0079,-0.59704924,23.190144,0.36623195
4,81,10,0.0051200003,0.032438613,0.015302971,0.012491042,0.004644602,0.06185259,-0.00036117795,4.252732,0.5532485,5.8065143,0.6559741,0.12370518,-0.0007223559,0.11176333,0.01453957,0.06815132,0.0076991976,252.09404,248.15921,332.16016,-1.2092226,23.185633,0.21111418
4,82,10,0.0051200003,0.033804808,0.015178592,0.013425414,0.0052008014,0.061600715,-0.000111970825,4.408923,0.5320642,6.1443563,0.66791314,0.12320143,-0.00022394165,0.11586809,0.013982838,0.07211658,0.007839327,252.07332,248.13072,331.54913,-1.1999774,23.185633,0.2025702
4,83,10,0.0051200003,0.032360107,0.015651196,0.011696802,0.005012108,0.06255237,4.6430963e-5,4.1153073,0.362512,6.0318627,0.15364605,0.12510474,9.286193e-5,0.108151756,0.009526946,0.070796244,0.0018033505,252.0786,248.2086,332.21997,-0.51615804,23.185633,0.16875897
4,84,10,0.0051200003,0.03294212,0.014885591,0.013066654,0.0049898736,0.06100326,-0.0010387903,4.3496156,0.348787,6.018468,0.31874463,0.12200652,-0.0020775807,0.11430947,0.009166252,0.07063904,0.0037411177,252.0608,248.23193,332.3751,-0.6675316,23.185633,0.1945735
4,85,10,0.0051200003,0.033552524,0.015384805,0.013844411,0.004323307,0.06201775,0.0001536461,4.477194,-0.60463315,5.6020794,-0.16613396,0.1240355,0.0003072922,0.11766227,-0.015889974,0.06575186,-0.0019499208,252.03247,248.13019,331.57062,0.7707671,23.181238,0.3863241
4,86,10,0.0051200003,0.0318259,0.015959231,0.011271863,0.0045948047,0.06316493,0.00060272287,4.0398617,-0.7930676,5.775302,-0.32004336,0.12632985,0.0012054457,0.10616903,-0.020842098,0.06778499,-0.0037563639,252.07011,248.16823,331.89014,1.1131109,23.181238,0.39758858
4,87,10,0.0051200003,0.032487962,0.015469314,0.012580944,0.004437703,0.062187847,-0.00025159348,4.2680087,-0.637371,5.6757116,-0.31063744,0.12437569,-0.00050318695,0.11216481,-0.016750336,0.06661609,-0.0036459644,252.08733,248.26454,332.12387,0.9480084,23.181238,0.37541437
4,88,10,0.0051200003,0.03479065,0.014901178,0.015181754,0.0047077173,0.06103519,0.00011088571,4.688454,-0.7370753,5.845833,-0.29418617,0.12207038,0.00022177142,0.12321426,-0.019370614,0.06861281,-0.0034528777,252.07593,248.3479,331.67426,1.0312614,23.181238,0.45460895
4,89,10,0.0051200003,0.034399085,0.016995188,0.012543918,0.0048599797,0.0651828,0.00046499074,4.261723,-0.9700122,5.939617,-0.90221196,0.1303656,0.00092998147,0.11199963,-0.025492271,0.069713555,-0.0105893025,252.08807,248.41798,332.29184,1.8722241,23.176996,0.40165842
4,90,10,0.0051200003,0.031068131,0.014162557,0.012641733,0.004263841,0.059503272,0.0012532477,4.278307,-0.7262682,5.563419,-0.65328103,0.119006544,0.0025064955,0.11243546,-0.019086584,0.065298095,-0.0076675885,252.03206,248.1322,332.40866,1.3795493,23.176996,0.36155114
4,91,10,0.0051200003,0.032704785,0.015755847,0.01232982,0.0046191197,0.06276115,0.0020777213,4.225198,-0.636044,5.7905636,-0.39090645,0.1255223,0.0041554426,0.11103972,-0.016715469,0.06796411,-0.004588088,251.97285,247.90846,331.34387,1.0269505,23.176996,0.34009045
4,92,10,0.0051200003,0.033257574,0.016007392,0.012241879,0.0050083026,0.06326016,0.0014042427,4.2101026,-0.8028193,6.029572,-0.81554484,0.12652032,0.0028084854,0.11064302,-0.021098386,0.07076936,-0.009572086,251.98079,247.90475,331.54498,1.6183641,23.176996,0.35924608
4,93,10,0.0051200003,0.034784414,0.01829829,0.012344972,0.004141152,0.06763559,-0.0017813983,4.2277927,0.3587302,5.4827914,0.121319205,0.13527118,-0.0035627966,0.11110793,0.00942756,0.06435178,0.0014239291,252.03543,248.0698,332.03622,-0.4800494,23.172821,0.27334657
4,94,10,0.0051200003,0.033208016,0.015449309,0.013581992,0.0041767163,0.062147625,-0.0013053297,4.4345584,0.18314874,5.506285,0.27767166,0.12429525,-0.0026106595,0.1165418,0.004813217,0.06462752,0.0032590453,252.10378,248.36006,331.6855,-0.4608204,23.172821,0.23197225
4,95,10,0.0051200003,0.031312604,0.01420556,0.012419864,0.00468718,0.05959354,-0.0015462965,4.240598,-0.27935597,5.833068,-0.11649469,0.11918708,-0.003092593,0.11144444,-0.007341578,0.06846298,-0.0013673034,252.2021,248.8086,332.42795,0.39585066,23.172821,0.1935198
4,96,10,0.0051200003,0.032490317,0.01679307,0.011355862,0.004341386,0.06479404,-0.0022028568,4.0548873,-0.094964616,5.6137805,0.21085589,0.12958808,-0.0044057136,0.10656389,-0.0024957024,0.065889195,0.0024748258,252.26756,249.16283,333.01572,-0.11589127,23.172821,0.1781014
4,97,10,0.0051200003,0.030989412,0.013874971,0.012632585,0.004481855,0.058896035,0.00019194679,4.276759,0.6415837,5.703877,0.59324086,0.11779207,0.00038389358,0.11239477,0.016861051,0.066946656,0.0069628935,252.24194,249.12836,332.61905,-1.2348245,23.168568,0.31200892
4,98,10,0.0051200003,0.03004288,0.01371875,0.011740459,0.0045836694,0.058563534,0.0011012588,4.1229796,0.37005788,5.7683005,0.33418244,0.11712707,0.0022025176,0.1083534,0.009725255,0.0677028,0.003922314,252.21422,248.92638,333.08066,-0.7042403,23.168568,0.3033571
4,99,10,0.0051200003,0.03118415,0.014693075,0.012065632,0.0044254414,0.060607497,0.00017749048,4.1796865,0.7010991,5.6678653,0.3343395,0.12121499,0.00035498096,0.10984367,0.018425139,0.06652399,0.003924159,252.16368,248.80736,333.03503,-1.0354385,23.168568,0.28747082
4,100,10,0.0051200003,0.031307798,0.014004444,0.012797339,0.004506013,0.059170187,0.0003979752,4.3045573,0.66755354,5.7192287,0.39469883,0.11834037,0.0007959504,0.113125324,0.017543549,0.06712684,0.0046325987,252.12573,248.71445,332.224,-1.0622524,23.168568,0.22616674
5,1,10,0.0040960005,0.13238978,0.025451945,0.08226562,0.02467222,0.07976833,0.00516664,10.913848,1.1996025,13.382747,1.3512561,0.15953666,0.01033328,0.28681985,0.03152596,0.15707393,0.01585976,253.51306,254.41402,340.48007,-2.5508585,23.164173,1.3077902
5,2,10,0.0040960005,0.1388767,0.027398083,0.0860761,0.025402522,0.08276183,0.0062085865,11.163746,0.90334433,13.5793705,1.2479781,0.16552366,0.012417173,0.2933873,0.023740258,0.15938169,0.01464757,253.53168,254.3962,340.5793,-2.1513224,23.164173,1.358866
5,3,10,0.0040960005,0.14813618,0.0333403,0.088337846,0.026458034,0.091296636,0.0037375083,11.309465,1.0924791,13.858622,1.5791342,0.18259327,0.0074750166,0.29721683,0.028710721,0.16265926,0.01853437,253.54997,254.52687,341.021,-2.6716132,23.164173,1.3973478
5,4,10,0.0040960005,0.15264572,0.026098205,0.09875214,0.02779538,0.080774695,0.0048990934,11.957541,0.9577458,14.204552,1.4775227,0.16154939,0.009798187,0.31424853,0.025169892,0.16671947,0.017341748,253.5338,254.5314,340.54578,-2.4352684,23.164173,1.4491262
5,5,10,0.0040960005,0.10696396,0.029630497,0.054605227,0.022728238,0.08606756,0.005418445,8.891721,-0.30915725,12.844704,-0.6294847,0.17213511,0.01083689,0.23367761,-0.008124756,0.15075888,-0.0073882956,253.58116,254.63577,340.87045,0.93864197,23.160732,0.71777713
5,6,10,0.0040960005,0.11127984,0.03127658,0.05789434,0.02210892,0.08842593,0.0034436511,9.155599,-0.068288475,12.668492,-0.22051293,0.17685185,0.0068873023,0.24061243,-0.0017946417,0.14869069,-0.0025881757,253.61456,254.70941,341.12253,0.2888014,23.160732,0.69376296
5,7,10,0.0040960005,0.10948174,0.025182514,0.06130647,0.022992754,0.079344995,0.004079077,9.421538,-0.09766642,12.919232,-0.12760417,0.15868999,0.008158154,0.24760143,-0.0025667134,0.15163362,-0.0014977022,253.58937,254.60742,340.3012,0.2252706,23.160732,0.7275742
5,8,10,0.0040960005,0.116622105,0.02858823,0.062291075,0.025742795,0.08454027,0.006147079,9.496894,-0.33407038,13.670016,-0.25175524,0.16908054,0.012294158,0.2495818,-0.008779488,0.16044562,-0.0029548563,253.60152,254.56187,340.43988,0.5858256,23.160732,0.7772377
5,9,10,0.0040960005,0.100378305,0.026518116,0.05551128,0.018348912,0.08142192,0.000652856,8.965186,-0.45010126,11.541078,-0.6691782,0.16284384,0.001305712,0.23560832,-0.011828824,0.13545816,-0.007854175,253.60776,254.54335,340.7642,1.1192794,23.157604,0.79691935
5,10,10,0.0040960005,0.09789501,0.024655277,0.054682728,0.018557003,0.078509994,0.0019538982,8.898027,-0.09947569,11.606336,-0.85326517,0.15701999,0.0039077965,0.23384339,-0.002614262,0.13622409,-0.010014821,253.54971,254.37602,339.88345,0.95274085,23.157604,0.79713655
5,11,10,0.0040960005,0.09387164,0.023043487,0.05156377,0.019264383,0.075900406,0.0031804538,8.640542,-0.325343,11.825481,-0.99312985,0.15180081,0.0063609076,0.22707658,-0.008550135,0.1387962,-0.011656407,253.51724,254.14445,340.14243,1.3184729,23.157604,0.7524803
5,12,10,0.0040960005,0.097243175,0.026979454,0.052591935,0.017671786,0.08212712,0.00063028425,8.726262,0.056389663,11.326128,-0.57875603,0.16425423,0.0012605685,0.22932932,0.0014819395,0.13293527,-0.006792886,253.50383,254.03772,340.50732,0.52236634,23.157604,0.6991062
5,13,10,0.0040960005,0.0935661,0.02021804,0.06072675,0.012621304,0.07109508,-0.0022264358,9.376887,0.9848683,9.571794,-0.3000993,0.14219016,-0.0044528716,0.24642798,0.025882687,0.11234458,-0.0035222792,253.49522,254.15425,339.8634,-0.684769,23.154606,0.96767426
5,14,10,0.0040960005,0.09496312,0.025704084,0.056935627,0.01232341,0.080162466,-0.00034888225,9.079475,0.6148642,9.45816,-0.5466135,0.16032493,-0.0006977645,0.23861188,0.016158853,0.11101086,-0.0064156298,253.53294,254.20522,340.33652,-0.068250656,23.154606,0.93051064
5,15,10,0.0040960005,0.09663684,0.024367988,0.059882566,0.012386287,0.07805125,-0.0023686977,9.311484,0.8135957,9.482258,-0.020212501,0.1561025,-0.0047373953,0.24470915,0.021381583,0.111293696,-0.00023723251,253.5534,254.15872,340.7017,-0.79338324,23.154606,0.889119
5,16,10,0.0040960005,0.10143701,0.024122387,0.06363052,0.013684101,0.07765692,-0.0011727185,9.598457,0.7797346,9.966654,-0.05855861,0.15531383,-0.002345437,0.2522509,0.020491706,0.11697906,-0.000687306,253.55429,254.24031,339.90665,-0.721176,23.154606,0.8855936
5,17,10,0.0040960005,0.08347567,0.024174234,0.04919322,0.01010822,0.07774033,-0.0032156212,8.439588,1.6631937,8.5660095,0.31113783,0.15548065,-0.0064312425,0.22179544,0.043709327,0.10053965,0.003651838,253.59691,254.39249,340.07098,-1.9743315,23.151567,0.7979888
5,18,10,0.0040960005,0.08504353,0.026381556,0.048159447,0.010502524,0.081212,-0.005538392,8.350442,1.8127489,8.731483,1.0064218,0.162424,-0.011076784,0.2194526,0.047639694,0.10248182,0.011812417,253.64279,254.53436,340.62854,-2.8191707,23.151567,0.8388718
5,19,10,0.0040960005,0.077160686,0.018284095,0.047780547,0.011096047,0.06760935,-0.003642432,8.317527,1.9288125,8.974812,0.8670884,0.1352187,-0.007284864,0.21858762,0.050689884,0.105337776,0.010177057,253.61876,254.5161,340.08215,-2.7959008,23.151567,0.8546399
5,20,10,0.0040960005,0.08206803,0.021491265,0.049670886,0.010905886,0.0732995,-0.0025239768,8.480465,1.7069381,8.897574,0.28954116,0.146599,-0.0050479537,0.22286966,0.04485895,0.10443125,0.0033983595,253.6169,254.4076,340.40878,-1.9964793,23.151567,0.8129078
5,21,10,0.0040960005,0.067324035,0.022093173,0.035391886,0.009838976,0.07431886,-0.0062173214,7.1584744,2.2492976,8.451159,0.70965177,0.14863773,-0.012434643,0.18812731,0.059112355,0.09919161,0.008329215,253.58115,254.09026,340.18805,-2.9589493,23.148682,0.67851096
5,22,10,0.0040960005,0.057769574,0.018309278,0.030252507,0.009207787,0.06765589,-0.0056176046,6.6183443,2.1745462,8.175585,0.31324995,0.13531178,-0.011235209,0.17393248,0.05714786,0.09595721,0.003676629,253.58505,254.22096,339.637,-2.4877963,23.148682,0.62053686
5,23,10,0.0040960005,0.054023072,0.017895335,0.027196808,0.008930927,0.06688672,-0.0041814307,6.2752013,1.5698379,8.051735,-0.17119548,0.13377345,-0.008362861,0.16491455,0.041255914,0.09450358,-0.002009329,253.67506,254.61761,340.4467,-1.3986424,23.148682,0.49797994
5,24,10,0.0040960005,0.058063563,0.02044474,0.028261948,0.009356876,0.07149255,-0.007444478,6.3969026,1.806648,8.241508,0.7476839,0.1429851,-0.014888956,0.1681129,0.04747937,0.09673095,0.008775599,253.74596,254.93452,340.94742,-2.5543318,23.148682,0.55837286
5,25,10,0.0040960005,0.060879733,0.019199258,0.03125809,0.010422382,0.06928069,-0.004172745,6.7274413,0.14213431,8.698106,-0.569719,0.13856138,-0.00834549,0.17679958,0.0037353293,0.10209007,-0.006686819,253.77107,255.18454,340.62915,0.4275847,23.146091,0.5632675
5,26,10,0.0040960005,0.06598602,0.022449354,0.03456291,0.008973759,0.07491554,-0.0022124,7.0741425,-0.23920487,8.07102,-1.2719867,0.14983109,-0.0044248,0.18591103,-0.006286384,0.09472992,-0.014929364,253.7974,255.20392,341.32742,1.5111916,23.146091,0.6060959
5,27,10,0.0040960005,0.07123262,0.025321359,0.03531647,0.010594788,0.07956343,-0.0062671043,7.1508446,0.32889792,8.769752,-0.490428,0.15912686,-0.012534209,0.18792677,0.008643549,0.102930985,-0.0057561765,253.75902,254.93785,341.14395,0.16153008,23.146091,0.5728332
5,28,10,0.0040960005,0.06387119,0.018573798,0.034835737,0.010461656,0.06814286,-0.0046030073,7.1020083,0.32393283,8.714479,-0.60824054,0.13628572,-0.009206015,0.18664335,0.008513072,0.10228224,-0.0071389466,253.68687,254.74318,340.0659,0.28430772,23.146091,0.5563235
5,29,10,0.0040960005,0.06768811,0.020172302,0.038145024,0.009370782,0.07101461,-0.0033392906,7.43169,-1.7536436,8.247629,-1.4178151,0.14202923,-0.0066785812,0.19530751,-0.04608639,0.0968028,-0.016640961,253.68967,254.70224,340.44907,3.1714587,23.143557,0.81812596
5,30,10,0.0040960005,0.07619242,0.026238386,0.03934405,0.010609987,0.080991335,-0.0065369853,7.5475883,-1.3802243,8.776041,-0.8544595,0.16198267,-0.013073971,0.19835335,-0.036272794,0.10300479,-0.010028828,253.72832,254.82408,341.03137,2.234684,23.143557,0.7513101
5,31,10,0.0040960005,0.065185145,0.016949475,0.038452428,0.009783239,0.065095074,-0.004576845,7.4615765,-1.5004263,8.427185,-1.2532996,0.13019015,-0.00915369,0.1960929,-0.03943175,0.09891026,-0.014710034,253.69402,254.64136,340.13077,2.753726,23.143557,0.79192775
5,32,10,0.0040960005,0.068613425,0.018795947,0.04026791,0.0095495675,0.068549156,-0.004103967,7.6356893,-1.9717042,8.325936,-1.8016759,0.13709831,-0.008207934,0.20066866,-0.051817093,0.09772189,-0.021146353,253.69789,254.56874,340.22507,3.7733803,23.143557,0.85553974
5,33,10,0.0040960005,0.06384641,0.02253799,0.03229184,0.00901658,0.07506329,-0.007488017,6.8377786,-2.2309122,8.090253,0.7598362,0.15012658,-0.014976034,0.1796993,-0.05862918,0.094955675,0.008918231,253.69714,254.58168,340.42886,1.471076,23.140978,0.63587976
5,34,10,0.0040960005,0.057126667,0.016582165,0.031469844,0.009074658,0.064385876,-0.0065111704,6.75019,-2.1958637,8.116267,0.9485943,0.12877175,-0.013022341,0.17739742,-0.057708096,0.095261,0.011133695,253.6624,254.54068,339.61823,1.2472694,23.140978,0.65497625
5,35,10,0.0040960005,0.055743597,0.016884305,0.03060519,0.008254102,0.06496981,-0.005090715,6.6568108,-2.5927846,7.7406263,0.40433773,0.12993962,-0.01018143,0.17494339,-0.068139315,0.09085209,0.0047457316,253.6914,254.56535,340.3508,2.188447,23.140978,0.7160744
5,36,10,0.0040960005,0.060446717,0.022450717,0.028726278,0.009269723,0.074917816,-0.007499376,6.449238,-2.1599944,8.203034,0.9295167,0.14983563,-0.014998752,0.16948828,-0.05676543,0.0962794,0.010909781,253.70786,254.63814,340.76382,1.2304777,23.140978,0.6379586
5,37,10,0.0040960005,0.048224196,0.016459718,0.02325696,0.008507518,0.06414772,-0.0033322936,5.802901,-1.3776991,7.8585544,1.7551727,0.12829544,-0.006664587,0.15250233,-0.036206435,0.092236206,0.020600535,253.6525,254.56483,340.0011,-0.3774736,23.138405,0.43329126
5,38,10,0.0040960005,0.048526905,0.01840358,0.02239455,0.007728779,0.0678299,-0.0024076528,5.694293,-1.8130324,7.490256,1.2526209,0.1356598,-0.0048153056,0.14964809,-0.04764715,0.087913476,0.014702065,253.63612,254.40785,340.30615,0.56041145,23.138405,0.44852296
5,39,10,0.0040960005,0.0536014,0.022743126,0.022951076,0.007907197,0.07540412,-0.0049397787,5.764614,-1.2403848,7.576218,1.7518731,0.15080824,-0.009879557,0.15149613,-0.032597758,0.08892242,0.02056182,253.58037,254.08545,340.27628,-0.5114883,23.138405,0.41741565
5,40,10,0.0040960005,0.045589738,0.016008869,0.021646833,0.007934032,0.06326308,-0.0040730666,5.598425,-1.1798636,7.5890636,1.7609777,0.12652616,-0.008146133,0.14712863,-0.031007241,0.08907318,0.02066868,253.46947,253.63133,338.9782,-0.5811142,23.138405,0.4087953
5,41,10,0.0040960005,0.047375213,0.01646944,0.022991132,0.007914643,0.06416666,-0.0008825,5.769642,0.40811026,7.579785,0.32511038,0.12833332,-0.001765,0.15162827,0.010725286,0.088964276,0.003815835,253.42926,253.40523,339.11115,-0.73322064,23.135916,0.5177108
5,42,10,0.0040960005,0.055964157,0.022851981,0.025287665,0.007824511,0.07558436,-0.0037494774,6.050942,0.90999526,7.536501,0.61702853,0.15116872,-0.007498955,0.15902096,0.023915002,0.088456266,0.007242092,253.4016,253.27351,339.39133,-1.5270238,23.135916,0.6143551
5,43,10,0.0040960005,0.052229974,0.017336847,0.027092312,0.007800815,0.06583473,-0.0012537072,6.263134,0.9990187,7.525081,0.63086104,0.13166946,-0.0025074144,0.16459742,0.026254578,0.08832222,0.0074044443,253.3357,253.08026,338.54205,-1.6298797,23.135916,0.6199361
5,44,10,0.0040960005,0.047818214,0.015867084,0.023822615,0.008128516,0.062982306,-0.00010190166,5.8730454,0.5792628,7.6815147,0.28978813,0.12596461,-0.00020380333,0.15434577,0.015223224,0.09015828,0.0034012578,253.31218,252.95052,338.7255,-0.8690509,23.135916,0.5374637
5,45,10,0.0040960005,0.05344709,0.01854325,0.027325852,0.0075779865,0.0680868,-0.0010562051,6.2900705,2.209976,7.4168262,-0.50025785,0.1361736,-0.0021124103,0.16530533,0.05807898,0.08705163,-0.005871545,253.35556,253.08179,338.9262,-1.7097181,23.133457,0.77467966
5,46,10,0.0040960005,0.05147091,0.015913555,0.028176485,0.007380869,0.06307447,0.00043248318,6.387223,2.0717964,7.3197284,-0.509472,0.12614894,0.00086496637,0.16785853,0.054447565,0.08591198,-0.0059796986,253.36935,253.15263,338.44617,-1.5623244,23.133457,0.78999925
5,47,10,0.0040960005,0.04787737,0.015124248,0.025032619,0.0077205035,0.061490342,0.0014085493,6.020351,1.5294299,7.486245,-0.7660072,0.122980684,0.0028170985,0.158217,0.040193968,0.087866396,-0.00899066,253.39856,253.26582,338.87515,-0.7634227,23.133457,0.6881066
5,48,10,0.0040960005,0.05708217,0.021754863,0.027738659,0.0075886487,0.07374765,-0.0014867064,6.3374047,1.8832852,7.4220433,-0.45424142,0.1474953,-0.0029734129,0.16654927,0.049493413,0.08711285,-0.00533145,253.40897,253.38786,339.28305,-1.4290438,23.133457,0.7502036
5,49,10,0.0040960005,0.043687902,0.016202936,0.020471707,0.0070132627,0.06364538,0.0011058176,5.444346,1.7149576,7.13512,-0.5442239,0.12729076,0.0022116352,0.14307937,0.045069706,0.083745226,-0.0063875783,253.34772,253.12527,338.43512,-1.1707337,23.13094,0.4740073
5,50,10,0.0040960005,0.041775245,0.016538722,0.017977396,0.007259127,0.06430148,0.0022472814,5.1019015,1.4166281,7.259111,-0.7912284,0.12860297,0.0044945627,0.13407981,0.037229493,0.08520051,-0.009286682,253.34427,253.00748,338.78424,-0.6253997,23.13094,0.4506541
5,51,10,0.0040960005,0.04855935,0.022024576,0.019484568,0.0070502046,0.074203394,0.00052194315,5.3114614,1.7532312,7.153886,-0.5649702,0.14840679,0.0010438863,0.13958713,0.046075545,0.083965495,-0.0066310805,253.37128,253.10835,338.90555,-1.188261,23.13094,0.49419433
5,52,10,0.0040960005,0.043012004,0.015604681,0.020305391,0.00710193,0.06245935,0.002302846,5.4221854,1.7429756,7.180082,-0.5612291,0.1249187,0.004605692,0.14249699,0.045806024,0.08427295,-0.006587173,253.34126,253.0642,338.1408,-1.1817465,23.13094,0.5045917
5,53,10,0.0040960005,0.037921537,0.0148600945,0.01603209,0.0070293513,0.060950994,0.00021825836,4.8179665,0.08279673,7.1432996,-0.23806675,0.12190199,0.0004365167,0.1266179,0.002175929,0.08384123,-0.0027942013,253.32939,252.91103,338.58395,0.15527001,23.128296,0.37986717
5,54,10,0.0040960005,0.042455934,0.0189459,0.016570771,0.0069392626,0.068822056,-0.0033234654,4.89824,0.6067434,7.097377,-0.06284103,0.13764411,-0.0066469307,0.12872751,0.015945433,0.08330224,-0.0007375677,253.29137,252.64346,338.5023,-0.5439024,23.128296,0.35274035
5,55,10,0.0040960005,0.03876551,0.014756857,0.01752352,0.0064851316,0.060738903,-0.0023574287,5.0370855,0.54989904,6.861209,0.02627001,0.121477805,-0.0047148573,0.13237643,0.014451544,0.080530316,0.0003083333,253.24055,252.5254,337.70367,-0.5761691,23.128296,0.37098542
5,56,10,0.0040960005,0.036374968,0.01384131,0.016068537,0.0064651207,0.058824547,-0.0006636893,4.8234396,0.17008848,6.850614,-0.113748245,0.11764909,-0.0013273786,0.12676173,0.004469987,0.08040597,-0.0013350684,253.22932,252.48431,338.14853,-0.05634024,23.128296,0.41616324
5,57,10,0.0040960005,0.043102834,0.020615136,0.01701911,0.0054685893,0.07178986,-0.0044776574,4.9640613,-0.84088814,6.300556,-0.18976693,0.14357972,-0.008955315,0.13045731,-0.022098845,0.07394991,-0.0022273038,253.20001,252.3243,338.25946,1.030655,23.125523,0.4941827
5,58,10,0.0040960005,0.037446775,0.0134705575,0.018259687,0.005716529,0.058031365,-0.0017240079,5.141802,-0.69650084,6.4418025,-0.16940644,0.11606273,-0.0034480158,0.13512841,-0.0183043,0.07560773,-0.0019883316,253.1106,251.98102,337.39926,0.8659073,23.125523,0.5033543
5,59,10,0.0040960005,0.03785153,0.014927217,0.017143052,0.005781262,0.061088495,-0.0015527537,4.982104,-0.848655,6.478173,-0.2266899,0.12217699,-0.0031055075,0.13093148,-0.022302957,0.07603461,-0.0026606694,253.05571,251.60997,337.60223,1.0753449,23.125523,0.54188204
5,60,10,0.0040960005,0.039751682,0.01685545,0.016838321,0.0060579116,0.06491427,-0.0039798105,4.9376245,-0.36883086,6.6313615,-0.19270949,0.12982854,-0.007959621,0.12976256,-0.009693007,0.07783259,-0.002261839,253.0252,251.4239,337.57812,0.56154037,23.125523,0.46143222
5,61,10,0.0040960005,0.038742997,0.013943763,0.019023856,0.0057753758,0.059041858,-0.0007070393,5.2482915,-1.142311,6.474874,-1.1737357,0.118083715,-0.0014140786,0.137927,-0.030020347,0.07599589,-0.013776189,252.9992,251.44089,336.7267,2.3160467,23.122635,0.49526978
5,62,10,0.0040960005,0.037205644,0.0135511495,0.017929226,0.0057252683,0.058204703,-0.00027836513,5.0950623,-1.5718979,6.446725,-1.4006802,0.116409406,-0.00055673026,0.13390006,-0.041310042,0.075665504,-0.016439848,253.01683,251.494,337.10336,2.972578,23.122635,0.56441927
5,63,10,0.0040960005,0.040232804,0.017578574,0.016692389,0.00596184,0.06629211,-0.0019332175,4.9161816,-1.0862416,6.578568,-1.3491675,0.13258421,-0.003866435,0.12919903,-0.02854682,0.07721295,-0.015835239,253.01196,251.37384,337.30823,2.435409,23.122635,0.46006697
5,64,10,0.0040960005,0.036611572,0.01321165,0.017368635,0.0060312855,0.05747097,-0.00034980054,5.0147758,-0.8456721,6.6167717,-1.3831214,0.11494194,-0.0006996011,0.13179012,-0.022224566,0.07766135,-0.016233755,252.9624,251.10898,336.46783,2.2287934,23.122635,0.41570812
5,65,10,0.0040960005,0.034346294,0.014224465,0.015166926,0.004954901,0.05963318,0.00089787587,4.6861634,-0.9175039,5.99734,-1.2708478,0.11926636,0.0017957517,0.123154074,-0.024112334,0.07039106,-0.014916,252.96075,251.09845,336.65424,2.1883516,23.119638,0.37784943
5,66,10,0.0040960005,0.03764776,0.01684902,0.01610557,0.0046931733,0.06490189,-0.0006397394,4.8289943,-0.8877411,5.836796,-1.0832208,0.12980378,-0.0012794788,0.12690772,-0.023330154,0.06850674,-0.012713811,252.95718,251.11624,336.8264,1.9709619,23.119638,0.37886053
5,67,10,0.0040960005,0.033926044,0.012229684,0.01722541,0.0044709477,0.05529395,0.0014741664,4.994057,-0.7248386,5.696932,-1.1713635,0.1105879,0.0029483328,0.13124561,-0.01904902,0.066865146,-0.013748347,252.87677,250.81935,335.75296,1.8962021,23.119638,0.37495366
5,68,10,0.0040960005,0.03413997,0.013041484,0.016608136,0.0044903513,0.05709966,0.00091949647,4.903759,-0.95010144,5.7092805,-1.3637512,0.11419932,0.0018389929,0.12887256,-0.024969002,0.06701008,-0.016006408,252.8587,250.59181,336.19797,2.3138525,23.119638,0.39814663
5,69,10,0.0040960005,0.03340081,0.012790289,0.015953686,0.0046568383,0.05654708,-0.00028128223,4.806171,0.2848076,5.814158,0.14094962,0.11309416,-0.00056256447,0.1263079,0.0074848467,0.06824103,0.0016543324,252.85962,250.56436,336.50543,-0.42575723,23.116611,0.42014116
5,70,10,0.0040960005,0.033250548,0.011790131,0.016382167,0.0050782487,0.054291185,0.0018880795,4.8702846,0.2916628,6.0715303,0.039218325,0.10858237,0.003776159,0.12799284,0.0076650074,0.07126183,0.0004603068,252.79607,250.40364,335.8065,-0.33088115,23.116611,0.3990984
5,71,10,0.0040960005,0.030746127,0.011057731,0.014856562,0.0048318333,0.05257787,0.002423294,4.6379685,-0.018347653,5.922393,-0.07422808,0.10515574,0.004846588,0.1218875,-0.0004821817,0.06951139,-0.0008712191,252.73915,250.09975,335.85858,0.09257573,23.116611,0.3597985
5,72,10,0.0040960005,0.03450326,0.01216202,0.016943578,0.005397662,0.055140775,0.0007350791,4.953033,0.5319859,6.259563,-0.11301168,0.11028155,0.0014701582,0.1301675,0.0139807835,0.07346878,-0.0013264237,252.67276,249.74156,335.7119,-0.4189742,23.116611,0.41071236
5,73,10,0.0040960005,0.03471091,0.011396864,0.017972423,0.0053416234,0.05337805,0.0010420168,5.101196,1.5335095,6.226985,0.44105923,0.1067561,0.0020840336,0.13406126,0.040301185,0.07308641,0.005176731,252.59119,249.45708,334.69675,-1.9745687,23.113567,0.4616721
5,74,10,0.0040960005,0.031465936,0.010492012,0.015785841,0.0051880837,0.05121526,0.001227772,4.780822,1.0888197,6.1368384,0.47754553,0.10243052,0.002455544,0.12564172,0.028614579,0.072028354,0.005604974,252.55244,249.31332,334.76392,-1.5663652,23.113567,0.41991764
5,75,10,0.0040960005,0.033823766,0.012427248,0.016263803,0.0051327143,0.055738784,0.0005526402,4.8526583,1.1630726,6.104003,0.743039,0.11147757,0.0011052804,0.12752962,0.03056597,0.071642965,0.008721082,252.5211,249.21419,334.67603,-1.9061116,23.113567,0.44313714
5,76,10,0.0040960005,0.03513506,0.011667707,0.018121134,0.005346218,0.05400858,0.0014969384,5.122257,1.2113155,6.2296634,0.5775681,0.10801716,0.0029938768,0.13461477,0.031833816,0.07311784,0.006778943,252.49876,249.19412,334.00732,-1.7888837,23.113567,0.45952317
5,77,10,0.0040960005,0.029921236,0.010818962,0.014859586,0.004242686,0.05200712,0.00025883174,4.638441,0.45482126,5.5496,0.022454001,0.10401424,0.0005176635,0.1218999,0.011952872,0.0651359,0.00026354403,252.52498,249.27284,334.456,-0.47727525,23.110483,0.3282003
5,78,10,0.0040960005,0.03293637,0.01160143,0.01701385,0.004321087,0.05385497,-0.0006438444,4.9632936,0.78738034,5.600641,0.107839294,0.10770994,-0.0012876889,0.13043715,0.020692637,0.065734975,0.0012657155,252.54407,249.34099,334.65466,-0.8952196,23.110483,0.36240885
5,79,10,0.0040960005,0.03457513,0.011932067,0.017828042,0.0048150225,0.054617,0.0011259645,5.080664,0.8518925,5.9120812,-0.10712367,0.109234,0.002251929,0.13352169,0.022388041,0.069390364,-0.0012573173,252.5101,249.28462,334.09555,-0.7447688,23.110483,0.38501963
5,80,10,0.0040960005,0.03295401,0.011479026,0.016613444,0.004861541,0.053570107,3.849982e-5,4.9045424,0.45344567,5.9405713,-0.22781992,0.10714021,7.699964e-5,0.12889315,0.011916717,0.06972475,-0.0026739324,252.47928,249.10735,334.1993,-0.22562575,23.110483,0.36240983
5,81,10,0.0040960005,0.030590799,0.01117383,0.015199324,0.004217643,0.05285317,-0.00118026,4.6911664,-0.17301416,5.533197,-0.41100523,0.10570634,-0.00236052,0.12328554,-0.004546876,0.06494338,-0.0048239864,252.48714,249.06345,334.2678,0.5840194,23.107332,0.35614088
5,82,10,0.0040960005,0.03267814,0.011613362,0.016512755,0.0045520216,0.053882655,0.0007919747,4.8896575,-0.08954289,5.7483525,-0.47791395,0.10776531,0.0015839494,0.12850197,-0.002353218,0.06746867,-0.0056092967,252.51018,249.25264,333.7406,0.56745684,23.107332,0.3791361
5,83,10,0.0040960005,0.033872075,0.012904794,0.01708311,0.0038841702,0.056799635,0.00026447934,4.973386,-0.70539546,5.309949,-0.55794084,0.11359927,0.0005289587,0.13070238,-0.01853805,0.062323112,-0.0065485775,252.57814,249.62581,334.41968,1.2633363,23.107332,0.41870415
5,84,10,0.0040960005,0.03540741,0.01254451,0.018694676,0.004168225,0.056001138,-0.00017773465,5.202687,-0.463348,5.5006847,-0.42996,0.112002276,-0.0003554693,0.13672848,-0.012176953,0.06456179,-0.0050464603,252.55583,249.55205,334.59564,0.89330804,23.107332,0.38013536
5,85,10,0.0040960005,0.034764547,0.014117216,0.016842928,0.0038044031,0.059407946,0.0002945272,4.9383,-0.53384143,5.255142,-0.079075575,0.11881589,0.0005890544,0.1297803,-0.014029544,0.061679844,-0.0009281135,252.48042,249.1875,333.73294,0.612917,23.10414,0.27479362
5,86,10,0.0040960005,0.029250866,0.011477708,0.014112985,0.0036601734,0.053567033,-0.0007459637,4.520413,-1.0887325,5.1545653,-0.17835319,0.10713407,-0.0014919274,0.118798085,-0.028612282,0.060499366,-0.002093339,252.50876,249.30293,334.2493,1.2670857,23.10414,0.31421262
5,87,10,0.0040960005,0.0315689,0.011994017,0.015249231,0.0043256506,0.0547586,-0.00028757684,4.698861,-0.9420058,5.6035976,-0.059103377,0.1095172,-0.0005751537,0.12348778,-0.024756253,0.06576968,-0.00069369946,252.52853,249.45293,334.78156,1.0011092,23.10414,0.338725
5,88,10,0.0040960005,0.031978548,0.010887517,0.016966399,0.004124633,0.052171633,0.0010212985,4.9563675,-0.8214456,5.4718456,-0.122288965,0.104343265,0.002042597,0.13025513,-0.021587884,0.064223304,-0.0014353117,252.47385,249.33669,334.00555,0.9437345,23.10414,0.35435462
5,89,10,0.0040960005,0.02867138,0.010287485,0.014777151,0.0036067443,0.05071362,-0.00011971642,4.6255565,-0.7789291,5.116805,0.5711144,0.10142724,-0.00023943283,0.121561304,-0.02047054,0.060056176,0.0067031956,252.43509,249.1458,333.9601,0.2078147,23.1009,0.23816846
5,90,10,0.0040960005,0.030439002,0.01147176,0.015153323,0.003813918,0.053553153,-0.0014495191,4.684062,-0.40255997,5.2617097,0.69730395,0.107106306,-0.0028990381,0.123098835,-0.010579422,0.061756928,0.008184289,252.38779,248.88983,333.78528,-0.29474398,23.1009,0.2187643
5,91,10,0.0040960005,0.030155532,0.010925512,0.015088347,0.0041416725,0.052262586,-8.978243e-5,4.674008,-0.29650325,5.483137,0.43271667,0.10452517,-0.00017956486,0.12283463,-0.00779221,0.06435583,0.0050788154,252.32814,248.58041,332.83167,-0.13621342,23.1009,0.22711061
5,92,10,0.0040960005,0.030454328,0.012289771,0.0144106215,0.0037539357,0.05542962,0.00056178746,4.567831,-0.54832935,5.22017,0.2649737,0.11085924,0.0011235749,0.12004425,-0.0144102955,0.06126937,0.0031100092,252.3234,248.46327,333.02155,0.28335565,23.1009,0.25600567
5,93,10,0.0040960005,0.030159201,0.01230716,0.014736722,0.0031153192,0.05546882,5.798087e-5,4.6192255,0.13769525,4.7554593,0.41653734,0.11093764,0.00011596174,0.1213949,0.0036186792,0.055815045,0.0048889173,252.31047,248.52573,333.17398,-0.5542326,23.097553,0.38416815
5,94,10,0.0040960005,0.0322751,0.0122822905,0.01650541,0.0034873958,0.055412747,0.000612268,4.8885694,0.27510455,5.031435,0.3228304,0.110825494,0.001224536,0.12847339,0.0072298497,0.059054177,0.0037890757,252.26009,248.44606,332.4203,-0.59793496,23.097553,0.3905091
5,95,10,0.0040960005,0.029524533,0.0101476535,0.0155246295,0.0038522494,0.05036778,7.983417e-5,4.7411017,0.009181909,5.288085,0.12836556,0.10073556,0.00015966834,0.12459787,0.00024130127,0.06206649,0.0015066327,252.24522,248.32236,332.91406,-0.13754746,23.097553,0.3733053
5,96,10,0.0040960005,0.03125412,0.011579767,0.016143527,0.003530826,0.053804662,-0.0007332863,4.8346815,0.36852828,5.062667,0.10432366,0.107609324,-0.0014665726,0.12705718,0.009685054,0.059420753,0.001224451,252.22359,248.2487,332.94998,-0.47285193,23.097553,0.3605067
5,97,10,0.0040960005,0.031792782,0.011856509,0.01611368,0.0038225919,0.0544438,0.002880126,4.8302097,0.47097355,5.2676897,-0.21657614,0.1088876,0.005760252,0.12693967,0.012377353,0.061827112,-0.002541963,252.16959,248.08537,332.2488,-0.2543974,23.094091,0.2978564
5,98,10,0.0040960005,0.029128853,0.010058973,0.015091374,0.0039785053,0.050147217,0.0016944911,4.6744776,0.27786574,5.374043,-0.34971792,0.10029443,0.0033889823,0.12284695,0.0073024137,0.06307539,-0.0041046566,252.13045,247.84712,332.40002,0.07185218,23.094091,0.32181063
5,99,10,0.0040960005,0.030349629,0.011045535,0.015839754,0.0034643386,0.05254887,0.0005984979,4.788979,0.7013234,5.014774,-0.063257545,0.10509774,0.0011969958,0.12585609,0.018431032,0.058858633,-0.00074245624,252.09447,247.69867,332.1591,-0.6380658,23.094091,0.347176
5,100,10,0.0040960005,0.03178103,0.011490512,0.016736044,0.0035544739,0.053596903,0.0010581816,4.922606,0.68289256,5.079592,-0.1479362,0.107193805,0.0021163633,0.12936786,0.017946664,0.059619408,-0.0017363323,252.08313,247.71942,331.47476,-0.53495634,23.094091,0.34636483
6,1,10,0.0032768005,0.09380659,0.018543946,0.065895475,0.009367169,0.06808808,0.0039451094,9.767794,-1.3097013,8.246038,1.1762323,0.13617615,0.007890219,0.25670114,-0.034419432,0.09678414,0.013805491,253.79897,255.35687,341.41034,0.13346899,23.090528,1.242924
6,2,10,0.0032768005,0.09669908,0.023166722,0.063432075,0.010100282,0.07610309,0.0038742824,9.583477,-1.6047872,8.562646,1.4884847,0.15220618,0.0077485647,0.25185725,-0.042174403,0.10050016,0.017470412,253.81131,255.4071,341.495,0.11630249,23.090528,1.2487292
6,3,10,0.0032768005,0.09373641,0.02110379,0.06275708,0.009875539,0.07263572,0.0016026028,9.532352,-1.5102823,8.466845,1.6394752,0.14527144,0.0032052055,0.25051364,-0.03969075,0.09937575,0.019242594,253.78754,255.25923,341.94138,-0.12919295,23.090528,1.2230417
6,4,10,0.0032768005,0.08915243,0.016444292,0.06311427,0.009593865,0.06411765,0.00344468,9.55944,-1.3279545,8.345224,1.2826113,0.1282353,0.00688936,0.25122553,-0.03489914,0.097948276,0.015054063,253.72136,254.99089,341.2348,0.04534328,23.090528,1.227676
6,5,10,0.0032768005,0.0634837,0.018913735,0.035276566,0.009293397,0.068763606,0.0049493224,7.146803,-1.5157795,8.213504,0.7560449,0.13752721,0.009898645,0.18782057,-0.039835237,0.096402265,0.008873731,253.69402,254.7302,341.36917,0.7597346,23.08753,0.7993495
6,6,10,0.0032768005,0.06437232,0.020040002,0.035397608,0.008934713,0.07078136,0.002719164,7.159054,-1.4755095,8.053441,0.7506215,0.14156272,0.005438328,0.18814252,-0.038776927,0.09452361,0.008810079,253.70863,254.7735,341.93143,0.724888,23.08753,0.7717631
6,7,10,0.0032768005,0.060812704,0.01802055,0.034151077,0.00864108,0.06712032,0.00517905,7.0318713,-1.5080831,7.920001,0.51714027,0.13424064,0.0103581,0.1848001,-0.039632965,0.09295741,0.0060697,253.68593,254.79626,341.1152,0.99094284,23.08753,0.7529598
6,8,10,0.0032768005,0.066221215,0.023255879,0.03356925,0.0093960855,0.07624939,0.0057851113,6.9717126,-1.6269122,8.258758,0.58087236,0.15249878,0.011570223,0.18321913,-0.04275585,0.09693341,0.006817727,253.6864,254.6494,341.37097,1.0460398,23.08753,0.7889991
6,9,10,0.0032768005,0.045374516,0.020136617,0.017325018,0.007912882,0.070951775,0.004044894,5.0084753,-0.7224189,7.5789413,0.12758452,0.14190355,0.008089788,0.13162453,-0.018985435,0.08895438,0.0014974667,253.69627,254.61876,341.60522,0.5948344,23.084614,0.393776
6,10,10,0.0032768005,0.0431411,0.0175132,0.01756321,0.00806469,0.066168725,0.005202639,5.042787,-0.7431846,7.6512966,-0.060811747,0.13233745,0.010405278,0.13252626,-0.019531157,0.08980362,-0.0007137494,253.67377,254.64803,340.88983,0.8039964,23.084614,0.39966124
6,11,10,0.0032768005,0.041150566,0.01683021,0.016334303,0.007986055,0.06486565,0.005541628,4.863165,-0.92002004,7.6139035,-0.15082565,0.1297313,0.011083256,0.12780572,-0.024178458,0.08936473,-0.0017702502,253.6729,254.60701,341.3004,1.0708457,23.084614,0.46354786
6,12,10,0.0032768005,0.043013275,0.019241553,0.016253594,0.0075181276,0.06935696,0.0033175945,4.8511353,-0.6995258,7.387476,0.28300685,0.13871393,0.006635189,0.12748958,-0.01838379,0.08670714,0.0033216693,253.64532,254.44926,341.45248,0.41651893,23.084614,0.43500122
6,13,10,0.0032768005,0.04589176,0.01254901,0.026487568,0.0068551837,0.05601118,0.0052662855,6.192838,0.6303012,7.0542483,-0.7944572,0.11202236,0.010532571,0.16275002,0.01656455,0.08279604,-0.009324584,253.58548,254.24321,340.66208,0.16415602,23.081852,0.7115669
6,14,10,0.0032768005,0.052617516,0.016224904,0.029496275,0.0068963356,0.06368851,0.0065243244,6.535101,0.47998795,7.0753894,-0.7871307,0.12737702,0.013048649,0.1717448,0.01261425,0.08304418,-0.00923859,253.57784,254.14122,340.81833,0.30714276,23.081852,0.7803625
6,15,10,0.0032768005,0.05458762,0.0178305,0.030115422,0.0066416976,0.06676545,0.004481022,6.6033325,0.53872734,6.943537,-0.35457155,0.1335309,0.008962044,0.17353795,0.014157946,0.08149661,-0.004161626,253.57144,254.10756,341.07117,-0.18415579,23.081852,0.77859664
6,16,10,0.0032768005,0.05158582,0.01647626,0.028126357,0.0069832033,0.06417994,0.0067063053,6.3815384,0.6273791,7.119812,-0.6572822,0.12835988,0.013412611,0.16770914,0.016487757,0.08356556,-0.0077145523,253.51929,253.93213,340.30026,0.029903054,23.081852,0.7610035
6,17,10,0.0032768005,0.060075525,0.015096518,0.037947442,0.007031564,0.061433945,0.0063480944,7.412419,1.955822,7.144423,-1.4784993,0.12286789,0.012696189,0.19480103,0.051399708,0.08385442,-0.017353212,253.49716,253.7345,340.41364,-0.4773227,23.079119,0.9480819
6,18,10,0.0032768005,0.062779985,0.016514778,0.03930064,0.006964565,0.06425492,0.0035345808,7.5434237,2.0331578,7.1103053,-0.9203166,0.12850983,0.0070691616,0.19824389,0.053432107,0.08345397,-0.010801797,253.47542,253.58862,340.33423,-1.1128412,23.079119,0.9432415
6,19,10,0.0032768005,0.06322478,0.013447892,0.043032188,0.006744696,0.057982523,0.00521473,7.893423,2.2088237,6.9971695,-1.1930269,0.115965046,0.01042946,0.20744202,0.058048703,0.082126096,-0.01400261,253.41904,253.37721,339.3852,-1.0157968,23.079119,0.97613794
6,20,10,0.0032768005,0.06373756,0.0137107875,0.043229662,0.0067971037,0.058546536,0.0058125323,7.911514,2.1100602,7.0243015,-1.4754261,0.11709307,0.011625065,0.20791744,0.055453155,0.08244455,-0.017317146,253.39182,253.136,339.7219,-0.63463414,23.079119,1.0279747
6,21,10,0.0032768005,0.056957304,0.015310104,0.035016034,0.0066311657,0.061867002,0.0028768103,7.120364,2.6358023,6.9380293,-0.8899493,0.123734005,0.0057536205,0.18712571,0.06926983,0.08143197,-0.010445376,253.34608,252.87898,339.73746,-1.745853,23.076323,0.9049081
6,22,10,0.0032768005,0.05212835,0.0119132325,0.033911906,0.0063032093,0.05457388,0.0050681904,7.007204,2.753399,6.764288,-1.2957991,0.10914776,0.010136381,0.18415186,0.072360314,0.07939275,-0.015208852,253.29384,252.70432,338.82803,-1.4575998,23.076323,0.9373201
6,23,10,0.0032768005,0.054731738,0.012585242,0.035254024,0.0068924716,0.056091983,0.004764697,7.144519,2.62523,7.0734076,-1.5563259,0.112183966,0.009529394,0.18776055,0.06899198,0.08302091,-0.018266669,253.28664,252.57474,338.9574,-1.0689042,23.076323,0.9275163
6,24,10,0.0032768005,0.061148293,0.016479652,0.036932968,0.0077356743,0.06418655,0.003373094,7.312666,2.752093,7.4935956,-1.188087,0.1283731,0.006746188,0.19217952,0.07232601,0.08795268,-0.013944631,253.27493,252.50682,339.17615,-1.5640061,23.076323,0.94552946
6,25,10,0.0032768005,0.037239414,0.011010188,0.019905608,0.006323618,0.05246472,0.0021882406,5.3685417,1.9182317,6.7752295,-0.82516736,0.10492944,0.0043764813,0.14108723,0.050411817,0.07952118,-0.009685027,253.25961,252.58534,338.4849,-1.0930643,23.073517,0.5777367
6,26,10,0.0032768005,0.037367575,0.011531832,0.019962655,0.005873086,0.053693183,0.0023545302,5.3762302,1.5882585,6.5294166,-1.0394101,0.107386366,0.0047090603,0.14128926,0.041740004,0.07663606,-0.012199602,253.30429,252.80173,339.11423,-0.5488484,23.073517,0.5508873
6,27,10,0.0032768005,0.04022944,0.013512646,0.020314587,0.0064022075,0.058121953,0.00029523324,5.423413,1.5387703,6.8172,-0.4805148,0.11624391,0.0005904665,0.14252925,0.04043943,0.0800138,-0.005639825,253.30908,252.73291,339.35907,-1.0582556,23.073517,0.57695454
6,28,10,0.0032768005,0.039532848,0.011677685,0.021632496,0.0062226653,0.05403167,0.0026765114,5.5965705,1.6259943,6.7209306,-0.759341,0.10806334,0.005353023,0.1470799,0.04273173,0.07888387,-0.008912419,253.30144,252.73114,338.81195,-0.8666533,23.073517,0.62151814
6,29,10,0.0032768005,0.0343196,0.013793788,0.014520516,0.006005295,0.05872348,-0.0018918298,4.5852146,-0.15809004,6.602499,-0.0721886,0.11744696,-0.0037836595,0.1205011,-0.004154663,0.07749384,-0.00084727944,253.3374,252.78654,339.1035,0.23027864,23.070793,0.2577288
6,30,10,0.0032768005,0.03370658,0.013838735,0.013379465,0.006488378,0.058819078,-0.004008447,4.401372,0.097927555,6.8629255,0.25235718,0.117638156,-0.008016894,0.11566964,0.0025735756,0.08055047,0.0029619283,253.35246,252.8217,339.42993,-0.35028476,23.070793,0.26670137
6,31,10,0.0032768005,0.02670175,0.009812527,0.0110357115,0.005853512,0.0495291,-0.0019145614,3.9973197,0.054989036,6.5185266,0.146978,0.0990582,-0.0038291228,0.105050996,0.0014451351,0.07650825,0.0017250896,253.30753,252.77533,338.75278,-0.20196705,23.070793,0.22982317
6,32,10,0.0032768005,0.02690996,0.010265481,0.011112198,0.005532282,0.050659355,-0.0011015764,4.0111475,-0.172228,6.337141,-0.24374409,0.10131871,-0.0022031527,0.10541441,-0.00452622,0.07437931,-0.002860835,253.29312,252.6785,339.14236,0.41597208,23.070793,0.23821807
6,33,10,0.0032768005,0.036835585,0.014509241,0.016609035,0.0057173064,0.060227156,-0.0065753134,4.903891,-1.5742898,6.4422407,0.9539616,0.12045431,-0.013150627,0.12887605,-0.041372906,0.07561287,0.011196691,253.27092,252.54747,339.08408,0.6203282,23.068125,0.46747673
6,34,10,0.0032768005,0.03420747,0.01123036,0.017163923,0.005813188,0.052986696,-0.0049572624,4.985135,-1.7123586,6.496035,0.83356255,0.10597339,-0.009914525,0.13101116,-0.045001406,0.076244265,0.0097835595,253.22705,252.45482,338.08395,0.87879604,23.068125,0.48237947
6,35,10,0.0032768005,0.033539448,0.011059976,0.017273191,0.0052062804,0.05258321,-0.004290307,5.000978,-1.8573794,6.1475906,0.30400637,0.10516642,-0.008580614,0.13142751,-0.0488126,0.07215456,0.0035681357,253.22098,252.35379,338.5362,1.5533731,23.068125,0.4914558
6,36,10,0.0032768005,0.035667256,0.013182414,0.016452871,0.0060319714,0.057407346,-0.006481344,4.880783,-1.604273,6.6171484,0.71831995,0.11481469,-0.012962688,0.12826875,-0.042160876,0.07766577,0.008430956,253.16939,252.09476,338.62186,0.885953,23.068125,0.44380865
6,37,10,0.0032768005,0.038345173,0.010351302,0.022897962,0.005095908,0.050870676,-0.005762606,5.757939,-2.1647878,6.0820785,0.9728735,0.10174135,-0.011525212,0.15132073,-0.05689141,0.07138563,0.011418663,253.10178,251.86667,337.71448,1.1919143,23.065445,0.6393822
6,38,10,0.0032768005,0.036771335,0.010554123,0.021626202,0.0045910096,0.05136663,-0.0059168166,5.595757,-2.2877579,5.7729163,0.65536314,0.10273326,-0.011833633,0.1470585,-0.060123097,0.06775699,0.0076920264,253.09853,251.81009,338.03946,1.6323948,23.065445,0.6269731
6,39,10,0.0032768005,0.036741566,0.011948839,0.019763121,0.005029608,0.054655373,-0.008073358,5.349294,-2.0071626,6.0423837,0.93279785,0.109310746,-0.016146716,0.14058137,-0.05274896,0.07091973,0.010948288,253.09557,251.77686,338.34454,1.0743647,23.065445,0.55792207
6,40,10,0.0032768005,0.037502177,0.010441249,0.022155922,0.004905007,0.051091217,-0.0055533107,5.663873,-2.1304963,5.967068,0.72784865,0.10218243,-0.0111066215,0.14884865,-0.055990215,0.070035756,0.008542793,253.07152,251.74469,337.6645,1.4026476,23.065445,0.5666934
6,41,10,0.0032768005,0.03710057,0.009991687,0.023224765,0.0038841146,0.049979214,-0.0046114656,5.798883,-2.0248637,5.3099113,0.6168381,0.09995843,-0.009222931,0.15239674,-0.053214155,0.062322665,0.0072398577,253.09596,251.814,337.98398,1.4080256,23.062647,0.6074783
6,42,10,0.0032768005,0.03864734,0.010996512,0.02365371,0.0039971154,0.052432127,-0.006440979,5.8521886,-1.9646927,5.3865976,1.0877124,0.104864255,-0.012881958,0.15379763,-0.051632844,0.06322274,0.012766533,253.0838,251.79282,337.8835,0.8769803,23.062647,0.5805531
6,43,10,0.0032768005,0.03815566,0.010517822,0.02359477,0.00404307,0.051278215,-0.0044831824,5.8448935,-1.9525136,5.4174743,0.9596144,0.10255643,-0.008966365,0.1536059,-0.051312756,0.06358514,0.011263036,253.00996,251.56683,336.94125,0.9928992,23.062647,0.5733275
6,44,10,0.0032768005,0.03804718,0.01031041,0.02400964,0.00372713,0.050770093,-0.0037973728,5.8960543,-2.0680203,5.2014995,0.6789925,0.101540186,-0.0075947456,0.15495044,-0.05434832,0.061050225,0.007969366,252.98506,251.38762,337.26093,1.3890278,23.062647,0.6006931
6,45,10,0.0032768005,0.03201962,0.010771348,0.017943818,0.0033044515,0.051892553,-0.0026512328,5.097135,-0.8694985,4.897686,1.0108405,0.103785105,-0.0053024655,0.13395454,-0.02285074,0.05748436,0.011864281,252.95583,251.2209,337.2962,-0.14134204,23.059727,0.42507556
6,46,10,0.0032768005,0.03300576,0.011278521,0.018042268,0.003684968,0.05310019,-0.0017722592,5.1110983,-0.7988333,5.1719947,0.82475185,0.10620038,-0.0035445185,0.13432151,-0.020993626,0.060703937,0.009680149,252.91058,251.06015,336.52945,-0.025918543,23.059727,0.41153726
6,47,10,0.0032768005,0.029663334,0.009863659,0.016309943,0.0034897313,0.049657978,-0.00078903994,4.859537,-0.9365145,5.033119,0.63228667,0.099315956,-0.0015780799,0.12771039,-0.024611942,0.059073947,0.007421177,252.92862,251.06183,336.73312,0.30422783,23.059727,0.4178909
6,48,10,0.0032768005,0.027735285,0.009804814,0.014410065,0.0035204068,0.04950963,-0.0030952126,4.567743,-0.6775918,5.0551915,1.0330466,0.09901926,-0.0061904253,0.12004193,-0.017807355,0.059333015,0.012124916,252.92116,250.982,336.85266,-0.3554548,23.059727,0.36712605
6,49,10,0.0032768005,0.025722886,0.009407987,0.012992347,0.0033225515,0.04849739,0.0034779632,4.3372297,0.12541729,4.9110804,0.48841718,0.09699478,0.0069559263,0.113983974,0.0032960111,0.057641577,0.005732575,252.85602,250.7085,336.22827,-0.6138345,23.05676,0.23036918
6,50,10,0.0032768005,0.025853764,0.010275086,0.012341574,0.0032371036,0.05068305,0.003262218,4.227211,0.1198023,4.847519,0.21449617,0.1013661,0.006524436,0.111092634,0.0031484468,0.05689555,0.0025175512,252.85828,250.62364,336.52542,-0.33429846,23.05676,0.24672706
6,51,10,0.0032768005,0.02571157,0.01076334,0.011636878,0.0033113514,0.05187326,0.0018826332,4.104752,0.36229917,4.9027967,0.52516913,0.10374652,0.0037652664,0.10787436,0.009521353,0.057544343,0.0061639347,252.8658,250.71606,336.59216,-0.88746834,23.05676,0.21977253
6,52,10,0.0032768005,0.028234959,0.010510054,0.0142321205,0.0034927833,0.05125928,0.0024313214,4.5394526,0.41831735,5.0353203,0.44649193,0.10251856,0.004862643,0.11929845,0.010993534,0.059099775,0.005240496,252.80283,250.43678,335.79315,-0.8648093,23.05676,0.22134079
6,53,10,0.0032768005,0.026382789,0.009017019,0.013407731,0.003958039,0.047478992,0.005557827,4.4060183,0.7418587,5.3602033,-0.3994301,0.094957985,0.011115654,0.11579176,0.01949632,0.06291295,-0.0046881298,252.77924,250.24298,335.92645,-0.34242862,23.053772,0.30285764
6,54,10,0.0032768005,0.029220536,0.011181594,0.014369721,0.003669221,0.05287153,0.004031296,4.561344,0.9902091,5.160932,-0.013736243,0.10574306,0.008062592,0.11987377,0.026023062,0.060574096,-0.00016122304,252.77797,250.24022,335.9727,-0.97647285,23.053772,0.34449837
6,55,10,0.0032768005,0.032184105,0.010740959,0.017463967,0.003979179,0.0518193,0.006154064,5.028519,0.8485124,5.3744984,-0.085178085,0.1036386,0.012308128,0.1321513,0.022299208,0.063080736,-0.0009997385,252.72261,250.09761,335.18362,-0.76333433,23.053772,0.32201132
6,56,10,0.0032768005,0.029654149,0.009581908,0.015957313,0.0041149287,0.04894361,0.005695862,4.806717,0.7134002,5.4654055,-0.4372565,0.09788722,0.011391724,0.12632225,0.018748417,0.06414771,-0.005132098,252.66765,249.7771,335.18018,-0.2761437,23.053772,0.31277758
6,57,10,0.0032768005,0.03257566,0.010256266,0.018275097,0.0040442944,0.050636612,0.0041741547,5.143971,1.0959499,5.418294,-0.52837884,0.101273224,0.008348309,0.13518542,0.02880196,0.063594766,-0.006201608,252.62595,249.58322,334.9944,-0.56757104,23.050777,0.43165475
6,58,10,0.0032768005,0.033904053,0.009656631,0.019651383,0.00459604,0.04913408,0.0061057066,5.3341494,1.039981,5.7760787,-0.77054054,0.09826816,0.012211413,0.14018339,0.027331073,0.0677941,-0.00904387,252.59409,249.509,334.33148,-0.26944047,23.050777,0.43858397
6,59,10,0.0032768005,0.033696905,0.009889729,0.019053027,0.0047541475,0.049723558,0.0056137065,5.252314,0.85395646,5.874589,-1.0970927,0.099447116,0.011227413,0.1380327,0.022442289,0.068950325,-0.012876629,252.59187,249.48277,334.62274,0.24313629,23.050777,0.43399593
6,60,10,0.0032768005,0.033734288,0.009601095,0.01946095,0.004672245,0.04899259,0.0047023734,5.308242,1.2247989,5.8237677,-0.7983593,0.09798518,0.009404747,0.13950251,0.032188155,0.068353824,-0.009370379,252.55516,249.3285,334.7392,-0.42643964,23.050777,0.47685426
6,61,10,0.0032768005,0.035797156,0.011461874,0.019261265,0.0050740167,0.05353007,0.00431314,5.2809386,0.96039635,6.0690007,-1.0183847,0.10706014,0.00862628,0.13878496,0.025239564,0.07123213,-0.011952828,252.46472,249.04106,333.83066,0.057988346,23.047775,0.46010804
6,62,10,0.0032768005,0.031616397,0.009667279,0.016468521,0.005480596,0.049161162,0.004495758,4.8831043,0.94170165,6.307469,-1.3331068,0.098322324,0.008991516,0.12832974,0.024748256,0.07403105,-0.015646737,252.38206,248.6196,333.80847,0.3914051,23.047775,0.45805705
6,63,10,0.0032768005,0.035435103,0.011204114,0.018949065,0.005281923,0.052924745,0.0031551227,5.2379646,1.40202,6.19209,-0.99136007,0.10584949,0.0063102455,0.1376556,0.036845587,0.07267684,-0.011635636,252.33372,248.35641,333.56427,-0.4106599,23.047775,0.51397586
6,64,10,0.0032768005,0.03833516,0.012635335,0.020756582,0.004943243,0.056203503,0.0034204884,5.4820957,1.1950939,5.990281,-1.0019106,0.11240701,0.006840977,0.14407144,0.031407487,0.0703082,-0.011759471,252.31528,248.33937,332.92133,-0.1931833,23.047775,0.5003273
6,65,10,0.0032768005,0.030164357,0.010669679,0.01458228,0.0049123988,0.05164707,9.585541e-5,4.594956,0.47137144,5.971563,-0.7183873,0.10329414,0.00019171082,0.12075711,0.01238781,0.070088506,-0.008431746,252.32848,248.341,333.229,0.24701586,23.044783,0.32642293
6,66,10,0.0032768005,0.034367375,0.011414104,0.01811783,0.0048354417,0.053418405,-0.0018960105,5.1217895,0.8134545,5.9246035,-0.49335173,0.10683681,-0.003792021,0.13460249,0.021377891,0.06953734,-0.0057904907,252.36288,248.54889,333.304,-0.32010278,23.044783,0.37615916
6,67,10,0.0032768005,0.039558854,0.014597181,0.01931506,0.005646613,0.060409397,0.00032261133,5.2883077,0.6793505,6.4022884,-0.67489016,0.120818794,0.00064522267,0.13897863,0.017853584,0.07514395,-0.007921215,252.38687,248.69556,333.0435,-0.004460335,23.044783,0.3765812
6,68,10,0.0032768005,0.034730714,0.0110214185,0.017887399,0.005821897,0.05249147,0.0002518373,5.089115,0.62369674,6.5009,-0.7631407,0.10498294,0.0005036746,0.13374378,0.016390985,0.07630136,-0.008957016,252.38873,248.74234,333.48813,0.13944393,23.044783,0.3689102
6,69,10,0.0032768005,0.032074362,0.012053993,0.014549914,0.005470453,0.054895338,-0.002792542,4.5898542,0.39682308,6.301629,-0.1140193,0.109790675,-0.005585084,0.12062302,0.010428656,0.07396251,-0.0013382486,252.40479,248.84732,333.66605,-0.28280377,23.041822,0.2331211
6,70,10,0.0032768005,0.034627344,0.013740698,0.014810439,0.0060762083,0.05861036,-0.0015181925,4.630764,0.14590245,6.641367,-0.27873206,0.11722072,-0.003036385,0.12169815,0.003834368,0.07795004,-0.003271491,252.37563,248.79944,333.04108,0.1328296,23.041822,0.21872008
6,71,10,0.0032768005,0.032923166,0.011620095,0.014618821,0.006684249,0.05389827,-0.0019901586,4.6007104,0.03434295,6.965744,-0.3751359,0.10779654,-0.003980317,0.12090832,0.00090254436,0.081757255,-0.0044029877,252.3587,248.6761,333.02252,0.34079295,23.041822,0.22972433
6,72,10,0.0032768005,0.036912177,0.013269321,0.01693954,0.006703317,0.05759627,-0.003680434,4.952443,0.3221243,6.975673,-0.21952368,0.11519254,-0.007360868,0.13015199,0.008465544,0.08187379,-0.0025765558,252.3608,248.76898,332.8668,-0.10260062,23.041822,0.27874172
6,73,10,0.0032768005,0.034090213,0.014577634,0.013867792,0.0056447866,0.060368937,-0.0009284661,4.4809732,-0.4255966,6.401253,0.29315358,0.12073787,-0.0018569322,0.11776159,-0.011184833,0.0751318,0.0034407573,252.35056,248.78581,332.35013,0.13244301,23.038853,0.2251881
6,74,10,0.0032768005,0.031448815,0.012465333,0.01347627,0.005507213,0.055824127,-0.00043385694,4.417266,-0.5979596,6.3227663,0.075480185,0.111648254,-0.0008677139,0.11608734,-0.015714593,0.0742106,0.00088591495,252.35425,248.69452,332.6964,0.5224794,23.038853,0.24590589
6,75,10,0.0032768005,0.03264897,0.012558819,0.014374124,0.0057160254,0.056033067,-0.0024822336,4.562043,-0.25698033,6.441519,0.22970812,0.112066135,-0.004964467,0.119892135,-0.0067535336,0.0756044,0.0026960955,252.35999,248.71165,332.83618,0.02727221,23.038853,0.25058413
6,76,10,0.0032768005,0.0346229,0.013519899,0.014825997,0.006277006,0.05813755,-0.0012605721,4.6331954,-0.46662283,6.750213,0.4641191,0.1162751,-0.0025211442,0.12176205,-0.012263016,0.07922756,0.005447389,252.329,248.6521,332.32196,0.002503723,23.038853,0.21767281
6,77,10,0.0032768005,0.03247693,0.012013836,0.014947276,0.00551582,0.054803822,0.0018094758,4.652107,-1.058185,6.3277054,0.6837772,0.109607644,0.0036189517,0.12225905,-0.02780948,0.074268565,0.008025523,252.33322,248.60555,332.62677,0.37440777,23.03586,0.34257928
6,78,10,0.0032768005,0.032222595,0.011479359,0.01540956,0.005333676,0.053570885,9.135782e-5,4.7234983,-0.6592804,6.222351,0.7707114,0.10714177,0.00018271564,0.12413525,-0.017326131,0.07303202,0.009045875,252.31458,248.5121,332.77292,-0.111431,23.03586,0.34772325
6,79,10,0.0032768005,0.033274736,0.01216429,0.015014128,0.0060963174,0.05514592,0.0012379689,4.662499,-0.68232805,6.6523485,0.63827896,0.11029184,0.0024759378,0.12253215,-0.017931826,0.07807892,0.007491509,252.2893,248.39609,332.2771,0.044049084,23.03586,0.31762147
6,80,10,0.0032768005,0.03136348,0.011149009,0.013841163,0.006373308,0.052794434,0.0009583402,4.476669,-0.9150736,6.8017974,0.39560318,0.10558887,0.0019166804,0.117648475,-0.024048463,0.079833,0.0046432125,252.3155,248.50052,332.8312,0.5194704,23.03586,0.32290906
6,81,10,0.0032768005,0.030660601,0.0110139,0.01411939,0.005527312,0.052473564,0.0022030296,4.5214386,-1.0059781,6.3342934,0.74758816,0.10494713,0.004406059,0.11882504,-0.026437463,0.074345894,0.008774476,252.29086,248.38516,332.8199,0.25838995,23.032787,0.3015657
6,82,10,0.0032768005,0.031564966,0.012136452,0.013637111,0.0057914048,0.055082783,0.0028864343,4.4435472,-1.2383403,6.483853,0.7781351,0.110165566,0.0057728686,0.11677804,-0.03254403,0.07610128,0.009133009,252.2659,248.35445,332.14038,0.46020514,23.032787,0.31771356
6,83,10,0.0032768005,0.031051837,0.012530993,0.013057364,0.005463481,0.05597096,0.0037543376,4.348069,-1.5571811,6.2976117,0.57878447,0.11194192,0.007508675,0.114268824,-0.040923283,0.07391536,0.00679322,252.23978,248.36943,332.34872,0.97839665,23.032787,0.3487428
6,84,10,0.0032768005,0.030592926,0.012094914,0.012768422,0.0057295887,0.05498844,0.002934781,4.2996917,-1.2319887,6.4491568,0.57032055,0.10997688,0.005869562,0.11299744,-0.032377105,0.07569405,0.0066938787,252.17412,248.09828,332.28418,0.6616681,23.032787,0.2945228
6,85,10,0.0032768005,0.032485012,0.014110086,0.0132360095,0.005138918,0.05939294,0.0055450504,4.3777122,-1.1597111,6.1076903,0.15532243,0.11878588,0.011090101,0.11504786,-0.030477628,0.071686246,0.0018230273,252.10373,247.8505,331.49005,1.0043887,23.029673,0.32785606
6,86,10,0.0032768005,0.029250536,0.011090016,0.012864533,0.0052959877,0.05265457,0.00592465,4.3158436,-1.1496105,6.2003284,0.050837316,0.10530914,0.0118493,0.113421924,-0.030212175,0.07277354,0.00059668045,252.09178,247.77533,331.73294,1.0987732,23.029673,0.31600636
6,87,10,0.0032768005,0.030635267,0.01272518,0.012827727,0.005082361,0.05640297,0.0046133394,4.309665,-0.89246994,6.0739884,0.2456719,0.11280594,0.009226679,0.113259554,-0.023454435,0.07129068,0.002883463,252.08351,247.77548,331.56302,0.646798,23.029673,0.615341
6,88,10,0.0032768005,0.032450747,0.014354872,0.013233956,0.0048619206,0.05990591,0.0054330453,4.3773723,-1.1784395,5.940803,0.4325059,0.11981182,0.010866091,0.11503893,-0.030969815,0.06972747,0.005076341,252.09288,247.91106,330.92297,0.7459336,23.029673,0.31731415
6,89,10,0.0032768005,0.029070338,0.013936255,0.01114532,0.0039887633,0.05902596,0.004649273,4.0171213,-0.58599573,5.380967,-0.25639984,0.11805192,0.009298546,0.1055714,-0.015400181,0.06315666,-0.003009376,252.13324,247.97412,331.54608,0.84239554,23.026627,0.2229244
6,90,10,0.0032768005,0.029170098,0.012706708,0.012374859,0.004088531,0.056362018,0.002397686,4.2329082,-0.24423723,5.4478464,-0.2378298,0.112724036,0.004795372,0.11124235,-0.006418644,0.06394162,-0.0027914185,252.13329,247.9941,331.75568,0.48206705,23.026627,0.17168462
6,91,10,0.0032768005,0.03094619,0.013211917,0.013087159,0.004647113,0.05747155,0.0029260505,4.353027,-0.37255466,5.8080826,-0.1339727,0.1149431,0.005852101,0.11439912,-0.009790874,0.068169735,-0.0015724455,252.07779,247.83751,331.0116,0.50652736,23.026627,0.2131037
6,92,10,0.0032768005,0.028673608,0.011752284,0.012223465,0.0046978593,0.054203976,0.00386924,4.2069354,-0.21705876,5.839709,-0.28063357,0.10840795,0.00773848,0.110559784,-0.005704381,0.06854093,-0.0032938083,252.04352,247.57895,331.5318,0.49769235,23.026627,0.20894752
6,93,10,0.0032768005,0.028878523,0.011569406,0.013071342,0.0042377743,0.053780586,0.0022107167,4.350395,0.78241307,5.5463862,-0.6792505,0.10756117,0.0044214334,0.11432997,0.0205621,0.06509819,-0.007972394,252.00848,247.386,331.64545,-0.10316259,23.023653,0.21869376
6,94,10,0.0032768005,0.03142241,0.012371487,0.014419663,0.0046312604,0.055613592,0.0033269543,4.569264,0.7679243,5.798168,-0.8892325,0.111227185,0.0066539086,0.1200819,0.020181326,0.068053365,-0.010436962,251.9686,247.2882,331.0263,0.12130821,23.023653,0.26781967
6,95,10,0.0032768005,0.029524086,0.0119583635,0.012840323,0.004725398,0.05467715,0.0037610307,4.311781,0.5745548,5.8568,-0.93915236,0.1093543,0.0075220615,0.11331515,0.015099511,0.06874153,-0.011022871,251.95456,247.24385,331.32764,0.36459756,23.023653,0.27024433
6,96,10,0.0032768005,0.031067563,0.011951156,0.014283965,0.0048324405,0.05466067,0.003394795,4.5477133,0.7336262,5.9227653,-0.8708025,0.10932134,0.00678959,0.119515546,0.019279964,0.06951576,-0.010220651,251.8915,247.02545,331.2076,0.13717633,23.023653,0.29230466
6,97,10,0.0032768005,0.033667523,0.013515448,0.015396748,0.004755327,0.05812798,0.0014159763,4.7215343,1.0350604,5.875318,-0.3868973,0.11625596,0.0028319526,0.12408363,0.027201759,0.06895888,-0.0045410288,251.84312,246.87897,330.28223,-0.6481631,23.020784,0.25360262
6,98,10,0.0032768005,0.031598296,0.012938916,0.013894585,0.0047647953,0.056874678,0.0008722423,4.4853,0.77573115,5.8811646,-0.37328222,0.113749355,0.0017444846,0.11787529,0.020386498,0.0690275,-0.00438123,251.91058,247.23927,330.85693,-0.40244892,23.020784,0.25158772
6,99,10,0.0032768005,0.036949895,0.015849091,0.016809303,0.0042915004,0.06294659,-0.0005543189,4.933368,0.7724376,5.581434,-0.24560161,0.12589318,-0.0011086378,0.1296507,0.020299941,0.06550954,-0.0028826366,251.9375,247.4934,331.17044,-0.526836,23.020784,0.2750809
6,100,10,0.0032768005,0.03639828,0.014806395,0.01659368,0.004998203,0.060840767,0.00097534957,4.9016237,0.70401186,6.023489,-0.13662615,0.121681534,0.0019506991,0.12881646,0.01850169,0.07069797,-0.0016035871,251.91689,247.46814,330.63394,-0.5673857,23.020784,0.31790578
7,1,10,0.0026214404,0.0375366,0.016479906,0.016222255,0.004834435,0.06418704,-0.0022529024,4.846456,1.5998578,5.923987,0.009152499,0.12837408,-0.0045058047,0.12736662,0.04204484,0.0695301,0.00010742292,251.97948,248.47096,331.72446,-1.6090103,23.018005,0.3979738
7,2,10,0.0026214404,0.03505022,0.014113498,0.016098714,0.00483801,0.059400123,-0.002381971,4.8279667,1.4884098,5.926177,-0.06543899,0.118800245,-0.004763942,0.1268807,0.039115943,0.069555804,-0.0007680606,252.05556,248.58768,332.3012,-1.4229708,23.018005,0.38965192
7,3,10,0.0026214404,0.03825185,0.01565372,0.017840695,0.004757438,0.062557414,-0.0036008556,5.0824666,1.611005,5.876622,0.24139903,0.12511483,-0.007201711,0.13356906,0.04233779,0.06897418,0.002833311,252.11584,248.8803,332.81137,-1.852404,23.018005,0.41899276
7,4,10,0.0026214404,0.034672104,0.013595989,0.016479798,0.0045963177,0.05830092,-0.003101399,4.8847756,1.6698952,5.7762537,0.2441349,0.11660184,-0.006202798,0.12837367,0.043885447,0.06779615,0.0028654234,252.08426,248.73357,332.52158,-1.9140301,23.018005,0.41891208
7,5,10,0.0026214404,0.029397925,0.012497783,0.012615824,0.0042843185,0.05589674,-0.0024148512,4.273921,1.2223799,5.576762,-0.30606443,0.11179348,-0.0048297024,0.112320185,0.03212459,0.06545471,-0.0035922918,252.08427,248.60333,333.25174,-0.9163155,23.01574,0.3062797
7,6,10,0.0026214404,0.030131038,0.01193072,0.014343456,0.0038568627,0.054613918,-0.0028133777,4.5571737,1.5059372,5.2912498,-0.14679739,0.109227836,-0.0056267553,0.11976417,0.039576575,0.062103644,-0.0017229678,252.03871,248.35278,333.1513,-1.3591398,23.01574,0.3320203
7,7,10,0.0026214404,0.028488452,0.0111540025,0.013506753,0.003827696,0.052806254,-0.0020439124,4.422259,1.4232745,5.2712054,-0.2581862,0.10561251,-0.004087825,0.11621856,0.03740417,0.061868377,-0.003030343,251.98576,248.19417,332.51642,-1.1650883,23.01574,0.29184237
7,8,10,0.0026214404,0.027038911,0.011749391,0.011626684,0.0036628356,0.054197304,-0.0008934593,4.102954,1.2282208,5.1564393,-0.45350397,0.10839461,-0.0017869186,0.107827105,0.032278083,0.060521364,-0.005322796,251.9698,248.09904,333.03238,-0.77471685,23.01574,0.25411215
7,9,10,0.0026214404,0.027964324,0.011241938,0.0131134,0.0036089863,0.053014003,-0.0011336196,4.357389,0.26185077,5.118396,-0.7196415,0.106028005,-0.0022672391,0.114513755,0.006881533,0.06007484,-0.008446464,251.9086,247.88913,332.76425,0.45779073,23.01347,0.21384467
7,10,10,0.0026214404,0.027899042,0.011131003,0.0132928975,0.003475141,0.052751783,-0.00012570548,4.3871098,0.16906339,5.0225863,-0.49455526,0.10550357,-0.00025141097,0.11529483,0.004443047,0.058950327,-0.0058046174,251.83484,247.60461,331.73682,0.32549188,23.01347,0.25336537
7,11,10,0.0026214404,0.02886132,0.012347495,0.012762793,0.0037510302,0.055559643,0.00066965516,4.2987437,0.00456731,5.2181487,-0.7590582,0.111119285,0.0013393103,0.112972535,0.000120029305,0.061245654,-0.008909101,251.82442,247.57396,332.13535,0.75449085,23.01347,0.26722407
7,12,10,0.0026214404,0.030315239,0.012153025,0.014484242,0.003677971,0.05512038,-7.7253266e-5,4.579484,0.2554375,5.1670823,-0.70194113,0.11024076,-0.00015450653,0.120350495,0.0067129894,0.060646277,-0.008238714,251.80312,247.5066,332.38116,0.44650364,23.01347,0.27641067
7,13,10,0.0026214404,0.026835522,0.010633485,0.012789629,0.0034124062,0.051559396,0.0013236497,4.3032603,-0.29326808,4.977045,-0.6143013,0.10311879,0.0026472993,0.113091245,-0.0077071926,0.058415804,-0.0072100824,251.75217,247.33163,331.7303,0.9075694,23.011267,0.30426386
7,14,10,0.0026214404,0.026845332,0.010690171,0.012647941,0.0035072186,0.051696643,0.0018879565,4.2793574,-0.41831577,5.045714,-0.70699435,0.10339329,0.003775913,0.112463064,-0.010993488,0.059221774,-0.008298025,251.77261,247.37639,332.0808,1.1253102,23.011267,0.2911586
7,15,10,0.0026214404,0.029122123,0.012640721,0.012910625,0.003570778,0.05621548,-0.0004693319,4.3235674,-0.36914223,5.0912294,-0.41397184,0.11243096,-0.0009386638,0.11362493,-0.009701187,0.05975599,-0.0048588063,251.80855,247.60223,331.93094,0.7831141,23.011267,0.29539564
7,16,10,0.0026214404,0.030567847,0.013838846,0.013445269,0.0032837326,0.058819313,0.00020936436,4.4121823,-0.53871506,4.882307,-0.3321417,0.117638625,0.0004187287,0.115953736,-0.014157629,0.05730386,-0.0038983626,251.84332,247.78564,331.73227,0.87085676,23.011267,0.3448023
7,17,10,0.0026214404,0.025239732,0.011602671,0.01015297,0.003484091,0.053857848,0.0009146119,3.8341157,-0.6922461,5.0290504,-0.1542378,0.107715696,0.0018292238,0.10076195,-0.018192476,0.05902619,-0.0018102949,251.92026,247.99355,332.76602,0.8464839,23.00909,0.21937306
7,18,10,0.0026214404,0.027527688,0.012532962,0.0112826675,0.0037120595,0.055975355,-0.0012306997,4.041798,-0.46754315,5.190972,-0.065336786,0.11195071,-0.0024613994,0.1062199,-0.012287201,0.060926672,-0.00076686137,252.00816,248.44563,333.31503,0.53287995,23.00909,0.23299038
7,19,10,0.0026214404,0.026438493,0.010433779,0.012534058,0.0034706555,0.051072937,0.0005062641,4.2600484,-0.588018,5.0193443,-0.016978886,0.10214587,0.0010125282,0.111955605,-0.015453326,0.05891227,-0.0001992821,252.02188,248.50041,333.03574,0.60499686,23.00909,0.26107728
7,20,10,0.0026214404,0.024339745,0.0106741935,0.010366757,0.0032987949,0.051657993,0.0008369189,3.874272,-0.6818045,4.893492,-0.31743714,0.10331599,0.0016738378,0.10181727,-0.017918065,0.057435136,-0.0037257737,252.03554,248.41829,333.60046,0.9992416,23.00909,0.24370058
7,21,10,0.0026214404,0.024071276,0.011463428,0.009344323,0.0032635247,0.0535337,-0.0004882017,3.6782615,0.005655342,4.8672614,0.031556755,0.1070674,-0.0009764034,0.09666604,0.00014862178,0.057127267,0.0003703828,252.0561,248.47423,333.89087,-0.037212096,23.006918,0.14672326
7,22,10,0.0026214404,0.021884188,0.009683071,0.009006243,0.0031948735,0.0492013,0.0012725525,3.6111083,-0.19359633,4.815795,0.042308066,0.0984026,0.002545105,0.09490123,-0.005087781,0.05652321,0.00049657136,252.04991,248.56609,333.47766,0.15128827,23.006918,0.14122784
7,23,10,0.0026214404,0.023820002,0.0105544785,0.009982274,0.0032832497,0.051367495,0.0011500836,3.8017488,-0.42593724,4.8819485,-0.12232555,0.10273499,0.0023001672,0.09991133,-0.011193784,0.057299647,-0.0014357411,252.06702,248.60649,334.02524,0.5482628,23.006918,0.16793233
7,24,10,0.0026214404,0.026069276,0.011569675,0.011037491,0.00346211,0.05378121,-0.00061877683,3.9976418,-0.1993197,5.013161,0.012193063,0.10756242,-0.0012375537,0.10505947,-0.005238194,0.058839697,0.00014311016,252.08298,248.68991,333.91367,0.18712664,23.006918,0.1741476
7,25,10,0.0026214404,0.0255091,0.012259347,0.009953558,0.0032961937,0.05536097,0.0023915165,3.7962766,0.166179,4.891562,-0.050816227,0.11072194,0.004783033,0.09976752,0.004367242,0.057412487,-0.00059643283,252.08586,248.68317,333.15082,-0.11536278,23.00474,0.18696691
7,26,10,0.0026214404,0.024674423,0.011319346,0.009924497,0.003430579,0.053196207,0.003534124,3.7907305,-0.107169986,4.99028,-0.2613414,0.10639241,0.007068248,0.09962177,-0.0028164652,0.058571145,-0.0030673752,252.11427,248.8166,333.67346,0.36851138,23.00474,0.16982988
7,27,10,0.0026214404,0.025520256,0.012286598,0.009802191,0.003431468,0.055422463,0.0013267831,3.7673004,-0.060337335,4.9909263,-0.20887314,0.110844925,0.0026535662,0.09900601,-0.0015856853,0.058578733,-0.0024515537,252.0876,248.80501,333.78552,0.26921046,23.00474,0.17237933
7,28,10,0.0026214404,0.023260305,0.011765751,0.008320783,0.003173771,0.054235023,0.0030810847,3.4709694,-0.09100947,4.799865,-0.034737885,0.108470045,0.0061621694,0.09121833,-0.002391761,0.05633623,-0.00040772077,252.0614,248.76764,333.201,0.12574735,23.00474,0.16427606
7,29,10,0.0026214404,0.027571077,0.013876002,0.010557592,0.0031374816,0.05889822,0.004514703,3.9097688,0.10792906,4.7723446,-0.56215423,0.11779644,0.009029406,0.102750145,0.0028364158,0.056013227,-0.0065980293,252.10149,248.8195,333.70355,0.45422518,23.0025,0.28632605
7,30,10,0.0026214404,0.028707467,0.013028771,0.012293182,0.0033855133,0.05707182,0.0009840705,4.2189155,0.56055933,4.957394,-0.33460194,0.11414364,0.001968141,0.11087462,0.0147317005,0.058185164,-0.0039272383,252.16487,248.97089,334.07324,-0.2259574,23.0025,0.32094002
7,31,10,0.0026214404,0.027142486,0.012817614,0.011181391,0.0031434803,0.05660745,0.0028003592,4.0236163,0.4402467,4.7769046,-0.30117595,0.1132149,0.0056007183,0.1057421,0.011569843,0.056066748,-0.0035349154,252.23283,249.35947,333.89874,-0.13907075,23.0025,0.23172618
7,32,10,0.0026214404,0.02673544,0.013053565,0.010423263,0.0032586118,0.0571261,0.003618101,3.8848166,0.11195832,4.863596,-0.5952962,0.1142522,0.007236202,0.10209438,0.0029423055,0.05708425,-0.0069870185,252.29884,249.5825,335.07877,0.48333788,23.0025,0.22376272
7,33,10,0.0026214404,0.024655111,0.010853039,0.01055916,0.0032429108,0.05208896,0.002151714,3.9100597,0.32077697,4.851865,-0.63498753,0.10417792,0.004303428,0.102757774,0.008430133,0.05694656,-0.007452878,252.28712,249.49164,335.3625,0.31421056,23.000187,0.24249081
7,34,10,0.0026214404,0.02243064,0.009803244,0.009517577,0.0031098204,0.049505666,0.003815312,3.7122045,0.23665605,4.7512608,-0.38616514,0.09901133,0.007630624,0.097558066,0.006219406,0.055765763,-0.0045324373,252.23933,249.3564,334.479,0.14950909,23.000187,0.19242488
7,35,10,0.0026214404,0.02541732,0.01203283,0.010363972,0.003020517,0.05484713,0.0028757174,3.873752,-0.026271513,4.682544,-0.55614287,0.10969426,0.0057514347,0.10180359,-0.0006904247,0.05495923,-0.0065274728,252.25978,249.39232,334.927,0.5824144,23.000187,0.1885101
7,36,10,0.0026214404,0.025639355,0.0115187615,0.010596932,0.0035236625,0.053662747,0.0009220402,3.917047,-0.039282635,5.057529,-0.6828385,0.107325494,0.0018440804,0.1029414,-0.0010323615,0.059360445,-0.008014507,252.32645,249.68375,335.25137,0.7221211,23.000187,0.19088042
7,37,10,0.0026214404,0.023775162,0.011109203,0.009701685,0.002964275,0.052700102,0.0014303916,3.7479365,-0.51571,4.638745,-0.20238304,0.105400205,0.0028607831,0.09849713,-0.013553047,0.054445155,-0.002375379,252.37338,250.01605,335.03638,0.71809304,22.997774,0.16450317
7,38,10,0.0026214404,0.02700594,0.013738697,0.010179443,0.003087799,0.058606096,0.0025282968,3.839111,-0.68947333,4.734409,-0.57158494,0.11721219,0.0050565936,0.10089323,-0.018119607,0.05556797,-0.006708718,252.44112,250.28174,335.7313,1.2610583,22.997774,0.22000302
7,39,10,0.0026214404,0.026640207,0.013980991,0.009307247,0.0033519678,0.05912062,0.0011883379,3.6709573,-0.5822912,4.932773,-0.5337767,0.11824124,0.0023766758,0.096474074,-0.015302822,0.057896182,-0.006264962,252.50075,250.57191,336.27225,1.1160679,22.997774,0.1942804
7,40,10,0.0026214404,0.024703968,0.011777808,0.009667619,0.0032585415,0.054262806,0.0025010481,3.741351,-0.76050067,4.8635445,-0.19557251,0.10852561,0.0050020963,0.09832405,-0.019986233,0.057083637,-0.0022954436,252.48868,250.53989,335.56403,0.95607316,22.997774,0.26119205
7,41,10,0.0026214404,0.025611086,0.013208462,0.009511969,0.0028906558,0.057464037,0.000189706,3.7111104,-0.78712416,4.5807805,0.1550591,0.114928074,0.000379412,0.09752932,-0.02068591,0.05376482,0.0018199345,252.5266,250.45526,336.21124,0.63206506,22.995266,0.20001408
7,42,10,0.0026214404,0.026006076,0.012309712,0.010404354,0.003292009,0.055474572,-0.0019048529,3.8812914,-0.7034378,4.8884563,0.007221203,0.110949144,-0.0038097058,0.102001734,-0.018486599,0.05737603,8.47563e-5,252.56746,250.57114,336.63635,0.6962166,22.995266,0.19492073
7,43,10,0.0026214404,0.021090861,0.0100098,0.008020538,0.0030605227,0.050024495,0.0002534205,3.4077716,-0.93503225,4.7134514,0.23532078,0.10004899,0.000506841,0.089557454,-0.024572982,0.05532199,0.002761969,252.55939,250.62299,335.79956,0.69971144,22.995266,0.23770392
7,44,10,0.0026214404,0.023069823,0.011138896,0.008986178,0.0029447484,0.052770484,0.0007893029,3.6070833,-0.9768842,4.623441,-0.10535512,0.10554097,0.0015786059,0.09479545,-0.02567287,0.054265536,-0.0012365583,252.56497,250.583,336.51523,1.0822393,22.995266,0.25594366
7,45,10,0.0026214404,0.022644643,0.010966467,0.008548726,0.003129448,0.05236045,-0.0035623007,3.5181906,-0.45858672,4.766231,0.2666727,0.1047209,-0.0071246014,0.09245932,-0.012051825,0.05594147,0.003129949,252.55193,250.53131,336.64078,0.19191402,22.992682,0.19798785
7,46,10,0.0026214404,0.023379501,0.011517263,0.008831481,0.003030757,0.053659257,-0.0011698994,3.5759006,-0.61336696,4.6904745,0.4366197,0.10731851,-0.0023397987,0.09397596,-0.016119508,0.05505231,0.005124625,252.53139,250.52905,335.7796,0.17674726,22.992682,0.21836658
7,47,10,0.0026214404,0.023983618,0.012135731,0.00870449,0.0031433979,0.055081148,-0.0009774845,3.5500982,-0.8553957,4.776842,0.11080358,0.110162295,-0.001954969,0.093297854,-0.022480108,0.056066014,0.0013005077,252.57947,250.71854,336.5896,0.7445921,22.992682,0.22869503
7,48,10,0.0026214404,0.029338844,0.017499404,0.008520333,0.0033191068,0.066142656,-0.0032553466,3.5123434,-0.7048373,4.908534,0.16075778,0.13228531,-0.006510693,0.09230565,-0.018523378,0.05761169,0.0018868209,252.61407,250.89896,337.01028,0.54407954,22.992682,0.24163862
7,49,10,0.0026214404,0.021678647,0.0099728275,0.008459065,0.003246755,0.04993202,-0.0018291109,3.4996924,-0.02274181,4.85474,0.2860409,0.09986404,-0.0036582218,0.09197318,-0.0005976642,0.056980304,0.003357277,252.59535,250.88905,336.29773,-0.2632991,22.990042,0.14248094
7,50,10,0.0026214404,0.02435027,0.012631096,0.00864217,0.0030770048,0.056194074,-0.002351202,3.5373664,-0.232677,4.7261257,-0.112194024,0.11238815,-0.004702404,0.09296327,-0.0061148377,0.055470757,-0.0013168249,252.68648,251.18884,337.03555,0.344871,22.990042,0.15354756
7,51,10,0.0026214404,0.026254384,0.013000894,0.009462306,0.0037911832,0.057010733,-0.003945998,3.7014093,-0.24921373,5.246004,0.13405469,0.114021465,-0.007891996,0.097274385,-0.0065494264,0.061572585,0.0015734049,252.77153,251.55032,337.6913,0.115159035,22.990042,0.17771572
7,52,10,0.0026214404,0.023277389,0.010659834,0.008752271,0.0038652853,0.051623236,-0.0018002411,3.5598288,-0.27983215,5.2970243,0.32377785,0.10324647,-0.0036004821,0.09355357,-0.0073540914,0.06217142,0.0038001952,252.76294,251.4799,337.05978,-0.0439457,22.990042,0.14686804
7,53,10,0.0026214404,0.023862252,0.011040132,0.009361403,0.0034607188,0.052536014,-0.0017553251,3.6816216,0.292066,5.0121536,-0.21603586,0.10507203,-0.0035106502,0.09675434,0.0076756,0.058827873,-0.002535623,252.81895,251.59608,337.5746,-0.07603015,22.987333,0.2659341
7,54,10,0.0026214404,0.0251225,0.012941877,0.008955232,0.0032253899,0.056881186,-0.00441538,3.6008673,0.3540973,4.838741,-0.12968542,0.11376237,-0.00883076,0.09463209,0.009305807,0.056792516,-0.0015221232,252.86009,251.74585,337.86063,-0.22441189,22.987333,0.26628613
7,55,10,0.0026214404,0.022045674,0.009709955,0.008977395,0.0033583248,0.049269553,-0.0022118844,3.6053205,0.31784138,4.937448,0.12123443,0.09853911,-0.0044237687,0.094749115,0.0083529875,0.057951055,0.0014229333,252.81882,251.70718,337.16852,-0.43907583,22.987333,0.22290115
7,56,10,0.0026214404,0.024292506,0.012104531,0.008864975,0.0033229992,0.055010296,-0.0019915493,3.5826755,0.24700646,4.9114113,-0.2557936,0.11002059,-0.0039830985,0.09415399,0.0064914213,0.057645462,-0.003002262,252.81416,251.60022,337.85437,0.00878714,22.987333,0.22122118
7,57,10,0.0026214404,0.02510688,0.012278585,0.009421518,0.0034067784,0.055404387,-0.0025596363,3.6934237,0.77173585,4.972939,-0.271086,0.110808775,-0.0051192725,0.0970645,0.020281494,0.058367614,-0.0031817483,252.82706,251.56804,338.27725,-0.5006498,22.984564,0.2761553
7,58,10,0.0026214404,0.02491616,0.011294556,0.010285642,0.0033359637,0.053137925,-0.0010831683,3.859085,0.5984445,4.9209833,0.059239976,0.10627585,-0.0021663366,0.10141815,0.01572734,0.057757802,0.00069530384,252.82312,251.6988,337.3747,-0.6576845,22.984564,0.23339969
7,59,10,0.0026214404,0.023886207,0.010686012,0.010025781,0.0031744158,0.051686585,-0.001318071,3.810025,0.36455405,4.800352,-0.23185268,0.10337317,-0.002636142,0.10012882,0.009580614,0.056341954,-0.0027212654,252.88647,251.94698,338.0435,-0.13270137,22.984564,0.20862372
7,60,10,0.0026214404,0.025763385,0.011873171,0.0100484835,0.0038417317,0.05448204,-0.0035008404,3.8143356,0.4082888,5.2808604,-0.31840092,0.10896408,-0.007001681,0.10024212,0.010729979,0.061981704,-0.0037370867,252.93735,252.06245,338.4818,-0.08988789,22.984564,0.22541004
7,61,10,0.0026214404,0.024252636,0.011178817,0.00950119,0.003572629,0.05286496,-0.0010738743,3.7090068,0.35941786,5.092549,0.17038292,0.10572992,-0.0021477486,0.097474046,0.009445633,0.059771474,0.001999793,252.94748,252.15578,337.8138,-0.5298008,22.981785,0.1874833
7,62,10,0.0026214404,0.024668671,0.010796747,0.010325456,0.0035464694,0.0519537,-0.00028912697,3.8665469,0.25346607,5.07387,-0.0037478823,0.1039074,-0.00057825394,0.10161425,0.0066611767,0.05955224,-4.3989734e-5,252.99197,252.3391,338.3477,-0.24971819,22.981785,0.18560787
7,63,10,0.0026214404,0.028577317,0.015449612,0.009675275,0.0034524293,0.062148236,-0.0016828749,3.7428317,0.35752675,5.006147,0.17008129,0.12429647,-0.0033657497,0.098362975,0.009395936,0.058757376,0.0019962504,253.00806,252.36124,338.7182,-0.52760804,22.981785,0.21249627
7,64,10,0.0026214404,0.024388243,0.010120954,0.010885555,0.003381732,0.050301477,0.00025760694,3.9700315,0.4087636,4.954625,0.31820098,0.100602955,0.0005152139,0.10433386,0.010742454,0.05815266,0.0037347404,253.014,252.46437,338.32504,-0.7269646,22.981785,0.20840545
7,65,10,0.0026214404,0.023101442,0.009979611,0.009635679,0.0034861513,0.049949,0.0006071833,3.7351656,0.05613932,5.030536,0.19301838,0.099898,0.0012143666,0.098161496,0.0014753594,0.05904364,0.0022654668,253.0475,252.52635,339.0426,-0.2491577,22.979027,0.15519659
7,66,10,0.0026214404,0.02534942,0.012318682,0.009265181,0.0037655577,0.055494778,-0.0019622114,3.6626518,0.25117654,5.228245,0.31947535,0.110989556,-0.003924423,0.09625581,0.006601007,0.06136414,0.0037496963,253.05884,252.5161,339.4289,-0.5706519,22.979027,0.17011139
7,67,10,0.0026214404,0.023730064,0.009599828,0.010326101,0.0038041337,0.048989356,0.00033892962,3.8666673,0.23808658,5.2549562,0.5769611,0.09797871,0.00067785924,0.101617426,0.0062570004,0.06167766,0.0067718234,253.03873,252.5249,338.70236,-0.8150477,22.979027,0.18017761
7,68,10,0.0026214404,0.025730792,0.011244232,0.010844024,0.0036425372,0.05301941,0.0019266956,3.9624507,0.045432582,5.1421323,0.23088199,0.10603882,0.0038533912,0.10413464,0.001193981,0.060353436,0.002709872,253.06676,252.56454,339.35336,-0.27631456,22.979027,0.19496511
7,69,10,0.0026214404,0.026094593,0.012802264,0.009493345,0.0037989833,0.056573544,-0.00087645184,3.7074757,-0.20983979,5.2513976,0.35705736,0.11314709,-0.0017529037,0.0974338,-0.005514665,0.061635893,0.004190799,253.12875,252.77625,339.7725,-0.14721757,22.976307,0.15735649
7,70,10,0.0026214404,0.024953654,0.01088361,0.010435854,0.0036341902,0.05216227,0.00078655034,3.8871624,-0.3395859,5.1362367,0.5487167,0.10432454,0.0015731007,0.10215603,-0.0089244405,0.060284246,0.0064403154,253.1609,252.94974,339.02423,-0.20913082,22.976307,0.18833843
7,71,10,0.0026214404,0.028087702,0.012738315,0.011518578,0.0038308087,0.056432072,0.0005408482,4.083834,-0.500216,5.273348,0.22696823,0.112864144,0.0010816964,0.10732464,-0.013145858,0.061893526,0.0026639358,253.25601,253.28902,339.81363,0.27324778,22.976307,0.21543318
7,72,10,0.0026214404,0.028690731,0.013967998,0.010578669,0.0041440637,0.059093144,-0.00128717,3.9136698,-0.4158798,5.484719,0.42085305,0.11818629,-0.00257434,0.10285266,-0.010929471,0.0643744,0.004939572,253.31665,253.54095,340.46097,-0.0049732625,22.976307,0.20198509
7,73,10,0.0026214404,0.023600724,0.010215618,0.009543444,0.0038416614,0.05053617,0.0010075149,3.7172453,-0.74576867,5.2808123,0.21409534,0.10107234,0.0020150298,0.09769055,-0.019599074,0.061981138,0.0025128494,253.30104,253.60385,339.68027,0.5316733,22.97363,0.20121677
7,74,10,0.0026214404,0.026993077,0.012636867,0.010504382,0.0038518277,0.05620691,0.0011472685,3.8999043,-0.89487857,5.287795,-0.0748024,0.11241382,0.002294537,0.10249089,-0.02351773,0.062063094,-0.00087796047,253.34366,253.75296,340.2826,0.96968096,22.97363,0.24319634
7,75,10,0.0026214404,0.026648674,0.011807882,0.010713893,0.0041268985,0.05433204,-0.0007157151,3.938604,-0.9097538,5.473348,0.20070845,0.10866408,-0.0014314302,0.103507936,-0.023908662,0.06424094,0.0023557232,253.38866,253.91371,340.70566,0.70904535,22.97363,0.2386099
7,76,10,0.0026214404,0.025007028,0.009638526,0.011274936,0.004093568,0.049087998,0.00068800565,4.0404124,-0.90840036,5.4512014,0.29786876,0.098175995,0.0013760113,0.1061835,-0.023873085,0.063981,0.0034960967,253.38277,253.92326,340.25757,0.61053157,22.97363,0.24877526
7,77,10,0.0026214404,0.02622164,0.012040767,0.010974228,0.0032066442,0.054865215,0.0014298317,3.9861684,-0.691289,4.824659,-0.12703966,0.10973043,0.0028596635,0.10475795,-0.018167326,0.05662724,-0.0014910694,253.38254,253.83,340.437,0.8183287,22.970982,0.19057791
7,78,10,0.0026214404,0.029077448,0.01360964,0.011603203,0.0038646043,0.058330182,-0.0012041937,4.0988083,-0.8230041,5.296558,0.0693196,0.116660364,-0.0024083874,0.10771816,-0.021628847,0.062165942,0.000813607,253.43857,254.05327,340.89886,0.7536845,22.970982,0.20969069
7,79,10,0.0026214404,0.027979473,0.011729579,0.012477342,0.003772551,0.05415159,0.0014307706,4.250399,-0.9420458,5.233097,0.22184727,0.10830318,0.0028615412,0.111702025,-0.024757303,0.061421096,0.0026038308,253.4521,254.19402,340.2095,0.7201985,22.970982,0.24415547
7,80,10,0.0026214404,0.02843285,0.011740246,0.013222613,0.00346999,0.054176208,0.0014160105,4.3754964,-1.066465,5.0188627,0.024154123,0.108352415,0.002832021,0.11498962,-0.028027084,0.058906622,0.00028349776,253.48889,254.33102,340.68695,1.042311,22.970982,0.2895077
7,81,10,0.0026214404,0.028028535,0.012793426,0.011480506,0.0037546025,0.056554016,-0.0003996216,4.0770793,-0.36651286,5.2206335,0.39585444,0.11310803,-0.0007992432,0.10714712,-0.009632091,0.06127481,0.004646162,253.5411,254.529,341.29507,-0.029341578,22.968365,0.13632847
7,82,10,0.0026214404,0.0260623,0.010311306,0.012067544,0.0036834497,0.0507723,0.0003631349,4.180018,-0.36673537,5.1709294,0.5085086,0.1015446,0.0007262698,0.10985237,-0.009637939,0.06069143,0.0059683914,253.54659,254.52036,340.73676,-0.14177325,22.968365,0.14664242
7,83,10,0.0026214404,0.029329063,0.01306575,0.012625789,0.0036375239,0.057152756,0.0010397425,4.2756085,-0.35459253,5.1385922,0.3256403,0.11430551,0.002079485,0.11236454,-0.009318821,0.060311887,0.0038220552,253.58026,254.55168,340.9872,0.028952241,22.968365,0.17071836
7,84,10,0.0026214404,0.029855832,0.01300332,0.012873551,0.00397896,0.057016052,-0.0027609377,4.317356,-0.33773282,5.3743505,0.6324113,0.114032105,-0.0055218753,0.11346167,-0.00887574,0.063079,0.007422641,253.65886,254.86438,341.43842,-0.29467848,22.968365,0.16833434
7,85,10,0.0026214404,0.026923303,0.011490605,0.01147639,0.0039563067,0.05359712,-0.0006733586,4.0763483,0.14028414,5.3590302,0.6140622,0.10719424,-0.0013467172,0.10712791,0.0036867177,0.06289918,0.007207276,253.7494,255.34126,341.26364,-0.7543463,22.965792,0.18100178
7,86,10,0.0026214404,0.028222196,0.012154774,0.012153186,0.0039142375,0.055124346,-0.0010238105,4.1948237,0.040966786,5.330461,0.33609855,0.11024869,-0.002047621,0.11024149,0.0010766231,0.06256387,0.0039448016,253.8133,255.57745,341.80215,-0.37706533,22.965792,0.18561064
7,87,10,0.0026214404,0.031593643,0.013932564,0.01347901,0.0041820705,0.059018143,-0.0030195815,4.417715,0.09272275,5.5098133,0.76622826,0.118036285,-0.006039163,0.11609914,0.0024367871,0.06466893,0.008993255,253.82477,255.61853,342.1111,-0.85895103,22.965792,0.20290399
7,88,10,0.0026214404,0.026981294,0.010621494,0.011604452,0.0047553475,0.051530316,-0.0012854392,4.099029,0.035845324,5.875331,0.7717434,0.10306063,-0.0025708785,0.10772396,0.00094203156,0.06895903,0.0090579875,253.80025,255.5422,341.45715,-0.80758876,22.965792,0.19859318
7,89,10,0.0026214404,0.026316693,0.011314893,0.010489842,0.0045119585,0.053185742,0.00047714452,3.897204,0.61438626,5.7229996,0.067989275,0.106371485,0.00095428905,0.10241993,0.016146291,0.06717111,0.0007979921,253.8103,255.50177,341.93887,-0.68237555,22.963242,0.20905635
7,90,10,0.0026214404,0.028944148,0.01446107,0.010073861,0.0044092163,0.060127094,-0.002032263,3.8191495,0.6371834,5.6574655,0.47685507,0.12025419,-0.004064526,0.10036863,0.016745409,0.06640193,0.0055968696,253.84384,255.63696,342.56952,-1.1140385,22.963242,0.19986667
7,91,10,0.0026214404,0.026392851,0.011021,0.010736868,0.004634985,0.052490477,-0.00019503121,3.942825,0.5848142,5.8004994,0.33126223,0.10498095,-0.00039006243,0.10361886,0.015369128,0.06808072,0.0038880398,253.82498,255.70016,342.00925,-0.9160764,22.963242,0.18408164
7,92,10,0.0026214404,0.02580325,0.01033115,0.010785896,0.004686202,0.050821133,0.0011040297,3.9518166,0.5056223,5.8324585,0.05949024,0.101642266,0.0022080594,0.10385517,0.0132879345,0.06845584,0.0006982407,253.81042,255.54262,342.35913,-0.5651126,22.963242,0.17857516
7,93,10,0.0026214404,0.027828395,0.012393092,0.011299615,0.0041356888,0.055662133,-0.0006411468,4.044832,0.63999206,5.479174,0.15193106,0.111324266,-0.0012822936,0.106299646,0.01681922,0.06430932,0.001783224,253.83519,255.59583,342.38904,-0.7919231,22.960716,0.17518033
7,94,10,0.0026214404,0.029274078,0.012168834,0.01232862,0.0047766254,0.05515622,0.0005599676,4.2249913,0.4182942,5.888461,0.29536572,0.11031244,0.0011199352,0.11103432,0.010992922,0.069113135,0.0034667212,253.83905,255.73982,341.76587,-0.7136599,22.960716,0.16230284
7,95,10,0.0026214404,0.03199834,0.013996927,0.0129007045,0.005100709,0.059154306,0.0017212383,4.3219066,0.4053326,6.084943,0.104879126,0.11830861,0.0034424765,0.11358127,0.010652286,0.07141925,0.0012309707,253.88966,255.83458,342.50378,-0.5102117,22.960716,0.18433182
7,96,10,0.0026214404,0.032122772,0.012658464,0.013826337,0.0056379708,0.05625492,0.00035048494,4.4742703,0.5342386,6.397387,0.6920423,0.11250984,0.0007009699,0.11758544,0.014039986,0.07508642,0.008122531,253.95671,256.0067,342.7834,-1.2262809,22.960716,0.23158792
7,97,10,0.0026214404,0.030221554,0.012308519,0.012524752,0.005388282,0.055471882,0.00052198616,4.2584667,0.3653929,6.2541223,0.16400123,0.110943764,0.0010439723,0.11191404,0.0096026575,0.073404916,0.0019248899,253.9814,256.17853,342.00293,-0.52939415,22.958248,0.16438265
7,98,10,0.0026214404,0.033134323,0.014102136,0.013351865,0.0056803213,0.059376206,0.0026863555,4.3968296,0.27095184,6.4213696,-0.012108388,0.11875241,0.005372711,0.11555027,0.0071207113,0.075367905,-0.00014211795,254.05548,256.40292,342.6946,-0.25884345,22.958248,0.18658152
7,99,10,0.0026214404,0.038007338,0.01791965,0.014508742,0.005578947,0.06693215,0.00069406856,4.5833554,0.24528912,6.363812,0.5777722,0.1338643,0.0013881371,0.12045224,0.006446293,0.074692346,0.0067813382,254.0934,256.5536,343.2821,-0.82306135,22.958248,0.19250886
7,100,10,0.0026214404,0.031101935,0.011351949,0.013635311,0.0061146757,0.05327276,0.002186832,4.4432545,0.26862702,6.6623573,0.5347527,0.10654552,0.004373664,0.116770335,0.007059615,0.07819639,0.0062764147,254.05516,256.47525,342.48532,-0.8033798,22.958248,0.21187264
8,1,10,0.0020971524,0.051226296,0.011897384,0.032743406,0.006585503,0.054537565,-0.000308493,6.8854227,3.0914612,6.914101,-1.3251811,0.10907513,-0.000616986,0.18095139,0.08124471,0.08115111,-0.015553708,252.85141,252.04013,337.64282,-1.76628,22.9558,0.9699064
8,2,10,0.0020971524,0.049695354,0.011159268,0.032499652,0.006036434,0.05281872,0.0005862324,6.859746,3.0180707,6.6195946,-1.597498,0.10563744,0.0011724648,0.1802766,0.079315975,0.07769449,-0.018749902,252.91095,252.27975,338.34094,-1.4205726,22.9558,0.9516124
8,3,10,0.0020971524,0.05985923,0.020657357,0.03253158,0.0066702934,0.07186334,-0.0011263373,6.8631144,3.1037226,6.958469,-1.2444336,0.14372668,-0.0022526747,0.18036513,0.08156695,0.081671864,-0.014605967,252.91939,252.20453,338.6926,-1.8592889,22.9558,0.94862413
8,4,10,0.0020971524,0.047396448,0.010612043,0.030906357,0.00587805,0.051507384,0.000714058,6.689483,3.066075,6.5321755,-1.2261752,0.10301477,0.001428116,0.17580204,0.08057756,0.07666844,-0.014391673,252.84204,251.84665,337.58054,-1.8398999,22.9558,0.9248817
8,5,10,0.0020971524,0.0375336,0.01017732,0.0216552,0.00570108,0.05044135,0.001032154,5.599507,1.9497885,6.4330926,-1.6307538,0.1008827,0.002064308,0.14715706,0.05124114,0.075505495,-0.019140229,252.79869,251.56464,337.6919,-0.3190347,22.953753,0.6500298
8,6,10,0.0020971524,0.037109714,0.011489002,0.019586092,0.006034621,0.053593382,-0.00097590766,5.3252816,2.024797,6.618602,-1.4041481,0.107186764,-0.0019518153,0.13995032,0.053212408,0.07768282,-0.01648055,252.81183,251.57208,338.3028,-0.62064886,22.953753,0.6472353
8,7,10,0.0020971524,0.036467478,0.01048123,0.02066811,0.0053181374,0.05118894,0.00059973984,5.4703994,2.0841916,6.2132807,-1.3616377,0.10237788,0.0011994797,0.14376408,0.054773312,0.07292556,-0.0159816,252.79045,251.57639,337.32318,-0.72255385,22.953753,0.63822794
8,8,10,0.0020971524,0.038446687,0.011297273,0.021102509,0.006046908,0.053144317,0.00068405503,5.5275884,2.1199086,6.625336,-1.6845204,0.106288634,0.0013681101,0.14526702,0.055711947,0.077761866,-0.019771295,252.83179,251.73041,337.8454,-0.4353882,22.953753,0.6470139
8,9,10,0.0020971524,0.030468006,0.013297514,0.012008829,0.0051616617,0.057657424,-0.0023255174,4.169836,0.3108122,6.1211915,-0.9315472,0.11531485,-0.0046510347,0.1095848,0.008168254,0.071844704,-0.010933614,252.84805,251.76692,338.29697,0.62073505,22.951672,0.31629235
8,10,10,0.0020971524,0.025214583,0.010037212,0.0106896125,0.0044877594,0.050092943,-0.0012169293,3.9341388,0.35411865,5.7076316,-0.84735906,0.100185886,-0.0024338586,0.10339058,0.009306368,0.06699074,-0.009945494,252.79012,251.553,337.44745,0.49324042,22.951672,0.2781127
8,11,10,0.0020971524,0.0247387,0.0104169035,0.010008709,0.004313086,0.051031616,-0.00015969589,3.8067791,0.37522364,5.595453,-1.2280064,0.10206323,-0.00031939178,0.100043535,0.009861014,0.06567409,-0.014413165,252.78703,251.48395,337.81415,0.8527827,22.951672,0.2785527
8,12,10,0.0020971524,0.030326346,0.015795238,0.010345195,0.0041859136,0.06283955,-0.0025224986,3.8702412,0.19911857,5.512344,-0.83894944,0.1256791,-0.005044997,0.10171133,0.0052329097,0.06469864,-0.009846788,252.8067,251.57019,337.96912,0.6398309,22.951672,0.26357466
8,13,10,0.0020971524,0.02530079,0.011108551,0.010760394,0.003431846,0.052698556,-0.002124227,3.9471421,-1.668242,4.9912014,-0.2258784,0.10539711,-0.004248454,0.10373232,-0.043842006,0.05858196,-0.0026511464,252.77692,251.55536,337.13785,1.8941203,22.949612,0.461022
8,14,10,0.0020971524,0.025069745,0.011128063,0.010559592,0.0033820886,0.052744817,-0.0014544344,3.9101398,-1.526777,4.954886,-0.63928545,0.105489634,-0.0029088687,0.102759875,-0.040124252,0.058155727,-0.007503322,252.79369,251.55852,337.53958,2.1660624,22.949612,0.46584138
8,15,10,0.0020971524,0.028382517,0.013835889,0.011047573,0.0034990543,0.058813028,-0.003294283,3.999467,-1.5184746,5.0398374,-0.060749322,0.117626056,-0.006588566,0.105107434,-0.039906055,0.059152804,-0.00071301963,252.82619,251.65858,337.9192,1.5792239,22.949612,0.46846578
8,16,10,0.0020971524,0.024635525,0.01089106,0.010664436,0.0030800288,0.052180123,-0.0017694765,3.9295027,-1.5923473,4.728448,0.0024156475,0.104360245,-0.003538953,0.10326876,-0.04184746,0.055498008,2.8352395e-5,252.82481,251.74715,337.29346,1.5899316,22.949612,0.4726548
8,17,10,0.0020971524,0.029726122,0.010700973,0.016050175,0.002974975,0.051722754,-0.000727031,4.8206835,-2.5287867,4.647109,0.65337735,0.10344551,-0.001454062,0.12668929,-0.06645743,0.05454333,0.0076687206,252.86368,251.86948,337.82513,1.8754094,22.947556,0.70359033
8,18,10,0.0020971524,0.030757835,0.010817226,0.016628997,0.0033116117,0.052002948,-0.0025592207,4.9068384,-2.3778162,4.902989,0.9963627,0.104005896,-0.0051184413,0.12895347,-0.062489875,0.057546604,0.011694353,252.89748,251.87035,338.4126,1.3814535,22.947556,0.6729737
8,19,10,0.0020971524,0.03187839,0.011742074,0.016784197,0.0033521194,0.054180425,-0.0018159666,4.9296823,-2.345032,4.9328847,1.1001681,0.10836085,-0.0036319331,0.12955384,-0.06162829,0.05789749,0.012912726,252.89003,251.86188,337.72513,1.2448639,22.947556,0.6603008
8,20,10,0.0020971524,0.030487351,0.01118729,0.016428076,0.0028719874,0.052884992,-0.0011147971,4.877104,-2.3651388,4.565964,0.77362216,0.105769984,-0.0022295942,0.12817205,-0.06215671,0.053590927,0.009080037,252.90747,251.93288,337.9753,1.5915166,22.947556,0.6755484
8,21,10,0.0020971524,0.036924236,0.014245682,0.019319894,0.0033586582,0.059677638,-0.002411322,5.288969,-2.271578,4.9376936,1.619976,0.119355276,-0.004822644,0.13899602,-0.05969789,0.05795393,0.019013735,252.89426,251.8302,338.17645,0.651602,22.945456,0.6985868
8,22,10,0.0020971524,0.03363226,0.010829724,0.019612549,0.003189988,0.05203298,-0.0005105425,5.328877,-2.208614,4.8121123,1.5976533,0.10406596,-0.001021085,0.14004481,-0.058043182,0.05647998,0.01875173,252.82501,251.64856,337.45093,0.61096084,22.945456,0.7089067
8,23,10,0.0020971524,0.03367221,0.0108627435,0.019969912,0.0028395548,0.052112244,0.00041998728,5.377207,-2.1613777,4.540109,1.3727741,0.10422449,0.00083997456,0.14131494,-0.05680178,0.053287473,0.016112313,252.8129,251.54001,337.778,0.78860354,22.945456,0.7263229
8,24,10,0.0020971524,0.03831818,0.013324523,0.021461405,0.003532252,0.05771595,-0.00086019334,5.574395,-2.0596282,5.0636897,1.8708102,0.1154319,-0.0017203867,0.14649712,-0.05412777,0.059432752,0.021957783,252.81653,251.46059,337.9143,0.1888181,22.945456,0.7320209
8,25,10,0.0020971524,0.032328404,0.010685748,0.01749551,0.0041471473,0.051685948,0.0026803908,5.033058,-1.258318,5.4867597,1.7834955,0.103371896,0.0053607817,0.13227059,-0.033069056,0.06439835,0.02093297,252.8106,251.50876,337.22894,-0.5251776,22.943312,0.56439966
8,26,10,0.0020971524,0.03286649,0.011232768,0.017663985,0.003969736,0.052992377,0.00392744,5.057234,-1.310145,5.3681173,1.512133,0.105984755,0.00785488,0.13290593,-0.034431085,0.06300584,0.017747968,252.88858,251.78827,338.0767,-0.20198798,22.943312,0.58694285
8,27,10,0.0020971524,0.03833794,0.0153367175,0.018657139,0.004344085,0.06192075,0.002201479,5.197461,-1.2733905,5.6155257,2.0073504,0.1238415,0.004402958,0.13659114,-0.03346517,0.065909676,0.023560366,252.93906,251.94507,338.46298,-0.7339599,22.943312,0.6081338
8,28,10,0.0020971524,0.0347158,0.01050828,0.01971656,0.0044909604,0.05125495,0.0027217597,5.3429885,-1.4333334,5.7096667,1.9468154,0.1025099,0.0054435194,0.14041567,-0.037668526,0.06701463,0.022849858,252.95944,252.17155,337.8121,-0.513482,22.943312,0.63145393
8,29,10,0.0020971524,0.02892457,0.01220983,0.012662937,0.004051802,0.05524905,0.0057481322,4.2818937,-0.34114167,5.423321,1.0973511,0.1104981,0.0114962645,0.11252972,-0.008965328,0.06365377,0.012879657,253.01892,252.33286,338.61353,-0.7562094,22.941113,0.41593426
8,30,10,0.0020971524,0.030580789,0.013592389,0.012666665,0.0043217354,0.0582932,0.003807437,4.2825246,-0.21160819,5.601061,1.5757722,0.1165864,0.007614874,0.11254628,-0.005561142,0.06573991,0.018494915,253.04881,252.38617,339.0676,-1.364164,22.941113,0.42269602
8,31,10,0.0020971524,0.028902024,0.01145035,0.013154908,0.0042967643,0.053503156,0.0041640233,4.36428,-0.32708016,5.584856,1.4434857,0.10700631,0.008328047,0.11469485,-0.008595782,0.06554971,0.016942257,253.06288,252.48071,338.3042,-1.1164056,22.941113,0.42614862
8,32,10,0.0020971524,0.034223884,0.014310626,0.01507763,0.0048356284,0.059813514,0.005436951,4.672348,-0.5236462,5.924718,1.3557396,0.11962703,0.010873902,0.122791,-0.013761612,0.06953868,0.015912373,253.1508,252.81969,338.84488,-0.8320934,22.941113,0.45174015
8,33,10,0.0020971524,0.028762728,0.014272735,0.01025236,0.0042376337,0.059734277,0.0039964393,3.8528368,0.20197834,5.546294,0.7269884,0.119468555,0.007992879,0.10125394,0.0053080632,0.06509711,0.008532697,253.26784,253.35736,339.5501,-0.9289667,22.938892,0.24104665
8,34,10,0.0020971524,0.027874602,0.013513417,0.010112094,0.0042490903,0.05812361,0.005509634,3.82639,-0.057592142,5.5537863,0.39702344,0.11624722,0.011019268,0.10055891,-0.0015135426,0.06518505,0.0046598837,253.32283,253.77324,339.48865,-0.3394313,22.938892,0.24906471
8,35,10,0.0020971524,0.02930335,0.014091237,0.010403616,0.004808497,0.05935326,0.0074541112,3.8811538,-0.102559134,5.9080744,0.47331682,0.11870652,0.0149082225,0.10199812,-0.0026952943,0.06934333,0.005555338,253.35922,253.91364,340.17844,-0.3707577,22.938892,0.2748227
8,36,10,0.0020971524,0.031109191,0.015425015,0.011205141,0.0044790357,0.06209874,0.0051335758,4.0278873,-0.030379709,5.7020817,0.90126187,0.12419748,0.0102671515,0.10585434,-0.000798388,0.0669256,0.0105781555,253.32622,253.66714,340.1103,-0.87088215,22.938892,0.27953357
8,37,10,0.0020971524,0.025731679,0.010995976,0.010876508,0.0038591959,0.05243085,0.0061814147,3.9683814,0.7892872,5.2928505,-0.40528738,0.1048617,0.012362829,0.1042905,0.020742754,0.062122427,-0.004756878,253.25647,253.43117,339.0117,-0.38399982,22.936705,0.26699018
8,38,10,0.0020971524,0.030330606,0.014641319,0.011144204,0.0045450823,0.06050066,0.007550869,4.0169206,0.8750283,5.7439704,-0.5207559,0.12100132,0.015101738,0.105566114,0.022996059,0.06741723,-0.0061121336,253.25891,253.32892,339.47296,-0.35427243,22.936705,0.2654882
8,39,10,0.0020971524,0.028336259,0.013478013,0.010361041,0.004497206,0.05804742,0.0066140615,3.873204,0.84205645,5.713636,-0.07259269,0.11609484,0.013228123,0.1017892,0.02212955,0.06706121,-0.0008520207,253.2994,253.45029,339.94113,-0.7694638,22.936705,0.24782614
8,40,10,0.0020971524,0.026507506,0.010226881,0.011290765,0.004989861,0.05056402,0.007133164,4.0432477,0.70705116,6.0184608,-0.21371198,0.10112804,0.014266328,0.10625801,0.018581556,0.07063895,-0.0025083446,253.26831,253.40456,339.06448,-0.49333918,22.936705,0.2534944
8,41,10,0.0020971524,0.031314153,0.012696872,0.013508915,0.0051083667,0.0563402,0.0073994794,4.4226127,1.1490942,6.089508,-0.9787172,0.1126804,0.014798959,0.11622786,0.030198615,0.07147284,-0.011487253,253.2691,253.29321,339.41608,-0.17037702,22.934565,0.34187385
8,42,10,0.0020971524,0.032870635,0.01412508,0.013779839,0.004965716,0.05942449,0.005531184,4.46674,1.32101,6.003882,-0.4429004,0.11884898,0.011062368,0.117387556,0.034716617,0.07046784,-0.005198345,253.27531,253.2337,339.84573,-0.8781096,22.934565,0.32998034
8,43,10,0.0020971524,0.029806565,0.011125792,0.013496031,0.005184743,0.052739434,0.0053437706,4.4205027,1.237779,6.134862,-0.7470834,0.10547887,0.010687541,0.11617242,0.032529283,0.07200516,-0.008768554,253.27094,253.29372,338.97284,-0.4906956,22.934565,0.32130447
8,44,10,0.0020971524,0.033472277,0.0133368755,0.014017632,0.006117767,0.057742696,0.0068459883,4.505116,1.160438,6.6640415,-0.85756415,0.11548539,0.013691977,0.11839608,0.030496737,0.07821616,-0.010065271,253.31488,253.4695,339.2903,-0.3028738,22.934565,0.3139227
8,45,10,0.0020971524,0.038708407,0.017363813,0.016294323,0.0050502704,0.06588591,0.0024606746,4.8572087,1.1060301,6.054783,-0.7922143,0.13177182,0.004921349,0.12764922,0.029066876,0.071065255,-0.0092982575,253.3271,253.45802,339.47632,-0.31381583,22.932482,0.36532035
8,46,10,0.0020971524,0.0333151,0.011537186,0.016540168,0.005237747,0.053705648,0.003112003,4.8937144,1.2563314,6.166141,-0.99764043,0.107411295,0.006224006,0.12860858,0.033016846,0.07237228,-0.011709348,253.25291,253.21042,338.53128,-0.258691,22.932482,0.37768626
8,47,10,0.0020971524,0.035670474,0.013480478,0.016583929,0.0056060646,0.05805273,0.0036947015,4.9001837,1.2445467,6.3792586,-1.1882483,0.11610546,0.007389403,0.1287786,0.032707136,0.074873656,-0.013946526,253.29782,253.33704,339.3105,-0.056298375,22.932482,0.3620865
8,48,10,0.0020971524,0.038233954,0.015927551,0.017024076,0.0052823266,0.0631022,0.0014726839,4.9647846,1.1888858,6.1923265,-0.6674979,0.1262044,0.0029453677,0.13047634,0.031244347,0.07267962,-0.007834454,253.38469,253.62572,339.81818,-0.52138793,22.932482,0.35916162
8,49,10,0.0020971524,0.0314065,0.011529775,0.015247633,0.0046290895,0.053688396,-0.0003578483,4.698615,0.77803874,5.796809,-1.0707912,0.10737679,-0.0007156966,0.1234813,0.020447133,0.06803741,-0.012567924,253.41505,253.85828,339.0506,0.2927525,22.93048,0.3577292
8,50,10,0.0020971524,0.034755938,0.013893295,0.015929135,0.00493351,0.058934912,0.0012906429,4.802471,0.82221305,5.9843802,-1.3134012,0.117869824,0.0025812858,0.12621067,0.021608049,0.07023895,-0.015415448,253.42923,253.89267,339.55756,0.49118817,22.93048,0.3670323
8,51,10,0.0020971524,0.035432287,0.015217307,0.015521646,0.0046933317,0.061679225,-0.0007434112,4.740647,0.887368,5.8368936,-0.7533372,0.12335845,-0.0014868224,0.1245859,0.023320349,0.068507895,-0.008841951,253.43158,253.80855,340.08173,-0.13403082,22.93048,0.370206
8,52,10,0.0020971524,0.030010954,0.011184051,0.014250666,0.004576237,0.052877337,-6.669203e-5,4.542409,0.8364292,5.7636223,-1.0955449,0.10575467,-0.00013338406,0.11937615,0.021981658,0.06764789,-0.012858464,253.39603,253.65926,339.31955,0.25911576,22.93048,0.36191714
8,53,10,0.0020971524,0.03347265,0.0145801855,0.014545687,0.0043467768,0.06037422,-0.0010685876,4.589187,0.49755606,5.6172647,-1.263108,0.12074844,-0.0021371753,0.1206055,0.013075955,0.06593009,-0.014825158,253.42125,253.72183,339.52554,0.7655519,22.928514,0.3434254
8,54,10,0.0020971524,0.032864235,0.014847718,0.014138039,0.0038784782,0.060925607,-0.0028479367,4.5244236,0.41736725,5.3060575,-0.9165229,0.12185121,-0.0056958734,0.11890349,0.010968562,0.06227743,-0.01075727,253.46385,253.92253,339.9258,0.49915567,22.928514,0.35392645
8,55,10,0.0020971524,0.02797958,0.010664993,0.013738735,0.003575852,0.051635727,-0.0015614692,4.4600735,0.2668331,5.094845,-1.0028895,0.103271455,-0.0031229383,0.11721235,0.007012469,0.059798427,-0.011770961,253.47404,254.13094,339.38998,0.73605645,22.928514,0.35333985
8,56,10,0.0020971524,0.030491496,0.012844748,0.0138233965,0.0038233509,0.056667335,0.0005835631,4.4737945,0.32980254,5.2682123,-1.2519504,0.11333467,0.0011671262,0.11757294,0.008667332,0.06183325,-0.014694198,253.49953,254.2077,340.18304,0.92214787,22.928514,0.39408448
8,57,10,0.0020971524,0.03097312,0.015219321,0.012270251,0.0034835462,0.061683305,-0.0023701624,4.2149787,0.2319093,5.0286565,-0.45250988,0.12336661,-0.004740325,0.110771164,0.0060946606,0.059021574,-0.005311131,253.47719,254.09337,340.28787,0.22060058,22.926577,0.31943452
8,58,10,0.0020971524,0.029002499,0.013600114,0.012242489,0.0031598946,0.058309764,-0.0029937355,4.2102075,0.2512423,4.78936,-0.6031875,0.11661953,-0.005987471,0.11064578,0.0066027376,0.05621294,-0.007079638,253.39088,253.78038,339.1906,0.3519452,22.926577,0.29099667
8,59,10,0.0020971524,0.028478155,0.012738099,0.012348981,0.0033910736,0.056431595,-0.00015854876,4.2284794,0.4396002,4.9614635,-0.784117,0.11286319,-0.00031709753,0.11112597,0.011552852,0.058232926,-0.009203216,253.36226,253.48766,339.66098,0.34451678,22.926577,0.32011974
8,60,10,0.0020971524,0.02867619,0.013254661,0.011711762,0.0037097677,0.057564445,-0.0024427902,4.117938,0.4510307,5.189369,-0.30582353,0.11512889,-0.0048855804,0.1082209,0.011853248,0.060907863,-0.0035894648,253.3746,253.46161,339.80643,-0.14520717,22.926577,0.29705623
8,61,10,0.0020971524,0.0252445,0.0117875105,0.010090783,0.003366205,0.05428515,-0.0029348002,3.8223557,0.32226276,4.943238,-0.16785623,0.1085703,-0.0058696005,0.10045289,0.00846918,0.058019005,-0.001970137,253.38542,253.62747,338.9244,-0.15440653,22.924677,0.21414682
8,62,10,0.0020971524,0.027966738,0.014025451,0.0106417695,0.003299518,0.059214547,-0.002509594,3.9253242,0.27403182,4.8940277,-0.55758876,0.118429095,-0.005019188,0.10315895,0.007201655,0.057441432,-0.0065444442,253.4749,254.00777,339.48737,0.28355694,22.924677,0.23280586
8,63,10,0.0020971524,0.03158067,0.017375033,0.010455415,0.0037502225,0.065907195,-0.004504152,3.890804,0.23894066,5.2175875,0.034352913,0.13181439,-0.009008304,0.10225172,0.0062794467,0.06123906,0.0004032005,253.51839,254.12674,339.872,-0.27329355,22.924677,0.22753231
8,64,10,0.0020971524,0.02616528,0.012797356,0.009988346,0.0033795806,0.0565627,-0.0029490413,3.8029048,0.29747143,4.953049,-0.14198102,0.1131254,-0.0058980826,0.099941716,0.0078176595,0.05813416,-0.0016664373,253.48607,253.99965,339.26862,-0.15549041,22.924677,0.20349842
8,65,10,0.0020971524,0.027370714,0.014839392,0.009036973,0.0034943481,0.060908522,-0.0027215483,3.6172636,0.38419265,5.0364475,-0.14371642,0.121817045,-0.0054430966,0.09506299,0.010096721,0.05911301,-0.001686806,253.51196,254.09557,339.89413,-0.24047622,22.922787,0.22547574
8,66,10,0.0020971524,0.02750232,0.014215997,0.009250627,0.0040356964,0.05961543,-0.0041937935,3.6597736,0.46309823,5.412531,0.25306532,0.11923086,-0.008387587,0.09618018,0.01217039,0.06352713,0.0029702391,253.5138,254.05739,340.1122,-0.7161635,22.922787,0.2245948
8,67,10,0.0020971524,0.024783136,0.011863943,0.009554543,0.0033646498,0.054460865,-0.0034761857,3.7194064,0.4537738,4.9420958,0.16022196,0.10892173,-0.0069523714,0.09774734,0.011925339,0.0580056,0.0018805324,253.42967,253.7683,339.0643,-0.6139958,22.922787,0.20458075
8,68,10,0.0020971524,0.026268981,0.012272081,0.010500032,0.003496867,0.055389713,-0.0024787206,3.8990963,0.66659003,5.038262,-0.13331789,0.11077943,-0.0049574412,0.10246967,0.017518224,0.059134312,-0.0015647585,253.39954,253.53143,339.50528,-0.53327215,22.922787,0.22981335
8,69,10,0.0020971524,0.028116282,0.013000764,0.011114403,0.0040011136,0.057010446,-0.0027035621,4.0115457,0.7364012,5.3892913,0.61310154,0.11402089,-0.0054071243,0.105424866,0.01935289,0.06325436,0.007196001,253.34438,253.24281,339.48804,-1.3495028,22.920898,0.256416
8,70,10,0.0020971524,0.025102358,0.010772639,0.010460566,0.003869153,0.051895663,-0.0029780888,3.891762,0.7269546,5.2996745,0.5486197,0.10379133,-0.0059561776,0.10227691,0.019104628,0.062202517,0.006439174,253.2355,252.75883,338.21957,-1.2755742,22.920898,0.24235676
8,71,10,0.0020971524,0.025993247,0.011378839,0.0109355,0.0036789067,0.05333582,-0.0021501041,3.9791288,0.6616903,5.16774,0.17783645,0.10667164,-0.0043002083,0.104572944,0.017389461,0.060653992,0.0020872753,253.21323,252.6018,338.10318,-0.8395268,22.920898,0.22852589
8,72,10,0.0020971524,0.030719547,0.014845681,0.011290946,0.0045829196,0.060921427,-0.0035558506,4.04328,0.78918827,5.7678285,0.5216446,0.12184285,-0.007111701,0.10625886,0.02074015,0.067697264,0.0061225663,253.2182,252.63686,338.25522,-1.3108329,22.920898,0.25412047
8,73,10,0.0020971524,0.024243185,0.010750058,0.0098648295,0.0036282963,0.051841244,-0.0009710702,3.7793183,0.37247878,5.13207,0.52531874,0.10368249,-0.0019421404,0.09932185,0.009788878,0.06023534,0.006165689,253.1703,252.5728,337.4918,-0.8977975,22.919067,0.2546064
8,74,10,0.0020971524,0.023474442,0.010185068,0.009758472,0.0035309035,0.050460547,-0.00072546385,3.7588897,0.28970796,5.062722,0.25154355,0.100921094,-0.0014509277,0.09878498,0.0076136296,0.059421405,0.0029523787,253.17984,252.56541,337.97742,-0.54125154,22.919067,0.23649001
8,75,10,0.0020971524,0.029191252,0.014522975,0.010252575,0.0044157016,0.060255654,-0.001984525,3.852877,0.4510535,5.661624,0.83730835,0.12051131,-0.00396905,0.101255,0.011853849,0.066450745,0.009827524,253.18063,252.43817,338.2593,-1.2883618,22.919067,0.27181467
8,76,10,0.0020971524,0.026798097,0.011454868,0.011350671,0.00399256,0.05351371,-0.0013963343,4.05396,0.29847556,5.3835273,0.68654764,0.10702742,-0.0027926685,0.106539525,0.007844045,0.063186705,0.008058042,253.20924,252.60007,337.9957,-0.9850232,22.919067,0.26809132
8,77,10,0.0020971524,0.026666194,0.012122242,0.010912403,0.0036315497,0.055050526,-0.000116271054,3.9749243,-0.31177655,5.134371,0.24011534,0.11010105,-0.00023254211,0.10446245,-0.0081936,0.06026234,0.0028182454,253.27762,252.80524,338.5531,0.071661204,22.917297,0.22923474
8,78,10,0.0020971524,0.027656307,0.014352583,0.009670087,0.0036336365,0.059901133,-0.0020690097,3.7418284,-0.4146544,5.1358457,0.60362667,0.11980227,-0.0041380194,0.0983366,-0.010897268,0.060279652,0.007084795,253.32549,253.02544,338.59848,-0.18897226,22.917297,0.22873358
8,79,10,0.0020971524,0.022830743,0.010017138,0.009577056,0.0032365483,0.050042827,-0.00033527229,3.7237864,-0.6322271,4.847103,0.41985646,0.10008565,-0.00067054457,0.09786244,-0.016615158,0.05689067,0.0049278764,253.34848,253.17024,338.08633,0.21237066,22.917297,0.21879622
8,80,10,0.0020971524,0.026314728,0.012088041,0.011106743,0.0031199448,0.054972813,0.00019623904,4.010163,-0.770376,4.7589884,-0.1193914,0.109945625,0.00039247808,0.10538853,-0.02024576,0.055856466,-0.0014013004,253.42546,253.45609,338.91098,0.8897674,22.917297,0.22326422
8,81,10,0.0020971524,0.028352588,0.013630309,0.011438347,0.0032839328,0.058374457,-1.138825e-5,4.0695868,-0.85026795,4.8824563,0.12964961,0.116748914,-2.27765e-5,0.10695021,-0.022345351,0.057305608,0.0015217018,253.43932,253.46661,339.0209,0.72061837,22.915522,0.25489038
8,82,10,0.0020971524,0.02433059,0.010078142,0.011218933,0.003033516,0.050194975,0.0007802987,4.0303655,-0.98605657,4.6926084,0.11461455,0.10038995,0.0015605974,0.105919465,-0.025913915,0.055077363,0.0013452364,253.39381,253.25464,338.21445,0.871442,22.915522,0.25552115
8,83,10,0.0020971524,0.024794975,0.01189491,0.009781223,0.0031188421,0.054531895,0.0016533907,3.7632685,-1.0770036,4.7581472,-0.21431462,0.10906379,0.0033067814,0.098900065,-0.028304042,0.055846594,-0.002515423,253.3563,253.06407,338.6647,1.2913182,22.915522,0.2624259
8,84,10,0.0020971524,0.024822708,0.012051362,0.009497722,0.0032736254,0.054889347,0.0003333945,3.7083302,-0.7673895,4.8747883,0.17912455,0.109778695,0.000666789,0.097456254,-0.020167274,0.057215605,0.0021023918,253.2878,252.7089,338.5805,0.58826494,22.915522,0.2540035
8,85,10,0.0020971524,0.022377415,0.010286419,0.009285673,0.0028053245,0.05071099,0.003226489,3.6667,-0.81220925,4.5126615,0.18051101,0.10142198,0.006452978,0.096362196,-0.021345155,0.052965313,0.0021186646,253.19476,252.34077,337.48367,0.63169825,22.913763,0.22570407
8,86,10,0.0020971524,0.023085805,0.011041904,0.009282636,0.0027612653,0.05254023,0.0037082278,3.6661003,-0.87376255,4.477084,-0.18149729,0.10508046,0.0074164555,0.09634644,-0.022962792,0.05254774,-0.00213024,253.19081,252.30518,337.92273,1.0552598,22.913763,0.25033394
8,87,10,0.0020971524,0.026132708,0.012816236,0.010146996,0.0031694747,0.056604408,0.0022160143,3.832988,-0.5326024,4.796615,0.10331156,0.113208815,0.0044320286,0.1007323,-0.013996984,0.05629809,0.0012125716,253.18056,252.2304,338.0045,0.42929086,22.913763,0.24306586
8,88,10,0.0020971524,0.02327179,0.010320093,0.009945139,0.0030065565,0.050793927,0.003358777,3.794671,-0.6761279,4.67171,-0.07536378,0.101587854,0.006717554,0.09972532,-0.017768892,0.054832075,-0.0008845462,253.14142,252.12358,337.43637,0.75149167,22.913763,0.25571784
8,89,10,0.0020971524,0.020046566,0.009604123,0.007862017,0.0025804276,0.049000315,0.0028731958,3.3739266,-0.61368585,4.3279977,-0.29515624,0.09800063,0.0057463916,0.08866801,-0.016127884,0.05079791,-0.00346426,253.17482,252.28271,337.82513,0.9088421,22.912014,0.2521689
8,90,10,0.0020971524,0.023510989,0.0116454335,0.009113668,0.0027518866,0.053957004,0.0012639659,3.6325805,-0.5148789,4.4694743,0.021287937,0.10791401,0.0025279317,0.09546553,-0.013531203,0.052458428,0.00024985845,253.19289,252.35097,337.865,0.49359098,22.912014,0.27032006
8,91,10,0.0020971524,0.025171887,0.012888029,0.009277546,0.0030063137,0.05676273,0.0019456247,3.665095,-0.65909386,4.6715217,-0.10812447,0.11352546,0.0038912494,0.09632002,-0.017321223,0.054829862,-0.0012690641,253.18398,252.38626,337.32315,0.76721835,22.912014,0.28555277
8,92,10,0.0020971524,0.022926897,0.010096569,0.009438993,0.0033913348,0.05024084,0.0027739166,3.6968472,-0.86679727,4.961655,-0.49747998,0.10048168,0.005547833,0.09715448,-0.022779742,0.05823517,-0.0058389422,253.21066,252.4557,337.87564,1.3642772,22.912014,0.31209674
8,93,10,0.0020971524,0.022948122,0.0106087895,0.009393329,0.0029460024,0.05149949,0.00020049472,3.6878939,0.003631014,4.624425,-0.035602223,0.10299898,0.00040098943,0.09691919,9.542343e-5,0.05427709,-0.00041786648,253.19823,252.30632,337.8522,0.03197121,22.910246,0.2040309
8,94,10,0.0020971524,0.0235504,0.010011557,0.010573901,0.002964941,0.050028883,0.001732722,3.9127877,-0.0050024553,4.6392655,-0.040861804,0.100057766,0.003465444,0.10282948,-0.00013146497,0.054451272,-0.00047960004,253.12047,251.96509,336.8947,0.045864258,22.910246,0.20326371
8,95,10,0.0020971524,0.022162734,0.009229944,0.009938965,0.0029938233,0.0480363,0.0016304218,3.7934928,-0.28764245,4.661807,-0.37387702,0.0960726,0.0032608437,0.09969436,-0.00755935,0.054715842,-0.004388211,253.09383,251.81876,337.17337,0.66151947,22.910246,0.20453465
8,96,10,0.0020971524,0.023298124,0.009888398,0.010283573,0.0031261542,0.049720213,0.00077110884,3.8586972,-0.1750323,4.763722,-0.15897585,0.099440426,0.0015422177,0.10140795,-0.0045999144,0.05591202,-0.0018659071,253.08528,251.77814,337.29257,0.33400816,22.910246,0.22300477
8,97,10,0.0020971524,0.02103941,0.008485143,0.009581995,0.002972271,0.046057418,0.00058489,3.724746,0.48035347,4.6449966,-0.14077346,0.092114836,0.00116978,0.097887665,0.012623861,0.05451854,-0.0016522637,253.04506,251.66634,336.5816,-0.33958,22.908434,0.21727625
8,98,10,0.0020971524,0.021861548,0.009419169,0.009480458,0.002961921,0.0485262,-0.00014731062,3.7049587,0.20969687,4.6369023,-0.40403467,0.0970524,-0.00029462125,0.097367644,0.005510906,0.054423533,-0.0047421744,253.05347,251.63043,337.085,0.1943378,22.908434,0.20856635
8,99,10,0.0020971524,0.02354844,0.010627474,0.010058764,0.002862201,0.05154482,-0.0005700077,3.816287,0.34798473,4.5581784,-0.18532501,0.10308964,-0.0011400154,0.10029339,0.009145162,0.053499542,-0.0021751686,253.04686,251.7106,337.16083,-0.16265972,22.908434,0.21543099
8,100,10,0.0020971524,0.022778947,0.009397752,0.010202352,0.0031788421,0.048471,0.0002887419,3.8434286,0.36291605,4.8036976,-0.09307079,0.096942,0.0005774838,0.101006694,0.009537563,0.05638122,-0.0010923762,252.9879,251.48915,336.30563,-0.26984525,22.908434,0.20922498
9,1,10,0.001677722,0.0846912,0.015448035,0.051092718,0.018150438,0.06214506,-0.00225389,8.600985,2.1408868,11.47849,-2.5059822,0.12429012,-0.00450778,0.22603698,0.056263294,0.13472356,-0.02941282,252.07788,249.36795,334.47437,0.36509538,22.90656,0.98826313
9,2,10,0.001677722,0.08186111,0.015619922,0.048000004,0.018241182,0.062489845,-0.0014699199,8.336607,1.993864,11.50715,-2.6303644,0.12497969,-0.0029398398,0.21908903,0.05239946,0.13505992,-0.030872708,252.11377,249.45364,335.18033,0.63650036,22.90656,0.9474754
9,3,10,0.001677722,0.08541027,0.017967256,0.047417197,0.020025808,0.067021,-0.0027430903,8.285842,2.1082654,12.056915,-2.7948396,0.134042,-0.0054861805,0.2177549,0.055405978,0.14151257,-0.03280316,252.0902,249.3144,335.39093,0.6865742,22.90656,0.99079645
9,4,10,0.001677722,0.08135412,0.014292063,0.04945399,0.01760807,0.059774708,-0.0012867713,8.461928,2.3404207,11.305691,-2.331079,0.119549416,-0.0025735425,0.22238253,0.061507113,0.1326954,-0.027359972,252.00801,249.01913,334.39584,-0.009341717,22.90656,0.98411965
9,5,10,0.001677722,0.06183227,0.013785973,0.03420386,0.013842438,0.058706842,-0.0018384777,7.037303,1.772454,10.024149,-2.4161296,0.117413685,-0.0036769554,0.18494286,0.046580724,0.11765389,-0.02835823,252.00624,248.99092,334.9093,0.64367557,22.904959,0.7155364
9,6,10,0.001677722,0.06624338,0.018102942,0.034332205,0.013808239,0.06727359,-0.0026400727,7.050493,2.0046618,10.011759,-2.382648,0.13454717,-0.0052801454,0.18528952,0.052683257,0.11750846,-0.027965248,252.02814,249.00708,335.2701,0.3779862,22.904959,0.7450193
9,7,10,0.001677722,0.060982727,0.013002314,0.035414807,0.012565606,0.057013843,-0.0019232297,7.160793,2.0317361,9.55065,-2.0777194,0.11402769,-0.0038464593,0.18818823,0.05339475,0.112096414,-0.02438629,252.05379,249.0552,334.65393,0.045983315,22.904959,0.7255637
9,8,10,0.001677722,0.058300298,0.013506332,0.032531027,0.012262937,0.058108374,-0.0019456443,6.863056,1.8441361,9.434924,-2.219257,0.11621675,-0.0038912885,0.1803636,0.048464555,0.11073814,-0.026047518,252.1334,249.30804,335.35776,0.375121,22.904959,0.69477487
9,9,10,0.001677722,0.04498683,0.013958177,0.021197518,0.009831132,0.059072364,-0.004028358,5.540018,1.1824404,8.447787,-1.546336,0.11814473,-0.008056716,0.14559367,0.031074962,0.099152066,-0.01814941,252.18074,249.45978,336.06778,0.36389565,22.903265,0.49902532
9,10,10,0.001677722,0.04158733,0.010459586,0.021322161,0.009805582,0.051136058,-0.0025984417,5.556283,1.1239417,8.436803,-1.3484102,0.102272116,-0.0051968833,0.1460211,0.029537596,0.09902314,-0.015826354,252.16568,249.4926,335.49634,0.22446859,22.903265,0.465072
9,11,10,0.001677722,0.039784998,0.01011939,0.020136233,0.009529373,0.050297588,-0.002615191,5.399553,0.92792565,8.317128,-1.5800291,0.100595176,-0.005230382,0.1419022,0.02438622,0.097618505,-0.018544877,252.18271,249.5126,335.92938,0.6521035,22.903265,0.4367681
9,12,10,0.001677722,0.046541024,0.015403978,0.021468045,0.009669001,0.06205638,-0.0033158485,5.575258,1.0239943,8.377839,-1.5974352,0.12411276,-0.006631697,0.14651978,0.026910948,0.09833108,-0.01874917,252.25774,249.82986,336.4239,0.5734409,22.903265,0.47988418
9,13,10,0.001677722,0.03616433,0.01113982,0.016673196,0.008351309,0.052772675,-0.002311444,4.913355,-0.27681175,7.7860737,-0.09328553,0.10554535,-0.004622888,0.12912473,-0.0072747124,0.0913855,-0.0010948988,252.29921,250.13753,336.27393,0.37009728,22.901518,0.39324948
9,14,10,0.001677722,0.035108857,0.011071746,0.015919406,0.008117707,0.052611183,-0.0018740281,4.8010044,-0.4048992,7.676405,-0.21632786,0.10522237,-0.0037480562,0.12617213,-0.010640897,0.09009832,-0.002539052,252.31027,250.15463,336.6979,0.6212271,22.901518,0.37122175
9,15,10,0.001677722,0.037118394,0.012783195,0.016008813,0.008326385,0.056531396,-0.0033466911,4.8144674,-0.16504183,7.774446,-0.4111813,0.11306279,-0.0066933823,0.12652594,-0.0043373606,0.09124903,-0.0048260544,252.32988,250.22615,337.01437,0.57622313,22.901518,0.3547168
9,16,10,0.001677722,0.033602115,0.009285005,0.016158894,0.008158215,0.048179366,-0.0020268308,4.836982,-0.32328305,7.6955347,-0.1969818,0.09635873,-0.0040536616,0.12711763,-0.008495996,0.09032284,-0.0023119834,252.30824,250.17734,336.43335,0.52026486,22.901518,0.3355745
9,17,10,0.001677722,0.033176556,0.009320378,0.016385604,0.0074705747,0.048271053,-0.001098357,4.8707957,-1.6282219,7.3640757,1.383671,0.096542105,-0.002196714,0.12800626,-0.042790264,0.08643249,0.016240207,252.3348,250.19492,336.89883,0.24455082,22.899704,0.47310904
9,18,10,0.001677722,0.039149486,0.014905167,0.016267883,0.007976434,0.06104336,-0.0018082984,4.8532667,-1.4739767,7.609316,1.315829,0.12208672,-0.0036165968,0.12754561,-0.03873664,0.089310884,0.015443946,252.3628,250.3049,337.26645,0.1581477,22.899704,0.4457809
9,19,10,0.001677722,0.033714574,0.008351364,0.017541,0.007822208,0.0456929,-0.0011663842,5.0395975,-1.6172687,7.5353923,1.62825,0.0913858,-0.0023327684,0.13244244,-0.0425024,0.08844325,0.019110844,252.31487,250.17256,336.424,-0.010981321,22.899704,0.48597986
9,20,10,0.001677722,0.035436068,0.009656278,0.017232152,0.008547638,0.04913318,-0.00018014303,4.9950337,-1.7120098,7.8770623,1.4964701,0.09826636,-0.00036028607,0.13127129,-0.044992235,0.092453435,0.01756414,252.31586,250.07643,336.77725,0.2155397,22.899704,0.5237431
9,21,10,0.001677722,0.03779217,0.009832765,0.01985205,0.008107351,0.04958015,-0.00020324507,5.3613153,-2.1595464,7.671508,2.4975946,0.0991603,-0.00040649014,0.1408973,-0.05675365,0.09004083,0.029314386,252.35004,250.15471,337.11694,-0.33804822,22.897827,0.5877718
9,22,10,0.001677722,0.038749255,0.008670933,0.021854091,0.008224232,0.04655892,-0.00020723756,5.625162,-2.208006,7.7266083,2.9188294,0.09311784,-0.00041447513,0.14783129,-0.05802719,0.09068755,0.034258433,252.37204,250.35654,336.37778,-0.71082354,22.897827,0.62165433
9,23,10,0.001677722,0.041778177,0.009823106,0.023258392,0.00869668,0.049555793,0.0007815155,5.8030796,-2.5288846,7.945439,2.8062437,0.09911159,0.001563031,0.15250702,-0.066460006,0.09325599,0.032937005,252.48935,250.83081,337.27142,-0.277359,22.897827,0.67578226
9,24,10,0.001677722,0.0453836,0.011815943,0.024608858,0.008958798,0.05435058,-0.0012266892,5.969176,-2.527324,8.064289,2.7872493,0.10870116,-0.0024533784,0.15687211,-0.066419,0.094650924,0.032714076,252.60567,251.27371,338.22388,-0.25992537,22.897827,0.66015714
9,25,10,0.001677722,0.040913854,0.008940069,0.023254383,0.008719402,0.047275968,0.0012192585,5.8025794,-2.6753094,7.9558125,3.3541408,0.094551936,0.002438517,0.15249388,-0.0703081,0.09337774,0.039367698,252.67241,251.62999,337.93167,-0.67883134,22.895891,0.6984635
9,26,10,0.001677722,0.045819823,0.010642434,0.025920784,0.009256604,0.051581085,0.0027145094,6.1262217,-3.0162625,8.197228,3.3346393,0.10316217,0.0054290188,0.16099933,-0.07926847,0.09621125,0.039138816,252.7919,252.18475,338.67978,-0.31837678,22.895891,0.78193146
9,27,10,0.001677722,0.046592828,0.0135085005,0.024464054,0.008620273,0.05811304,0.0013609158,5.9515886,-2.8096027,7.91046,3.1983445,0.11622608,0.0027218317,0.15640989,-0.07383737,0.092845425,0.037539113,252.79715,252.18626,339.12524,-0.38874173,22.895891,0.7446573
9,28,10,0.001677722,0.040868964,0.008521774,0.023956161,0.00839103,0.046156727,0.0017828861,5.889484,-2.6138551,7.8045673,3.329706,0.09231345,0.0035657722,0.15477778,-0.06869305,0.091602564,0.039080914,252.7199,251.87036,338.3648,-0.71585083,22.895891,0.721654
9,29,10,0.001677722,0.039303117,0.010813569,0.020893319,0.0075962264,0.051994156,0.005809886,5.5001235,-2.1834905,7.4257474,2.1766694,0.10398831,0.011619772,0.14454521,-0.057382923,0.08715633,0.025547668,252.70573,251.68993,338.5296,0.0068211555,22.893908,0.63076216
9,30,10,0.001677722,0.042936023,0.012491005,0.022498835,0.007946182,0.055881582,0.004391174,5.7075367,-2.018673,7.594873,2.1116436,0.111763164,0.008782348,0.14999612,-0.05305145,0.08914136,0.024784457,252.721,251.6259,338.71375,-0.09297061,22.893908,0.6254695
9,31,10,0.001677722,0.042510666,0.01078942,0.022931468,0.008789777,0.051936068,0.003913324,5.7621503,-1.9514867,7.9878545,2.5482142,0.103872135,0.007826648,0.1514314,-0.051285766,0.09375381,0.029908508,252.7178,251.59442,337.75943,-0.5967275,22.893908,0.63766193
9,32,10,0.001677722,0.04472004,0.0112853,0.024391316,0.009043423,0.053116146,0.004914993,5.9427347,-2.0372322,8.102287,2.529238,0.10623229,0.009829986,0.1561772,-0.05353919,0.095096916,0.029685782,252.71915,251.51567,337.99075,-0.49200583,22.893908,0.6854452
9,33,10,0.001677722,0.037775114,0.013817677,0.017434312,0.0065231263,0.058774307,0.006531442,5.0242476,-1.0950232,6.881278,0.73691934,0.117548615,0.013062884,0.13203906,-0.028777609,0.08076587,0.008649258,252.74748,251.52954,338.3895,0.3581038,22.891907,0.48733082
9,34,10,0.001677722,0.03621877,0.011033274,0.01872862,0.0064568776,0.052519698,0.006521744,5.207407,-1.2687451,6.846246,0.9026157,0.105039395,0.013043488,0.13685255,-0.03334307,0.0803547,0.01059404,252.76147,251.68866,337.87192,0.36612934,22.891907,0.52777344
9,35,10,0.001677722,0.037818693,0.012073081,0.01931129,0.0064343233,0.054938786,0.007642748,5.2877913,-1.3315331,6.834278,0.80938876,0.10987757,0.015285496,0.13896507,-0.034993164,0.08021423,0.009499832,252.81088,251.93414,338.42178,0.5221443,22.891907,0.56593716
9,36,10,0.001677722,0.042175446,0.016351795,0.019425511,0.006398139,0.06393707,0.0061612935,5.303406,-1.1446447,6.815034,0.8349673,0.12787414,0.012322587,0.13937543,-0.03008168,0.07998837,0.009800047,252.8362,251.98032,338.7359,0.30967742,22.891907,0.55949247
9,37,10,0.001677722,0.031376526,0.011233501,0.014917588,0.0052254354,0.052994106,0.0072851614,4.647485,-0.13488245,6.1588902,-0.33510882,0.10598821,0.014570323,0.12213758,-0.0035447592,0.07228717,-0.003933187,252.79787,251.92273,338.00623,0.46999127,22.88994,0.38291684
9,38,10,0.001677722,0.03246321,0.010968412,0.015821202,0.0056735994,0.052365094,0.007632818,4.7861733,-0.12974934,6.417569,-0.38502827,0.10473019,0.015265636,0.12578236,-0.0034098504,0.0753233,-0.004519093,252.79648,251.74329,338.27954,0.5147776,22.88994,0.4099938
9,39,10,0.001677722,0.035220504,0.012956694,0.016591333,0.005672478,0.056913737,0.006725476,4.901278,-0.036249258,6.416935,-0.15596548,0.113827474,0.013450952,0.12880735,-0.0009526412,0.075315855,-0.0018305718,252.83865,251.85847,338.63318,0.19221473,22.88994,0.4236369
9,40,10,0.001677722,0.034916732,0.011395773,0.017770842,0.0057501183,0.053375494,0.0067153648,5.0725074,-0.07048266,6.4607,-0.10558928,0.10675099,0.0134307295,0.13330732,-0.0018523149,0.075829536,-0.001239304,252.86865,252.02493,338.0047,0.17607194,22.88994,0.4138135
9,41,10,0.001677722,0.031509977,0.0113217635,0.014440104,0.0057481085,0.053201888,0.0060949833,4.572501,0.7295036,6.459571,-1.1876465,0.106403776,0.012189967,0.12016699,0.01917162,0.07581628,-0.013939459,252.9225,252.19122,338.533,0.45814294,22.88805,0.32426447
9,42,10,0.001677722,0.03258973,0.0141099915,0.0134645635,0.0050151763,0.059392743,0.0048992434,4.4153466,0.8367359,6.0337086,-0.81160265,0.118785486,0.009798487,0.11603691,0.021989722,0.07081791,-0.009525814,252.96808,252.35916,338.9239,-0.025133252,22.88805,0.31717563
9,43,10,0.001677722,0.030130653,0.010294039,0.014571535,0.0052650776,0.05072977,0.0059074126,4.5932636,0.7564915,6.182207,-0.7669923,0.10145954,0.011814825,0.120712616,0.019880865,0.072560854,-0.009002223,252.98627,252.47044,338.40155,0.010500789,22.88805,0.3315577
9,44,10,0.001677722,0.032072116,0.010427291,0.015806368,0.0058384566,0.051057052,0.005984043,4.783929,0.7137636,6.5101385,-0.9224933,0.102114104,0.011968086,0.12572338,0.018757965,0.076409794,-0.010827344,253.0449,252.65424,338.90247,0.20872968,22.88805,0.3450431
9,45,10,0.001677722,0.036397826,0.013816735,0.017381987,0.005199106,0.058772303,0.0016448456,5.016703,1.4438634,6.1433544,-1.0861213,0.11754461,0.0032896912,0.13184077,0.037945252,0.07210483,-0.012747856,253.08417,252.79416,339.248,-0.35774207,22.886219,0.40793234
9,46,10,0.001677722,0.032029197,0.010456483,0.016063381,0.005509331,0.051128473,0.0016072869,4.8226657,1.2249005,6.3239822,-1.1453121,0.102256946,0.0032145737,0.1267414,0.032190822,0.07422487,-0.013442582,253.12222,253.13467,338.8227,-0.07958841,22.886219,0.38765955
9,47,10,0.001677722,0.031690445,0.010607176,0.015628863,0.0054544057,0.051495574,0.004549292,4.756992,0.96994597,6.2923794,-1.3059161,0.10299115,0.009098584,0.12501545,0.025490532,0.07385395,-0.015327596,253.18912,253.37248,339.47012,0.3359701,22.886219,0.35732332
9,48,10,0.001677722,0.034364734,0.013428144,0.015862053,0.005074538,0.057939935,0.0020964805,4.7923484,1.053614,6.0693116,-0.9547596,0.11587987,0.004192961,0.12594464,0.02768935,0.07123579,-0.011206059,253.1828,253.3134,339.6723,-0.09885442,22.886219,0.3566127
9,49,10,0.001677722,0.033809096,0.01088548,0.01726087,0.0056627477,0.052166753,0.00071789575,4.999194,1.3810483,6.411428,-1.1629223,0.104333505,0.0014357915,0.13138063,0.036294445,0.07525123,-0.013649272,253.12962,253.10522,338.81738,-0.21812606,22.884445,0.4562642
9,50,10,0.001677722,0.033950374,0.011867835,0.016467936,0.005614599,0.054469798,0.0023612552,4.8830175,1.1960199,6.384114,-1.2160012,0.108939596,0.0047225105,0.12832746,0.031431828,0.07493063,-0.014272261,253.15779,253.05919,339.33032,0.019981265,22.884445,0.42216712
9,51,10,0.001677722,0.036185134,0.014061092,0.016415885,0.005708158,0.05928974,0.00092941505,4.875294,1.2351186,6.4370847,-0.8217852,0.11857948,0.0018588301,0.12812449,0.03245936,0.07555235,-0.0096453335,253.20117,253.16734,339.63318,-0.41333342,22.884445,0.42072704
9,52,10,0.001677722,0.035389856,0.011849362,0.017467419,0.0060730726,0.05442739,0.0007941274,5.0290155,1.1391006,6.6396546,-0.9077682,0.10885478,0.0015882548,0.13216436,0.029935976,0.07792992,-0.010654512,253.21883,253.33665,339.15747,-0.23133236,22.884445,0.4201325
9,53,10,0.001677722,0.033215836,0.0118708,0.015843272,0.005501764,0.0544766,0.0016915265,4.7895107,0.9937854,6.3196373,-1.4480176,0.1089532,0.003383053,0.12587006,0.026117038,0.074173875,-0.016995447,253.29742,253.67303,340.09552,0.45423222,22.882713,0.41352153
9,54,10,0.001677722,0.034391824,0.013003701,0.016096637,0.0052914866,0.057016887,0.00017877518,4.8276553,0.96994805,6.197693,-0.9394196,0.11403377,0.00035755037,0.12687252,0.025490588,0.0727426,-0.01102601,253.34927,253.83472,340.35794,-0.030528426,22.882713,0.3941141
9,55,10,0.001677722,0.035420507,0.012733874,0.017352547,0.0053340886,0.056422234,0.00040119654,5.0124526,0.94829226,6.2225924,-1.0063293,0.11284447,0.0008023931,0.13172907,0.02492146,0.073034845,-0.011811331,253.36195,254.0028,339.73563,0.058037043,22.882713,0.37944737
9,56,10,0.001677722,0.037726186,0.013898049,0.018760303,0.0050678346,0.058944993,0.0014893322,5.2118096,0.80789524,6.0653014,-1.0485839,0.117889985,0.0029786644,0.13696826,0.02123178,0.071188726,-0.012307278,253.43277,254.27147,340.54648,0.24068862,22.882713,0.3650708
9,57,10,0.001677722,0.03612593,0.013308667,0.01796299,0.0048542703,0.057681598,-0.00013199667,5.0998573,0.6477467,5.936127,-0.98273623,0.115363196,-0.00026399334,0.13402608,0.017023018,0.06967259,-0.011534423,253.49664,254.52324,340.99304,0.33498955,22.880997,0.3222695
9,58,10,0.001677722,0.03482056,0.012247227,0.017512582,0.005060751,0.055333596,-0.0008476408,5.0355134,0.58198714,6.061062,-1.1013958,0.11066719,-0.0016952816,0.13233511,0.015294835,0.071138956,-0.0129271345,253.53835,254.6892,340.4917,0.5194087,22.880997,0.32914194
9,59,10,0.001677722,0.03522265,0.013729222,0.016078558,0.005414871,0.058585882,0.00025140416,4.8249435,0.5573271,6.269534,-1.1701236,0.117171764,0.0005028083,0.12680125,0.014646757,0.07358581,-0.013733794,253.58492,254.73816,340.75177,0.6127965,22.880997,0.33018348
9,60,10,0.001677722,0.03435513,0.0142541295,0.014665346,0.005435655,0.05969533,-0.0012659545,4.608025,0.5482504,6.2815547,-0.5734309,0.11939066,-0.002531909,0.12110056,0.014408218,0.07372689,-0.006730378,253.58333,254.711,340.71307,0.025180519,22.880997,0.27766913
9,61,10,0.001677722,0.029852524,0.010547038,0.013799341,0.005506145,0.051349387,-0.0022211063,4.4699006,0.54003334,6.322153,-0.79960763,0.10269877,-0.0044422126,0.1174706,0.01419227,0.0742034,-0.0093850335,253.52916,254.49014,339.8704,0.2595743,22.87931,0.24774882
9,62,10,0.001677722,0.030665204,0.012188451,0.013279594,0.0051971595,0.05520066,-0.00020481051,4.384914,0.51609164,6.1422043,-0.9155361,0.11040132,-0.00040962102,0.11523712,0.013563077,0.072091326,-0.010745689,253.52434,254.35056,340.07516,0.39944446,22.87931,0.25609452
9,63,10,0.001677722,0.03404869,0.01554194,0.01242361,0.0060831415,0.06233366,-0.001487311,4.241237,0.5690976,6.645155,-0.5202105,0.12466732,-0.002974622,0.11146125,0.014956088,0.077994496,-0.0061057396,253.54445,254.4002,340.65204,-0.048887074,22.87931,0.23053406
9,64,10,0.001677722,0.031060558,0.011312802,0.013140336,0.0066074207,0.05318083,-0.0002462675,4.3618617,0.46316323,6.925596,-0.6849946,0.10636166,-0.000492535,0.1146313,0.012172099,0.08128604,-0.008039815,253.50702,254.28632,339.9873,0.22183135,22.87931,0.2528357
9,65,10,0.001677722,0.032821104,0.01317536,0.013808347,0.005837396,0.057391986,0.0010416618,4.4713593,0.3952261,6.509547,-0.45159233,0.11478397,0.0020833237,0.117508925,0.010386686,0.07640285,-0.005300357,253.51772,254.20758,340.48724,0.056366235,22.87765,0.23340085
9,66,10,0.001677722,0.036270212,0.013888437,0.015331324,0.0070504495,0.058924608,-0.00034570383,4.7114925,0.57769674,7.1540117,0.24797775,0.117849216,-0.00069140765,0.123819724,0.015182083,0.083966956,0.0029105237,253.51463,254.09415,340.46497,-0.8256745,22.87765,0.23883834
9,67,10,0.001677722,0.03417748,0.013056667,0.014172575,0.0069482364,0.057132885,-0.0007109717,4.529947,0.59720016,7.101965,0.052091192,0.11426577,-0.0014219434,0.119048625,0.015694637,0.08335608,0.00061140035,253.46654,253.8836,339.17218,-0.64929134,22.87765,0.24326299
9,68,10,0.001677722,0.03411695,0.013833978,0.014076216,0.006206756,0.058808967,-0.00035852575,4.5145206,0.5862898,6.7123337,-0.1913906,0.117617935,-0.0007170515,0.11864323,0.015407908,0.07878297,-0.0022463545,253.51433,253.9981,339.52383,-0.39489922,22.87765,0.2579191
9,69,10,0.001677722,0.035976466,0.016115008,0.0137078995,0.006153559,0.06347245,-0.0020412144,4.4550657,0.20842005,6.6835065,0.7741775,0.1269449,-0.0040824288,0.11708074,0.005477354,0.07844462,0.009086555,253.6034,254.3836,340.11243,-0.98259753,22.87604,0.23449354
9,70,10,0.001677722,0.030338537,0.011770183,0.012584601,0.005983754,0.054245237,-0.001673595,4.268629,0.1103019,6.590647,0.5186391,0.108490475,-0.00334719,0.112181105,0.0028987739,0.07735473,0.006087291,253.63818,254.66438,339.77466,-0.628941,22.87604,0.20470625
9,71,10,0.001677722,0.031778503,0.01344113,0.012601782,0.005735592,0.057967942,-0.0004307526,4.2715416,-0.034287848,6.4525337,0.3279355,0.115935884,-0.0008615052,0.11225766,-0.0009010982,0.07573369,0.0038489923,253.69109,254.92334,340.5604,-0.29364765,22.87604,0.22211955
9,72,10,0.001677722,0.03368774,0.013922429,0.0129961,0.006769213,0.05899667,-0.0013652579,4.337857,-0.052823365,7.009875,0.92215234,0.11799334,-0.0027305158,0.11400044,-0.0013882157,0.08227523,0.010823344,253.7133,254.99625,340.77936,-0.869329,22.87604,0.21801372
9,73,10,0.001677722,0.028037768,0.011357844,0.01078235,0.0058975746,0.053286593,-0.001231504,3.951167,-0.3277393,6.5430155,1.1912732,0.10657319,-0.002463008,0.10383809,-0.008613105,0.07679567,0.01398203,253.69484,254.90144,339.9483,-0.8635339,22.874474,0.22033131
9,74,10,0.001677722,0.03197109,0.014987809,0.011556873,0.0054264083,0.061212353,-5.294311e-5,4.0906177,-0.3370163,6.2762103,0.7474268,0.12242471,-0.00010588622,0.1075029,-0.008856909,0.07366416,0.008772583,253.72911,254.96092,340.508,-0.4104105,22.874474,0.23155606
9,75,10,0.001677722,0.033640534,0.01528794,0.012262952,0.006089642,0.061822206,-0.0025839582,4.2137246,-0.44107896,6.6487064,1.288283,0.12364441,-0.0051679164,0.11073821,-0.011591715,0.07803616,0.015120638,253.7687,255.16939,340.74155,-0.847204,22.874474,0.26850033
9,76,10,0.001677722,0.028866952,0.012924389,0.01067793,0.0052646343,0.05684274,-0.0023927644,3.9319885,-0.61957175,6.181947,0.95264965,0.11368548,-0.004785529,0.10333407,-0.016282568,0.0725578,0.01118129,253.7893,255.35933,340.24518,-0.3330779,22.874474,0.28523305
9,77,10,0.001677722,0.028486459,0.012791674,0.01117337,0.004521415,0.05655014,0.00028468156,4.0221734,-0.81243944,5.728994,0.7316726,0.11310028,0.0005693631,0.105704166,-0.021351203,0.06724147,0.008587675,253.82051,255.44504,340.88214,0.08076686,22.872932,0.31552878
9,78,10,0.001677722,0.02992944,0.014226004,0.010828952,0.004874484,0.059636407,-0.0016076353,3.9596963,-0.66820365,5.9484735,1.2545038,0.11927281,-0.0032152706,0.10406225,-0.017560633,0.069817506,0.01472417,253.8164,255.39134,341.36948,-0.5863002,22.872932,0.3259738
9,79,10,0.001677722,0.025665963,0.010949771,0.010121104,0.0045950874,0.052320577,-0.00082063006,3.8280942,-0.7898096,5.7754803,1.065685,0.104641154,-0.0016412601,0.1006037,-0.020756483,0.06778707,0.012507993,253.75311,255.22566,340.35724,-0.27587545,22.872932,0.34312692
9,80,10,0.001677722,0.02751395,0.012766831,0.010245854,0.0045012645,0.0564952,0.0005134506,3.8516142,-0.7495012,5.7162147,0.76545054,0.1129904,0.0010269012,0.10122181,-0.019697165,0.067091465,0.008984129,253.73709,255.0713,340.5889,-0.015949309,22.872932,0.34629983
9,81,10,0.001677722,0.029036019,0.014772088,0.009588019,0.0046759117,0.06077024,-5.6485635e-5,3.7259161,-0.36360902,5.826052,0.7733141,0.12154048,-0.00011297127,0.09791843,-0.009555777,0.06838064,0.009076422,253.75186,255.12543,340.81354,-0.4097051,22.87142,0.24602883
9,82,10,0.001677722,0.025701577,0.011765123,0.009562733,0.0043737204,0.054233577,0.0003140697,3.721,-0.29615492,5.6346474,0.46384114,0.108467154,0.0006281394,0.09778923,-0.007783056,0.06613411,0.005444126,253.70306,255.01045,339.88538,-0.16768622,22.87142,0.2525616
9,83,10,0.001677722,0.02581802,0.011134197,0.010075868,0.004607955,0.052759353,0.0020234052,3.81953,-0.1878795,5.7835608,0.1981553,0.105518706,0.0040468103,0.100378625,-0.0049375403,0.06788192,0.0023257565,253.68959,254.90424,340.3743,-0.010275796,22.87142,0.24445319
9,84,10,0.001677722,0.030759543,0.016091423,0.009598209,0.005069911,0.06342599,0.0008435331,3.727896,-0.115815654,6.066544,0.73164135,0.12685198,0.0016870662,0.09797045,-0.003043675,0.07120331,0.008587309,253.67657,254.79364,340.74936,-0.6158257,22.87142,0.26272967
9,85,10,0.001677722,0.023944348,0.0109499525,0.008700643,0.0042937533,0.05232101,0.0036448268,3.5493138,0.28568092,5.5828996,0.0413429,0.10464202,0.0072896536,0.09327724,0.007507797,0.06552674,0.00048524313,253.62318,254.53777,339.76978,-0.3270238,22.869963,0.1837354
9,86,10,0.001677722,0.027280342,0.012980643,0.009587464,0.004712236,0.056966312,0.004403267,3.7258089,0.22817114,5.8486376,-0.20092827,0.113932624,0.008806534,0.0979156,0.005996419,0.06864573,-0.0023583048,253.64781,254.58891,340.06543,-0.02724287,22.869963,0.197874
9,87,10,0.001677722,0.031543065,0.016222661,0.010578535,0.004741869,0.063684106,0.0026397982,3.913645,0.25849083,5.866999,0.17336385,0.12736821,0.0052795964,0.102852,0.006793233,0.06886123,0.0020347792,253.64262,254.54999,340.1491,-0.43185467,22.869963,0.20896995
9,88,10,0.001677722,0.02616152,0.011049081,0.010383712,0.0047287266,0.052557305,0.0035758624,3.8774393,0.29955995,5.8588624,-0.016914291,0.10511461,0.007151725,0.1019005,0.007872545,0.06876574,-0.00019852373,253.59383,254.33275,339.1976,-0.28264567,22.869963,0.20346297
9,89,10,0.001677722,0.027109206,0.012075191,0.010585498,0.0044485168,0.054943588,0.004934441,3.9149327,0.6346244,5.6826224,-0.35114154,0.109887175,0.009868882,0.10288585,0.01667816,0.0666972,-0.004121363,253.5994,254.24785,339.50482,-0.28348288,22.868557,0.25994462
9,90,10,0.001677722,0.02929134,0.015264009,0.009541401,0.004485929,0.0617738,0.0039418377,3.7168472,0.70444393,5.706468,0.2712066,0.1235476,0.007883675,0.09768009,0.01851304,0.066977076,0.0031831642,253.61447,254.30972,340.07693,-0.97565055,22.868557,0.24734458
9,91,10,0.001677722,0.023987975,0.010953702,0.008853009,0.004181263,0.05232997,0.005168717,3.5802565,0.49253082,5.5092816,-0.012017028,0.10465994,0.010337434,0.09409043,0.012943884,0.06466269,-0.00014104476,253.57611,254.27026,339.3226,-0.48051378,22.868557,0.20858526
9,92,10,0.001677722,0.025324756,0.011160292,0.009459824,0.004704641,0.05282114,0.0053890822,3.7009244,0.38499752,5.843923,-0.42010406,0.10564228,0.0107781645,0.09726163,0.010117874,0.06859039,-0.0049307807,253.58432,254.28151,339.65015,0.03510654,22.868557,0.1976258
9,93,10,0.001677722,0.028405016,0.01306078,0.010629546,0.0047146906,0.057141885,0.0036885685,3.92307,0.718764,5.8501616,0.2254461,0.11428377,0.007377137,0.10309969,0.018889377,0.068663605,0.0026460723,253.58894,254.17336,339.70865,-0.9442101,22.867207,0.32754022
9,94,10,0.001677722,0.026868293,0.011869106,0.010931596,0.0040675905,0.054472715,0.004100616,3.9784186,0.518878,5.4338775,-0.03466693,0.10894543,0.008201232,0.10455427,0.013636302,0.06377766,-0.0004068866,253.59178,254.14137,338.9673,-0.48421106,22.867207,0.32853857
9,95,10,0.001677722,0.026807554,0.011338199,0.010965504,0.004503852,0.05324049,0.0057931715,3.984584,0.4290162,5.7178574,-0.45158857,0.10648098,0.011586343,0.1047163,0.011274704,0.06711075,-0.005300316,253.64508,254.29921,339.55588,0.022572368,22.867207,0.33540082
9,96,10,0.001677722,0.030768607,0.015065419,0.011581877,0.004121311,0.061370634,0.003165696,4.09504,0.41309103,5.469642,-0.047285687,0.12274127,0.006331392,0.10761913,0.01085618,0.064197436,-0.0005549947,253.70097,254.54837,339.96924,-0.36580536,22.867207,0.34599006
9,97,10,0.001677722,0.02492999,0.010037135,0.011429048,0.003463804,0.050092753,0.0030547166,4.067932,0.013365466,5.014387,-0.24343045,0.100185506,0.0061094332,0.10690673,0.00035125078,0.058854092,-0.002857154,253.70947,254.6563,339.35214,0.23006499,22.865883,0.33459258
9,98,10,0.001677722,0.027236827,0.011106281,0.011841108,0.0042894366,0.05269317,0.0036667383,4.1406155,-0.10300407,5.5800915,-0.67257595,0.10538634,0.0073334766,0.108816855,-0.002706983,0.06549379,-0.007894055,253.71463,254.73068,339.92575,0.77558005,22.865883,0.30103865
9,99,10,0.001677722,0.029634591,0.013332591,0.011977386,0.004324616,0.05773342,0.002275869,4.164374,0.061590638,5.602927,-0.20454863,0.11546684,0.004551738,0.10944124,0.0016186237,0.06576181,-0.0024007969,253.71051,254.72932,340.36932,0.14295799,22.865883,0.31899962
9,100,10,0.001677722,0.025161158,0.010465091,0.010946704,0.0037493624,0.051149514,0.003943572,3.9811668,0.08088306,5.216989,-0.35486513,0.10229903,0.007887144,0.1046265,0.0021256318,0.061232038,-0.0041650673,253.65619,254.5479,339.79428,0.27398208,22.865883,0.28978643
10,1,10,0.0013421776,0.05176829,0.011835642,0.03401658,0.00591607,0.05439587,-0.00011632829,7.01801,2.6564581,6.5532675,-0.18257311,0.10879174,-0.00023265657,0.18443584,0.06981267,0.076915994,-0.0021428652,253.19531,252.491,338.25165,-2.473885,22.864569,1.0198473
10,2,10,0.0013421776,0.051307213,0.010988728,0.03424619,0.0060722935,0.052413568,0.0007346712,7.0416565,2.3135958,6.6392274,-0.5035584,0.104827136,0.0014693424,0.18505727,0.060802143,0.07792492,-0.0059102834,253.18498,252.31982,338.51938,-1.8100374,22.864569,1.0221335
10,3,10,0.0013421776,0.057119496,0.0140246125,0.03626944,0.006825443,0.059212778,-0.0013239301,7.2466803,2.5796933,7.03893,-0.2737352,0.118425556,-0.0026478602,0.19044538,0.06779526,0.08261624,-0.0032128396,253.1836,252.25748,338.67157,-2.305958,22.864569,1.0633031
10,4,10,0.0013421776,0.054419074,0.010533067,0.03769915,0.0061868536,0.051315367,0.0006350421,7.3881297,2.572578,6.7015634,-0.23800397,0.102630734,0.0012700842,0.1941627,0.06760827,0.078656554,-0.0027934662,253.14548,252.15637,338.143,-2.334574,22.864569,1.0567676
10,5,10,0.0013421776,0.04332399,0.010060482,0.027621498,0.0056420085,0.050150976,-0.00084415026,6.3240066,1.5657744,6.3996778,-0.79489136,0.10030195,-0.0016883005,0.16619717,0.04114912,0.075113304,-0.009329673,253.13991,252.07544,338.6639,-0.7708831,22.863564,0.7533445
10,6,10,0.0013421776,0.047869273,0.0129420245,0.028880874,0.006046374,0.05688151,-0.0022368936,6.4665675,1.7388986,6.625044,-0.52978593,0.11376302,-0.0044737873,0.16994374,0.045698877,0.07775843,-0.006218123,253.10332,251.92683,338.6735,-1.2091126,22.863564,0.7561686
10,7,10,0.0013421776,0.045067586,0.011135661,0.028760867,0.005171056,0.05276282,-0.0008728581,6.453119,1.7833561,6.1267595,-0.5087925,0.10552564,-0.0017457162,0.1695903,0.04686724,0.07191005,-0.0059717195,253.00807,251.55798,337.49677,-1.2745636,22.863564,0.7483034
10,8,10,0.0013421776,0.043429572,0.009214516,0.02873877,0.0054762834,0.047996134,-0.0012321582,6.4506397,1.5997095,6.3049865,-0.86928076,0.09599227,-0.0024643163,0.16952513,0.04204094,0.074001916,-0.010202783,252.96828,251.30496,337.4816,-0.73042876,22.863564,0.7682857
10,9,10,0.0013421776,0.041565165,0.014843419,0.021398572,0.0053231698,0.060916785,-0.0048823203,5.5662293,1.0376481,6.2162204,-0.8587421,0.12183357,-0.009764641,0.14628251,0.027269764,0.07296006,-0.0100791,252.95847,251.21785,337.68686,-0.17890596,22.862585,0.5015666
10,10,10,0.0013421776,0.036778312,0.009591752,0.022146238,0.005040321,0.048968744,-0.003218816,5.6626368,0.96660745,6.0488153,-0.69656926,0.09793749,-0.006437632,0.14881612,0.025402796,0.07099522,-0.008175665,252.94783,251.23962,337.02734,-0.2700382,22.862585,0.49455687
10,11,10,0.0013421776,0.036967073,0.010020743,0.021692565,0.0052537653,0.05005183,-0.0036769747,5.604336,0.62682027,6.1755633,-1.0387856,0.10010366,-0.0073539494,0.14728396,0.016473072,0.07248286,-0.012192275,252.95601,251.28241,337.4992,0.4119653,22.862585,0.49789858
10,12,10,0.0013421776,0.039920416,0.0117996195,0.02213008,0.005990717,0.054313026,-0.00446942,5.66057,0.86037624,6.5944815,-0.87609553,0.10862605,-0.00893884,0.14876182,0.022611002,0.07739972,-0.010282772,252.8836,250.93237,337.42755,0.015719295,22.862585,0.5037687
10,13,10,0.0013421776,0.03097103,0.008918513,0.01688057,0.005171947,0.047218937,-0.0045062588,4.9438148,-0.1001385,6.127288,-0.58220494,0.094437875,-0.0090125175,0.12992525,-0.0026316715,0.07191625,-0.006833364,252.77814,250.51567,336.26184,0.6823434,22.861616,0.3764241
10,14,10,0.0013421776,0.031399447,0.008885525,0.01741189,0.0051020337,0.04713153,-0.005089039,5.021016,-0.39474347,6.085733,-0.85021394,0.09426306,-0.010178078,0.13195412,-0.010374004,0.07142852,-0.009979003,252.72125,250.17775,336.20044,1.2449574,22.861616,0.38049105
10,15,10,0.0013421776,0.035161704,0.011132638,0.018617958,0.0054111085,0.052755658,-0.006129039,5.1919994,0.067468815,6.2673554,-0.69845283,0.105511315,-0.012258078,0.13644764,0.0017731045,0.07356024,-0.008197772,252.66364,249.8731,336.04993,0.630984,22.861616,0.37514502
10,16,10,0.0013421776,0.033874057,0.010116133,0.01891332,0.004844605,0.050289493,-0.0045114085,5.233022,0.033408117,5.930215,-0.566729,0.100578986,-0.009022817,0.13752571,0.00087798,0.0696032,-0.0066517256,252.61522,249.74022,335.30594,0.5333209,22.861616,0.3904047
10,17,10,0.0013421776,0.029703926,0.00928722,0.016272444,0.004144263,0.048185114,-0.0045298487,4.8539476,-0.96469307,5.484852,-0.37383533,0.09637023,-0.009059697,0.12756349,-0.02535248,0.06437595,-0.004387718,252.6001,249.67262,335.65192,1.3385284,22.860643,0.49291453
10,18,10,0.0013421776,0.030876398,0.009412845,0.016955486,0.0045080674,0.048509907,-0.005607447,4.954773,-0.60233563,5.720532,-0.3806251,0.097019814,-0.011214894,0.13021323,-0.015829595,0.067142144,-0.004467415,252.57909,249.59462,335.76788,0.9829607,22.860643,0.449217
10,19,10,0.0013421776,0.032063667,0.008640547,0.018937346,0.004485776,0.046477273,-0.004618439,5.2363443,-0.77423495,5.7063713,-0.3604404,0.092954546,-0.009236878,0.13761303,-0.020347174,0.06697594,-0.004230508,252.55339,249.51413,335.1434,1.1346754,22.860643,0.51013917
10,20,10,0.0013421776,0.033948116,0.008949687,0.020381402,0.0046170265,0.047301393,-0.0052207564,5.432325,-1.0351232,5.789252,-0.5528693,0.094602786,-0.010441513,0.14276345,-0.027203409,0.06794871,-0.0064890534,252.55402,249.52467,335.31195,1.5879925,22.860643,0.54581374
10,21,10,0.0013421776,0.032785006,0.010074056,0.018539956,0.0041709933,0.050184797,-0.0048146676,5.181113,-1.1644588,5.502511,0.32184663,0.100369595,-0.009629335,0.1361615,-0.030602403,0.06458323,0.003777528,252.53497,249.47426,335.37296,0.84261215,22.85964,0.55790657
10,22,10,0.0013421776,0.0328346,0.009098436,0.019504946,0.0042312173,0.04769286,-0.004067768,5.3142385,-1.3247464,5.5420938,0.35286698,0.09538572,-0.008135536,0.1396601,-0.034814816,0.06504781,0.004141618,252.48608,249.33142,334.37015,0.97187936,22.85964,0.62338525
10,23,10,0.0013421776,0.032896213,0.009655463,0.019353598,0.0038871542,0.049131107,-0.0040813917,5.2935815,-1.7334143,5.311988,0.10553888,0.09826221,-0.008162783,0.13911721,-0.045554757,0.062347047,0.0012387157,252.49968,249.33728,334.6853,1.6278754,22.85964,0.6075435
10,24,10,0.0013421776,0.03410276,0.011946562,0.018121708,0.0040344885,0.054650165,-0.0041031297,5.1223383,-1.463845,5.411721,0.15348932,0.10930033,-0.008206259,0.1346169,-0.03847038,0.06351762,0.0018015113,252.47455,249.29282,334.8417,1.3103557,22.85964,0.54099673
10,25,10,0.0013421776,0.032504044,0.010156374,0.018551819,0.003795852,0.05038942,-0.0016499496,5.1827703,-1.660577,5.2492332,0.96307975,0.10077884,-0.0032998992,0.13620506,-0.04364057,0.061610486,0.011303713,252.40944,249.09618,334.11862,0.6974973,22.858574,0.58466387
10,26,10,0.0013421776,0.03277186,0.009101053,0.019648546,0.004022259,0.04769972,-0.00086038077,5.333765,-1.8795363,5.403513,0.8204461,0.09539944,-0.0017207615,0.14017327,-0.049394898,0.06342128,0.009629616,252.36572,248.83255,334.41727,1.0590901,22.858574,0.59281373
10,27,10,0.0013421776,0.031630468,0.008956654,0.018577747,0.004096066,0.0473198,-0.0019664108,5.18639,-1.4335829,5.4528646,0.8256591,0.0946396,-0.0039328216,0.1363002,-0.03767508,0.06400052,0.0096908,252.3539,248.76482,334.49905,0.6079238,22.858574,0.5166206
10,28,10,0.0013421776,0.033675175,0.010963069,0.018724501,0.0039876057,0.05235234,-0.0012816273,5.206834,-1.5632304,5.3801866,0.9949715,0.10470468,-0.0025632547,0.1368375,-0.041082256,0.06314749,0.011678024,252.33365,248.78198,333.66443,0.5682589,22.858574,0.55862916
10,29,10,0.0013421776,0.030008916,0.009458696,0.016767684,0.0037825375,0.048627913,0.00053300086,4.9272566,-1.5579687,5.240019,1.0469338,0.097255826,0.0010660017,0.12949009,-0.040943984,0.061502337,0.012287907,252.33687,248.79831,333.97214,0.51103497,22.857443,0.4655379
10,30,10,0.0013421776,0.02901756,0.009290234,0.015576075,0.0041512507,0.04819293,-0.0009475188,4.7489514,-1.0692934,5.4894733,1.0383177,0.09638586,-0.0018950376,0.12480415,-0.02810142,0.0644302,0.012186785,252.28441,248.59761,333.87714,0.0309757,22.857443,0.38051003
10,31,10,0.0013421776,0.030017858,0.010034342,0.015658502,0.004325016,0.050085783,0.00015036612,4.7615,-1.2271427,5.6031866,1.1529256,0.100171566,0.00030073224,0.12513393,-0.032249752,0.06576485,0.013531939,252.23422,248.4499,333.0771,0.07421708,22.857443,0.42140228
10,32,10,0.0013421776,0.031217363,0.010685451,0.016162101,0.00436981,0.05168523,0.0005175315,4.8374624,-1.4564477,5.6321273,0.97870976,0.10337046,0.001035063,0.12713026,-0.03827597,0.06610454,0.011487164,252.26979,248.59592,333.52563,0.47773796,22.857443,0.42446503
10,33,10,0.0013421776,0.029193062,0.010119865,0.014864946,0.0042082523,0.05029877,0.0019746325,4.6392775,-0.7043654,5.5270333,0.910397,0.10059754,0.003949265,0.12192188,-0.018510973,0.06487104,0.010685373,252.29869,248.79356,333.925,-0.20603162,22.856268,0.29948854
10,34,10,0.0013421776,0.03018398,0.011075147,0.014861779,0.004247053,0.052619264,0.0024345194,4.638783,-0.854002,5.5524545,1.1864063,0.10523853,0.0048690387,0.121908896,-0.022443483,0.06516942,0.013924903,252.28188,248.79092,333.34372,-0.33240426,22.856268,0.31213254
10,35,10,0.0013421776,0.028087582,0.010075255,0.013814613,0.0041977135,0.050187785,0.0023171166,4.4723735,-1.0014056,5.520108,0.8586817,0.10037557,0.004634233,0.11753558,-0.026317302,0.064789765,0.010078386,252.29323,248.80333,333.8781,0.14272392,22.856268,0.3081343
10,36,10,0.0013421776,0.026351213,0.0088318745,0.013320382,0.0041989572,0.046989027,0.0013425191,4.3916426,-0.620347,5.5209255,0.7392446,0.093978055,0.0026850381,0.11541396,-0.016302941,0.06479936,0.008676545,252.25183,248.62895,333.94263,-0.11889756,22.856268,0.25793436
10,37,10,0.0013421776,0.026470467,0.009800053,0.01279108,0.0038793352,0.049497608,0.0044611865,4.303505,-0.22553663,5.306643,0.51591545,0.098995216,0.008922373,0.11309766,-0.005927186,0.06228431,0.0060553206,252.15616,248.2599,333.0691,-0.2903788,22.855074,0.27572557
10,38,10,0.0013421776,0.026024813,0.010145078,0.012007622,0.0038721133,0.05036139,0.004609944,4.169626,-0.35603526,5.3017015,0.27803367,0.10072278,0.009219888,0.109579295,-0.009356736,0.062226307,0.0032632924,252.10875,247.98248,333.18893,0.07800159,22.855074,0.29776266
10,39,10,0.0013421776,0.024934493,0.009523249,0.011676262,0.0037349823,0.04879357,0.0036129511,4.111692,-0.04930567,5.2069745,0.23389019,0.09758714,0.0072259023,0.108056754,-0.0012957671,0.0611145,0.0027451813,252.067,247.80078,332.76468,-0.18458453,22.855074,0.30259013
10,40,10,0.0013421776,0.026328238,0.010035428,0.012384053,0.0039087557,0.05008849,0.00528544,4.23448,-0.2274779,5.3267274,0.35859504,0.10017698,0.01057088,0.11128366,-0.005978199,0.06252004,0.004208844,252.02309,247.61336,331.9709,-0.13111715,22.855074,0.2837475
10,41,10,0.0013421776,0.025860835,0.009927404,0.011976389,0.0039570406,0.04981818,0.00613371,4.164201,-0.0069261417,5.359527,-0.28115883,0.09963636,0.01226742,0.10943669,-0.00018201693,0.06290501,-0.0032999727,252.0057,247.55869,332.02124,0.28808498,22.853876,0.37379295
10,42,10,0.0013421776,0.02936458,0.011136499,0.013803874,0.0044242064,0.052764807,0.005561129,4.4706345,0.28507537,5.6670737,-0.34100458,0.105529614,0.011122258,0.11748989,0.007491888,0.06651471,-0.004002386,251.98042,247.54471,331.9584,0.055929214,22.853876,0.42579448
10,43,10,0.0013421776,0.030184807,0.011515367,0.014130909,0.004538531,0.05365484,0.0058009247,4.523282,0.24839705,5.7398276,-0.1652412,0.10730968,0.011601849,0.1188735,0.0065279645,0.06736862,-0.0019394436,251.91724,247.27945,330.99475,-0.083155856,22.853876,0.4473612
10,44,10,0.0013421776,0.033244856,0.012160488,0.016566345,0.0045180228,0.055137303,0.005765485,4.897585,0.15741974,5.726845,-0.28436884,0.110274605,0.01153097,0.12871031,0.0041370518,0.06721624,-0.0033376524,251.91441,247.18689,331.35614,0.1269491,22.853876,0.5356002
10,45,10,0.0013421776,0.032275166,0.011986812,0.015941527,0.004346828,0.05474215,0.004440895,4.804339,0.5590239,5.617298,-0.51483834,0.1094843,0.00888179,0.12625976,0.014691348,0.06593048,-0.0060426802,251.91826,247.20763,331.49338,-0.04418558,22.852678,0.56009686
10,46,10,0.0013421776,0.031535886,0.012213114,0.014968899,0.004353874,0.05525648,0.005508094,4.655471,0.33635312,5.6218486,-0.2591807,0.11051296,0.011016188,0.12234745,0.008839479,0.06598389,-0.0030420148,251.89595,247.28749,330.84644,-0.07717243,22.852678,0.48358238
10,47,10,0.0013421776,0.03142077,0.012091896,0.014531506,0.0047973697,0.05498158,0.0049592033,4.58695,0.22222464,5.9012337,-0.26039204,0.10996316,0.009918407,0.1205467,0.0058401492,0.06926305,-0.0030562335,251.91159,247.28302,331.0718,0.038167402,22.852678,0.49582982
10,48,10,0.0013421776,0.031224722,0.011173734,0.015736682,0.0043143053,0.052852944,0.003558464,4.7733717,0.5404035,5.596245,-0.34930104,0.10570589,0.007116928,0.12544593,0.014201999,0.06568337,-0.004099764,251.93777,247.37654,331.37662,-0.19110245,22.852678,0.52045846
10,49,10,0.0013421776,0.0293565,0.012541257,0.012648291,0.0041669514,0.055993877,0.0039779427,4.279417,0.27712366,5.499845,-0.15534903,0.111987755,0.0079558855,0.11246462,0.007282906,0.06455193,-0.0018233384,251.92934,247.38705,331.1288,-0.12177463,22.851484,0.32710546
10,50,10,0.0013421776,0.029372193,0.010852954,0.014124457,0.004394782,0.052088756,0.0043494343,4.5222497,0.18135756,5.6481967,-0.28508505,0.10417751,0.008698869,0.11884636,0.0047661415,0.06629315,-0.0033460567,251.96587,247.5485,331.7465,0.10372749,22.851484,0.35163936
10,51,10,0.0013421776,0.032218132,0.012540121,0.015030691,0.004647321,0.05599134,0.0030875716,4.6650696,0.43692663,5.808213,-0.44244534,0.11198268,0.006175143,0.12259972,0.011482587,0.06817126,-0.0051930025,251.97446,247.67354,331.9316,0.0055187047,22.851484,0.38337362
10,52,10,0.0013421776,0.031168036,0.012001106,0.014859005,0.0043079252,0.05477478,0.0036866616,4.63835,0.34440058,5.592105,-0.05896552,0.10954956,0.007373323,0.12189752,0.009050974,0.06563479,-0.00069208024,251.90485,247.28961,331.0486,-0.28543508,22.851484,0.34992123
10,53,10,0.0013421776,0.030745676,0.011658454,0.014502808,0.0045844126,0.05398716,0.0021988612,4.582418,0.0019452644,5.7687683,0.034233566,0.10797432,0.0043977224,0.12042761,5.1117906e-5,0.06770829,0.00040180032,251.88954,247.12898,331.22632,-0.03617883,22.850313,0.24882254
10,54,10,0.0013421776,0.029576672,0.010244788,0.015187431,0.004144454,0.05060827,0.0011338268,4.6893306,0.3241347,5.484978,-0.1420603,0.10121654,0.0022676536,0.1232373,0.008518383,0.064377435,-0.0016673674,251.89243,247.13347,331.46677,-0.18207441,22.850313,0.2791728
10,55,10,0.0013421776,0.032295033,0.013001151,0.014623743,0.0046701403,0.057011295,0.0021672677,4.601485,0.25782436,5.8224554,-0.033093385,0.11402259,0.0043345354,0.12092867,0.006775714,0.068338424,-0.00038841847,251.87895,247.20264,330.98926,-0.22473097,22.850313,0.2488591
10,56,10,0.0013421776,0.030150086,0.010950169,0.014143145,0.0050567724,0.052321527,0.0021633299,4.5252404,0.23914407,6.0586786,-0.2339004,0.104643054,0.0043266597,0.11892495,0.0062847906,0.071110986,-0.0027453005,251.89319,247.22978,331.57242,-0.005243674,22.850313,0.25153148
10,57,10,0.0013421776,0.029678721,0.010369822,0.014752271,0.0045566275,0.05091616,-0.0001258549,4.621661,0.31902593,5.75126,0.08477544,0.10183232,-0.0002517098,0.121458925,0.008384117,0.0675028,0.0009950132,251.90373,247.20253,331.6053,-0.40380138,22.84915,0.26921234
10,58,10,0.0013421776,0.03229701,0.011582777,0.015996624,0.004717612,0.053811654,0.0009851826,4.812634,0.06531494,5.851973,0.28551063,0.10762331,0.0019703652,0.12647776,0.0017165018,0.068684876,0.0033510532,251.884,247.21962,330.95056,-0.35082558,22.84915,0.30656138
10,59,10,0.0013421776,0.03237738,0.010707297,0.016524862,0.005145222,0.051738035,0.0018821645,4.8914504,-0.027058765,6.1114364,0.12499484,0.10347607,0.003764329,0.12854907,-0.00071111595,0.071730204,0.0014670711,251.83527,246.9746,331.3005,-0.09793607,22.84915,0.3370856
10,60,10,0.0013421776,0.03375268,0.011434625,0.017471995,0.0048460583,0.053466402,0.0006857632,5.029675,0.25065196,5.9311037,-0.11384359,0.106932804,0.0013715264,0.13218167,0.0065872283,0.069613636,-0.0013361868,251.7706,246.72583,331.01236,-0.13680837,22.84915,0.35271552
10,61,10,0.0013421776,0.034240324,0.012390498,0.017389433,0.0044603925,0.055656306,0.0009881423,5.017778,-0.119891234,5.690203,0.037654683,0.11131261,0.0019762847,0.131869,-0.0031507881,0.06678617,0.0004419525,251.73961,246.66428,330.04968,0.08223655,22.84801,0.49029943
10,62,10,0.0013421776,0.034795765,0.013252848,0.017036283,0.0045066327,0.057560507,0.0020667587,4.9665647,-0.29836127,5.7196217,0.115105405,0.115121014,0.0041335174,0.13052312,-0.007841043,0.06713146,0.0013509968,251.75989,246.68257,330.4088,0.18325587,22.84801,0.5160684
10,63,10,0.0013421776,0.035768382,0.0121749975,0.019294405,0.004298979,0.055170186,0.0010957317,5.285479,-0.01773919,5.586295,0.095897794,0.11034037,0.0021914635,0.1389043,-0.00046619502,0.0655666,0.0011255566,251.7426,246.63956,330.61856,-0.0781586,22.84801,0.5106698
10,64,10,0.0013421776,0.036041267,0.011621018,0.019807687,0.0046125627,0.053900413,0.0016831006,5.3553214,0.05737775,5.7864523,0.20139721,0.10780083,0.0033662012,0.14073978,0.0015079132,0.06791585,0.002363808,251.70439,246.54877,330.02518,-0.25877497,22.84801,0.5366751
10,65,10,0.0013421776,0.033987332,0.011322924,0.017279694,0.0053847143,0.053204615,0.002723427,5.0019193,0.123659305,6.2520514,0.041796867,0.10640923,0.005446854,0.13145225,0.0032498187,0.07338061,0.0004905721,251.72845,246.72803,330.41052,-0.16545618,22.846893,0.50716406
10,66,10,0.0013421776,0.036490776,0.01374895,0.017809909,0.004931917,0.05862796,0.0006787661,5.07808,0.3694878,5.9834146,0.06748304,0.11725592,0.0013575322,0.13345377,0.009710274,0.07022761,0.000792053,251.79033,247.0264,330.7945,-0.43697083,22.846893,0.4616602
10,67,10,0.0013421776,0.038731173,0.015416816,0.018642861,0.0046714935,0.062082235,0.0015377228,5.1954713,0.26002935,5.823299,0.24414001,0.12416447,0.0030754455,0.13653886,0.0068336665,0.068348326,0.002865483,251.82549,247.16835,330.33463,-0.50416934,22.846893,0.47863826
10,68,10,0.0013421776,0.03539171,0.012258812,0.01829701,0.0048358906,0.05535976,0.0022890086,5.147054,0.20071396,5.924878,-0.020138634,0.11071952,0.004578017,0.13526644,0.0052748304,0.06954057,-0.00023636734,251.87338,247.26495,331.30453,-0.18057533,22.846893,0.50060123
10,69,10,0.0013421776,0.031612705,0.011077837,0.015708778,0.0048260917,0.052625652,0.0013218827,4.7691383,0.71912074,5.9188714,-0.28371263,0.105251305,0.0026437654,0.12533467,0.018898755,0.06947008,-0.00332995,251.87358,247.24463,331.41205,-0.43540812,22.845797,0.4123461
10,70,10,0.0013421776,0.034153923,0.0134092085,0.016004978,0.004739736,0.05789907,0.0020294029,4.8138905,0.42537943,5.865679,-0.1153497,0.11579814,0.0040588058,0.12651078,0.011179131,0.06884574,-0.0013538656,251.86044,247.24266,330.59637,-0.31002972,22.845797,0.42953926
10,71,10,0.0013421776,0.033086516,0.012747503,0.015453929,0.004885086,0.05645242,0.0021680545,4.7302938,0.12068423,5.9549394,-0.17388701,0.11290484,0.004336109,0.12431383,0.003171627,0.06989339,-0.0020409168,251.93031,247.49219,330.9454,0.053202786,22.845797,0.4413824
10,72,10,0.0013421776,0.033931017,0.01311471,0.015482588,0.0053337174,0.05725974,0.0018903643,4.7346783,0.0908281,6.2223754,-0.2564253,0.11451948,0.0037807287,0.12442905,0.0023869963,0.073032305,-0.0030096788,251.96915,247.7806,331.4274,0.1655972,22.845797,0.45032686
10,73,10,0.0013421776,0.02997816,0.012628165,0.012564184,0.00478581,0.056187555,0.0031443466,4.2651653,0.35047102,5.894119,-0.25403202,0.11237511,0.0062886933,0.11209007,0.009210504,0.06917955,-0.0029815857,251.93367,247.87196,330.79575,-0.096439004,22.844702,0.3048292
10,74,10,0.0013421776,0.03063083,0.012605576,0.01316714,0.0048581134,0.05613728,0.0033092198,4.366308,0.2008069,5.938476,-0.36941463,0.11227456,0.0066184397,0.11474816,0.0052772774,0.06970017,-0.0043358356,251.91788,247.60674,331.10696,0.16860773,22.844702,0.30850402
10,75,10,0.0013421776,0.033320922,0.013567485,0.015177138,0.0045762984,0.058239773,0.0023830782,4.6877413,0.5229032,5.7636604,-0.4550443,0.116479546,0.0047661564,0.12319553,0.013742086,0.067648344,-0.005340874,251.94377,247.6662,331.29648,-0.067858905,22.844702,0.32683754
10,76,10,0.0013421776,0.033632793,0.014467812,0.014402578,0.004762403,0.06014111,0.0026891148,4.566556,0.24598373,5.879688,-0.39210436,0.12028222,0.0053782295,0.12001074,0.006464537,0.06901017,-0.004602147,251.93015,247.75937,330.72534,0.14612062,22.844702,0.3656669
10,77,10,0.0013421776,0.028716791,0.012331899,0.01133805,0.005046843,0.055524543,0.0022896628,4.0517054,0.4911148,6.052727,-0.3975849,0.111049086,0.0045793257,0.10648028,0.012906675,0.07104114,-0.0046664705,251.95793,247.80191,331.29468,-0.09352991,22.843616,0.18509823
10,78,10,0.0013421776,0.028893061,0.013333261,0.011242233,0.004317567,0.05773487,0.001019211,4.034549,0.65803206,5.598359,-0.41167104,0.11546974,0.002038422,0.1060294,0.017293321,0.0657082,-0.004831801,251.98923,247.9577,331.77454,-0.24636102,22.843616,0.17951587
10,79,10,0.0013421776,0.03102243,0.015497677,0.011251159,0.0042735934,0.062244833,0.002796828,4.03615,0.52231526,5.569777,-0.3443847,0.124489665,0.005593656,0.10607148,0.01372663,0.06537273,-0.0040420583,251.99191,248.03247,331.5646,-0.17793056,22.843616,0.19611053
10,80,10,0.0013421776,0.029900698,0.0133859385,0.011730209,0.0047845505,0.057848807,0.0024884273,4.1211796,0.6243146,5.8933434,-0.5553193,0.115697615,0.0049768547,0.10830609,0.016407216,0.069170445,-0.0065178075,252.01854,248.09195,332.08002,-0.0689953,22.843616,0.21350028
10,81,10,0.0013421776,0.027741497,0.013645241,0.010106374,0.0039898832,0.058406424,-0.00042750785,3.8253076,1.0305854,5.381723,-0.3428891,0.11681285,-0.0008550157,0.10053046,0.027084155,0.06316552,-0.0040245033,252.0703,248.35373,332.4244,-0.68769634,22.842518,0.25752866
10,82,10,0.0013421776,0.024797074,0.011659016,0.0092559615,0.0038820964,0.05398846,0.00012009207,3.6608286,0.51620215,5.3085313,-0.35011756,0.10797692,0.00024018413,0.09620791,0.013565981,0.06230647,-0.0041093477,252.07245,248.41003,331.75244,-0.16608459,22.842518,0.1648521
10,83,10,0.0013421776,0.026627697,0.011632959,0.01049031,0.0045044264,0.0539281,0.0004800735,3.8972905,0.36587554,5.7182217,-0.791618,0.1078562,0.000960147,0.102422215,0.009615343,0.067115024,-0.009291255,252.14272,248.6626,332.53812,0.42574245,22.842518,0.17673188
10,84,10,0.0013421776,0.030807722,0.013326272,0.012798835,0.004682616,0.057719737,-0.0012190328,4.304809,0.52034307,5.830228,-0.5599497,0.115439475,-0.0024380656,0.11313193,0.013674803,0.06842964,-0.0065721585,252.20442,248.98311,332.72992,0.03960663,22.842518,0.19363983
10,85,10,0.0013421776,0.03033365,0.0133900205,0.012429142,0.004514486,0.05785763,-0.0009782847,4.242182,0.46407804,5.724603,0.030105688,0.11571526,-0.0019565695,0.11148606,0.012196137,0.067189924,0.00035335138,252.22656,249.1149,332.0363,-0.49418372,22.841404,0.27447882
10,86,10,0.0013421776,0.0269865,0.012309445,0.0108437175,0.0038333365,0.05547397,-0.0012611088,3.962395,0.30469626,5.275088,-0.20397452,0.11094794,-0.0025222176,0.104133174,0.008007531,0.061913945,-0.0023940585,252.26605,249.07059,332.67322,-0.10072175,22.841404,0.31060576
10,87,10,0.0013421776,0.027143592,0.0115472255,0.011891127,0.0037052394,0.05372901,-0.0013817678,4.149351,0.5738384,5.186201,-0.16366601,0.10745802,-0.0027635356,0.109046444,0.015080677,0.060870677,-0.0019209556,252.30403,249.1164,333.05414,-0.4101724,22.841404,0.36578938
10,88,10,0.0013421776,0.028580712,0.012418913,0.012212811,0.0039489884,0.055720087,-0.0015808202,4.2051015,0.52379763,5.3540716,-0.0074302787,0.111440174,-0.0031616404,0.110511586,0.01376559,0.062840976,-8.720972e-5,252.2984,249.1103,332.41928,-0.5163674,22.841404,0.34199786
10,89,10,0.0013421776,0.027478145,0.011084496,0.012899803,0.0034938473,0.052641466,-0.00096586504,4.3217554,0.047631774,5.0360866,-0.45430738,0.10528293,-0.0019317301,0.1135773,0.001251777,0.059108775,-0.0053322255,252.35843,249.36826,333.51788,0.4066756,22.840233,0.43620014
10,90,10,0.0013421776,0.029747961,0.012175106,0.013754883,0.0038179716,0.05517043,-0.0014176249,4.462694,0.12606291,5.2645054,-0.5849743,0.11034086,-0.0028352498,0.11728121,0.0033129803,0.061789736,-0.0068658707,252.38557,249.58531,334.15897,0.45891136,22.840233,0.42495874
10,91,10,0.0013421776,0.027725292,0.0108599,0.013035264,0.0038301297,0.052105423,0.00063143036,4.3443875,0.008731534,5.2728806,-0.5498079,0.104210846,0.0012628607,0.11417208,0.00022946704,0.061888043,-0.0064531215,252.34946,249.49129,333.72855,0.54107636,22.840233,0.32964396
10,92,10,0.0013421776,0.027235601,0.011054312,0.012554685,0.0036266027,0.052569743,0.0008252263,4.2635527,-0.033407886,5.130872,-0.5907903,0.10513949,0.0016504526,0.11204769,-0.0008779728,0.06022128,-0.0069341315,252.35393,249.43486,334.0421,0.62419814,22.840233,0.3287571
10,93,10,0.0013421776,0.028443364,0.012587721,0.0125167705,0.003338872,0.056097507,-0.0010582092,4.2571096,0.0018915504,4.923128,-0.4647325,0.112195015,-0.0021164184,0.11187837,4.971509e-5,0.057782974,-0.0054545873,252.40294,249.6393,334.13068,0.46284094,22.839,0.33563316
10,94,10,0.0013421776,0.030834045,0.014127621,0.013548312,0.0031581111,0.059429836,-0.0005995526,4.4290566,-0.25248766,4.788008,-0.47942048,0.11885967,-0.0011991052,0.11639722,-0.006635464,0.056197073,-0.00562698,252.44603,249.84494,333.67844,0.73190814,22.839,0.30078754
10,95,10,0.0013421776,0.028256653,0.011586629,0.013328817,0.0033412075,0.053820603,0.0011135197,4.393033,-0.6258191,4.9248495,-0.5580374,0.107641205,0.0022270393,0.115450494,-0.016446754,0.05780318,-0.00654971,252.50519,250.06229,334.76187,1.1838565,22.839,0.3618388
10,96,10,0.0013421776,0.027587863,0.010298339,0.013961219,0.0033283047,0.050740365,0.00059423386,4.496042,-0.12843461,4.915331,-0.5473915,0.10148073,0.0011884677,0.1181576,-0.0033753014,0.057691462,-0.00642476,252.50546,249.86829,335.137,0.6758261,22.839,0.41531718
10,97,10,0.0013421776,0.026665183,0.009980544,0.0135121485,0.0031724893,0.049951337,0.0022108788,4.4231415,-0.49124563,4.7988954,-0.5596581,0.099902675,0.0044217575,0.11624177,-0.012910106,0.056324854,-0.0065687317,252.48383,249.69006,334.09344,1.0509038,22.837717,0.3218393
10,98,10,0.0013421776,0.02842841,0.0123182135,0.0128338775,0.0032763176,0.055493724,0.0017495293,4.3106985,-0.94767153,4.876792,-0.6230333,0.11098745,0.0034990585,0.113286704,-0.024905153,0.057239126,-0.00731257,252.55576,250.01172,334.51764,1.5707048,22.837717,0.32256904
10,99,10,0.0013421776,0.028973684,0.01323458,0.012403218,0.0033358862,0.05752082,0.00033344945,4.2377553,-0.90541095,4.920926,-0.502529,0.11504164,0.0006668989,0.11136974,-0.023794526,0.05775713,-0.005898207,252.57979,250.22212,334.94717,1.4079399,22.837717,0.30836725
10,100,10,0.0013421776,0.026583439,0.010418132,0.012956755,0.0032085516,0.051034626,0.0015113311,4.331285,-1.1172192,4.8260937,-0.57708275,0.10206925,0.0030226621,0.11382774,-0.02936092,0.05664408,-0.0067732465,252.54001,250.13715,334.273,1.694302,22.837717,0.3151666
