ic,traj,n_steps,eta,loss_total,loss_T,loss_olw,loss_slwd,rmse_T,bias_T,rmse_olw,bias_olw,rmse_slwd,bias_slwd,nrmse_T,nbias_T,nrmse_olw,nbias_olw,nrmse_slwd,nbias_slwd,mean_T,mean_olw,mean_slwd,bias_C,pnorm,gnorm
1,1,10,0.01,2.9075806,0.25898677,0.9338127,1.7147812,0.25445372,0.013259148,36.770416,-0.33075443,111.56953,-22.171965,0.50890744,0.026518296,0.9663398,-0.008692404,1.3094965,-0.26023346,252.26073,248.5709,332.51633,22.50272,13.68661,9.425102
1,2,10,0.01,2.9280267,0.26598772,0.92120624,1.7408326,0.25787,0.012429336,36.52137,-0.490489,112.41383,-21.206625,0.51574,0.024858672,0.9597949,-0.012890344,1.3194062,-0.24890321,252.1992,248.24219,332.40903,21.697113,13.68661,9.544963
1,3,10,0.01,2.9596183,0.27581683,0.92518026,1.7586212,0.26259133,0.006415687,36.600067,0.20035437,112.9867,-21.577345,0.52518266,0.012831374,0.9618629,0.005265342,1.3261302,-0.25325418,252.13222,247.94975,332.31287,21.376991,13.68661,9.405667
1,4,10,0.01,2.9200377,0.25944448,0.941538,1.7190552,0.25467846,0.010733609,36.9222,0.19832912,111.70848,-20.293789,0.5093569,0.021467218,0.9703288,0.0052121673,1.3111274,-0.23818904,252.07927,247.7753,331.5556,20.095459,13.68661,9.376566
1,5,10,0.01,1.3771362,0.18519051,0.44584644,0.74609923,0.21516883,-0.0015303679,25.407467,3.9492648,73.59352,-3.5817828,0.43033767,-0.0030607358,0.66771734,0.103788115,0.86377037,-0.042039506,252.05147,247.58623,331.75314,-0.36748195,13.672998,5.2616878
1,6,10,0.01,1.4231763,0.20264086,0.45829257,0.7622428,0.22507824,-0.006049787,25.759659,4.17328,74.38543,-4.8199735,0.45015648,-0.012099574,0.6769731,0.10967528,0.8730652,-0.05657224,252.01897,247.52878,331.92337,0.6466937,13.672998,5.3121786
1,7,10,0.01,1.4127991,0.19052066,0.47722334,0.7450551,0.21824336,0.00065594853,26.286304,4.220133,73.542,-3.6933477,0.43648672,0.0013118971,0.69081354,0.11090661,0.86316574,-0.043348975,251.95691,247.36429,331.3289,-0.52678514,13.672998,5.3200936
1,8,10,0.01,1.4224701,0.19719039,0.47116125,0.7541185,0.22203062,-0.0020771374,26.118816,3.8570843,73.987946,-4.158227,0.44406125,-0.0041542747,0.68641186,0.10136551,0.8684,-0.048805315,251.95079,247.28433,331.69382,0.3011427,13.672998,5.394173
1,9,10,0.01,0.6930226,0.14955766,0.25104344,0.2924215,0.19336343,-0.014930624,19.065277,6.5220814,46.07293,9.927334,0.38672686,-0.029861247,0.50104237,0.1714027,0.5407601,0.11651756,251.92105,247.15909,331.89072,-16.449415,13.675544,2.0051088
1,10,10,0.01,0.6839478,0.13615964,0.26056206,0.2872261,0.18449908,-0.0074086622,19.423357,6.622879,45.661816,11.531714,0.36899817,-0.0148173245,0.5104528,0.17405166,0.5359348,0.13534826,251.8907,247.18964,331.3462,-18.154594,13.675544,1.9678417
1,11,10,0.01,0.7009144,0.14291637,0.2677774,0.2902206,0.18902141,-0.009962026,19.69045,6.5921645,45.89922,11.7652645,0.37804282,-0.019924052,0.51747215,0.17324446,0.53872126,0.13808943,251.8666,247.06316,331.54025,-18.35743,13.675544,2.0274322
1,12,10,0.01,0.7452245,0.15822557,0.28472722,0.3022717,0.19888788,-0.015227376,20.304071,6.9936337,46.84249,11.155917,0.39777577,-0.030454751,0.53359836,0.18379523,0.5497924,0.1309375,251.82814,246.93076,331.5993,-18.149551,13.675544,2.1202352
1,13,10,0.01,0.6389222,0.11070247,0.236304,0.2919157,0.1663599,-0.015020897,18.497124,7.8299837,46.03307,23.86082,0.3327198,-0.030041793,0.4861111,0.20577478,0.54029226,0.28005552,251.78645,246.86952,331.05295,-31.690804,13.686837,2.5781765
1,14,10,0.01,0.6486974,0.11234844,0.23627208,0.30007687,0.1675921,-0.017460408,18.495874,7.9486804,46.672115,23.912918,0.3351842,-0.034920815,0.48607826,0.20889421,0.54779273,0.28066704,251.76985,246.7719,331.27786,-31.861599,13.686837,2.562678
1,15,10,0.01,0.6671404,0.12585874,0.23467122,0.30661047,0.17738287,-0.021067489,18.433111,8.294637,47.17748,23.227354,0.35476574,-0.042134978,0.48442876,0.217986,0.55372417,0.27262053,251.71179,246.5844,331.20627,-31.521992,13.686837,2.56136
1,16,10,0.01,0.6583005,0.11323032,0.2404834,0.3045868,0.16824856,-0.015291452,18.659983,8.245893,47.021526,24.162682,0.33649713,-0.030582905,0.49039108,0.21670504,0.55189383,0.28359845,251.63853,246.3779,330.3019,-32.408573,13.686837,2.497586
1,17,10,0.01,0.63405746,0.10557297,0.17711812,0.35136637,0.16245997,-0.024515508,16.014013,6.360182,50.50348,25.13985,0.32491994,-0.049031015,0.42085403,0.16714787,0.59276164,0.29506758,251.63788,246.24348,330.22427,-31.500032,13.694744,3.1419501
1,18,10,0.01,0.63702565,0.114658944,0.17566615,0.34670055,0.16930664,-0.028392263,15.948238,6.700463,50.16704,24.610998,0.33861327,-0.056784526,0.41912547,0.17609058,0.5888128,0.28886038,251.67389,246.40558,330.4229,-31.31146,13.694744,3.1365206
1,19,10,0.01,0.6259954,0.10408538,0.17658542,0.3453246,0.16131133,-0.019299649,15.989913,6.7240186,50.067394,26.02591,0.32262266,-0.038599297,0.42022067,0.17670965,0.58764327,0.30546725,251.65025,246.49791,330.0138,-32.749928,13.694744,3.1177897
1,20,10,0.01,0.62356615,0.10732575,0.17356315,0.34267724,0.16380304,-0.024560189,15.852487,6.5519958,49.87511,25.495031,0.32760608,-0.049120378,0.4166091,0.1721888,0.5853864,0.29923633,251.625,246.35127,330.4561,-32.047028,13.694744,3.1047027
1,21,10,0.01,0.5112994,0.10407678,0.12904212,0.2781805,0.16130467,-0.032012325,13.668927,4.5393114,44.93705,20.241402,0.32260934,-0.06402465,0.35922432,0.11929473,0.5274282,0.23757426,251.56427,246.07457,330.3989,-24.780712,13.699028,2.5603356
1,22,10,0.01,0.51077825,0.09830448,0.13323732,0.27923644,0.15676773,-0.026624754,13.88934,4.366793,45.022255,20.658602,0.31353545,-0.05324951,0.36501688,0.11476092,0.52842826,0.24247095,251.48386,245.78645,329.6571,-25.025394,13.699028,2.563332
1,23,10,0.01,0.5235401,0.1032052,0.14113589,0.279199,0.16062783,-0.031350352,14.295106,4.2167583,45.019238,20.313755,0.32125565,-0.062700704,0.37568057,0.11081793,0.52839285,0.23842345,251.44179,245.53473,329.8091,-24.530514,13.699028,2.5569742
1,24,10,0.01,0.5497503,0.11353193,0.1525455,0.2836729,0.1684725,-0.03425493,14.861696,4.842135,45.378498,19.748318,0.336945,-0.06850986,0.39057073,0.12725304,0.5326095,0.23178688,251.40213,245.38422,329.71378,-24.590452,13.699028,2.5062869
1,25,10,0.01,0.3998402,0.091691844,0.1290989,0.17904946,0.15140331,-0.027015638,13.671933,2.419333,36.051865,13.065389,0.30280662,-0.054031275,0.35930336,0.063580945,0.42314237,0.15334906,251.37224,245.34642,329.18073,-15.484722,13.700703,1.4804847
1,26,10,0.01,0.4073778,0.09295632,0.13198544,0.18243605,0.15244369,-0.029088767,13.823935,2.242698,36.391212,13.498131,0.30488738,-0.058177534,0.363298,0.058938913,0.42712533,0.15842818,251.37373,245.38492,329.44574,-15.7408285,13.700703,1.4516205
1,27,10,0.01,0.41483167,0.098163284,0.13782358,0.17884481,0.1566551,-0.033393674,14.126366,2.387582,36.031258,13.806881,0.3133102,-0.06678735,0.37124598,0.06274654,0.42290047,0.16205198,251.38387,245.43152,329.42593,-16.194464,13.700703,1.4161144
1,28,10,0.01,0.4005495,0.092019506,0.13571395,0.17281604,0.15167359,-0.02739948,14.017836,2.0445414,35.41875,15.146514,0.30334717,-0.05479896,0.36839375,0.05373129,0.4157115,0.17777534,251.41597,245.63701,328.94748,-17.191055,13.700703,1.4339797
1,29,10,0.01,0.33337298,0.088467166,0.12713513,0.117770694,0.14871715,-0.02969566,13.567552,-0.3229353,29.238821,5.549878,0.2974343,-0.05939132,0.35656014,-0.008486846,0.34317735,0.065139174,251.50795,245.96112,329.7668,-5.226943,13.700976,0.7502972
1,30,10,0.01,0.3325914,0.095914446,0.118702434,0.11797455,0.15485029,-0.033973724,13.109873,-0.46618512,29.264114,4.7644815,0.30970058,-0.06794745,0.3445322,-0.0122515075,0.34347424,0.05592094,251.58807,246.34262,330.09915,-4.2982965,13.700976,0.7377523
1,31,10,0.01,0.32794312,0.093525626,0.11572238,0.11869512,0.1529098,-0.02592263,12.944263,-0.5206459,29.353348,5.7511873,0.3058196,-0.05184526,0.34017992,-0.01368277,0.34452158,0.067501955,251.60365,246.52762,329.6616,-5.230541,13.700976,0.8068531
1,32,10,0.01,0.32726067,0.09532717,0.11295911,0.118974395,0.1543755,-0.031378843,12.788787,-0.34452897,29.38786,5.8209696,0.308751,-0.062757686,0.3360939,-0.009054348,0.34492666,0.06832098,251.61838,246.48578,330.31946,-5.4764404,13.700976,0.74461615
1,33,10,0.01,0.33850372,0.08982644,0.11005152,0.13862576,0.1498553,-0.03492719,12.62312,-0.827381,31.72219,-1.5999513,0.2997106,-0.06985438,0.33174014,-0.021743864,0.3723248,-0.018778708,251.61865,246.45918,330.47992,2.4273324,13.7009535,1.1989446
1,34,10,0.01,0.34357744,0.08786274,0.11247386,0.14324085,0.14820825,-0.025087886,12.761288,-0.526249,32.24591,-0.51514596,0.2964165,-0.05017577,0.33537123,-0.013830007,0.37847173,-0.006046282,251.62627,246.66656,330.1144,1.041395,13.7009535,1.2706164
1,35,10,0.01,0.33300477,0.08844735,0.103575796,0.14098163,0.14870049,-0.028996576,12.246101,-0.88748044,31.99061,-2.099794,0.29740098,-0.05799315,0.32183194,-0.023323305,0.3754752,-0.024645371,251.66483,246.71489,330.92218,2.9872744,13.7009535,1.2542785
1,36,10,0.01,0.32652768,0.08919426,0.10454184,0.13279158,0.14932704,-0.03260243,12.303078,-0.8974925,31.047487,-2.8030002,0.29865408,-0.06520486,0.3233293,-0.023586413,0.36440578,-0.032898933,251.67654,246.71457,331.12134,3.7004929,13.7009535,1.223185
1,37,10,0.01,0.33999193,0.07640918,0.09780802,0.16577472,0.13821106,-0.024224274,11.900245,-0.92610204,34.689682,-6.478074,0.2764221,-0.048448548,0.31274274,-0.024338294,0.4071544,-0.07603345,251.65692,246.71658,330.47534,7.404176,13.702071,1.6118662
1,38,10,0.01,0.34190023,0.07764987,0.0945428,0.16970758,0.13932863,-0.025945485,11.699921,-1.1325816,35.098766,-6.335776,0.27865726,-0.05189097,0.30747813,-0.02976467,0.4119558,-0.07436328,251.6138,246.55139,330.3998,7.4683576,13.702071,1.6707985
1,39,10,0.01,0.358807,0.08166638,0.10192065,0.17521997,0.14288665,-0.029011158,12.147859,-0.9687839,35.66424,-5.9955697,0.2857733,-0.058022317,0.31925014,-0.025459979,0.41859284,-0.07037029,251.59901,246.63414,330.45303,6.9643536,13.702071,1.6718966
1,40,10,0.01,0.3587185,0.071653806,0.109198935,0.17786577,0.13384114,-0.020877516,12.574128,-0.9571836,35.9325,-5.184046,0.26768228,-0.04175503,0.33045262,-0.02515514,0.42174137,-0.060845405,251.59895,246.68991,330.09283,6.1412296,13.702071,1.7190945
1,41,10,0.01,0.34058645,0.071250424,0.098515585,0.17082044,0.13346387,-0.022868413,11.943212,-0.6093089,35.213657,-7.487688,0.26692775,-0.045736827,0.31387192,-0.016012857,0.4133043,-0.08788332,251.64864,246.76584,330.86002,8.096997,13.704319,1.6740935
1,42,10,0.01,0.33979005,0.07830353,0.09565982,0.16582671,0.13991384,-0.030025434,11.768834,-0.67851865,34.69512,-7.814786,0.27982768,-0.060050867,0.30928922,-0.017831713,0.40721825,-0.091722526,251.69295,246.90518,331.026,8.493304,13.704319,1.6278218
1,43,10,0.01,0.32146898,0.07087244,0.09027389,0.16032265,0.13310939,-0.021879062,11.432726,-0.65358067,34.11447,-7.9508586,0.26621878,-0.043758124,0.30045614,-0.017176332,0.4004031,-0.093319595,251.70029,246.9536,330.62766,8.604439,13.704319,1.5716527
1,44,10,0.01,0.32255423,0.07245062,0.09097028,0.15913332,0.13458326,-0.025675789,11.476738,-0.848106,33.987698,-8.417569,0.26916653,-0.051351577,0.3016128,-0.02228853,0.39891517,-0.09879738,251.75197,247.12653,331.4357,9.265676,13.704319,1.6073132
1,45,10,0.01,0.27754825,0.07629276,0.0769535,0.12430201,0.13810572,-0.029055761,10.555598,-0.92633784,30.03864,-8.27709,0.27621144,-0.058111522,0.27740493,-0.024344496,0.3525649,-0.097148575,251.79498,247.25262,331.82343,9.203428,13.707482,1.2968982
1,46,10,0.01,0.26297218,0.06575092,0.07173082,0.12549043,0.12820971,-0.020606369,10.1911125,-0.493412,30.181898,-7.6227813,0.25641942,-0.041212738,0.2678261,-0.0129670445,0.3542463,-0.08946895,251.8067,247.24657,331.37354,8.116193,13.707482,1.3117547
1,47,10,0.01,0.273861,0.06872352,0.07853733,0.12660013,0.13107586,-0.025020849,10.6636715,-0.4935799,30.315048,-7.6806073,0.26215172,-0.050041698,0.28024513,-0.012971464,0.35580912,-0.090147644,251.85924,247.40187,331.78464,8.174188,13.707482,1.3000014
1,48,10,0.01,0.28777742,0.07428392,0.08290278,0.13059074,0.13627538,-0.028101532,10.956029,-1.0993416,30.789127,-8.262959,0.27255076,-0.056203064,0.28792843,-0.028891096,0.3613734,-0.0969827,251.88605,247.62378,332.05127,9.3623,13.707482,1.2819167
1,49,10,0.01,0.22456306,0.05943172,0.07190757,0.09322376,0.12189311,-0.017727997,10.203661,-0.9658123,26.013844,-5.369473,0.24378622,-0.035455994,0.26815587,-0.025381902,0.30532566,-0.063021734,251.84105,247.51483,331.2912,6.335285,13.711094,0.7985672
1,50,10,0.01,0.22868103,0.06222008,0.07303322,0.09342771,0.12471977,-0.019345306,10.2832155,-0.79250866,26.042282,-5.4911575,0.24943954,-0.03869061,0.2702466,-0.020827409,0.30565947,-0.06444996,251.8503,247.46492,331.62405,6.283666,13.711094,0.80283326
1,51,10,0.01,0.23825423,0.070144065,0.07684981,0.09126036,0.13242362,-0.025755152,10.548486,-1.0959032,25.738445,-5.9075513,0.26484725,-0.051510304,0.27721798,-0.028800733,0.3020933,-0.06933718,251.88084,247.5709,331.97208,7.003454,13.711094,0.8135839
1,52,10,0.01,0.21753253,0.057020895,0.072333775,0.08817786,0.11939524,-0.018691603,10.233853,-1.087438,25.300026,-5.5748987,0.23879048,-0.037383206,0.2689494,-0.028578267,0.29694757,-0.06543284,251.85164,247.4424,331.4577,6.662337,13.711094,0.78215253
1,53,10,0.01,0.19094965,0.058792632,0.061756097,0.070400916,0.12123596,-0.02078627,9.456024,-0.5831222,22.606348,-2.4398248,0.24247192,-0.04157254,0.24850774,-0.015324658,0.26533172,-0.028636334,251.88135,247.46127,332.03073,3.022947,13.714823,0.4185912
1,54,10,0.01,0.21890533,0.074902795,0.06427013,0.07973241,0.13684188,-0.025361145,9.646577,-1.0890386,24.057955,-2.7166767,0.27368376,-0.05072229,0.25351554,-0.028620332,0.2823693,-0.031885758,251.91327,247.65869,332.28046,3.8057153,13.714823,0.5018834
1,55,10,0.01,0.18738452,0.055658218,0.061003387,0.0707229,0.11795997,-0.017205631,9.398221,-0.7259513,22.657982,-1.9562473,0.23591994,-0.034411263,0.24698864,-0.019078264,0.26593778,-0.022960559,251.89374,247.5736,331.7236,2.6821985,13.714823,0.393623
1,56,10,0.01,0.19614825,0.059043236,0.06547432,0.0716307,0.12149407,-0.020430315,9.736529,-0.4221055,22.802938,-2.1278732,0.24298814,-0.04086063,0.2558795,-0.011093085,0.26763913,-0.024974944,251.91824,247.64635,332.43048,2.5499787,13.714823,0.40282637
1,57,10,0.01,0.19810474,0.06321775,0.060553253,0.074333735,0.1257157,-0.022592988,9.363482,-0.6079097,23.229197,0.16848747,0.2514314,-0.045185976,0.2460757,-0.015976086,0.27264214,0.0019775454,251.9528,247.77281,332.72714,0.4394222,13.718113,0.7125975
1,58,10,0.01,0.1837922,0.052286133,0.058253206,0.07325287,0.114330806,-0.012266283,9.18393,-0.5948462,23.059696,1.1613299,0.22866161,-0.024532566,0.24135701,-0.01563277,0.27065268,0.013630588,252.00446,248.10574,332.21866,-0.5664837,13.718113,0.6955524
1,59,10,0.01,0.187109,0.056620874,0.06028915,0.07019896,0.11897571,-0.014115487,9.343041,-0.6722936,22.5739,1.570735,0.23795141,-0.028230974,0.24553849,-0.017668115,0.26495087,0.018435786,252.11064,248.54095,333.0698,-0.8984414,13.718113,0.6740406
1,60,10,0.01,0.20822668,0.07236473,0.062027004,0.07383495,0.13450347,-0.020339537,9.476743,-1.2435565,23.151129,1.1033182,0.26900694,-0.040679075,0.24905221,-0.032681115,0.27172586,0.012949698,252.21672,248.97495,333.6983,0.14023829,13.718113,0.7375072
1,61,10,0.01,0.17799143,0.053073227,0.04581895,0.07909925,0.11518814,-0.007984077,8.145002,-0.50367504,23.962238,4.1558304,0.23037627,-0.015968153,0.21405362,-0.013236758,0.2812459,0.048777167,252.27548,249.31581,333.48865,-3.6521554,13.720286,0.9647642
1,62,10,0.01,0.18796724,0.057123005,0.04844868,0.08239555,0.1195021,-0.011064573,8.375479,-0.65633917,24.45643,3.6528857,0.2390042,-0.022129146,0.22011061,-0.01724883,0.28704625,0.042874087,252.36707,249.68568,334.49918,-2.9965465,13.720286,0.97676235
1,63,10,0.01,0.20795915,0.072506286,0.053149197,0.082303666,0.13463496,-0.018383196,8.772371,-0.95764875,24.442791,2.800069,0.2692699,-0.03676639,0.2305411,-0.025167355,0.28688616,0.032864545,252.40033,249.73598,334.96133,-1.8424203,13.720286,0.97103864
1,64,10,0.01,0.18541083,0.05141728,0.05107605,0.08291749,0.11337689,-0.007986675,8.599581,-0.43945518,24.53377,3.189215,0.22675379,-0.01597335,0.22600012,-0.01154904,0.28795397,0.037431967,252.37552,249.61746,334.44043,-2.7497597,13.720286,0.96669954
1,65,10,0.01,0.1769934,0.049300257,0.048015233,0.07967791,0.11101831,-0.007446842,8.33793,0.19072877,24.049728,4.409361,0.22203662,-0.014893684,0.21912378,0.0050124177,0.28227276,0.05175287,252.40302,249.73982,335.02185,-4.6000896,13.720685,0.98885214
1,66,10,0.01,0.20726417,0.06451532,0.054066505,0.08868234,0.12699933,-0.012694722,8.84775,-0.23404829,25.372293,4.3325033,0.25399867,-0.025389444,0.23252206,-0.0061508706,0.2977958,0.0508508,252.41122,249.80402,335.2229,-4.098455,13.720685,1.0289918
1,67,10,0.01,0.18457599,0.047705695,0.05144892,0.085421376,0.10920817,-0.002753553,8.630914,-0.16941933,24.901443,4.469407,0.21841633,-0.005507106,0.22682354,-0.0044523985,0.29226935,0.052457634,252.38863,249.81,334.71893,-4.299988,13.720685,1.0451901
1,68,10,0.01,0.20192389,0.05579142,0.057776522,0.08835595,0.11810104,-0.003872162,9.146277,-0.015817508,25.325563,4.1450405,0.23620208,-0.007744324,0.24036747,-0.00041569123,0.2972473,0.04865052,252.39903,249.83473,335.42688,-4.129223,13.720685,1.054446
1,69,10,0.01,0.19927925,0.06402344,0.051538978,0.08371682,0.12651427,-0.006066269,8.638465,0.2517841,24.651741,3.1479948,0.25302854,-0.012132538,0.22702198,0.0066169775,0.2893386,0.036948167,252.42654,249.8969,335.95667,-3.3997788,13.719224,0.8881847
1,70,10,0.01,0.17418152,0.042572655,0.05112599,0.08048288,0.10316571,-0.0003167555,8.603785,0.34803456,24.170908,3.8140604,0.20633142,-0.000633511,0.22611056,0.009146473,0.28369504,0.04476579,252.41481,249.94348,335.33545,-4.162095,13.719224,0.8923988
1,71,10,0.01,0.17421232,0.045336638,0.048873976,0.08000171,0.10646201,-0.002140872,8.412159,0.28870785,24.098547,3.9986963,0.21292402,-0.004281744,0.2210746,0.0075873462,0.28284574,0.046932876,252.45845,250.12836,335.69736,-4.287404,13.719224,0.912171
1,72,10,0.01,0.20003265,0.065729156,0.04899947,0.085304014,0.12818849,-0.008160439,8.422953,-0.3184296,24.884329,3.5384092,0.25637698,-0.016320879,0.22135824,-0.008368444,0.2920685,0.04153048,252.54411,250.53662,336.21365,-3.2199798,13.719224,0.9299142
1,73,10,0.01,0.15604308,0.044630084,0.048131146,0.06328185,0.10562917,0.0061667794,8.347986,0.3360898,21.432896,3.0386467,0.21125834,0.012333559,0.21938811,0.00883256,0.25155884,0.035664733,252.5994,250.77606,336.00955,-3.3747365,13.71609,0.59673375
1,74,10,0.01,0.164514,0.04694037,0.05171392,0.065859705,0.10832863,0.0030440176,8.653114,0.4269134,21.865084,2.6225681,0.21665727,0.006088035,0.22740695,0.011219437,0.25663146,0.030781202,252.66292,250.90749,336.762,-3.0494816,13.71609,0.5837228
1,75,10,0.01,0.1881969,0.059878074,0.055466417,0.07285241,0.122349985,-0.0013665283,8.961562,-0.055507313,22.996574,1.8714427,0.24469997,-0.0027330567,0.23551309,-0.0014587436,0.26991186,0.02196519,252.68631,250.94221,336.95566,-1.8159354,13.71609,0.63972
1,76,10,0.01,0.16594562,0.048019215,0.052157376,0.06576903,0.109566435,0.00967485,8.690136,0.29115126,21.850027,3.255251,0.21913287,0.0193497,0.22837989,0.0076515577,0.25645474,0.038207024,252.65144,250.92236,336.11743,-3.5464022,13.71609,0.6684695
1,77,10,0.01,0.15931587,0.050299067,0.054711737,0.05430506,0.112137266,0.008806349,8.900388,1.0162991,19.85461,2.1886945,0.22427453,0.017612698,0.2339054,0.026708707,0.23303446,0.025688807,252.66106,250.8799,336.61728,-3.2049937,13.711883,0.47017336
1,78,10,0.01,0.18006824,0.061207578,0.05924939,0.059611272,0.12370083,-0.0006378348,9.262124,0.50063133,20.802015,1.0636648,0.24740165,-0.0012756696,0.24341197,0.013156769,0.2441542,0.012484287,252.70099,250.94101,337.05554,-1.5642961,13.711883,0.46444035
1,79,10,0.01,0.15767589,0.04603574,0.055318713,0.056321442,0.1072797,0.010545682,8.949622,0.73932946,20.219858,1.492628,0.2145594,0.021091364,0.2351993,0.019429846,0.23732139,0.017519044,252.70486,251.03314,336.48193,-2.2319574,13.711883,0.44626907
1,80,10,0.01,0.16090886,0.049994893,0.05588034,0.05503362,0.11179769,0.0075181993,8.994939,0.6923407,19.987354,1.5906458,0.22359538,0.015036399,0.23639023,0.018194964,0.23459245,0.018669484,252.76898,251.2739,337.37738,-2.2829864,13.711883,0.4330684
1,81,10,0.01,0.17875187,0.05644514,0.059662554,0.062644176,0.11879093,0.0008429227,9.294362,0.3443286,21.324633,-0.71946424,0.23758186,0.0016858454,0.2442592,0.009049085,0.2502882,-0.008444394,252.83514,251.52829,337.7099,0.37513563,13.707568,0.5598424
1,82,10,0.01,0.15676454,0.042454623,0.055849086,0.05846083,0.1030226,0.009961255,8.992422,0.5100616,20.600306,-0.052995007,0.2060452,0.01992251,0.23632412,0.013404599,0.24178675,-0.00062200153,252.84645,251.60902,337.09293,-0.45706663,13.707568,0.5353706
1,83,10,0.01,0.15704572,0.04539972,0.055305142,0.05634085,0.10653605,0.009544039,8.948524,0.5621019,20.223343,0.073098846,0.2130721,0.019088078,0.23517045,0.0147722475,0.23736228,0.0008579709,252.88324,251.69739,337.64087,-0.63520074,13.707568,0.55104464
1,84,10,0.01,0.17927471,0.060625665,0.058723815,0.059925232,0.1231114,-6.808107e-5,9.220952,0.09064615,20.856724,-1.050548,0.2462228,-0.00013616214,0.24232997,0.0023822086,0.2447963,-0.0123303225,252.88396,251.59106,337.85977,0.9599018,13.707568,0.5710944
1,85,10,0.01,0.14916024,0.04078533,0.051329743,0.057045165,0.10097689,0.01290302,8.620912,0.679446,20.349356,-2.0200467,0.20195378,0.02580604,0.22656068,0.01785609,0.2388413,-0.023709385,252.85687,251.52444,337.21054,1.3406007,13.703924,0.6005018
1,86,10,0.01,0.16094877,0.04520448,0.057132524,0.05861177,0.106306724,0.011268414,9.095161,0.46395454,20.626883,-2.379757,0.21261345,0.022536827,0.2390241,0.012192892,0.24209867,-0.027931314,252.89734,251.6349,337.77582,1.9158024,13.703924,0.62115014
1,87,10,0.01,0.17913878,0.054563917,0.062360596,0.062214263,0.1167946,0.005434408,9.5021925,-0.21431616,21.251335,-3.069441,0.2335892,0.010868816,0.24972104,-0.00563231,0.24942787,-0.036026172,252.95802,251.81755,338.28473,3.2837572,13.703924,0.6418038
1,88,10,0.01,0.16161355,0.042308748,0.0597274,0.059577413,0.10284545,0.014960908,9.299412,0.08584132,20.796106,-2.2010484,0.2056909,0.029921817,0.2443919,0.0022559406,0.24408485,-0.025833797,252.97325,252.02109,337.76666,2.115207,13.703924,0.6268144
1,89,10,0.01,0.15181708,0.04611265,0.052010674,0.053693764,0.10736928,0.0143005345,8.677905,0.43735632,19.742544,-2.4705267,0.21473856,0.028601069,0.22805849,0.011493879,0.23171915,-0.02899669,252.98753,252.11726,338.0947,2.0331705,13.70123,0.6180333
1,90,10,0.01,0.16859233,0.060986936,0.051589273,0.056016117,0.12347767,0.007295982,8.642679,0.23377804,20.164978,-3.2989478,0.24695534,0.014591964,0.22713272,0.006143771,0.23667724,-0.03871991,253.01329,252.11397,338.519,3.0651698,13.70123,0.6223865
1,91,10,0.01,0.15409386,0.044406764,0.053429406,0.056257688,0.10536456,0.016566226,8.795466,0.6225913,20.20841,-2.4646173,0.21072912,0.033132453,0.23114802,0.016361928,0.23718703,-0.028927324,253.02614,252.18105,337.8838,1.842026,13.70123,0.5502478
1,92,10,0.01,0.1551562,0.04920128,0.051132187,0.05482273,0.11090681,0.016657844,8.604306,0.70619094,19.94902,-2.4203563,0.22181362,0.03331569,0.22612427,0.01855895,0.23414254,-0.028407829,253.07672,252.36249,338.5086,1.7141653,13.70123,0.57988423
1,93,10,0.01,0.15337236,0.051458154,0.04970693,0.052207276,0.11342195,0.009877567,8.483541,0.55339086,19.467346,-3.3970466,0.2268439,0.019755134,0.2229505,0.014543312,0.22848912,-0.039871298,253.09418,252.38052,338.95416,2.8436556,13.699679,0.5414496
1,94,10,0.01,0.14332965,0.04128611,0.049721166,0.05232238,0.10159492,0.018437145,8.4847555,0.6637977,19.488792,-3.1423526,0.20318983,0.03687429,0.22298244,0.017444842,0.22874086,-0.036881924,253.07956,252.42114,338.4859,2.478555,13.699679,0.51607966
1,95,10,0.01,0.14910652,0.045765463,0.0501983,0.053142752,0.10696432,0.016878538,8.525369,0.67447996,19.640984,-2.923449,0.21392864,0.033757076,0.22404978,0.017725574,0.23052712,-0.034312654,253.10677,252.49452,338.875,2.248969,13.699679,0.54548454
1,96,10,0.01,0.16398484,0.054019652,0.054036926,0.055928253,0.11621064,0.009815878,8.84533,0.3116777,20.149155,-3.40882,0.23242128,0.019631756,0.23245844,0.008191005,0.23649155,-0.040009476,253.12157,252.48363,339.0629,3.0971422,13.699679,0.56105006
1,97,10,0.01,0.13893718,0.040426176,0.048326306,0.0501847,0.10053131,0.017127495,8.364894,0.86973125,19.086527,-2.221832,0.20106262,0.03425499,0.21983245,0.02285685,0.22401942,-0.026077745,253.09904,252.47557,338.16232,1.3521008,13.699334,0.45403448
1,98,10,0.01,0.14322188,0.044697016,0.048842415,0.049682453,0.105708346,0.014959709,8.409443,0.7300251,18.990774,-3.1801283,0.21141669,0.029919418,0.2210032,0.019185327,0.2228956,-0.03732531,253.12762,252.53442,338.80612,2.4501033,13.699334,0.44964495
1,99,10,0.01,0.16274914,0.053730026,0.054946925,0.054072183,0.11589869,0.008343425,8.919497,0.4928105,19.811993,-3.5678732,0.23179738,0.01668685,0.2344076,0.012951238,0.23253426,-0.041876294,253.10149,252.3203,338.95947,3.0750628,13.699334,0.44934738
1,100,10,0.01,0.15144444,0.039635923,0.057157997,0.054650523,0.09954386,0.015406905,9.097188,0.79413897,19.917662,-2.8029099,0.19908772,0.03081381,0.23907739,0.02087026,0.23377451,-0.03289788,253.09741,252.35004,338.27313,2.008771,13.699334,0.45056874
2,1,10,0.008,0.1540185,0.036667243,0.06484861,0.052502654,0.09574346,0.009848727,9.689894,3.722837,19.522337,1.6571523,0.19148692,0.019697454,0.2546539,0.097837485,0.22913457,0.019450072,252.23134,248.25395,332.85565,-5.379989,13.69994,0.6736221
2,2,10,0.008,0.15648653,0.037376717,0.06637737,0.052732438,0.09666529,0.0074000866,9.803444,3.887801,19.565014,1.5518177,0.19333059,0.014800173,0.25763807,0.102172814,0.22963545,0.018213755,252.2222,248.18279,333.25754,-5.4396186,13.69994,0.6860181
2,3,10,0.008,0.16042429,0.04363636,0.06379299,0.05299494,0.10444659,0.0024729865,9.6107025,3.7796242,19.61365,1.3262135,0.20889318,0.004945973,0.25257275,0.0993299,0.2302063,0.015565836,252.18517,248.03381,333.244,-5.105838,13.69994,0.68441325
2,4,10,0.008,0.14973181,0.03492234,0.062305395,0.05250408,0.0934376,0.009158328,9.497985,3.9775295,19.522606,2.0875046,0.1868752,0.018316656,0.24961048,0.1045309,0.22913769,0.024501132,252.14926,247.9505,332.46957,-6.065034,13.69994,0.6779437
2,5,10,0.008,0.14503852,0.03658628,0.059987333,0.04846491,0.0956377,0.005459917,9.319626,3.7825665,18.756634,2.9330845,0.1912754,0.010919834,0.24492311,0.099407196,0.22014748,0.03442575,252.14798,247.95624,332.8354,-6.715651,13.700573,0.5912405
2,6,10,0.008,0.15930885,0.046414737,0.06266943,0.050224673,0.1077204,0.00043655586,9.525692,3.6817331,19.094128,2.8385239,0.2154408,0.0008731117,0.25033864,0.09675727,0.22410862,0.033315886,252.0973,247.74239,332.6662,-6.520257,13.700573,0.6209411
2,7,10,0.008,0.14761454,0.03692051,0.06216076,0.048533272,0.09607355,0.0069032707,9.486955,3.8016136,18.76986,2.819249,0.1921471,0.013806541,0.2493206,0.09990777,0.22030269,0.033089645,252.0304,247.48514,331.9073,-6.6208625,13.700573,0.6183702
2,8,10,0.008,0.14592916,0.03515838,0.064214386,0.046556387,0.09375284,0.0039128633,9.642393,3.7055273,18.383614,2.4686852,0.18750568,0.007825727,0.25340557,0.097382575,0.21576929,0.028975073,252.02632,247.38329,332.3454,-6.1742125,13.700573,0.6066875
2,9,10,0.008,0.14336155,0.044672832,0.055954523,0.0427342,0.10567974,-0.0012602505,9.000907,2.392156,17.612822,2.193334,0.21135949,-0.002520501,0.23654708,0.062866725,0.20672251,0.025743254,252.0326,247.4388,332.63614,-4.58549,13.701101,0.489989
2,10,10,0.008,0.1363609,0.037067063,0.054809507,0.044484332,0.09626404,0.0060627535,8.908337,2.344861,17.969862,2.107835,0.19252808,0.012125507,0.2341143,0.061623782,0.21091309,0.024739759,252.0218,247.5051,332.085,-4.452696,13.701101,0.48829997
2,11,10,0.008,0.13258325,0.037398845,0.0528647,0.042319696,0.0966939,0.003507662,8.748862,2.5394459,17.527197,2.6120753,0.1933878,0.007015324,0.22992325,0.06673754,0.20571752,0.03065803,252.02592,247.514,332.38644,-5.151521,13.701101,0.50214
2,12,10,0.008,0.13621396,0.046406362,0.051471885,0.03833572,0.10771068,-1.605442e-5,8.63284,2.3207877,16.681803,2.479716,0.21542136,-3.210884e-5,0.22687416,0.060991142,0.19579509,0.029104538,251.99919,247.36353,332.3743,-4.8005037,13.701101,0.5026906
2,13,10,0.008,0.1207017,0.037190475,0.048368145,0.035143074,0.09642416,0.0036897447,8.368515,1.4719368,15.972065,2.8358831,0.19284832,0.0073794895,0.2199276,0.03868304,0.18746486,0.033284884,251.96536,247.27959,331.7274,-4.30782,13.701376,0.47804806
2,14,10,0.008,0.12430388,0.03750449,0.050063226,0.036736157,0.09683038,-0.0005838462,8.513891,1.5204378,16.33007,2.6923552,0.19366077,-0.0011676924,0.22374813,0.039957676,0.19166678,0.03160029,251.96445,247.31075,332.01868,-4.212793,13.701376,0.48818728
2,15,10,0.008,0.12947753,0.045755558,0.047778703,0.035943273,0.10695274,-0.0024708281,8.317367,1.4530386,16.152884,2.5547879,0.21390548,-0.0049416563,0.2185834,0.03818638,0.18958712,0.02998566,251.94934,247.24228,332.31622,-4.0078263,13.701376,0.48040125
2,16,10,0.008,0.12097901,0.038110577,0.04959853,0.0332699,0.097609654,0.0032734813,8.474285,1.7955621,15.540571,2.8309674,0.19521931,0.0065469625,0.22270727,0.047188018,0.18240039,0.033227194,251.87236,246.94188,331.6067,-4.6265297,13.701376,0.5005097
2,17,10,0.008,0.117764354,0.03773145,0.045015812,0.03501709,0.09712292,-0.002594368,8.073303,0.9098386,15.943413,2.7763758,0.19424585,-0.005188736,0.2121693,0.023910891,0.18712854,0.032586448,251.814,246.69337,331.7874,-3.6862144,13.701265,0.5089495
2,18,10,0.008,0.13455556,0.04800575,0.047165643,0.039384175,0.10955107,-0.005579288,8.263833,0.85653704,16.908384,2.84313,0.21910214,-0.011158576,0.21717653,0.022510104,0.19845447,0.033369947,251.75604,246.49153,331.71732,-3.6996672,13.701265,0.5301071
2,19,10,0.008,0.13237625,0.03736695,0.052950017,0.04205929,0.096652664,0.0020209518,8.755919,1.0686734,17.47319,2.519663,0.19330533,0.0040419037,0.23010871,0.028085131,0.20508362,0.029573405,251.68549,246.2067,330.81454,-3.5883365,13.701265,0.56500167
2,20,10,0.008,0.1385793,0.039294623,0.05567235,0.043612316,0.09911436,-0.0011137276,8.978183,0.9427942,17.792862,2.3501494,0.19822872,-0.0022274551,0.23594989,0.024776967,0.20883562,0.027583811,251.69614,246.21579,330.88162,-3.2929435,13.701265,0.56571186
2,21,10,0.008,0.13531616,0.04515329,0.050466288,0.039696597,0.106246516,-0.0033208015,8.548096,-0.21792896,16.975315,2.7182705,0.21249303,-0.006641603,0.22464703,-0.005727248,0.19924004,0.031904466,251.70952,246.40152,330.85303,-2.5003417,13.700768,0.5820832
2,22,10,0.008,0.13065559,0.03888516,0.054640714,0.03712972,0.0985966,0.0029748792,8.8946085,-0.056935474,16.41731,3.0420992,0.1971932,0.0059497585,0.23375353,-0.0014962909,0.19269073,0.035705257,251.66983,246.36185,330.0882,-2.9851637,13.700768,0.6017923
2,23,10,0.008,0.138106,0.042848706,0.058786012,0.036471285,0.10349964,-0.0015690724,9.225835,0.37428454,16.271093,3.301499,0.20699929,-0.0031381447,0.24245827,0.009836346,0.19097456,0.038749836,251.67961,246.34848,330.32285,-3.6757834,13.700768,0.58003736
2,24,10,0.008,0.14293553,0.050937884,0.058564253,0.03343339,0.11284711,-0.005931198,9.208418,0.32242298,15.578707,3.9762204,0.22569422,-0.011862396,0.24200052,0.008473381,0.18284799,0.04666909,251.71506,246.51625,330.55667,-4.298643,13.700768,0.57402056
2,25,10,0.008,0.12224629,0.04212031,0.049257938,0.030868037,0.10261617,-0.0022960233,8.445138,-0.2022027,14.969101,3.9212685,0.20523234,-0.0045920466,0.22194129,-0.00531396,0.17569302,0.046024103,251.71965,246.65724,330.0363,-3.7190657,13.699823,0.5099666
2,26,10,0.008,0.1316946,0.044603776,0.05498757,0.03210326,0.10559803,-0.005457938,8.922795,-0.17264673,15.265668,3.607204,0.21119606,-0.010915876,0.23449428,-0.004537214,0.17917383,0.042337913,251.74799,246.7208,330.62476,-3.4345572,13.699823,0.4870492
2,27,10,0.008,0.14247063,0.053216983,0.055852808,0.03340083,0.11534403,-0.0073075164,8.992722,-0.32935765,15.571122,3.2508776,0.23068807,-0.014615033,0.23633198,-0.008655642,0.18275894,0.0381557,251.76482,246.69707,330.85983,-2.92152,13.699823,0.47228524
2,28,10,0.008,0.14091012,0.0461104,0.05869459,0.03610512,0.10736666,-0.0023262354,9.2186575,-0.46717295,16.189207,2.689485,0.21473332,-0.004652471,0.24226967,-0.012277468,0.19001347,0.03156661,251.76424,246.71928,330.36487,-2.2223122,13.699823,0.5202285
2,29,10,0.008,0.13682492,0.04836799,0.04869216,0.039764777,0.10996362,-0.0058601853,8.396498,-0.51068056,16.989885,1.3881404,0.21992724,-0.0117203705,0.220663,-0.013420873,0.19941108,0.016292673,251.78436,246.66765,330.79153,-0.8774599,13.698617,0.42021644
2,30,10,0.008,0.13946444,0.052727178,0.046881914,0.039855346,0.114811994,-0.00827359,8.23894,-0.47353256,17.009226,1.5067214,0.22962399,-0.01654718,0.21652232,-0.012444604,0.19963804,0.017684456,251.78212,246.64577,330.8872,-1.0331888,13.698617,0.41245532
2,31,10,0.008,0.124744356,0.04149528,0.044320352,0.03892872,0.10185195,-0.0015701859,8.010695,-0.5656523,16.810331,1.5698137,0.2037039,-0.0031403718,0.210524,-0.014865552,0.19730362,0.018424977,251.7601,246.67694,330.0897,-1.0041614,13.698617,0.44621244
2,32,10,0.008,0.12394552,0.045168355,0.044405494,0.03437167,0.10626424,-0.00340878,8.018387,-0.49157515,15.795797,1.8105907,0.21252848,-0.00681756,0.21072611,-0.012918769,0.18539599,0.021250993,251.7822,246.76491,330.21725,-1.3190156,13.698617,0.41097596
2,33,10,0.008,0.11812447,0.049625926,0.03937426,0.029124293,0.111384384,-0.005775103,7.550485,-0.47646508,14.540151,1.3270775,0.22276877,-0.011550206,0.19842948,-0.012521677,0.17065841,0.015575969,251.80583,246.93224,330.451,-0.8506124,13.697082,0.32545254
2,34,10,0.008,0.10929202,0.03913638,0.040513992,0.02964165,0.098914586,-0.0008252829,7.658984,-0.27402908,14.668727,1.2145559,0.19782917,-0.0016505658,0.20128088,-0.0072015827,0.17216751,0.014255298,251.73538,246.60257,329.88272,-0.9405268,13.697082,0.32082698
2,35,10,0.008,0.117549196,0.04225065,0.0450925,0.030206049,0.102774814,-0.0034542964,8.080177,-0.19043289,14.80772,1.40373,0.20554963,-0.006908593,0.21234995,-0.005004646,0.17379887,0.016475642,251.69217,246.40388,330.04703,-1.2132971,13.697082,0.29607928
2,36,10,0.008,0.12602164,0.0516845,0.04475303,0.029584104,0.113671124,-0.007772047,8.049704,-0.26843742,14.65448,1.5319712,0.22734225,-0.015544094,0.21154912,-0.007054631,0.1720003,0.017980816,251.64836,246.27959,330.0847,-1.2635338,13.697082,0.322742
2,37,10,0.008,0.112297066,0.041730423,0.040803276,0.029763365,0.10214013,-0.0022321448,7.6862793,-0.041405533,14.6988125,-0.04218169,0.20428026,-0.0044642896,0.2019982,-0.0010881508,0.17252062,-0.000495087,251.60791,246.09912,329.49673,0.08358722,13.695337,0.349781
2,38,10,0.008,0.11639611,0.044977617,0.039789937,0.031628557,0.106039636,-0.005701976,7.590236,-0.051551297,15.152383,-0.4138618,0.21207927,-0.011403952,0.19947416,-0.001354787,0.1778442,-0.0048575182,251.6448,246.189,330.05716,0.4654131,13.695337,0.3357015
2,39,10,0.008,0.12615284,0.054594878,0.04051298,0.031044992,0.116827734,-0.009190251,7.6588893,-0.10935182,15.011946,-0.13338463,0.23365547,-0.018380502,0.20127836,-0.002873806,0.17619589,-0.0015655382,251.69774,246.41173,330.3335,0.24273646,13.695337,0.3313076
2,40,10,0.008,0.11819927,0.04107455,0.04260822,0.03451649,0.10133429,-0.0033514376,7.854442,-0.118745506,15.829039,-0.56148976,0.20266858,-0.0067028753,0.20641759,-0.003120674,0.18578614,-0.006590234,251.68745,246.40059,329.81158,0.68023527,13.695337,0.3646329
2,41,10,0.008,0.120397404,0.042545006,0.042769104,0.035083294,0.1031322,-0.00522435,7.869258,0.13735408,15.958474,-1.490631,0.2062644,-0.0104487,0.20680693,0.003609715,0.18730535,-0.01749561,251.68793,246.34671,330.39835,1.353277,13.6933155,0.4128634
2,42,10,0.008,0.12467296,0.049100213,0.03941787,0.036154874,0.11079284,-0.008227661,7.554666,0.3094357,16.200357,-1.0220879,0.22158568,-0.016455323,0.19853935,0.008132084,0.19014435,-0.011996291,251.64307,246.20099,330.53445,0.7126522,13.6933155,0.37359676
2,43,10,0.008,0.110568434,0.03710473,0.038657602,0.0348061,0.09631294,-0.0010868348,7.481456,0.36023057,15.895306,-0.98789495,0.19262588,-0.0021736696,0.19661537,0.00946699,0.18656392,-0.011594967,251.58673,246.0273,329.70886,0.6276644,13.6933155,0.3879751
2,44,10,0.008,0.111134306,0.04067022,0.038832676,0.03163141,0.100834295,-0.004895487,7.4983783,0.5800874,15.153067,-0.9480406,0.20166859,-0.009790974,0.19706008,0.015244904,0.17785221,-0.011127189,251.5792,245.93254,329.887,0.36795318,13.6933155,0.37133917
2,45,10,0.008,0.12026636,0.047385197,0.038980246,0.033900917,0.108840704,-0.007274394,7.5126123,0.6206076,15.687253,-0.9242619,0.21768141,-0.014548788,0.19743416,0.016309798,0.18412201,-0.010848107,251.55965,245.90294,329.82205,0.3036543,13.691265,0.44168597
2,46,10,0.008,0.11086448,0.037234604,0.040772896,0.03285698,0.09648135,-0.0018028325,7.6834173,0.8912987,15.44383,-0.42135775,0.1929627,-0.003605665,0.201923,0.023423653,0.18126494,-0.004945496,251.53491,245.93372,329.28214,-0.46994096,13.691265,0.4669509
2,47,10,0.008,0.114956915,0.03874692,0.043236807,0.03297318,0.098421186,-0.0048754085,7.912167,1.0630784,15.471115,-0.6477143,0.19684237,-0.009750817,0.20793462,0.027938092,0.1815852,-0.007602252,251.54419,245.85925,329.73294,-0.4153641,13.691265,0.48301265
2,48,10,0.008,0.12543388,0.05188782,0.041718535,0.031827524,0.11389449,-0.009279383,7.772007,0.8735294,15.199967,-0.36120898,0.22778898,-0.018558767,0.20425116,0.022956666,0.1784027,-0.0042395303,251.58763,245.9949,329.90466,-0.5123204,13.691265,0.47217137
2,49,10,0.008,0.107945785,0.03978315,0.03863045,0.029532185,0.09972857,-0.0032108354,7.4788275,0.54921967,14.641617,-0.60713273,0.19945714,-0.006421671,0.1965463,0.014433693,0.17184931,-0.007125947,251.63025,246.2529,329.4185,0.057913065,13.689569,0.43635654
2,50,10,0.008,0.108707316,0.038517494,0.03817918,0.032010637,0.09812937,-0.0044577513,7.4350176,0.05540397,15.243629,-1.2803699,0.19625874,-0.008915503,0.19539493,0.0014560379,0.17891517,-0.015027754,251.74304,246.7558,330.6137,1.2249659,13.689569,0.41597924
2,51,10,0.008,0.121801585,0.053585198,0.03676103,0.03145535,0.115742385,-0.0067519373,7.2956247,-0.15106463,15.110835,-1.133543,0.23148477,-0.013503875,0.19173166,-0.00397004,0.17735656,-0.013304443,251.80788,247.12865,331.2105,1.2846076,13.689569,0.40745723
2,52,10,0.008,0.10097444,0.035475098,0.03533714,0.030162204,0.09417417,-0.0006769268,7.1529365,0.015684417,14.796968,-1.664627,0.18834834,-0.0013538536,0.18798175,0.0004121932,0.17367269,-0.0195378,251.78867,247.00793,330.73657,1.6489426,13.689569,0.40619087
2,53,10,0.008,0.09635493,0.036507387,0.032782346,0.0270652,0.09553453,-0.0013709547,6.889516,-0.14415583,14.016734,-1.6420667,0.19106907,-0.0027419094,0.18105896,-0.0037884675,0.16451505,-0.01927301,251.80464,246.9828,331.02838,1.7862226,13.688156,0.34113455
2,54,10,0.008,0.11154821,0.048088368,0.03690412,0.026555726,0.1096453,-0.0041185603,7.30981,-0.4205071,13.884183,-1.4342226,0.2192906,-0.008237121,0.19210444,-0.01105108,0.16295928,-0.016833533,251.7894,246.98462,331.20175,1.8547297,13.688156,0.3429447
2,55,10,0.008,0.09952672,0.033849113,0.039422773,0.02625483,0.09199064,0.0026074445,7.5551357,-0.32744324,13.8053,-0.9144614,0.18398128,0.005214889,0.19855168,-0.008605324,0.16203342,-0.010733077,251.73943,246.94293,330.30066,1.2419046,13.688156,0.3255176
2,56,10,0.008,0.10217887,0.036793098,0.037233155,0.028152617,0.095907636,-0.00047674638,7.342325,-0.10139022,14.295542,-1.3087428,0.19181527,-0.00095349277,0.19295895,-0.0026645733,0.16778742,-0.015360772,251.75595,246.85017,330.71436,1.410133,13.688156,0.34176198
2,57,10,0.008,0.103820264,0.04710763,0.032035902,0.024676733,0.10852146,-0.0036184005,6.8106275,-0.5825208,13.383973,-0.70918757,0.21704292,-0.007236801,0.17898576,-0.015308852,0.1570883,-0.008323769,251.80704,247.0487,331.09122,1.2917084,13.687125,0.27377018
2,58,10,0.008,0.08392088,0.031403776,0.029039992,0.023477117,0.08860555,0.0028244401,6.4843574,-0.62199104,13.054602,-0.730096,0.1772111,0.0056488803,0.17041124,-0.01634615,0.15322244,-0.008569171,251.8114,247.12602,330.69073,1.352087,13.687125,0.25091547
2,59,10,0.008,0.09276416,0.035111427,0.03182645,0.025826285,0.09369022,0.0012340154,6.7883277,-0.57161564,13.692168,-1.1706386,0.18738043,0.002468031,0.1783997,-0.015022263,0.16070558,-0.013739837,251.81245,247.07509,331.23383,1.7422543,13.687125,0.26491472
2,60,10,0.008,0.102571785,0.043889295,0.03446847,0.024214026,0.10474886,-0.0036646135,7.0644717,-0.82051694,13.2579,-1.1955101,0.20949772,-0.007329227,0.18565686,-0.02156348,0.15560856,-0.014031757,251.78871,246.95947,331.1655,2.016027,13.687125,0.3046649
2,61,10,0.008,0.08606437,0.031685334,0.032940175,0.021438861,0.08900187,0.004514307,6.9060802,-1.0623463,12.475043,-0.6679448,0.17800374,0.009028614,0.18149428,-0.027918855,0.14642015,-0.007839697,251.76729,246.95476,330.69702,1.7302911,13.686539,0.1969835
2,62,10,0.008,0.089838356,0.034484457,0.03292373,0.022430167,0.092849955,0.0017093342,6.9043565,-0.8451091,12.7602005,-0.8729023,0.18569991,0.0034186684,0.18144897,-0.022209773,0.14976704,-0.010245297,251.76123,246.93695,331.3079,1.7180114,13.686539,0.20484668
2,63,10,0.008,0.10233949,0.043864004,0.03468361,0.02379188,0.10471868,-0.0042080567,7.0864854,-1.2099291,13.141824,-1.4083327,0.20943736,-0.008416113,0.18623537,-0.03179737,0.15424617,-0.016529666,251.77028,246.96208,331.55896,2.6182618,13.686539,0.22378439
2,64,10,0.008,0.08746834,0.032187857,0.032553364,0.02272712,0.08970487,0.0017368954,6.865412,-1.0528008,12.844388,-1.2145002,0.17940974,0.0034737908,0.18042551,-0.027667984,0.15075517,-0.0142546445,251.75795,246.95688,331.0424,2.267301,13.686539,0.18654452
2,65,10,0.008,0.08749868,0.034584012,0.030570876,0.022343794,0.09298389,-0.0004945181,6.653078,-0.9142643,12.735607,-0.22923112,0.18596777,-0.0009890362,0.1748453,-0.024027199,0.1494784,-0.0026904964,251.82327,247.17554,331.7635,1.1434954,13.6861925,0.19815457
2,66,10,0.008,0.104755096,0.048083603,0.03404848,0.02262301,0.10963987,-0.0052920114,7.0212994,-1.3936356,12.814936,-0.06539714,0.21927974,-0.010584023,0.1845223,-0.036625247,0.15040947,-0.00076756906,251.88213,247.46466,332.11664,1.4590328,13.6861925,0.2503829
2,67,10,0.008,0.08257398,0.029133886,0.03179109,0.021649,0.08534326,0.0022785605,6.7845554,-1.3670934,12.536032,0.19522665,0.17068651,0.004557121,0.17830056,-0.035927705,0.14713599,0.002291385,251.90019,247.65363,331.6529,1.1718668,13.6861925,0.22734572
2,68,10,0.008,0.085486874,0.032585226,0.03149813,0.021403521,0.09025689,-0.0009641133,6.753223,-1.1476234,12.464759,-0.28544724,0.18051378,-0.0019282266,0.17747712,-0.03015996,0.14629942,-0.0033503089,251.90063,247.5006,332.35223,1.4330707,13.6861925,0.20725118
2,69,10,0.008,0.09636522,0.040712573,0.032921802,0.02273085,0.100886784,-0.0063476055,6.904154,-1.1184633,12.845442,-0.06284363,0.20177357,-0.012695211,0.18144366,-0.029393615,0.15076753,-0.00073759723,251.91043,247.48473,332.57346,1.181307,13.685814,0.26972356
2,70,10,0.008,0.085757844,0.02906038,0.033090003,0.023607463,0.08523553,0.0033664333,6.9217677,-1.0119752,13.090789,0.024533898,0.17047106,0.0067328666,0.18190658,-0.026595075,0.1536472,0.00028795726,251.91547,247.58693,331.82315,0.9874413,13.685814,0.29190582
2,71,10,0.008,0.0873376,0.03558226,0.0291539,0.022601437,0.094316304,0.0023519523,6.4970613,-0.93404645,12.808823,-0.2744968,0.18863261,0.0047039045,0.17074513,-0.024547078,0.15033774,-0.0032217822,251.97617,247.73247,332.5224,1.2085433,13.685814,0.2651039
2,72,10,0.008,0.09561625,0.042995773,0.030300396,0.022320088,0.10367711,-0.001348776,6.6235805,-1.3420094,12.72885,-0.6590179,0.20735422,-0.002697552,0.17407009,-0.03526849,0.14939909,-0.0077349255,252.0182,247.81013,332.8773,2.0010273,13.685814,0.26404727
2,73,10,0.008,0.0833846,0.029803395,0.031018164,0.022563042,0.0863183,0.007213777,6.7015724,-1.1799994,12.797938,0.20969996,0.1726366,0.014427554,0.17611974,-0.031010808,0.15021,0.0024612553,251.98875,247.87398,332.1564,0.97029936,13.685291,0.34880286
2,74,10,0.008,0.09556859,0.03726242,0.03326548,0.025040692,0.096517384,0.0054268464,6.9400964,-1.036285,13.482312,-0.2891442,0.19303477,0.010853693,0.18238826,-0.027233945,0.15824251,-0.0033937,251.94855,247.72035,332.39166,1.3254292,13.685291,0.3741111
2,75,10,0.008,0.1009392,0.043021932,0.032884587,0.025032684,0.10370865,0.001498297,6.9002504,-1.33305,13.480157,-0.1963889,0.2074173,0.002996594,0.18134108,-0.035033032,0.1582172,-0.0023050315,251.94284,247.70856,332.5005,1.529439,13.685291,0.366624
2,76,10,0.008,0.08939795,0.032468077,0.03224129,0.024688583,0.0900945,0.0068214736,6.8324246,-1.2917606,13.387185,0.1916252,0.180189,0.013642947,0.17955859,-0.033947937,0.15712601,0.0022491133,251.98485,247.85149,331.94238,1.1001353,13.685291,0.41429102
2,77,10,0.008,0.08444792,0.03160768,0.029160058,0.023680178,0.08889274,0.003535841,6.497749,-0.89045036,13.110936,0.22657074,0.17778549,0.007071682,0.17076316,-0.023401354,0.15388365,0.0026592743,252.10579,248.27129,333.24228,0.66387963,13.684151,0.4109334
2,78,10,0.008,0.09283543,0.03741718,0.031818256,0.02359999,0.0967176,-0.00076581555,6.787453,-1.2951181,13.088718,0.41508672,0.1934352,-0.0015316311,0.17837672,-0.034036163,0.15362288,0.0048718904,252.1822,248.71855,333.95746,0.88003135,13.684151,0.37970644
2,79,10,0.008,0.087458335,0.029690256,0.033802856,0.023965226,0.086154304,0.0066376063,6.9959292,-1.2231097,13.18961,0.6531474,0.17230861,0.013275213,0.18385553,-0.03214376,0.15480706,0.0076660183,252.17764,248.71767,333.3392,0.5699623,13.684151,0.39463577
2,80,10,0.008,0.09166005,0.030504663,0.034777187,0.026378201,0.08732792,0.0024741583,7.0960374,-0.96580786,13.837698,0.355022,0.17465584,0.0049483166,0.18648642,-0.02538178,0.16241367,0.0041669086,252.25122,248.86952,334.17993,0.61078584,13.684151,0.3799501
2,81,10,0.008,0.10462317,0.045355506,0.03457734,0.02469032,0.10648416,-0.002298208,7.0756197,-1.0165583,13.387655,0.0036756727,0.21296832,-0.004596416,0.18594983,-0.026715519,0.15713154,4.314127e-5,252.31535,249.09189,334.67554,1.0128826,13.682379,0.2819023
2,82,10,0.008,0.08176078,0.026887454,0.032346204,0.022527117,0.08198697,0.0056168637,6.8435326,-1.0780771,12.787747,0.112588905,0.16397394,0.011233727,0.1798505,-0.02833225,0.15009037,0.0013214608,252.32523,249.23053,334.22934,0.9654882,13.682379,0.34087056
2,83,10,0.008,0.08411335,0.031733513,0.03077843,0.021601409,0.089069515,0.004153589,6.6756244,-1.0697129,12.522245,0.32837594,0.17813903,0.008307178,0.17543782,-0.028112441,0.14697418,0.003854162,252.36969,249.43454,334.84964,0.74133694,13.682379,0.3137769
2,84,10,0.008,0.101174854,0.04156742,0.03553238,0.024075054,0.101940446,-0.0014710381,7.1726694,-1.698445,13.219798,0.0054787914,0.20388089,-0.0029420762,0.18850034,-0.044635743,0.15516138,6.4303174e-5,252.43051,249.70358,335.13647,1.6929662,13.682379,0.3346965
2,85,10,0.008,0.08661877,0.030428361,0.032363713,0.023826696,0.087218635,0.0055803233,6.8453846,-1.0929813,13.151434,0.06780618,0.17443727,0.011160647,0.17989917,-0.02872394,0.15435898,0.0007958448,252.43541,249.77928,334.5866,1.0251752,13.680068,0.2706441
2,86,10,0.008,0.08813492,0.03711243,0.030320989,0.020701505,0.09632293,0.0045143524,6.625831,-0.8418372,12.258637,-0.010294654,0.19264586,0.009028705,0.17412923,-0.022123784,0.14388017,-0.00012082885,252.46394,249.86253,335.2953,0.8521319,13.680068,0.25163123
2,87,10,0.008,0.09713543,0.04179664,0.034076065,0.021262728,0.10222113,-0.0010371964,7.0241437,-1.2022712,12.423694,-0.27115512,0.20444226,-0.0020743927,0.18459703,-0.03159612,0.14581744,-0.0031825579,252.47911,249.8697,335.64355,1.4734263,13.680068,0.25058344
2,88,10,0.008,0.08405911,0.030033989,0.03195439,0.022070734,0.086651586,0.005878825,6.801958,-0.97911733,12.657549,-0.03655744,0.17330317,0.01175765,0.1787579,-0.025731549,0.14856222,-0.00042907713,252.44736,249.80934,335.04095,1.0156748,13.680068,0.29502615
2,89,10,0.008,0.0838626,0.03700741,0.026178116,0.020677079,0.09618655,0.002877702,6.156556,-0.364541,12.251401,-0.752899,0.1923731,0.005755404,0.16179653,-0.009580269,0.14379527,-0.0088368105,252.45494,249.8175,335.67172,1.11744,13.677225,0.16085656
2,90,10,0.008,0.09493157,0.04409619,0.028314585,0.022520794,0.10499547,-0.0010801812,6.4028563,-0.88987947,12.785951,-1.2561486,0.20999093,-0.0021603624,0.16826938,-0.02338635,0.1500693,-0.014743475,252.47052,249.8172,335.92953,2.146028,13.677225,0.19790162
2,91,10,0.008,0.080573775,0.029652966,0.028686857,0.022233954,0.08610018,0.0064793057,6.4448104,-0.87010264,12.704265,-0.5499559,0.17220037,0.012958611,0.16937195,-0.022866612,0.14911054,-0.0064548566,252.47699,249.97385,335.18655,1.4200585,13.677225,0.2162382
2,92,10,0.008,0.08854643,0.036735754,0.029586775,0.022223907,0.09583287,0.0049682944,6.545119,-0.6721147,12.701395,-0.3146556,0.19166574,0.009936589,0.17200807,-0.017663416,0.14907685,-0.0036931261,252.51254,250.19289,335.68665,0.9867703,13.677225,0.1998341
2,93,10,0.008,0.10141349,0.051027413,0.02822834,0.02215774,0.11294624,2.9852596e-5,6.3930974,-0.33703998,12.682474,-1.0821445,0.22589248,5.970519e-5,0.16801292,-0.008857532,0.14885476,-0.01270118,252.52403,250.13152,336.12634,1.4191844,13.673975,0.22951
2,94,10,0.008,0.08114168,0.032108705,0.027364952,0.021668024,0.08959451,0.007941518,6.2945695,-0.12485311,12.54154,-0.6517465,0.17918903,0.015883036,0.16542356,-0.0032811826,0.14720063,-0.007649578,252.47061,249.94974,335.31982,0.77659965,13.673975,0.22113526
2,95,10,0.008,0.084905475,0.03553421,0.028740054,0.020631207,0.0942526,0.0028761227,6.4507837,0.19838853,12.237805,-0.7240055,0.1885052,0.0057522454,0.16952892,0.0052137244,0.14363568,-0.008497685,252.4602,249.79932,335.75174,0.525617,13.673975,0.21327254
2,96,10,0.008,0.102304414,0.04569008,0.033140294,0.02347404,0.10687619,-0.004326534,6.9270267,-0.10400013,13.053745,-0.8525288,0.21375237,-0.008653068,0.18204476,-0.0027331584,0.1532124,-0.010006167,252.48671,249.89919,335.91916,0.95652896,13.673975,0.24591936
2,97,10,0.008,0.08441454,0.030165102,0.031404596,0.022844845,0.08684052,0.003291843,6.743188,0.55840856,12.877612,-0.58841276,0.17368104,0.006583686,0.17721342,0.014675177,0.15114512,-0.006906228,252.48491,249.95395,335.23038,0.030004203,13.670536,0.29439205
2,98,10,0.008,0.09011659,0.037334234,0.029686179,0.023096176,0.096610345,0.0024094866,6.5561037,0.44007558,12.948256,-0.8678259,0.19322069,0.004818973,0.17229678,0.011565343,0.15197426,-0.010185715,252.52702,250.03796,335.91196,0.42775035,13.670536,0.31038556
2,99,10,0.008,0.10013527,0.0444884,0.031504676,0.024142193,0.10546137,-0.0031019705,6.753924,0.13906837,13.238218,-1.639545,0.21092273,-0.006203941,0.17749557,0.0036547787,0.15537758,-0.019243412,252.53134,249.97261,336.2244,1.5004766,13.670536,0.33011198
2,100,10,0.008,0.08873679,0.034843933,0.030985741,0.022907114,0.09333265,0.004012276,6.6980696,0.1167265,12.895151,-1.621189,0.1866653,0.008024552,0.17602767,0.0030676115,0.15135096,-0.01902797,252.51958,250.02689,335.5172,1.5044625,13.670536,0.29989964
3,1,10,0.0064000003,0.090792455,0.03289392,0.03353042,0.024368115,0.0906834,-0.00029495856,6.967681,3.238857,13.300016,0.19140294,0.1813668,-0.0005899171,0.18311314,0.08511833,0.1561029,0.002246507,251.67825,247.50604,331.44122,-3.43026,13.667203,0.53434616
3,2,10,0.0064000003,0.09649546,0.03753923,0.036446456,0.022509774,0.09687521,-0.0028588392,7.264343,3.3371694,12.782823,-0.11090057,0.19375043,-0.0057176785,0.19090955,0.087702006,0.15003258,-0.0013016432,251.74846,247.79466,332.43625,-3.2262688,13.667203,0.571936
3,3,10,0.0064000003,0.091595,0.037570618,0.03249079,0.021533595,0.09691571,-0.006704748,6.85881,3.009646,12.502575,-0.16399777,0.19383141,-0.013409496,0.18025202,0.07909459,0.1467433,-0.0019248495,251.74142,247.79979,332.65182,-2.8456483,13.667203,0.54332185
3,4,10,0.0064000003,0.08291837,0.028043728,0.03197931,0.022895329,0.08373131,-0.00014555966,6.80461,2.9649491,12.891833,-0.46844998,0.16746262,-0.00029111933,0.1788276,0.07791994,0.15131202,-0.0054982197,251.71109,247.66663,332.19263,-2.496499,13.667203,0.49975204
3,5,10,0.0064000003,0.080552235,0.030382074,0.029670622,0.020499535,0.08715227,-0.0039474918,6.554386,2.861944,12.198691,-0.9370269,0.17430454,-0.0078949835,0.17225163,0.075212926,0.14317659,-0.0109979315,251.73557,247.66946,332.83792,-1.924917,13.664763,0.45017913
3,6,10,0.0064000003,0.089163244,0.039479114,0.028302085,0.021382049,0.09934676,-0.008085484,6.4014435,2.6342487,12.458504,-1.3569703,0.19869351,-0.016170967,0.16823223,0.069229014,0.14622602,-0.015926827,251.7182,247.58972,332.89166,-1.2772784,13.664763,0.4381444
3,7,10,0.0064000003,0.07810535,0.028546244,0.027258504,0.022300603,0.08447817,-0.0016555518,6.2823153,2.503672,12.723293,-1.2855694,0.16895634,-0.0033111037,0.1651015,0.06579741,0.14933386,-0.0150887845,251.68152,247.58183,332.1538,-1.2181025,13.664763,0.40046287
3,8,10,0.0064000003,0.079966396,0.032065064,0.027527045,0.020374289,0.089533605,-0.003767618,6.3131843,2.5562963,12.161369,-1.3111784,0.17906721,-0.007535236,0.16591276,0.067180395,0.14273854,-0.015389363,251.6778,247.50827,332.7018,-1.2451179,13.664763,0.41198707
3,9,10,0.0064000003,0.08038792,0.036580846,0.024415953,0.019391118,0.0956306,-0.007784064,5.9457345,2.3769765,11.864313,-0.96261936,0.1912612,-0.015568128,0.15625605,0.062467795,0.13925199,-0.011298306,251.66098,247.36171,332.89557,-1.4143572,13.662501,0.3221249
3,10,10,0.0064000003,0.07061684,0.02631938,0.0247104,0.01958706,0.081116244,0.00093590084,5.9814787,2.313588,11.924108,-0.85741967,0.16223249,0.0018718017,0.15719542,0.06080193,0.13995378,-0.010063573,251.61153,247.2232,332.24634,-1.4561682,13.662501,0.2948409
3,11,10,0.0064000003,0.07501832,0.030728983,0.025131948,0.019157391,0.08764842,-0.003258868,6.032284,2.2352462,11.792596,-1.1908103,0.17529684,-0.006517736,0.1585306,0.05874308,0.13841023,-0.013976595,251.62828,247.29814,332.76068,-1.0444359,13.662501,0.29858834
3,12,10,0.0064000003,0.084645785,0.039029464,0.02450551,0.021110812,0.09877938,-0.007408748,5.956629,2.180632,12.379232,-1.2511052,0.19755876,-0.014817496,0.15654236,0.057307802,0.1452956,-0.014684282,251.6532,247.26562,332.8856,-0.9295269,13.662501,0.30427966
3,13,10,0.0064000003,0.0683722,0.025694624,0.021516543,0.02116103,0.08014771,0.001304781,5.581551,1.8698682,12.393946,-0.09728923,0.16029543,0.002609562,0.14668518,0.04914081,0.14546831,-0.0011418877,251.68785,247.48471,332.38898,-1.772579,13.660216,0.19108033
3,14,10,0.0064000003,0.072894394,0.031015052,0.022082854,0.019796494,0.088055454,-0.0023495445,5.654527,1.788266,11.987685,-0.53580874,0.17611091,-0.004699089,0.148603,0.04699628,0.14070001,-0.0062888116,251.78891,247.87413,333.44342,-1.2524571,13.660216,0.18901022
3,15,10,0.0064000003,0.08302982,0.04145916,0.022634976,0.01893568,0.10180762,-0.005213047,5.724778,1.3249903,11.72416,-0.5683188,0.20361523,-0.010426094,0.15044925,0.03482122,0.13760698,-0.006670386,251.87828,248.2455,333.91525,-0.7566715,13.660216,0.16599785
3,16,10,0.0064000003,0.06832501,0.026233278,0.025044804,0.017046932,0.08098345,0.0019167635,6.021816,1.2929614,11.124084,-0.08822682,0.1619669,0.003833527,0.1582555,0.033979487,0.1305639,-0.0010355216,251.90868,248.37851,333.43536,-1.2047346,13.660216,0.16306773
3,17,10,0.0064000003,0.07197953,0.031732395,0.02204711,0.018200025,0.08906794,-0.003282951,5.649948,0.95952165,11.494161,-0.3828472,0.17813589,-0.006565902,0.1484827,0.025216574,0.13490747,-0.004493494,251.97395,248.38396,334.21198,-0.57667446,13.6577635,0.14835858
3,18,10,0.0064000003,0.081369616,0.038409095,0.02180051,0.02116001,0.09799119,-0.0065996475,5.6182623,0.78593856,12.393646,-0.76637876,0.19598238,-0.013199295,0.14764996,0.020654747,0.14546481,-0.0089950245,252.0629,248.69196,334.88284,-0.0195598,13.6577635,0.19084263
3,19,10,0.0064000003,0.06472509,0.023730665,0.021038406,0.01995602,0.077023804,0.002694045,5.519187,0.52249074,12.035889,-0.63526845,0.15404761,0.00538809,0.14504622,0.013731246,0.14126578,-0.007456175,252.1138,249.06494,334.65366,0.11277771,13.6577635,0.2272181
3,20,10,0.0064000003,0.066086695,0.028702406,0.018887168,0.018497124,0.08470892,-0.0004902173,5.229403,0.43209946,11.587595,-0.72138906,0.16941784,-0.0009804346,0.1374306,0.011355728,0.13600414,-0.008466976,252.20557,249.53598,335.5233,0.2892896,13.6577635,0.2210147
3,21,10,0.0064000003,0.07458195,0.03411715,0.020096453,0.020368343,0.09235414,-0.0036945385,5.394216,-0.21710573,12.159595,-0.10310587,0.18470828,-0.007389077,0.14176196,-0.0057056225,0.1427177,-0.0012101573,252.22795,249.65553,335.7684,0.3202116,13.654914,0.31363246
3,22,10,0.0064000003,0.065015614,0.024295487,0.022475926,0.018244201,0.07793505,0.0042251986,5.70463,-0.31155506,11.5081005,-0.022057967,0.1558701,0.008450397,0.14991973,-0.008187776,0.1350711,-0.00025889548,252.15059,249.37134,334.81815,0.33361304,13.654914,0.30877796
3,23,10,0.0064000003,0.07203607,0.029165722,0.02357514,0.019295204,0.085389875,0.001066344,5.842461,-0.17771173,11.834936,-0.32283345,0.17077975,0.002132688,0.15354198,-0.004670326,0.13890718,-0.0037891131,252.13947,249.19646,335.09256,0.50054514,13.654914,0.27036676
3,24,10,0.0064000003,0.07965478,0.038189977,0.021864899,0.019599903,0.09771128,-0.002212432,5.626553,-0.34837332,11.928016,-0.26936764,0.19542256,-0.004424864,0.14786784,-0.009155375,0.13999966,-0.0031615784,252.15187,249.17644,335.23438,0.617741,13.654914,0.2747469
3,25,10,0.0064000003,0.06777666,0.025978437,0.023276303,0.018521918,0.08058914,0.0059537953,5.8053136,-0.8464739,11.59536,-0.049656685,0.16117828,0.011907591,0.15256573,-0.022245638,0.13609526,-0.0005828217,252.11906,249.11482,334.57205,0.89613056,13.651572,0.35622978
3,26,10,0.0064000003,0.07679228,0.031220667,0.026901545,0.018670069,0.088346854,0.002128979,6.2410445,-0.9289657,11.64164,-0.6455615,0.17669371,0.004257958,0.1640169,-0.024413561,0.13663846,-0.007576987,252.1338,249.10245,335.231,1.5745273,13.651572,0.33994386
3,27,10,0.0064000003,0.08677991,0.039312348,0.027933067,0.019534487,0.09913671,-0.003150611,6.359574,-0.8263146,11.908093,-0.5429029,0.19827342,-0.006301222,0.16713189,-0.021715846,0.13976583,-0.006372078,252.1584,249.06885,335.4617,1.3692175,13.651572,0.33378112
3,28,10,0.0064000003,0.07328976,0.023805378,0.02730882,0.02217556,0.07714496,0.004119481,6.2881103,-0.9516405,12.687572,0.22710735,0.15428992,0.008238962,0.1652538,-0.025009459,0.1489146,0.002665568,252.19879,249.3933,334.73486,0.72453314,13.651572,0.37872136
3,29,10,0.0064000003,0.07782664,0.030544927,0.027514625,0.019767089,0.087385535,0.0010662813,6.3117604,-1.3047268,11.97878,0.16995429,0.17477107,0.0021325627,0.16587533,-0.0342887,0.14059548,0.001994764,252.26009,249.64468,335.35034,1.1347725,13.647803,0.33677652
3,30,10,0.0064000003,0.089132294,0.042366862,0.026220238,0.020545196,0.10291606,-0.0027735487,6.1615076,-1.5097666,12.21227,-0.16406709,0.20583212,-0.0055470974,0.16192664,-0.039677214,0.14333595,-0.0019256623,252.32637,249.85507,336.0824,1.6738336,13.647803,0.37275207
3,31,10,0.0064000003,0.07092212,0.024931489,0.02781073,0.0181799,0.07894854,0.0050515947,6.345631,-1.6076759,11.487803,-0.38789153,0.15789708,0.010103189,0.1667655,-0.0422503,0.13483286,-0.0045526987,252.32126,249.91122,335.67993,1.9955674,13.647803,0.42137596
3,32,10,0.0064000003,0.07302129,0.02761539,0.027020274,0.018385626,0.0830894,0.0023438034,6.2548018,-1.6981311,11.552618,-0.85733104,0.1661788,0.004687607,0.16437845,-0.044627503,0.13559361,-0.0100625325,252.35764,249.98141,336.332,2.5554621,13.647803,0.3901031
3,33,10,0.0064000003,0.0808869,0.03520354,0.025660196,0.020023163,0.09381303,-0.0033906288,6.0953503,-1.8359622,12.056119,-1.0030274,0.18762606,-0.0067812577,0.160188,-0.048249744,0.14150323,-0.011772579,252.40344,250.16757,336.99432,2.8389897,13.643693,0.31042993
3,34,10,0.0064000003,0.07503515,0.027416717,0.027127877,0.020490553,0.08278997,0.00819158,6.267244,-2.10019,12.196018,-0.96063435,0.16557994,0.01638316,0.16470543,-0.055193756,0.14314522,-0.011275005,252.38863,250.21466,336.38495,3.0608244,13.643693,0.3778544
3,35,10,0.0064000003,0.07629185,0.029986124,0.026307015,0.019998712,0.08658251,0.0038429727,6.1716948,-2.2763426,12.048757,-1.4373742,0.17316502,0.0076859454,0.16219437,-0.059823096,0.1414168,-0.016870527,252.42969,250.31107,336.9465,3.713717,13.643693,0.36396313
3,36,10,0.0064000003,0.08423315,0.035776917,0.027037507,0.021418732,0.09457394,-0.00046269476,6.2567964,-2.3007882,12.469185,-1.0442371,0.18914787,-0.0009253895,0.16443086,-0.060465533,0.1463514,-0.01225626,252.51604,250.68695,337.33286,3.3450253,13.643693,0.345634
3,37,10,0.0064000003,0.07257846,0.02664312,0.026360663,0.019574678,0.0816136,0.008574847,6.177985,-2.2094781,11.920337,-0.4538026,0.1632272,0.017149694,0.16235967,-0.058065876,0.13990954,-0.0053263037,252.57541,251.12299,337.09753,2.6632807,13.639415,0.29195252
3,38,10,0.0064000003,0.07466558,0.029074974,0.026855255,0.018735358,0.08525693,0.0054043494,6.2356725,-2.371619,11.661978,-0.7396113,0.17051385,0.010808699,0.16387573,-0.062327005,0.13687716,-0.008680851,252.6463,251.45293,337.92932,3.1112304,13.639415,0.29007593
3,39,10,0.0064000003,0.08980732,0.043033008,0.026753908,0.020020401,0.10372199,-0.0018959843,6.2238955,-2.3774922,12.055287,-0.77514184,0.20744398,-0.0037919686,0.16356622,-0.06248135,0.14149347,-0.009097876,252.67499,251.48672,338.24808,3.1526341,13.639415,0.2827408
3,40,10,0.0064000003,0.074438535,0.025895134,0.029235324,0.019308077,0.080459826,0.008289913,6.506128,-2.5115044,11.838883,-0.81736344,0.16091965,0.016579825,0.1709834,-0.06600323,0.1389535,-0.009593432,252.70569,251.60838,337.78183,3.328868,13.639415,0.31666932
3,41,10,0.0064000003,0.07828467,0.031115169,0.028135419,0.01903409,0.08819746,0.0069134147,6.382567,-2.2417908,11.754584,-1.0161871,0.17639492,0.013826829,0.16773616,-0.05891508,0.13796408,-0.011927034,252.76932,251.87181,338.11987,3.257978,13.635325,0.26676825
3,42,10,0.0064000003,0.08797938,0.03808716,0.02954038,0.020351835,0.09757966,0.001304001,6.539984,-2.1988106,12.154666,-0.66433376,0.19515932,0.002608002,0.17187315,-0.057785533,0.14265986,-0.0077973166,252.81026,251.98642,338.46375,2.8631444,13.635325,0.25788462
3,43,10,0.0064000003,0.07949039,0.0322149,0.027287537,0.019987954,0.08974255,0.0102111045,6.28566,-2.1831677,12.045516,-0.4170131,0.1794851,0.020422209,0.1651894,-0.057374433,0.14137876,-0.0048945015,252.81592,251.95499,337.74997,2.6001809,13.635325,0.25226513
3,44,10,0.0064000003,0.08487526,0.035441045,0.02885432,0.020579897,0.09412896,0.00781638,6.4635944,-2.2989872,12.222579,-0.90327764,0.18825792,0.01563276,0.1698656,-0.060418226,0.14345695,-0.010601812,252.89125,252.14725,338.26828,3.2022648,13.635325,0.25439814
3,45,10,0.0064000003,0.09255194,0.042950705,0.028811214,0.020790016,0.10362276,0.00063943455,6.4587646,-1.5081627,12.284815,-0.5276517,0.20724551,0.0012788691,0.16973867,-0.039635055,0.14418744,-0.0061930693,252.97614,252.51765,338.86838,2.0358145,13.631571,0.23748139
3,46,10,0.0064000003,0.07965571,0.031636424,0.029065453,0.018953832,0.088933155,0.008322335,6.487199,-1.5278251,11.729776,-0.017552616,0.17786631,0.01664467,0.17048593,-0.040151797,0.13767292,-0.00020601774,252.95998,252.60709,338.22278,1.5453777,13.631571,0.22595389
3,47,10,0.0064000003,0.08155118,0.034031656,0.02833508,0.019184444,0.09223835,0.0055164453,6.4051733,-1.4967916,11.800919,-0.55760854,0.1844767,0.0110328905,0.16833027,-0.039336227,0.13850792,-0.006544677,252.95541,252.51266,338.82202,2.0544002,13.631571,0.2362868
3,48,10,0.0064000003,0.09165429,0.043142136,0.028379755,0.020132402,0.10385343,-0.0012053949,6.4102206,-1.3451182,12.088963,-0.42523208,0.20770685,-0.0024107897,0.16846292,-0.035350192,0.1418887,-0.0049909675,252.91595,252.22702,338.98065,1.7703502,13.631571,0.24534525
3,49,10,0.0064000003,0.08123496,0.029772395,0.029942501,0.021520061,0.086273395,0.007329996,6.5843472,-0.35736355,12.498647,0.23208576,0.17254679,0.014659992,0.17303902,-0.009391644,0.14669718,0.0027239982,252.85239,252.00935,338.05453,0.12527779,13.628248,0.26715428
3,50,10,0.0064000003,0.08931731,0.033514224,0.033397447,0.022405643,0.09153445,0.004170611,6.95385,-0.34969905,12.753221,-0.069735095,0.1830689,0.008341222,0.18274969,-0.009190217,0.14968514,-0.0008184795,252.85992,251.91676,338.5681,0.41943413,13.628248,0.30165416
3,51,10,0.0064000003,0.096799344,0.038752805,0.034731567,0.023314971,0.09842866,-0.003002355,7.0913815,-0.5393221,13.009443,-0.032291066,0.19685732,-0.00600471,0.18636407,-0.014173585,0.1526924,-0.00037899974,252.89366,252.03685,338.976,0.57161313,13.628248,0.32749152
3,52,10,0.0064000003,0.08894793,0.030425372,0.035774164,0.022748394,0.08721435,0.0036414277,7.1970315,-0.5884347,12.850399,0.083428316,0.1744287,0.0072828555,0.18914059,-0.015464276,0.15082571,0.0009792031,252.88876,252.09235,338.33105,0.5050064,13.628248,0.31515756
3,53,10,0.0064000003,0.09430052,0.03574677,0.034489032,0.024064716,0.094534084,0.0018942785,7.066579,0.04549535,13.21696,0.0782431,0.18906817,0.003788557,0.18571223,0.0011956331,0.15512806,0.0009183411,252.97551,252.35965,338.91437,-0.12373845,13.6254835,0.35734728
3,54,10,0.0064000003,0.10226909,0.039888535,0.036570784,0.025809772,0.09986057,-0.0039557316,7.276722,-0.096849844,13.687789,0.2421934,0.19972114,-0.007911463,0.19123489,-0.0025452604,0.1606542,0.002842634,253.03395,252.60637,339.52786,-0.14534356,13.6254835,0.36576813
3,55,10,0.0064000003,0.09285705,0.029558178,0.037733097,0.025565773,0.08596246,0.0050800876,7.3914547,-0.11289068,13.622935,0.40702638,0.17192492,0.010160175,0.19425009,-0.0029668086,0.159893,0.0047772857,253.0009,252.49309,338.85114,-0.2941357,13.6254835,0.33768162
3,56,10,0.0064000003,0.09751303,0.032236125,0.040319044,0.024957858,0.089772105,0.0030240028,7.6405354,-0.06266222,13.459995,0.20092905,0.17954421,0.0060480055,0.20079602,-0.001646786,0.15798056,0.0023583162,253.02283,252.5221,339.08908,-0.13826683,13.6254835,0.35609674
3,57,10,0.0064000003,0.10552834,0.042079493,0.03852556,0.024923284,0.102566436,-0.0038276045,7.468668,0.55140567,13.450667,1.1697406,0.20513287,-0.007655209,0.19627929,0.014491135,0.1578711,0.013729302,253.0749,252.7259,339.55997,-1.7211462,13.623142,0.35106388
3,58,10,0.0064000003,0.09006591,0.02848621,0.038034797,0.023544904,0.08438929,0.0038645267,7.4209447,0.403073,13.073433,1.3302532,0.16877858,0.0077290535,0.19502512,0.0105929095,0.15344349,0.015613245,253.10484,252.98235,339.01105,-1.7333262,13.623142,0.31339037
3,59,10,0.0064000003,0.10068628,0.036513258,0.039651487,0.024521539,0.095542215,0.0016130503,7.5770187,0.22651133,13.341821,0.74931276,0.19108443,0.0032261007,0.19912681,0.0059528016,0.15659355,0.0087947175,253.16951,253.21121,339.59668,-0.9758241,13.623142,0.33478916
3,60,10,0.0064000003,0.118730806,0.051064193,0.041102782,0.026563833,0.11298694,-0.0036213645,7.714437,0.14096054,13.886302,1.1500679,0.22597387,-0.007242729,0.20273821,0.0037044853,0.16298415,0.013498402,253.23149,253.47372,340.21902,-1.2910285,13.623142,0.352549
3,61,10,0.0064000003,0.09297157,0.03097249,0.03761436,0.02438472,0.087995015,0.0046650795,7.3798165,0.6056348,13.304548,2.163293,0.17599003,0.009330159,0.19394422,0.0159163,0.15615608,0.025390666,253.22542,253.56511,339.7747,-2.7689276,13.621253,0.27708173
3,62,10,0.0064000003,0.102140486,0.03369124,0.042183977,0.026265267,0.091775864,0.0020121452,7.815243,0.59067756,13.808044,1.6240134,0.18355173,0.0040242905,0.20538738,0.015523217,0.16206563,0.019061118,253.23592,253.52533,340.23407,-2.214691,13.621253,0.32689348
3,63,10,0.0064000003,0.11173457,0.037822522,0.04524297,0.028669072,0.09724007,-0.0054102438,8.093646,0.7070921,14.42607,1.9312408,0.19448014,-0.0108204875,0.21270394,0.018582646,0.16931944,0.02266706,253.2665,253.5208,340.44016,-2.6383328,13.621253,0.34297293
3,64,10,0.0064000003,0.104842804,0.031545606,0.04332981,0.02996739,0.088805415,0.004670033,7.9206724,0.6309577,14.7491045,2.2376494,0.17761083,0.009340066,0.20815814,0.016581796,0.17311092,0.026263393,253.3083,253.80453,339.90878,-2.868607,13.621253,0.31909505
3,65,10,0.0064000003,0.10433589,0.03820023,0.03869147,0.027444191,0.09772439,0.0017236721,7.484732,0.81606853,14.11453,2.2214675,0.19544879,0.0034473443,0.19670147,0.02144658,0.16566288,0.026073465,253.36781,253.98268,340.4191,-3.0375361,13.6198015,0.24678776
3,66,10,0.0064000003,0.108645216,0.043633405,0.037844982,0.027166827,0.10444305,-0.006434585,7.402405,0.86444676,14.043026,2.5221295,0.2088861,-0.01286917,0.19453786,0.022717977,0.16482362,0.029602349,253.39525,253.97992,340.6845,-3.3865762,13.6198015,0.2624361
3,67,10,0.0064000003,0.09749389,0.031849593,0.03952333,0.026120959,0.08923227,0.0038998805,7.564765,0.85482496,13.770056,2.6296868,0.17846455,0.007799761,0.19880475,0.022465108,0.1616198,0.030864755,253.37152,253.93687,340.16193,-3.4845119,13.6198015,0.24282838
3,68,10,0.0064000003,0.10337958,0.033302862,0.042912666,0.027164051,0.09124536,0.0017354845,7.882454,0.8388504,14.042308,1.93137,0.18249072,0.003470969,0.20715372,0.022045294,0.1648152,0.022668578,253.3531,253.7795,340.2497,-2.7702203,13.6198015,0.2663123
3,69,10,0.0064000003,0.11016358,0.048223108,0.035800785,0.026139684,0.109798804,-0.005594368,7.199709,1.1159,13.774992,2.845211,0.21959761,-0.011188736,0.18921095,0.02932626,0.16167772,0.03339437,253.36957,253.84111,340.44568,-3.961111,13.618612,0.22657694
3,70,10,0.0064000003,0.09628097,0.034115348,0.035947658,0.02621796,0.092351705,0.0048748166,7.2144628,0.9113468,13.795603,3.204578,0.18470341,0.009749633,0.18959868,0.023950528,0.16191961,0.03761227,253.35231,253.8576,339.76468,-4.115925,13.618612,0.2192085
3,71,10,0.0064000003,0.10165304,0.038228698,0.03700942,0.026414912,0.097760804,0.0018448676,7.320232,0.7270158,13.8473215,2.6462774,0.19552161,0.0036897352,0.19237833,0.019106233,0.16252665,0.031059477,253.4064,253.99544,340.30002,-3.3732932,13.618612,0.21586008
3,72,10,0.0064000003,0.10822468,0.043363433,0.03736207,0.027499175,0.10411944,-0.00653166,7.3550253,0.7550143,14.128662,3.0313683,0.20823888,-0.01306332,0.1932927,0.01984204,0.16582875,0.035579316,253.44667,254.0977,340.86298,-3.7863827,13.618612,0.23329432
3,73,10,0.0064000003,0.09502351,0.03297045,0.03528733,0.026765734,0.090788834,0.0026356154,7.147894,0.8852746,13.938973,3.5281372,0.18157767,0.005271231,0.18784922,0.023265343,0.16360237,0.041409906,253.42462,254.05688,340.12067,-4.4134116,13.617554,0.23302528
3,74,10,0.0064000003,0.10059884,0.034932856,0.038360287,0.027305702,0.093451664,0.0013595578,7.4526305,0.819453,14.078874,2.5303798,0.18690333,0.0027191157,0.19585782,0.021535512,0.16524437,0.029699177,253.44661,254.07915,340.58508,-3.3498328,13.617554,0.2295937
3,75,10,0.0064000003,0.11414197,0.0430347,0.039113197,0.03199408,0.10372403,-0.007202022,7.5254126,0.78090245,15.239687,2.734309,0.20744807,-0.014404044,0.19777057,0.020522391,0.17886889,0.03209271,253.46039,254.01295,340.84067,-3.5152113,13.617554,0.23508824
3,76,10,0.0064000003,0.10653922,0.03510826,0.03888443,0.03254653,0.09368599,0.0031542862,7.5033736,0.65238786,15.370698,2.8932967,0.18737198,0.0063085724,0.19719136,0.01714498,0.18040657,0.03395875,253.47037,254.093,339.92953,-3.5456846,13.617554,0.24498893
3,77,10,0.0064000003,0.10394608,0.038522165,0.03668341,0.028740503,0.09813532,0.0006895301,7.2879186,0.6385695,14.444032,2.5155506,0.19627064,0.0013790602,0.19152914,0.016781842,0.16953024,0.029525135,253.53978,254.36514,340.44962,-3.15412,13.616482,0.26968715
3,78,10,0.0064000003,0.11471082,0.047977637,0.037071873,0.02966131,0.10951899,-0.0071448362,7.326405,0.58594126,14.673589,3.1390784,0.21903798,-0.0142896725,0.19254057,0.015398745,0.1722246,0.036843512,253.57288,254.57414,340.9407,-3.7250197,13.616482,0.26432016
3,79,10,0.0064000003,0.10518086,0.038064864,0.037445344,0.029670654,0.09755109,0.0018068434,7.363218,0.6372179,14.6759,3.8580658,0.19510219,0.003613687,0.193508,0.016746318,0.17225172,0.045282293,253.53342,254.55934,340.40625,-4.4952836,13.616482,0.27988535
3,80,10,0.0064000003,0.11069342,0.039974917,0.04105848,0.029660024,0.09996864,-0.0003834138,7.7102795,0.6664066,14.673273,3.145996,0.19993728,-0.0007668276,0.20262893,0.017513406,0.17222086,0.036924697,253.53024,254.46005,340.79333,-3.8124027,13.616482,0.26557085
3,81,10,0.0064000003,0.11174052,0.042911023,0.03849707,0.030332424,0.10357488,-0.007595619,7.4659066,0.87597597,14.838662,3.3182733,0.20714976,-0.015191238,0.1962067,0.023020966,0.17416206,0.03894672,253.53426,254.34761,340.81076,-4.194249,13.615259,0.26063755
3,82,10,0.0064000003,0.10874577,0.032707468,0.042357694,0.0336806,0.09042603,0.0008677979,7.831317,1.0520861,15.636198,3.4349504,0.18085206,0.0017355958,0.20580985,0.02764921,0.18352275,0.040316172,253.50902,254.2168,339.96313,-4.4870367,13.615259,0.28549048
3,83,10,0.0064000003,0.12362237,0.042342227,0.0469641,0.034316048,0.10288613,0.00014237156,8.246159,1.0575899,15.78301,3.0040894,0.20577227,0.00028474312,0.21671203,0.027793845,0.18524592,0.035259135,253.5619,254.30074,340.01544,-4.0616794,13.615259,0.2814833
3,84,10,0.0064000003,0.12471111,0.04603957,0.045311812,0.03335973,0.107284166,-0.0070008785,8.099802,0.74197286,15.561537,3.3295815,0.21456833,-0.014001757,0.21286571,0.019499319,0.18264645,0.03907945,253.65569,254.71559,340.49918,-4.071554,13.615259,0.2831393
3,85,10,0.0064000003,0.107157856,0.033499047,0.041588433,0.03207038,0.09151372,0.0019889192,7.7598786,0.6505896,15.257848,3.0147514,0.18302745,0.0039778384,0.20393242,0.017097728,0.17908205,0.035384275,253.65225,254.7799,340.00656,-3.665341,13.613836,0.3069891
3,86,10,0.0064000003,0.11058388,0.036594354,0.043092437,0.030897088,0.09564825,-0.0012953118,7.8989477,0.6492876,14.976144,2.390939,0.1912965,-0.0025906237,0.20758718,0.017063517,0.17577568,0.028062565,253.66273,254.7631,340.48953,-3.0402265,13.613836,0.27604383
3,87,10,0.0064000003,0.1264785,0.047471687,0.043996055,0.035010755,0.10893999,-0.008531624,7.9813347,0.31089988,15.94197,2.8643358,0.21787998,-0.017063249,0.20975237,0.008170567,0.18711162,0.03361884,253.65994,254.72615,340.63998,-3.1752357,13.613836,0.2770073
3,88,10,0.0064000003,0.11488585,0.036682554,0.0458818,0.032321498,0.09576345,0.0016069928,8.150587,0.11936246,15.317467,2.8307643,0.1915269,0.0032139856,0.21420038,0.0031368854,0.17978181,0.03322481,253.65826,254.80319,339.75354,-2.9501266,13.613836,0.32161394
3,89,10,0.0064000003,0.11074058,0.041612193,0.041456383,0.027672002,0.101995334,-0.00095937273,7.74755,0.1623116,14.172992,1.2324483,0.20399067,-0.0019187455,0.20360841,0.004265612,0.16634904,0.014465304,253.74965,255.06885,340.46695,-1.3947599,13.612405,0.2667115
3,90,10,0.0064000003,0.113134384,0.045047984,0.03876636,0.029320035,0.10612255,-0.007770621,7.491973,0.1740584,14.58893,1.9582452,0.2122451,-0.015541242,0.19689175,0.004574318,0.17123094,0.022984013,253.81346,255.27791,340.70554,-2.1323035,13.612405,0.22074184
3,91,10,0.0064000003,0.1001389,0.036754813,0.036786538,0.026597552,0.095857725,0.003914137,7.298156,0.08150633,13.895112,2.1921737,0.19171545,0.007828274,0.19179817,0.0021420144,0.16308756,0.025729641,253.81982,255.39795,339.9771,-2.27368,13.612405,0.2576744
3,92,10,0.0064000003,0.096470565,0.03716391,0.033878222,0.025428426,0.09638972,0.00071418885,7.003723,-0.012766501,13.586292,1.3497034,0.19277944,0.0014283777,0.18406038,-0.00033550643,0.15946293,0.01584153,253.8773,255.6063,340.65973,-1.336937,13.612405,0.23637976
3,93,10,0.0064000003,0.103244424,0.04395458,0.031593047,0.027696792,0.10482674,-0.008051661,6.7633896,-0.14828315,14.1793375,1.415059,0.20965348,-0.016103322,0.17774433,-0.003896935,0.16642353,0.016608609,253.90468,255.72661,341.2699,-1.2667758,13.611036,0.1965737
3,94,10,0.0064000003,0.09248647,0.032506336,0.0347759,0.025204236,0.09014757,0.0041631535,7.0959063,0.08863949,13.526266,1.3181773,0.18029514,0.008326307,0.18648298,0.0023294773,0.15875842,0.015471505,253.87535,255.64725,340.92523,-1.4068168,13.611036,0.21191797
3,95,10,0.0064000003,0.09871349,0.037650514,0.036243785,0.024819188,0.097018704,0.00020189598,7.2441173,0.4128664,13.422549,0.99469477,0.19403741,0.00040379196,0.19037801,0.010850278,0.15754107,0.011674779,253.84866,255.4421,341.0096,-1.4075612,13.611036,0.19903637
3,96,10,0.0064000003,0.11108218,0.045488145,0.037176304,0.028417738,0.10663975,-0.0057745613,7.336718,0.5812168,14.362696,1.9068047,0.2132795,-0.011549123,0.19281158,0.015274583,0.16857561,0.022380255,253.79494,255.08142,340.87018,-2.4880214,13.611036,0.19741178
3,97,10,0.0064000003,0.09898279,0.037508797,0.034572437,0.026901549,0.09683594,0.002860861,7.075118,0.7955434,13.974295,1.438867,0.19367188,0.005721722,0.18593664,0.020907162,0.16401692,0.016888048,253.71413,254.83311,339.70016,-2.2344103,13.60981,0.21048725
3,98,10,0.0064000003,0.0974491,0.033607014,0.0361164,0.02772569,0.09166108,0.00028817702,7.231375,0.75702935,14.186733,0.738305,0.18332216,0.00057635404,0.19004315,0.019895004,0.16651033,0.00866552,253.73189,254.92397,340.1369,-1.4953344,13.60981,0.19760759
3,99,10,0.0064000003,0.106005445,0.04631412,0.032172356,0.027518976,0.10760358,-0.008522675,6.825117,0.49912876,14.133749,1.2261441,0.21520716,-0.01704535,0.17936654,0.013117289,0.16588844,0.014391307,253.7655,255.0953,340.46375,-1.7252729,13.60981,0.20959571
3,100,10,0.0064000003,0.08670639,0.03082078,0.030728357,0.025157256,0.08777924,0.0019145334,6.6701922,0.60519207,13.513656,1.0015752,0.17555848,0.0038290669,0.17529505,0.01590467,0.15861039,0.011755536,253.7622,255.11801,340.08563,-1.6067673,13.60981,0.21842836
4,1,10,0.0051200003,0.095239356,0.024016192,0.04337283,0.027850341,0.07748579,-0.005332892,7.924604,1.7884399,14.218588,1.1925316,0.15497158,-0.010665784,0.20826145,0.047000848,0.16688421,0.0139967995,253.53235,253.89441,340.47208,-2.9809713,13.608738,0.48029864
4,2,10,0.0051200003,0.09846732,0.028804678,0.04198943,0.027673213,0.08485971,-0.0086117,7.7971997,1.8795835,14.1733,0.68355954,0.16971941,-0.0172234,0.20491323,0.04939615,0.16635267,0.00802298,253.52896,253.85437,340.87576,-2.563143,13.608738,0.5043392
4,3,10,0.0051200003,0.103182845,0.03596412,0.040621143,0.026597582,0.09482104,-0.015263664,7.6691055,1.8325311,13.89512,1.263554,0.18964209,-0.030527327,0.20154688,0.048159562,0.16308765,0.014830387,253.48073,253.64883,341.03882,-3.096085,13.608738,0.4790357
4,4,10,0.0051200003,0.090030044,0.024636403,0.040150933,0.025242707,0.07847994,-0.0065345475,7.62459,2.059669,13.536586,1.489984,0.15695988,-0.013069095,0.20037697,0.05412884,0.15887953,0.017488007,253.37524,253.21782,339.9562,-3.549653,13.608738,0.498581
4,5,10,0.0051200003,0.091797166,0.02720827,0.040046085,0.02454281,0.08247465,-0.009533845,7.614628,2.0629218,13.347605,0.7405372,0.1649493,-0.01906769,0.20011517,0.054214332,0.15666145,0.008691721,253.34158,252.95413,340.05777,-2.803459,13.607737,0.4649643
4,6,10,0.0051200003,0.09650112,0.03422459,0.03819682,0.02407971,0.09249944,-0.015343021,7.4367347,1.6865711,13.221079,1.0193828,0.18499888,-0.030686041,0.19544007,0.04432369,0.15517639,0.011964544,253.34428,252.91447,340.05978,-2.705954,13.607737,0.43879738
4,7,10,0.0051200003,0.08342221,0.024569439,0.036296476,0.022556288,0.07837321,-0.0051768995,7.249381,1.747947,12.796022,1.0670362,0.15674642,-0.010353799,0.19051634,0.04593669,0.1501875,0.012523844,253.31357,252.90523,339.37338,-2.8149831,13.607737,0.43674698
4,8,10,0.0051200003,0.085486196,0.025349934,0.036420546,0.023715716,0.079608314,-0.008207456,7.26176,1.9204538,13.1207695,0.61588913,0.15921663,-0.016414912,0.19084167,0.050470226,0.15399908,0.0072287237,253.30379,252.84665,339.6351,-2.5363429,13.607737,0.45824987
4,9,10,0.0051200003,0.08993056,0.03377074,0.035240848,0.020918975,0.091884084,-0.012781827,7.1431837,1.5087589,12.322857,0.74226516,0.18376817,-0.025563654,0.18772545,0.03965074,0.14463393,0.008711998,253.28893,252.66623,339.82135,-2.251024,13.606569,0.35725927
4,10,10,0.0051200003,0.07870583,0.022744246,0.036390554,0.019571034,0.07540598,-0.0032410785,7.258769,1.6852959,11.919229,1.0097964,0.15081196,-0.006482157,0.19076309,0.04429018,0.13989651,0.011852026,253.2549,252.54053,339.02072,-2.6950922,13.606569,0.36629626
4,11,10,0.0051200003,0.082932115,0.025354533,0.03646461,0.02111297,0.07961553,-0.0073146825,7.2661514,1.6471527,12.379865,0.63042116,0.15923107,-0.014629365,0.19095708,0.043287758,0.14530303,0.0073992833,253.28879,252.65141,339.39148,-2.2775738,13.606569,0.3890327
4,12,10,0.0051200003,0.09207469,0.034177188,0.035642114,0.02225539,0.09243537,-0.012369954,7.183736,1.4289218,12.710389,0.98696023,0.18487073,-0.024739908,0.18879119,0.0375526,0.14918241,0.011583995,253.31816,252.7842,339.67648,-2.415882,13.606569,0.37853432
4,13,10,0.0051200003,0.07392201,0.023000117,0.031126862,0.01979503,0.07582895,-0.0016196349,6.7133045,1.0702243,11.987244,0.7789049,0.1516579,-0.0032392698,0.17642806,0.028125895,0.14069481,0.009142044,253.28986,252.69843,339.05627,-1.8491292,13.60528,0.30203855
4,14,10,0.0051200003,0.077959225,0.024990996,0.03301408,0.019954143,0.0790427,-0.0066906936,6.913823,1.2928915,12.035322,0.6631083,0.1580854,-0.013381387,0.18169777,0.033977654,0.14125913,0.0077829408,253.28224,252.62242,339.4555,-1.9559999,13.60528,0.33503282
4,15,10,0.0051200003,0.08765256,0.032934688,0.034347367,0.020370504,0.090739585,-0.011219806,7.0520506,1.3399006,12.160239,1.3212379,0.18147917,-0.022439612,0.18533042,0.035213068,0.14272527,0.015507426,253.22914,252.35423,339.41516,-2.6611385,13.60528,0.35483235
4,16,10,0.0051200003,0.074015975,0.02198887,0.033181753,0.018845353,0.07414322,-0.0032257775,6.9313583,1.5236828,11.696162,1.345411,0.14828645,-0.006451555,0.18215859,0.04004294,0.13727838,0.015791154,253.11928,251.89954,338.22296,-2.869094,13.60528,0.34881827
4,17,10,0.0051200003,0.06980769,0.023655167,0.029761422,0.01639111,0.07690118,-0.0050311238,6.5644073,1.2264146,10.908007,0.3862964,0.15380237,-0.0100622475,0.17251499,0.032230627,0.12802777,0.0045339786,253.07283,251.64903,338.34735,-1.612711,13.603886,0.30440953
4,18,10,0.0051200003,0.07703872,0.030104965,0.030224191,0.01670957,0.08675391,-0.010203821,6.6152463,1.1236778,11.013462,0.637582,0.17350782,-0.020407641,0.17385106,0.02953066,0.1292655,0.0074833296,253.0423,251.4795,338.36816,-1.7612598,13.603886,0.31986192
4,19,10,0.0051200003,0.07183349,0.023147443,0.031885374,0.016800672,0.07607142,-0.0004426691,6.7946076,1.2210454,11.043445,0.89400387,0.15214284,-0.0008853382,0.17856476,0.032089517,0.12961741,0.010492966,252.97672,251.23416,337.46133,-2.1150494,13.603886,0.31577015
4,20,10,0.0051200003,0.074794635,0.024612177,0.03271057,0.017471885,0.078441344,-0.004131521,6.881969,1.4316844,11.261885,0.66280544,0.15688269,-0.008263042,0.18086064,0.037625182,0.13218126,0.0077793756,252.98767,251.20995,337.87442,-2.0944898,13.603886,0.3279658
4,21,10,0.0051200003,0.073989704,0.02924807,0.027358564,0.017383069,0.085510336,-0.0086414395,6.2938347,1.0686675,11.233225,0.73497015,0.17102067,-0.017282879,0.16540425,0.028084962,0.13184486,0.008626378,252.99629,251.24825,338.00806,-1.8036377,13.602443,0.30467737
4,22,10,0.0051200003,0.06621561,0.021571213,0.028125176,0.01651922,0.07343571,0.00074000575,6.381405,1.1313907,10.950551,0.84940654,0.14687142,0.0014800115,0.16770563,0.02973336,0.12852712,0.009969525,252.93526,251.12128,337.29877,-1.9807973,13.602443,0.3046746
4,23,10,0.0051200003,0.067615755,0.02242394,0.028645718,0.016546095,0.07487313,-0.004176274,6.440188,1.1664717,10.959455,0.2733478,0.14974625,-0.008352548,0.16925046,0.030655302,0.12863162,0.0032082961,252.90929,250.9575,337.64087,-1.4398196,13.602443,0.3210874
4,24,10,0.0051200003,0.07874706,0.03315205,0.029160801,0.016434204,0.091038525,-0.009228555,6.497832,1.1584282,10.922336,0.8003546,0.18207705,-0.01845711,0.17076534,0.030443907,0.12819596,0.009393799,252.84377,250.6822,337.55634,-1.9587828,13.602443,0.3426279
4,25,10,0.0051200003,0.062187828,0.02047279,0.025986128,0.015728913,0.07154158,0.0011756304,6.1339393,0.85422045,10.685395,0.09002385,0.14308316,0.0023512607,0.16120213,0.022449223,0.12541497,0.0010566134,252.76765,250.3837,336.73312,-0.9442443,13.600908,0.28130162
4,26,10,0.0051200003,0.06559706,0.02169859,0.026668377,0.01723009,0.07365221,-0.0020007852,6.2139387,0.930476,11.183687,-0.48245054,0.14730442,-0.0040015704,0.16330455,0.02445324,0.13126343,-0.005662544,252.75957,250.30173,336.8843,-0.44802547,13.600908,0.30599803
4,27,10,0.0051200003,0.07357089,0.02962861,0.027001344,0.01694094,0.086064816,-0.007186143,6.2526097,0.88764566,11.089449,-0.05061082,0.17212963,-0.014372286,0.16432086,0.023327656,0.13015737,-0.0005940211,252.75948,250.29922,336.96274,-0.8370348,13.600908,0.3417032
4,28,10,0.0051200003,0.06498472,0.021907194,0.026470393,0.016607126,0.074005395,0.00204551,6.19083,0.99356914,10.97965,0.17246096,0.14801079,0.00409102,0.16269724,0.026111363,0.12886864,0.0020241798,252.70099,250.12141,336.13748,-1.16603,13.600908,0.3312115
4,29,10,0.0051200003,0.06269371,0.024986878,0.020743921,0.01696291,0.07903619,-0.0006412379,5.480423,0.9088643,11.096638,-0.8835524,0.15807238,-0.0012824758,0.1440275,0.023885282,0.13024174,-0.0103702955,252.65881,249.88452,336.30783,-0.025311947,13.59931,0.24968384
4,30,10,0.0051200003,0.06965606,0.030025138,0.022471199,0.017159719,0.086638816,-0.006160188,5.70403,0.92833704,11.160824,-0.5740182,0.17327763,-0.012320376,0.14990397,0.024397027,0.13099511,-0.006737278,252.60425,249.65094,336.2604,-0.35431886,13.59931,0.28177693
4,31,10,0.0051200003,0.06509942,0.022905927,0.024209991,0.017983504,0.07567352,0.0025474387,5.9206038,0.8648281,11.425582,-0.62911916,0.15134704,0.0050948774,0.1555956,0.02272799,0.13410258,-0.007384,252.52853,249.37212,335.30817,-0.23570895,13.59931,0.28662553
4,32,10,0.0051200003,0.06725308,0.022280322,0.025168525,0.01980424,0.07463297,-0.0022156674,6.036671,0.9098844,11.99003,-1.1091926,0.14926594,-0.004431335,0.15864591,0.023912087,0.14072753,-0.013018646,252.52565,249.30501,335.56393,0.19930822,13.59931,0.2974363
4,33,10,0.0051200003,0.07306771,0.03189201,0.021180278,0.019995417,0.08929167,-0.0055169566,5.5377645,0.63262564,12.047763,-1.4710172,0.17858334,-0.011033913,0.14553446,0.016625622,0.14140515,-0.0172654,252.53996,249.39838,335.7621,0.8383916,13.597548,0.24609567
4,34,10,0.0051200003,0.06304243,0.022617264,0.021089964,0.019335203,0.075195186,0.0046524364,5.5259457,0.6758138,11.847198,-1.5008725,0.15039037,0.009304873,0.14522384,0.017760633,0.13905108,-0.017615812,252.52486,249.33607,335.181,0.8250587,13.597548,0.23305386
4,35,10,0.0051200003,0.0632715,0.02227043,0.022189887,0.018811183,0.0746164,0.0007053236,5.668214,0.72027344,11.685554,-1.7471818,0.1492328,0.0014106472,0.1489627,0.018929046,0.13715386,-0.020506753,252.54521,249.34608,335.53668,1.0269084,13.597548,0.22886541
4,36,10,0.0051200003,0.07083886,0.02761983,0.023062306,0.020156728,0.08309607,-0.0046130246,5.7785654,0.817518,12.096263,-1.3711218,0.16619214,-0.009226049,0.15186279,0.02148467,0.14197439,-0.016092919,252.5408,249.40518,335.78473,0.55360377,13.597548,0.2558545
4,37,10,0.0051200003,0.06660578,0.023492156,0.021703776,0.021409843,0.076635756,0.004204211,5.6057835,0.6052417,12.466598,-1.9034636,0.15327151,0.008408422,0.14732201,0.015905969,0.14632103,-0.022341035,252.44934,249.08238,334.87067,1.2982218,13.595545,0.23221628
4,38,10,0.0051200003,0.06954683,0.024035959,0.022992235,0.022518642,0.07751767,0.000121153855,5.76978,0.7856012,12.78534,-2.1075895,0.15503535,0.00024230771,0.1516319,0.020645883,0.15006213,-0.024736872,252.406,248.80737,334.85654,1.3219883,13.595545,0.2305736
4,39,10,0.0051200003,0.075268134,0.02834115,0.022743495,0.024183488,0.08417415,-0.0030039086,5.738486,0.79636574,13.249537,-1.6382685,0.1683483,-0.006007817,0.15080947,0.02092878,0.15551041,-0.019228429,252.40811,248.85094,334.73853,0.84190273,13.595545,0.2412827
4,40,10,0.0051200003,0.07528421,0.028419038,0.023927156,0.022938017,0.08428974,0.005111844,5.885917,0.8511414,12.903845,-1.2801428,0.16857947,0.010223688,0.15468405,0.022368303,0.15145302,-0.015025095,252.3863,248.83263,334.00336,0.4290014,13.595545,0.23939452
4,41,10,0.0051200003,0.07075204,0.025873903,0.023016952,0.021861184,0.080426835,0.00081516895,5.7728806,0.7492312,12.597316,-1.8471569,0.16085367,0.0016303379,0.15171339,0.019690067,0.14785528,-0.021680163,252.38112,248.73671,334.4378,1.0979257,13.593321,0.21499547
4,42,10,0.0051200003,0.074088775,0.029159611,0.024681695,0.020247469,0.08538093,-0.0022672177,5.9780035,0.7887282,12.12346,-1.7678096,0.17076185,-0.0045344355,0.15710409,0.020728061,0.1422936,-0.020748863,252.33609,248.59656,334.64694,0.97908145,13.593321,0.21365345
4,43,10,0.0051200003,0.07699144,0.030147754,0.026431175,0.020412508,0.08681554,0.0042335927,6.1862416,0.7364571,12.1727705,-1.7240758,0.17363109,0.008467185,0.16257668,0.019354358,0.14287235,-0.020235553,252.24136,248.2861,333.68893,0.9876187,13.593321,0.21163496
4,44,10,0.0051200003,0.08022108,0.03010226,0.027286194,0.022832623,0.086750016,-0.0001959289,6.2855043,0.8884043,12.8741665,-2.0395033,0.17350003,-0.0003918578,0.16518533,0.023347585,0.15110467,-0.023937738,252.21404,248.1035,333.7392,1.151099,13.593321,0.22441852
4,45,10,0.0051200003,0.07697987,0.02881943,0.025416076,0.022744363,0.08488143,-0.002125889,6.0662866,0.5501934,12.849259,-2.0942907,0.16976286,-0.004251778,0.1594242,0.014459278,0.15081234,-0.024580782,252.24503,248.21413,333.81927,1.5440973,13.590913,0.22975244
4,46,10,0.0051200003,0.0745493,0.027545521,0.024788862,0.022214916,0.08298422,0.0060421554,5.9909678,0.4754466,12.698826,-2.0883663,0.16596843,0.012084311,0.15744479,0.0124949105,0.14904669,-0.024511253,252.26076,248.38766,333.52145,1.6129197,13.590913,0.24318221
4,47,10,0.0051200003,0.07428789,0.026879538,0.02428008,0.023128271,0.0819749,0.0019230191,5.929168,0.5800094,12.957249,-2.146243,0.1639498,0.0038460381,0.15582067,0.015242857,0.15207982,-0.02519055,252.28745,248.51823,333.92957,1.5662336,13.590913,0.23406331
4,48,10,0.0051200003,0.07720983,0.031035183,0.02372687,0.022447778,0.08808403,-0.0022517527,5.8612313,0.71299267,12.765207,-1.9368871,0.17616805,-0.0045035053,0.15403529,0.018737705,0.14982583,-0.022733334,252.27654,248.51515,333.96454,1.2238945,13.590913,0.23569381
4,49,10,0.0051200003,0.073939316,0.029741477,0.022912689,0.021285152,0.08622859,0.0052676615,5.759791,0.49133748,12.430242,-1.5699102,0.17245717,0.010535323,0.15136938,0.012912529,0.14589432,-0.018426107,252.24585,248.40805,333.2174,1.0785728,13.588378,0.23874019
4,50,10,0.0051200003,0.075024076,0.028409604,0.024611944,0.022002527,0.084275745,0.0019409235,5.9695506,0.52446985,12.637977,-1.598696,0.16855149,0.003881847,0.15688194,0.013783258,0.14833249,-0.018763969,252.26814,248.44667,333.50742,1.0742261,13.588378,0.23902345
4,51,10,0.0051200003,0.076180995,0.03118397,0.023585757,0.02141127,0.088294916,-0.002203419,5.843776,0.6036579,12.467012,-1.2502072,0.17658983,-0.004406838,0.15357655,0.015864346,0.1463259,-0.014673735,252.29292,248.5775,333.83255,0.6465493,13.588378,0.22968283
4,52,10,0.0051200003,0.07450852,0.030159155,0.023256833,0.02109253,0.08683196,0.005281381,5.802885,0.5765278,12.373871,-1.1079718,0.17366391,0.010562762,0.15250191,0.015151356,0.14523268,-0.013004315,252.25925,248.54822,333.30707,0.531444,13.588378,0.238611
4,53,10,0.0051200003,0.07590542,0.03151044,0.022385221,0.02200976,0.0887559,0.0023739247,5.6931076,0.37456918,12.640054,-0.9631035,0.1775118,0.0047478494,0.14961691,0.009843815,0.14835687,-0.011303987,252.21803,248.30083,333.27368,0.5885343,13.585863,0.24282762
4,54,10,0.0051200003,0.077593535,0.034108415,0.021117859,0.022367263,0.09234232,-0.00011449616,5.5295987,0.4954438,12.742295,-0.8412079,0.18468463,-0.00022899231,0.14531985,0.013020445,0.14955689,-0.009873297,252.20433,248.22063,333.19815,0.34576413,13.585863,0.27098313
4,55,10,0.0051200003,0.072585955,0.031891372,0.020732045,0.019962538,0.089290775,0.00503202,5.4788537,0.3707802,12.037856,-0.7200524,0.17858155,0.01006404,0.14398627,0.009744236,0.14128885,-0.008451288,252.1487,248.13579,332.49902,0.34927222,13.585863,0.24433352
4,56,10,0.0051200003,0.07117761,0.030706173,0.02219142,0.018280013,0.087615885,0.0007516598,5.6684093,0.6331768,11.519391,-0.53547174,0.17523177,0.0015033196,0.14896785,0.016640114,0.1352036,-0.006284855,252.09471,247.9032,332.42465,-0.097705066,13.585863,0.24201941
4,57,10,0.0051200003,0.07152613,0.031946708,0.022891933,0.016687492,0.08936821,-0.0017096327,5.7571816,0.33743733,11.006184,0.22542112,0.17873642,-0.0034192654,0.1513008,0.008867974,0.12918007,0.002645779,252.04915,247.69034,332.25668,-0.56285846,13.58341,0.24613428
4,58,10,0.0051200003,0.073345184,0.032171182,0.024019092,0.017154913,0.08968163,0.0036145162,5.897215,0.24262229,11.159262,-0.014843565,0.17936327,0.0072290325,0.15498094,0.006376201,0.13097677,-0.00017422077,251.98119,247.4435,331.4984,-0.22777872,13.58341,0.23837526
4,59,10,0.0051200003,0.0729018,0.031221246,0.025095616,0.016584938,0.08834767,-0.0006665058,6.0279217,0.30723864,10.972312,-0.14611042,0.17669535,-0.0013330115,0.15841596,0.008074341,0.12878253,-0.0017149051,251.96638,247.31714,331.647,-0.16112822,13.58341,0.26344112
4,60,10,0.0051200003,0.0783153,0.035886876,0.024749355,0.017679077,0.09471916,-0.0046530683,5.9861913,0.35126692,11.328464,0.23169489,0.18943831,-0.0093061365,0.15731928,0.009231422,0.13296269,0.0027194114,251.98695,247.35458,331.6956,-0.5829618,13.58341,0.24707775
4,61,10,0.0051200003,0.07163482,0.030468727,0.023425996,0.017740102,0.087276466,0.0025665506,5.823951,-0.24603844,11.347999,0.26963133,0.17455293,0.0051331013,0.15305553,-0.0064659775,0.13319197,0.003164673,252.02013,247.57106,331.60757,-0.02359289,13.581147,0.21081105
4,62,10,0.0051200003,0.071201436,0.03243785,0.023018846,0.015744736,0.09005255,0.00011599809,5.7731185,-0.24612747,10.690769,-0.24136814,0.1801051,0.00023199618,0.15171963,-0.006468318,0.12547803,-0.0028329485,252.08484,247.77592,332.49496,0.4874956,13.581147,0.23324555
4,63,10,0.0051200003,0.07156715,0.032876264,0.022447819,0.016243063,0.09065907,-0.0030481957,5.7010612,-0.24474514,10.858635,-0.060078554,0.18131813,-0.0060963915,0.14982596,-0.006431991,0.12744828,-0.000705144,252.12376,248.0086,332.80002,0.3048237,13.581147,0.2528676
4,64,10,0.0051200003,0.06893337,0.027507551,0.024574611,0.016851202,0.082927,0.0035013382,5.965021,-0.45843968,11.0600395,-0.17430797,0.165854,0.0070026764,0.15676291,-0.0120479595,0.12981218,-0.0020458603,252.13199,248.21425,332.46616,0.63274765,13.581147,0.25783095
4,65,10,0.0051200003,0.069740444,0.025988646,0.025548274,0.018203527,0.08060497,0.0009627142,6.0820427,-0.3346969,11.495265,0.78504544,0.16120994,0.0019254284,0.15983827,-0.008795954,0.13492045,0.0092141135,252.09477,248.01355,332.68073,-0.45034856,13.579056,0.18451166
4,66,10,0.0051200003,0.07313642,0.02901591,0.025386736,0.018733775,0.085170284,-0.0030110364,6.0627837,-0.07532819,11.661487,1.0320168,0.17034057,-0.006022073,0.15933216,-0.0019796528,0.13687138,0.012112827,252.0494,247.7217,332.52466,-0.9566886,13.579056,0.1929941
4,67,10,0.0051200003,0.07028606,0.027459247,0.023769839,0.019056972,0.08285416,0.0037686517,5.8665366,-0.22192468,11.761647,1.0427685,0.16570832,0.0075373035,0.1541747,-0.0058322605,0.138047,0.01223902,252.01326,247.66078,331.64807,-0.8208438,13.579056,0.18893166
4,68,10,0.0051200003,0.07540575,0.029462181,0.024800222,0.021143345,0.08582275,0.0013245164,5.99234,0.054212205,12.388766,1.1739795,0.1716455,0.0026490327,0.15748087,0.0014247171,0.14540751,0.013779047,252.00984,247.61804,331.85684,-1.2281917,13.579056,0.20016567
4,69,10,0.0051200003,0.07336707,0.029412117,0.023195652,0.0207593,0.085749805,-0.001361941,5.7952466,-0.035385363,12.275736,1.947966,0.17149961,-0.002723882,0.15230119,-0.0009299384,0.14408088,0.022863366,252.00734,247.6202,331.83374,-1.9125806,13.577078,0.1942193
4,70,10,0.0051200003,0.073816076,0.02768774,0.025556745,0.020571586,0.08319817,0.004736309,6.0830507,-0.20713663,12.22011,2.0192134,0.16639633,0.009472618,0.15986477,-0.0054436238,0.14342798,0.023699606,251.97952,247.60258,331.3103,-1.8120768,13.577078,0.21156998
4,71,10,0.0051200003,0.07826965,0.02905109,0.028449282,0.020769283,0.0852219,0.00039737197,6.418068,-0.07603339,12.278688,2.6584327,0.1704438,0.00079474394,0.16866915,-0.001998186,0.14411552,0.031202147,251.98526,247.6859,331.694,-2.5823994,13.577078,0.24151634
4,72,10,0.0051200003,0.08564676,0.034665726,0.028682098,0.022298943,0.09309367,-0.0026200935,6.4442754,0.02826783,12.722819,3.1171756,0.18618734,-0.005240187,0.1693579,0.00074289064,0.1493283,0.03658643,252.00096,247.86476,331.68655,-3.1454434,13.577078,0.25618416
4,73,10,0.0051200003,0.08308469,0.033847667,0.027639898,0.021597128,0.091988675,0.004260697,6.326112,-0.44314355,12.521007,3.1053572,0.18397735,0.008521394,0.16625251,-0.011645975,0.14695962,0.036447722,252.04155,248.10062,331.10565,-2.6622136,13.575292,0.23420939
4,74,10,0.0051200003,0.08003718,0.03259264,0.026601354,0.020843184,0.09026716,-0.00043446588,6.2061257,-0.46690378,12.300514,3.3325813,0.18053432,-0.00086893176,0.16309921,-0.012270401,0.14437169,0.039114654,252.12372,248.40633,331.8357,-2.8656776,13.575292,0.2548113
4,75,10,0.0051200003,0.081973344,0.03430332,0.02752115,0.020148871,0.09260578,-0.003189434,6.3125086,-0.4928661,12.093906,3.504499,0.18521155,-0.006378868,0.165895,-0.0129527,0.14194672,0.041132465,252.12985,248.45503,331.9267,-3.011633,13.575292,0.2531419
4,76,10,0.0051200003,0.081172146,0.031854987,0.02935733,0.019959832,0.08923983,0.0029084838,6.5196905,-0.5861816,12.037038,3.3888748,0.17847966,0.0058169677,0.17133981,-0.015405075,0.14127927,0.03977537,252.09349,248.32579,331.40665,-2.8026931,13.575292,0.24928781
4,77,10,0.0051200003,0.078898385,0.03265452,0.027763456,0.018480405,0.09035281,-0.0013865633,6.340236,-0.4917101,11.582356,3.0585215,0.18070562,-0.0027731266,0.1666237,-0.012922319,0.13594265,0.03589801,252.12967,248.38673,332.11285,-2.5668113,13.573561,0.24555367
4,78,10,0.0051200003,0.080303125,0.032014795,0.028655715,0.019632617,0.08946339,-0.0051394715,6.441312,-0.3788972,11.937966,2.9721932,0.17892678,-0.010278943,0.16928,-0.009957551,0.14011644,0.03488477,252.14879,248.40475,332.55795,-2.593296,13.573561,0.24006775
4,79,10,0.0051200003,0.08166784,0.03140641,0.029906295,0.020355139,0.08860927,0.0011787569,6.580365,-0.6538731,12.155652,2.787567,0.17721854,0.0023575139,0.17293437,-0.017184017,0.14267144,0.032717798,252.10681,248.29088,331.80026,-2.1336937,13.573561,0.23273548
4,80,10,0.0051200003,0.08390757,0.032875262,0.030026402,0.021005908,0.09065768,-0.002329304,6.593565,-0.77732724,12.348434,2.2886617,0.18131536,-0.004658608,0.17328128,-0.020428436,0.14493415,0.02686213,252.10345,248.26366,332.0079,-1.5113344,13.573561,0.24410401
4,81,10,0.0051200003,0.080823585,0.030458977,0.029428458,0.020936152,0.087262504,-0.004803577,6.527584,-0.46947992,12.327914,2.1061985,0.17452501,-0.009607154,0.17154725,-0.012338096,0.1446933,0.024720548,252.09404,248.15921,332.16016,-1.6367186,13.571854,0.22179718
4,82,10,0.0051200003,0.08289927,0.028334295,0.0309795,0.023585474,0.08416397,0.0021349487,6.6973934,-0.5967504,13.084692,2.0189054,0.16832794,0.0042698975,0.17600994,-0.015682817,0.15357563,0.023695985,252.07332,248.13072,331.54913,-1.422155,13.571854,0.22234227
4,83,10,0.0051200003,0.080089994,0.028293125,0.029241186,0.022555683,0.0841028,-0.0016987508,6.5067806,-0.46276832,12.795852,2.1138844,0.1682056,-0.0033975015,0.17100054,-0.012161723,0.1501855,0.024810757,252.0786,248.2086,332.21997,-1.6511161,13.571854,0.23482125
4,84,10,0.0051200003,0.082952596,0.031267434,0.029933292,0.02175187,0.088413,-0.0049695256,6.583335,-0.54530334,12.565783,2.3270457,0.176826,-0.009939051,0.1730124,-0.014330768,0.14748515,0.02731264,252.0608,248.23193,332.3751,-1.7817423,13.571854,0.2428249
4,85,10,0.0051200003,0.07355904,0.02691713,0.027438825,0.019203082,0.0820322,0.0028668854,6.30306,-0.71472347,11.806649,1.6236478,0.1640644,0.005733771,0.16564669,-0.018783195,0.13857518,0.019056829,252.03247,248.13019,331.57062,-0.90892434,13.570209,0.20373598
4,86,10,0.0051200003,0.07432763,0.028086256,0.027593218,0.018648159,0.08379477,-0.00011310117,6.3207674,-0.63339454,11.634807,1.6450652,0.16758955,-0.00022620233,0.16611207,-0.01664584,0.13655826,0.019308204,252.07011,248.16823,331.89014,-1.0116706,13.570209,0.20659661
4,87,10,0.0051200003,0.07618075,0.031024767,0.028187998,0.01696798,0.088069245,-0.004032927,6.388528,-0.45216247,11.098295,2.075767,0.17613849,-0.008065854,0.16789281,-0.011882989,0.1302612,0.024363372,252.08733,248.26454,332.12387,-1.6236045,13.570209,0.23003264
4,88,10,0.0051200003,0.07454459,0.026404979,0.029987529,0.018152088,0.081248045,0.0011959311,6.5892963,-0.69122547,11.479012,1.9971576,0.16249609,0.0023918622,0.17316908,-0.018165654,0.13472968,0.02344073,252.07593,248.3479,331.67426,-1.305932,13.570209,0.25004464
4,89,10,0.0051200003,0.07535744,0.031083798,0.027470889,0.016802747,0.08815299,-0.0007804803,6.306741,-0.55098194,11.044126,0.92273605,0.17630598,-0.0015609605,0.16574344,-0.014480006,0.12962541,0.010830196,252.08807,248.41798,332.29184,-0.3717541,13.568546,0.19301865
4,90,10,0.0051200003,0.06823292,0.027465988,0.024991496,0.015775433,0.08286433,-0.0026587287,6.0154037,-0.2907778,10.701185,0.88217366,0.16572866,-0.0053174575,0.15808699,-0.0076417443,0.1256003,0.010354111,252.03206,248.1322,332.40866,-0.59139585,13.568546,0.18714054
4,91,10,0.0051200003,0.069950506,0.029003685,0.0246373,0.016309524,0.08515234,0.0018980136,5.972625,-0.51013654,10.880826,0.99593574,0.17030469,0.0037960273,0.15696274,-0.013406573,0.12770875,0.011689343,251.97285,247.90846,331.34387,-0.4857992,13.568546,0.19335793
4,92,10,0.0051200003,0.06962995,0.028840026,0.024797313,0.015992614,0.084911756,-0.0014714901,5.9919887,-0.46672475,10.774596,1.1201967,0.16982351,-0.0029429803,0.15747163,-0.012265694,0.12646191,0.013147799,251.98079,247.90475,331.54498,-0.65347195,13.568546,0.21248797
4,93,10,0.0051200003,0.07386656,0.034741238,0.023580417,0.015544903,0.093195006,-0.0046148794,5.8431144,-0.34152684,10.622707,-0.15814687,0.18639001,-0.009229759,0.15355916,-0.008975449,0.1246792,-0.0018561771,252.03543,248.0698,332.03622,0.49967372,13.566906,0.12808998
4,94,10,0.0051200003,0.06815466,0.026960257,0.023618778,0.017575627,0.082097895,0.0026031404,5.847865,-0.59219635,11.29527,-0.3253086,0.16419579,0.005206281,0.15368402,-0.015563131,0.1325731,-0.003818163,252.10378,248.36006,331.6855,0.9175049,13.566906,0.15863706
4,95,10,0.0051200003,0.066720694,0.025369659,0.023041775,0.018309258,0.07963928,0.0009800724,5.775993,-0.848484,11.5286,-0.32915217,0.15927856,0.0019601448,0.15179518,-0.022298466,0.13531171,-0.0038632732,252.2021,248.8086,332.42795,1.1776361,13.566906,0.19500615
4,96,10,0.0051200003,0.07198927,0.031337626,0.02171326,0.018938383,0.08851218,-0.0027414928,5.6070075,-0.81430846,11.724995,-0.1841517,0.17702436,-0.0054829856,0.1473542,-0.021400323,0.1376168,-0.0021613997,252.26756,249.16283,333.01572,0.9984602,13.566906,0.19415745
4,97,10,0.0051200003,0.06331016,0.023603927,0.019579848,0.02012639,0.07681785,0.0047376193,5.3244324,-0.7022566,12.087156,-1.0142808,0.1536357,0.009475239,0.13992801,-0.018455558,0.1418675,-0.011904659,252.24194,249.12836,332.61905,1.7165375,13.565201,0.15309799
4,98,10,0.0051200003,0.06227345,0.024323497,0.019210648,0.018739304,0.07797996,0.0017707519,5.2739944,-0.5121854,11.663205,-1.2684546,0.15595992,0.0035415038,0.13860248,-0.013460417,0.13689157,-0.014887909,252.21422,248.92638,333.08066,1.7806399,13.565201,0.14187305
4,99,10,0.0051200003,0.06732995,0.028397309,0.019764533,0.019168109,0.084257506,-0.0021526874,5.3494844,-0.34560865,11.795894,-1.2735507,0.16851501,-0.004305375,0.14058639,-0.009082722,0.13844894,-0.014947718,252.16368,248.80736,333.03503,1.6191595,13.565201,0.14259532
4,100,10,0.0051200003,0.061302558,0.023901122,0.018652994,0.018748442,0.07729994,0.005178664,5.196883,-0.6413732,11.666049,-1.345375,0.15459988,0.010357328,0.13657597,-0.01685552,0.13692495,-0.015790729,252.12573,248.71445,332.224,1.9867482,13.565201,0.16177301
5,1,10,0.0040960005,0.17803648,0.040888883,0.11074961,0.026397992,0.101105,0.006363646,12.663094,-3.9380617,13.842887,-3.6930683,0.20221,0.012727292,0.33279064,-0.10349367,0.16247459,-0.043345712,253.51306,254.41402,340.48007,7.63113,13.563588,0.8888689
5,2,10,0.0040960005,0.177786,0.04049978,0.112936676,0.024349546,0.10062279,0.0063060895,12.787515,-3.9509845,13.294949,-3.9886773,0.20124558,0.012612179,0.33606052,-0.1038333,0.15604341,-0.04681529,253.53168,254.3962,340.5793,7.939662,13.563588,0.8961462
5,3,10,0.0040960005,0.20002973,0.060832683,0.11322029,0.025976755,0.123321414,-0.0019175785,12.803562,-3.9364297,13.731995,-3.7857752,0.24664283,-0.003835157,0.33648223,-0.1034508,0.16117306,-0.04443381,253.54997,254.52687,341.021,7.722205,13.563588,0.8750238
5,4,10,0.0040960005,0.18609165,0.041770134,0.11688411,0.027437408,0.102188714,0.005085904,13.009074,-3.9316468,14.112785,-3.644852,0.20437743,0.010171808,0.34188318,-0.1033251,0.16564241,-0.042779796,253.5338,254.5314,340.54578,7.576499,13.563588,0.887334
5,5,10,0.0040960005,0.18620653,0.045603503,0.1092562,0.03134683,0.10677488,0.0053576943,12.577424,-3.6157374,15.084747,-3.9088516,0.21354976,0.010715389,0.33053926,-0.09502288,0.17705037,-0.045878366,253.58116,254.63577,340.87045,7.524589,13.561959,0.868648
5,6,10,0.0040960005,0.20032464,0.059132703,0.10798871,0.033203233,0.121586084,-0.0019659903,12.504256,-3.6068718,15.524992,-3.2692606,0.24317217,-0.0039319806,0.32861635,-0.09478991,0.18221754,-0.03837146,253.61456,254.70941,341.12253,6.8761325,13.561959,0.86811304
5,7,10,0.0040960005,0.17751125,0.041591987,0.104217954,0.031701304,0.10197057,0.005154558,12.284003,-3.315159,15.169794,-2.5472925,0.20394114,0.010309116,0.32282805,-0.087123565,0.1780486,-0.029897695,253.58937,254.60742,340.3012,5.8624516,13.561959,0.84957165
5,8,10,0.0040960005,0.18442464,0.04692753,0.1050885,0.032408617,0.108313814,0.00555621,12.335201,-3.0370095,15.338097,-2.6767898,0.21662763,0.01111242,0.32417357,-0.0798137,0.18002394,-0.03141759,253.60152,254.56187,340.43988,5.7137995,13.561959,0.87094563
5,9,10,0.0040960005,0.1752797,0.056613,0.08643025,0.032236464,0.11896743,-0.0021310197,11.186689,-2.2927117,15.297305,-1.9528865,0.23793486,-0.0042620394,0.29399022,-0.06025327,0.17954516,-0.022921119,253.60776,254.54335,340.7642,4.2455983,13.560089,0.76103455
5,10,10,0.0040960005,0.16958655,0.04502495,0.09168302,0.032878574,0.10609542,0.0050838822,11.521608,-2.368788,15.448904,-1.9520239,0.21219084,0.0101677645,0.30279204,-0.0622526,0.1813245,-0.022910992,253.54971,254.37602,339.88345,4.3208117,13.560089,0.7647047
5,11,10,0.0040960005,0.18291172,0.050506625,0.10154404,0.030861069,0.1123684,0.004924937,12.125395,-2.5414658,14.967412,-2.846462,0.2247368,0.009849874,0.31865975,-0.06679063,0.17567319,-0.033409055,253.51724,254.14445,340.14243,5.387928,13.560089,0.8105399
5,12,10,0.0040960005,0.20412615,0.063206814,0.10961897,0.03130036,0.12570482,-0.0011394359,12.5982895,-2.7864087,15.073561,-3.0575316,0.25140965,-0.0022788718,0.33108756,-0.073227815,0.17691907,-0.035886396,253.50383,254.03772,340.50732,5.8439403,13.560089,0.84272164
5,13,10,0.0040960005,0.15709126,0.04214321,0.08853774,0.026410306,0.102644056,0.0065934416,11.322253,-2.339734,13.846115,-1.9674377,0.20528811,0.013186883,0.2975529,-0.061489027,0.16251248,-0.0230919,253.49522,254.15425,339.8634,4.307172,13.558147,0.7038202
5,14,10,0.0040960005,0.16516584,0.05153515,0.08735591,0.026274787,0.11350677,0.005488599,11.246434,-2.297637,13.810544,-2.6040611,0.22701354,0.010977198,0.29556033,-0.060382757,0.162095,-0.03056398,253.53294,254.20522,340.33652,4.901698,13.558147,0.72006714
5,15,10,0.0040960005,0.17773114,0.061750565,0.08699712,0.028983453,0.1242483,-0.0011016958,11.223313,-2.4067557,14.504951,-2.5511456,0.2484966,-0.0022033916,0.29495275,-0.063250415,0.17024527,-0.029942906,253.5534,254.15872,340.7017,4.957901,13.558147,0.72927696
5,16,10,0.0040960005,0.16335927,0.047080103,0.08523746,0.03104171,0.10848975,0.0059895455,11.109229,-2.2522411,15.011153,-2.115027,0.2169795,0.011979091,0.29195455,-0.059189692,0.17618658,-0.024824152,253.55429,254.24031,339.90665,4.367268,13.558147,0.7127967
5,17,10,0.0040960005,0.1398597,0.051503383,0.05915839,0.029197933,0.11347178,0.0033405034,9.255009,-1.2601827,14.558521,-0.9945973,0.22694357,0.006681007,0.24322498,-0.033118047,0.17087403,-0.011673636,253.59691,254.39249,340.07098,2.25478,13.556402,0.5429968
5,18,10,0.0040960005,0.15375692,0.06723776,0.05654772,0.02997144,0.12965122,-0.0040730126,9.0484915,-1.4567119,14.750102,-0.64870566,0.25930244,-0.008146025,0.23779765,-0.038282935,0.17312261,-0.007613873,253.64279,254.53436,340.62854,2.1054175,13.556402,0.5458006
5,19,10,0.0040960005,0.128969,0.043951117,0.055303194,0.029714685,0.104822606,0.0045690755,8.948367,-1.2309359,14.686786,-0.25094327,0.20964521,0.009138151,0.23516631,-0.032349467,0.17237948,-0.0029453316,253.61876,254.5161,340.08215,1.4818792,13.556402,0.5372132
5,20,10,0.0040960005,0.14162187,0.054698326,0.059459504,0.027464053,0.11693837,0.0044081626,9.278533,-1.0582271,14.119636,-0.8791667,0.23387673,0.008816325,0.2438432,-0.027810588,0.16572282,-0.010318821,253.6169,254.4076,340.40878,1.9373938,13.556402,0.56461513
5,21,10,0.0040960005,0.12469353,0.057472818,0.04210896,0.02511175,0.119867444,-0.0018134011,7.80829,-0.59560597,13.501428,0.5430868,0.23973489,-0.0036268022,0.20520468,-0.015652725,0.15846688,0.006374234,253.58115,254.09026,340.18805,0.052519143,13.554944,0.41624248
5,22,10,0.0040960005,0.11067444,0.04378398,0.04004291,0.026847549,0.10462311,0.0049102404,7.614326,-0.5096983,13.960262,0.9453536,0.20924622,0.009820481,0.20010725,-0.013395039,0.16385221,0.011095651,253.58505,254.22096,339.637,-0.43565536,13.554944,0.40677094
5,23,10,0.0040960005,0.11367269,0.045203485,0.04323721,0.025231997,0.106305555,0.003729132,7.9122047,-0.62008405,13.533715,0.27870378,0.21261111,0.007458264,0.20793559,-0.016296027,0.15884583,0.0032711679,253.67506,254.61761,340.4467,0.34138027,13.554944,0.40777546
5,24,10,0.0040960005,0.12738526,0.056985382,0.047185037,0.023214834,0.119358055,-0.0046521686,8.2655325,-1.1969782,12.981474,0.4579619,0.23871611,-0.009304337,0.21722117,-0.031457026,0.15236415,0.005375118,253.74596,254.93452,340.94742,0.7390163,13.554944,0.40668654
5,25,10,0.0040960005,0.09996682,0.042045914,0.03629822,0.02162268,0.1025255,0.0037262954,7.2495546,-0.7397355,12.52841,1.6547595,0.205051,0.007452591,0.19052091,-0.019440513,0.14704652,0.019421987,253.77107,255.18454,340.62915,-0.91502404,13.5538025,0.30944932
5,26,10,0.0040960005,0.110308774,0.05287624,0.036059666,0.021372864,0.11497417,0.0033433295,7.225693,-0.26172107,12.455827,1.1207774,0.22994834,0.006686659,0.18989383,-0.006878128,0.1461946,0.013154613,253.7974,255.20392,341.32742,-0.8590563,13.5538025,0.3286761
5,27,10,0.0040960005,0.12446861,0.06076397,0.03984763,0.023857016,0.12325174,-0.0042461697,7.5957375,-0.27963126,13.159798,1.8532921,0.24650349,-0.008492339,0.19961871,-0.007348823,0.15445717,0.021752179,253.75902,254.93785,341.14395,-1.5736609,13.5538025,0.32172117
5,28,10,0.0040960005,0.10279956,0.039890658,0.03832898,0.024579918,0.09986323,0.002716063,7.449588,-0.09821944,13.357694,2.203178,0.19972646,0.005432126,0.19577788,-0.0025812448,0.15677984,0.025858803,253.68687,254.74318,340.0659,-2.1049585,13.5538025,0.31661263
5,29,10,0.0040960005,0.10254313,0.04488687,0.035011675,0.022644585,0.10593261,0.00032984038,7.1199207,0.6815057,12.821045,2.7874324,0.21186522,0.00065968075,0.18711407,0.017910212,0.15048118,0.032716222,253.68967,254.70224,340.44907,-3.468938,13.55303,0.3406288
5,30,10,0.0040960005,0.121261895,0.06660121,0.03219318,0.022467505,0.12903605,-0.0053497795,6.8273253,0.29824263,12.770815,3.326835,0.2580721,-0.010699559,0.17942458,0.007837927,0.14989164,0.039047204,253.72832,254.82408,341.03137,-3.6250775,13.55303,0.31378648
5,31,10,0.0040960005,0.09619108,0.040265378,0.031644907,0.024280796,0.10033117,0.0031431296,6.7689395,0.4525531,13.276166,3.3677812,0.20066234,0.0062862593,0.17789015,0.011893261,0.15582296,0.0395278,253.69402,254.64136,340.13077,-3.8203342,13.55303,0.3424542
5,32,10,0.0040960005,0.10081944,0.04691328,0.030325811,0.023580343,0.10829737,0.0011125731,6.626358,0.7637681,13.08327,2.8645525,0.21659474,0.0022251462,0.17414308,0.020072104,0.15355892,0.033621382,253.69789,254.56874,340.22507,-3.6283207,13.55303,0.36737418
5,33,10,0.0040960005,0.10854365,0.054489683,0.032372177,0.02168179,0.116715126,-0.004409796,6.846279,1.1436194,12.545523,4.31082,0.23343025,-0.008819592,0.1799227,0.030054733,0.14724737,0.050596297,253.69714,254.58168,340.42886,-5.4544396,13.552556,0.3755587
5,34,10,0.0040960005,0.09299746,0.036140654,0.034704734,0.022152076,0.09505348,0.0029718454,7.088641,1.3726743,12.680852,4.703292,0.19010696,0.005943691,0.18629207,0.036074374,0.14883573,0.055202752,253.6624,254.54068,339.61823,-6.0759664,13.552556,0.39471123
5,35,10,0.0040960005,0.09725747,0.0429771,0.03418296,0.020097412,0.10365459,0.00010535753,7.035152,1.4197842,12.078452,3.719533,0.20730919,0.00021071506,0.18488634,0.037312444,0.14176534,0.043656334,253.6914,254.56535,340.3508,-5.139317,13.552556,0.4016544
5,36,10,0.0040960005,0.10604751,0.05154404,0.035589203,0.018914267,0.11351656,-0.005119279,7.1784024,1.1266137,11.717526,4.2881904,0.22703312,-0.010238558,0.18865101,0.029607816,0.13752915,0.050330684,253.70786,254.63814,340.76382,-5.414804,13.552556,0.3722868
5,37,10,0.0040960005,0.09264321,0.034803472,0.0366981,0.02114164,0.093278445,0.0024585063,7.289377,1.444007,12.3882675,4.921299,0.18655689,0.0049170125,0.19156748,0.037949033,0.14540166,0.05776152,253.6525,254.56483,340.0011,-6.365306,13.552191,0.4233614
5,38,10,0.0040960005,0.097672276,0.038794875,0.038304396,0.020573005,0.09848207,0.00064699806,7.4471993,1.7500358,12.2205305,4.061197,0.19696414,0.0012939961,0.19571508,0.045991566,0.14343293,0.04766645,253.63612,254.40785,340.30615,-5.8112326,13.552191,0.4312159
5,39,10,0.0040960005,0.11398587,0.05233645,0.04086325,0.020786162,0.114385806,-0.0046978905,7.6919265,1.4396834,12.283677,4.729699,0.22877161,-0.009395781,0.2021466,0.037835404,0.14417407,0.05551269,253.58037,254.08545,340.27628,-6.1693826,13.552191,0.39907455
5,40,10,0.0040960005,0.10242347,0.035327338,0.04410088,0.022995248,0.09397784,0.003971363,7.990838,1.7811455,12.919933,4.831668,0.18795568,0.007942726,0.2100021,0.046809148,0.15164185,0.056709506,253.46947,253.63133,338.9782,-6.6128135,13.552191,0.43688083
5,41,10,0.0040960005,0.10051502,0.032404907,0.045241326,0.022868793,0.09000681,0.00035834094,8.0935,2.2456625,12.884359,4.4659433,0.18001363,0.0007166819,0.21270008,0.059016824,0.15122432,0.052416984,253.42926,253.40523,339.11115,-6.711606,13.55202,0.48241666
5,42,10,0.0040960005,0.1211002,0.04987518,0.046622105,0.024602916,0.11166376,-0.0061607407,8.21608,2.020495,13.363939,5.104705,0.22332752,-0.0123214815,0.21592152,0.053099338,0.15685317,0.059914146,253.4016,253.27351,339.39133,-7.1252,13.55202,0.48204458
5,43,10,0.0040960005,0.0998599,0.028498841,0.046972636,0.024388425,0.084408,0.0007056707,8.246907,2.2444925,13.305559,5.066035,0.168816,0.0014113414,0.21673171,0.058986068,0.15616794,0.059460282,253.3357,253.08026,338.54205,-7.3105273,13.55202,0.4990244
5,44,10,0.0040960005,0.10439864,0.035131745,0.04680694,0.022459952,0.09371732,-0.0017041411,8.232349,2.3781989,12.76867,4.64617,0.18743464,-0.0034082823,0.21634911,0.062499918,0.14986645,0.05453231,253.31218,252.95052,338.7255,-7.0243692,13.55202,0.5046611
5,45,10,0.0040960005,0.106776565,0.04020356,0.044766635,0.021806372,0.100254126,-0.0066295634,8.050928,1.9356009,12.581513,5.087486,0.20050825,-0.013259127,0.21158127,0.050868295,0.1476698,0.059712052,253.35556,253.08179,338.9262,-7.0230865,13.55203,0.48830846
5,46,10,0.0040960005,0.09621878,0.028069222,0.04515828,0.022991277,0.08376936,0.0021618425,8.086068,2.0851257,12.918817,5.21118,0.16753872,0.004323685,0.21250477,0.054797865,0.15162875,0.061163854,253.36935,253.15263,338.44617,-7.2963057,13.55203,0.49980748
5,47,10,0.0040960005,0.09228199,0.030595763,0.04144945,0.020236775,0.08745822,0.00048362577,7.746902,2.3206713,12.120259,4.645851,0.17491645,0.00096725154,0.20359138,0.06098807,0.14225602,0.054528553,253.39856,253.26582,338.87515,-6.966522,13.55203,0.48518652
5,48,10,0.0040960005,0.11093358,0.04507144,0.042419467,0.02344267,0.10615018,-0.0060859076,7.837026,1.9433498,13.04502,5.5465846,0.21230036,-0.012171815,0.20595987,0.051071934,0.15311,0.06510051,253.40897,253.38786,339.28305,-7.4899344,13.55203,0.48696333
5,49,10,0.0040960005,0.08814181,0.024586078,0.041190643,0.022365088,0.07839974,0.001779047,7.722679,2.0034013,12.741675,4.722882,0.15679948,0.003558094,0.20295478,0.052650105,0.14954962,0.05543268,253.34772,253.12527,338.43512,-6.726283,13.552025,0.47876704
5,50,10,0.0040960005,0.086164385,0.025729848,0.039444223,0.020990308,0.08020263,-0.00086491264,7.55719,2.0286157,12.343849,3.6346679,0.16040526,-0.0017298253,0.1986057,0.053312756,0.14488032,0.042660266,253.34427,253.00748,338.78424,-5.6632833,13.552025,0.46512967
5,51,10,0.0040960005,0.10477744,0.04433135,0.03787783,0.022568258,0.10527506,-0.0060289353,7.4056168,1.7138083,12.799418,4.489771,0.21055011,-0.012057871,0.19462228,0.045039494,0.15022735,0.052696645,253.37128,253.10835,338.90555,-6.203579,13.552025,0.4823692
5,52,10,0.0040960005,0.08694666,0.024289954,0.039321776,0.02333493,0.077926174,0.0013415563,7.545451,1.8771147,13.015008,4.7357206,0.15585235,0.0026831126,0.19829719,0.04933125,0.15275775,0.055583365,253.34126,253.0642,338.1408,-6.6128354,13.552025,0.507166
5,53,10,0.0040960005,0.082418784,0.025420818,0.035289068,0.0217089,0.079719536,0.0008092215,7.1480694,2.0324957,12.553366,3.067305,0.15943907,0.001618443,0.18785384,0.05341471,0.1473394,0.036001105,253.32939,252.91103,338.58395,-5.099801,13.551994,0.4605739
5,54,10,0.0040960005,0.094615564,0.03714759,0.034854114,0.022613863,0.09636855,-0.0056198006,7.1038814,1.9969168,12.812343,3.9648542,0.1927371,-0.011239601,0.18669257,0.05247969,0.15037906,0.046535686,253.29137,252.64346,338.5023,-5.961771,13.551994,0.48427626
5,55,10,0.0040960005,0.077303916,0.022304004,0.033682782,0.021317136,0.074672624,0.0023528459,6.9834914,2.0145557,12.439577,3.9832292,0.14934525,0.0047056917,0.18352869,0.052943245,0.14600389,0.046751346,253.24055,252.5254,337.70367,-5.9977846,13.551994,0.49006
5,56,10,0.0040960005,0.07722694,0.023243355,0.032999847,0.020983733,0.07622886,0.0002292223,6.9123325,2.175322,12.341916,3.12862,0.15245771,0.0004584446,0.1816586,0.05716825,0.14485763,0.036720756,253.22932,252.48431,338.14853,-5.3039417,13.551994,0.4873946
5,57,10,0.0040960005,0.08506258,0.036125366,0.02681616,0.022121059,0.09503337,-0.0060303127,6.231132,1.6099823,12.671971,2.502076,0.19006674,-0.0120606255,0.1637564,0.042310916,0.1487315,0.02936698,253.20001,252.3243,338.25946,-4.112058,13.55175,0.44789022
5,58,10,0.0040960005,0.06956105,0.019366104,0.02737299,0.02282196,0.06958108,0.0008452971,6.295493,1.8277886,12.87116,2.52265,0.13916215,0.0016905942,0.16544785,0.048034944,0.15106939,0.029608462,253.1106,251.98102,337.39926,-4.3504386,13.55175,0.4425523
5,59,10,0.0040960005,0.07637364,0.024004841,0.02974032,0.022628479,0.07746748,-0.0030710993,6.5620794,2.0950603,12.816484,1.9790434,0.15493496,-0.0061421986,0.17245382,0.055058945,0.15042765,0.023228118,253.05571,251.60997,337.60223,-4.074104,13.55175,0.43759295
5,60,10,0.0040960005,0.08824706,0.032017626,0.032170795,0.024058636,0.08946735,-0.0068320567,6.8249516,1.943249,13.215289,2.5088878,0.1789347,-0.013664113,0.1793622,0.051069282,0.15510847,0.02944692,253.0252,251.4239,337.57812,-4.452137,13.55175,0.45347354
5,61,10,0.0040960005,0.07223354,0.020823358,0.028078869,0.023331316,0.072151504,0.0030858263,6.376149,1.5004684,13.013999,1.2830259,0.14430301,0.0061716526,0.1675675,0.039432853,0.15274592,0.015058934,252.9992,251.44089,336.7267,-2.7834942,13.551399,0.4000557
5,62,10,0.0040960005,0.06943071,0.021574395,0.024602486,0.023253828,0.073441125,-0.0003565997,5.968403,1.6573904,12.992372,0.5418849,0.14688225,-0.0007131994,0.1568518,0.04355681,0.15249206,0.0063601285,253.01683,251.494,337.10336,-2.1992753,13.551399,0.38039055
5,63,10,0.0040960005,0.080915466,0.031155419,0.025330573,0.024429474,0.08825449,-0.0041978946,6.056074,1.5622306,13.31675,0.8232539,0.17650898,-0.008395789,0.15915582,0.04105598,0.15629931,0.009662566,253.01196,251.37384,337.30823,-2.3854845,13.551399,0.41560322
5,64,10,0.0040960005,0.06944908,0.019109024,0.026552953,0.0237871,0.069117695,0.002160698,6.200477,1.7259078,13.140501,0.68792033,0.13823539,0.004321396,0.16295077,0.045357484,0.15423067,0.008074151,252.9624,251.10898,336.46783,-2.4138281,13.551399,0.4180485
5,65,10,0.0040960005,0.06455655,0.021489365,0.022073094,0.020994091,0.07329626,-0.00034925822,5.653277,1.326296,12.34496,-1.2726676,0.14659251,-0.00069851644,0.14857017,0.034855533,0.14489338,-0.014937357,252.96075,251.09845,336.65424,-0.053628325,13.551006,0.3439918
5,66,10,0.0040960005,0.07491778,0.02944865,0.022518495,0.022950634,0.08580305,-0.004394141,5.710029,1.1491585,12.907393,-0.808291,0.1716061,-0.008788282,0.15006164,0.030200299,0.15149467,-0.009486943,252.95718,251.11624,336.8264,-0.34086746,13.551006,0.3619723
5,67,10,0.0040960005,0.06422192,0.018666763,0.022612952,0.0229422,0.06831318,0.0035454063,5.721993,1.2583488,12.905023,-0.63630015,0.13662636,0.0070908125,0.15037604,0.03306986,0.15146683,-0.0074682836,252.87677,250.81935,335.75296,-0.6220487,13.551006,0.3642775
5,68,10,0.0040960005,0.06409482,0.020945113,0.022099141,0.021050563,0.07236213,0.00020847266,5.656611,1.4247351,12.361554,-1.2474153,0.14472426,0.00041694532,0.1486578,0.037442558,0.14508812,-0.014640969,252.8587,250.59181,336.19797,-0.17731977,13.551006,0.34929237
5,69,10,0.0040960005,0.06555891,0.02449028,0.019567257,0.021501372,0.078246854,-0.004576554,5.3227205,0.74350446,12.493217,-2.186909,0.15649371,-0.009153108,0.13988301,0.01953957,0.14663346,-0.025667857,252.85962,250.56436,336.50543,1.4434044,13.550608,0.32249498
5,70,10,0.0040960005,0.060602665,0.019155176,0.02056,0.020887487,0.06920111,0.002239409,5.4560733,0.7063485,12.313579,-2.1445765,0.13840222,0.004478818,0.14338759,0.0185631,0.14452504,-0.025170999,252.79607,250.40364,335.8065,1.4382281,13.550608,0.33325264
5,71,10,0.0040960005,0.059391797,0.01734078,0.020599041,0.021451976,0.0658422,-0.0005926895,5.4612513,0.9511364,12.478859,-2.643999,0.1316844,-0.001185379,0.14352366,0.024996217,0.14646493,-0.031032735,252.73915,250.09975,335.85858,1.6928627,13.550608,0.34925508
5,72,10,0.0040960005,0.068861395,0.023946812,0.023345133,0.021569446,0.07737379,-0.005361987,5.8138905,1.0857927,12.512978,-2.1812015,0.15474758,-0.010723974,0.15279114,0.028535023,0.1468654,-0.025600858,252.67276,249.74156,335.7119,1.0954088,13.550608,0.37648502
5,73,10,0.0040960005,0.061213344,0.01873346,0.023035832,0.01944405,0.06843512,0.0026617593,5.775248,0.87150556,11.880496,-3.1294284,0.13687024,0.0053235185,0.1517756,0.022903481,0.13944192,-0.036730245,252.59119,249.45708,334.69675,2.257923,13.55029,0.34388605
5,74,10,0.0040960005,0.057504978,0.01769268,0.020328186,0.019484114,0.066506915,-0.0004984197,5.425228,0.89183843,11.89273,-3.432956,0.13301383,-0.0009968394,0.14257695,0.023437839,0.13958551,-0.040292762,252.55244,249.31332,334.76392,2.5411177,13.55029,0.3114591
5,75,10,0.0040960005,0.06555378,0.026133358,0.018699571,0.020720847,0.08082908,-0.004347374,5.2033677,0.71867263,12.264363,-2.9568026,0.16165815,-0.008694748,0.13674638,0.018886983,0.14394738,-0.034704123,252.5211,249.21419,334.67603,2.23813,13.55029,0.3085343
5,76,10,0.0040960005,0.06384143,0.020637406,0.021417415,0.021786612,0.071828626,0.0030891928,5.5686793,0.6643206,12.575813,-3.0288684,0.14365725,0.0061783856,0.1463469,0.017458588,0.14760289,-0.03554996,252.49876,249.19412,334.00732,2.3645477,13.55029,0.3277781
5,77,10,0.0040960005,0.056551173,0.01831538,0.017192356,0.021043433,0.067667164,-0.0001797883,4.9892626,0.3459038,12.359461,-4.6161423,0.13533433,-0.0003595766,0.13111962,0.0090904785,0.14506355,-0.054179862,252.52498,249.27284,334.456,4.2702384,13.55002,0.29706094
5,78,10,0.0040960005,0.063572146,0.023536664,0.018698834,0.02133665,0.07670832,-0.003526257,5.2032647,0.41144547,12.445271,-4.2474675,0.15341663,-0.007052514,0.13674368,0.010812939,0.1460707,-0.049852718,252.54407,249.34099,334.65466,3.8360221,13.55002,0.2979411
5,79,10,0.0040960005,0.062723756,0.020698858,0.020447131,0.021577766,0.07193549,0.003949371,5.4410768,0.20948799,12.515391,-4.2949476,0.14387098,0.007898742,0.14299347,0.0055054175,0.14689372,-0.05040999,252.5101,249.28462,334.09555,4.0854597,13.55002,0.31027868
5,80,10,0.0040960005,0.06366394,0.019988459,0.02106489,0.02261059,0.070690274,0.00022545096,5.5226603,0.37307823,12.811417,-4.523685,0.14138055,0.00045090192,0.14513749,0.009804627,0.15036818,-0.05309469,252.47928,249.10735,334.1993,4.1506066,13.55002,0.3186805
5,81,10,0.0040960005,0.06586669,0.022047713,0.020891484,0.022927487,0.07424236,-0.0020373366,5.4998813,0.029378641,12.900883,-5.032301,0.14848472,-0.004074673,0.14453886,0.00077208126,0.15141825,-0.059064344,252.48714,249.06345,334.2678,5.0029225,13.549618,0.3323821
5,82,10,0.0040960005,0.06115517,0.020603264,0.020066265,0.02048564,0.071769185,0.005938104,5.390164,-0.19807604,12.194555,-5.021846,0.14353837,0.011876208,0.14165545,-0.0052055106,0.14312805,-0.058941633,252.51018,249.25264,333.7406,5.219922,13.549618,0.32038248
5,83,10,0.0040960005,0.06436384,0.02184857,0.021194581,0.02132069,0.07390631,0.0016234608,5.5396338,-0.1659169,12.440617,-5.3596673,0.14781262,0.0032469216,0.14558358,-0.004360365,0.14601606,-0.06290667,252.57814,249.62581,334.41968,5.525584,13.549618,0.3304327
5,84,10,0.0040960005,0.06568598,0.023203779,0.020517366,0.021964831,0.07616393,-0.0016268695,5.450414,-0.1463203,12.627145,-4.9721956,0.15232787,-0.003253739,0.14323884,-0.0038453545,0.14820537,-0.058358878,252.55583,249.55205,334.59564,5.118516,13.549618,0.32503915
5,85,10,0.0040960005,0.06332578,0.022356665,0.020505462,0.020463657,0.07476073,0.0052031255,5.4488325,-0.4007718,12.188011,-4.979196,0.14952146,0.010406251,0.14319728,-0.010532429,0.14305124,-0.058441058,252.48042,249.1875,333.73294,5.3799677,13.548993,0.30802712
5,86,10,0.0040960005,0.062747106,0.020093048,0.02069313,0.021960927,0.070874974,0.00092424033,5.47371,-0.18741168,12.626021,-5.2997074,0.14174995,0.0018484807,0.14385107,-0.0049252487,0.1481922,-0.062202908,252.50876,249.30293,334.2493,5.487119,13.548993,0.32448384
5,87,10,0.0040960005,0.063785285,0.023049286,0.0201718,0.0205642,0.07590996,-0.0014376815,5.4043193,-0.024110582,12.2179165,-4.9813204,0.15181991,-0.002875363,0.14202747,-0.0006336395,0.14340223,-0.058465976,252.52853,249.45293,334.78156,5.005431,13.548993,0.30809906
5,88,10,0.0040960005,0.05959192,0.019277768,0.020636605,0.019677548,0.0694222,0.0043508373,5.466229,-0.15053721,11.951617,-4.753748,0.1388444,0.008701675,0.14365447,-0.0039561735,0.14027669,-0.055794958,252.47385,249.33669,334.00555,4.904285,13.548993,0.30214286
5,89,10,0.0040960005,0.054572545,0.01851959,0.018444818,0.017608134,0.06804335,-0.00013621047,5.1678023,-0.33198828,11.305711,-4.5406528,0.1360867,-0.00027242093,0.1358117,-0.008724771,0.13269565,-0.053293854,252.43509,249.1458,333.9601,4.872641,13.548167,0.26592025
5,90,10,0.0040960005,0.06073137,0.022984002,0.019967638,0.01777973,0.07580238,-0.0025371597,5.3769007,-0.051192466,11.360666,-4.139327,0.15160476,-0.0050743194,0.14130689,-0.0013453575,0.13334066,-0.048583474,252.38779,248.88983,333.78528,4.1905193,13.548167,0.26011312
5,91,10,0.0040960005,0.062130146,0.021233799,0.022751492,0.018144853,0.07285911,0.0042210235,5.739494,0.084346734,11.476724,-4.267002,0.14571822,0.008442047,0.15083598,0.0022166595,0.13470283,-0.050081994,252.32814,248.58041,332.83167,4.1826553,13.548167,0.28244472
5,92,10,0.0040960005,0.06084123,0.021827374,0.021691523,0.017322332,0.07387045,0.0018893413,5.6042013,0.3401416,11.213581,-4.4142914,0.1477409,0.0037786826,0.14728042,0.008939047,0.13161433,-0.051810727,252.3234,248.46327,333.02155,4.0741496,13.548167,0.29847094
5,93,10,0.0040960005,0.05617798,0.023594555,0.017692406,0.01489102,0.0768026,-0.002186181,5.0613008,0.3076903,10.39689,-3.0945163,0.1536052,-0.004372362,0.1330128,0.008086209,0.12202877,-0.036320478,252.31047,248.52573,333.17398,2.786826,13.547235,0.23601782
5,94,10,0.0040960005,0.058786374,0.024042904,0.01881951,0.015923958,0.07752887,0.0036978337,5.220028,0.16414303,10.751442,-2.8665667,0.15505774,0.0073956675,0.13718422,0.004313736,0.12619017,-0.03364502,252.26009,248.44606,332.4203,2.7024236,13.547235,0.21666774
5,95,10,0.0040960005,0.058081582,0.02040827,0.019228641,0.018444672,0.07142876,0.0007327107,5.276464,0.3591412,11.571155,-3.48802,0.14285752,0.0014654214,0.13866737,0.009438368,0.13581116,-0.040939048,252.24522,248.32236,332.91406,3.1288788,13.547235,0.24463528
5,96,10,0.0040960005,0.062385663,0.022962004,0.020429496,0.018994166,0.075766094,-0.0030631844,5.4387302,0.50065356,11.7422495,-3.425019,0.15153219,-0.006126369,0.14293179,0.013157365,0.13781932,-0.040199596,252.22359,248.2487,332.94998,2.9243655,13.547235,0.25416622
5,97,10,0.0040960005,0.05938879,0.022758055,0.019636642,0.016994093,0.075428866,0.0039659967,5.332149,0.38190237,11.1068325,-2.4411201,0.15085773,0.007931993,0.1401308,0.010036534,0.1303614,-0.02865154,252.16959,248.08537,332.2488,2.0592177,13.546242,0.21708025
5,98,10,0.0040960005,0.059035227,0.020661337,0.02103624,0.017337648,0.07187026,0.00028026797,5.518903,0.62875813,11.218538,-2.460028,0.14374052,0.00056053593,0.14503875,0.016523983,0.1316725,-0.028873459,252.13045,247.84712,332.40002,1.8312697,13.546242,0.23910701
5,99,10,0.0040960005,0.06302143,0.02313595,0.022954693,0.016930787,0.07605253,-0.0028494985,5.765068,0.7779606,11.086125,-2.1080174,0.15210506,-0.005698997,0.15150806,0.020445082,0.13011836,-0.024741894,252.09447,247.69867,332.1591,1.3300569,13.546242,0.22630659
5,100,10,0.0040960005,0.0629991,0.02341572,0.023479715,0.01610366,0.07651098,0.0034802482,5.830625,0.6140194,10.811937,-2.1019697,0.15302196,0.0069604963,0.15323092,0.016136648,0.1269002,-0.024670916,252.08313,247.71942,331.47476,1.4879503,13.546242,0.20831347
6,1,10,0.0032768005,0.08964017,0.023573594,0.03995897,0.026107613,0.07676847,-0.0008838658,7.606342,-2.0878973,13.766541,-5.021832,0.15353695,-0.0017677316,0.1998974,-0.0548707,0.1615785,-0.058941457,253.79897,255.35687,341.41034,7.1097293,13.545384,0.4385201
6,2,10,0.0032768005,0.1006857,0.031537097,0.042303797,0.026844803,0.088793434,-0.0033830001,7.8263335,-2.2737708,13.959549,-5.1016283,0.17758687,-0.0067660003,0.20567887,-0.059755504,0.16384384,-0.059878036,253.81131,255.4071,341.495,7.375399,13.545384,0.46189028
6,3,10,0.0032768005,0.09786509,0.033454623,0.038623173,0.025787294,0.09145302,-0.011224677,7.478123,-1.9639034,13.681828,-5.1308017,0.18290605,-0.022449354,0.1965278,-0.051612094,0.16058423,-0.060220454,253.78754,255.25923,341.94138,7.094705,13.545384,0.47447562
6,4,10,0.0032768005,0.08149725,0.021611646,0.035877332,0.024008272,0.0735045,-0.0014205283,7.2074018,-2.068352,13.201451,-4.81653,0.147009,-0.0028410566,0.18941313,-0.05435703,0.15494603,-0.05653184,253.72136,254.99089,341.2348,6.884882,13.545384,0.4582172
6,5,10,0.0032768005,0.08753139,0.025007775,0.038169224,0.024354387,0.079069234,-0.0035288995,7.4340477,-2.1979218,13.296268,-4.210533,0.15813847,-0.007057799,0.19536945,-0.057762176,0.15605892,-0.04941922,253.69402,254.7302,341.36917,6.408455,13.544445,0.43860197
6,6,10,0.0032768005,0.09670986,0.034282945,0.037045754,0.025381166,0.09257827,-0.009588681,7.323824,-2.1557882,13.573661,-4.428837,0.18515654,-0.019177362,0.19247274,-0.056654897,0.15931468,-0.051981464,253.70863,254.7735,341.93143,6.5846252,13.544445,0.46782628
6,7,10,0.0032768005,0.08274792,0.023788093,0.0368235,0.022136332,0.077116944,0.00043849112,7.3018217,-2.326283,12.676344,-4.0041523,0.15423389,0.00087698223,0.1918945,-0.06113557,0.14878283,-0.046996918,253.68593,254.79626,341.1152,6.3304353,13.544445,0.4578766
6,8,10,0.0032768005,0.090560146,0.027369829,0.03889441,0.024295904,0.08271915,-0.0013130223,7.5043364,-2.318464,13.280295,-4.471408,0.1654383,-0.0026260447,0.19721666,-0.06093006,0.15587144,-0.052481115,253.6864,254.6494,341.37097,6.789872,13.544445,0.47780773
6,9,10,0.0032768005,0.09628442,0.033447362,0.03893173,0.023905324,0.0914431,-0.006223933,7.507935,-2.2137487,13.173116,-3.4884422,0.1828862,-0.012447866,0.19731125,-0.058178127,0.15461347,-0.040944,253.69627,254.61876,341.60522,5.702191,13.543331,0.47159767
6,10,10,0.0032768005,0.079284385,0.022855429,0.03638138,0.020047572,0.07559006,0.00086654164,7.2578545,-2.367544,12.063466,-2.7851088,0.15118012,0.0017330833,0.19073904,-0.062219918,0.14158945,-0.032688953,253.67377,254.64803,340.88983,5.1526527,13.543331,0.46260265
6,11,10,0.0032768005,0.083615996,0.026720537,0.036979116,0.019916339,0.08173209,-0.0020235055,7.3172336,-2.3766565,12.023917,-2.9629707,0.16346417,-0.004047011,0.19229954,-0.062459398,0.14112526,-0.034776516,253.6729,254.60701,341.3004,5.3396273,13.543331,0.46083465
6,12,10,0.0032768005,0.08846763,0.02948662,0.03795546,0.021025548,0.085858345,-0.008405881,7.4132013,-2.3490782,12.354207,-3.2029684,0.17171669,-0.016811762,0.19482161,-0.06173461,0.14500189,-0.037593387,253.64532,254.44926,341.45248,5.552047,13.543331,0.47925192
6,13,10,0.0032768005,0.07102567,0.018101571,0.03516959,0.01775451,0.06727104,0.0016627865,7.135959,-2.069245,11.352606,-1.6234797,0.13454208,0.003325573,0.18753557,-0.054380503,0.13324605,-0.019054854,253.58548,254.24321,340.66208,3.6927247,13.542101,0.45272216
6,14,10,0.0032768005,0.081386544,0.024989093,0.03855977,0.01783768,0.07903969,-0.0015111377,7.471983,-2.1533499,11.379165,-1.8956268,0.15807939,-0.0030222754,0.19636641,-0.056590807,0.13355778,-0.022249058,253.57784,254.14122,340.81833,4.048977,13.542101,0.47727284
6,15,10,0.0032768005,0.092305616,0.033654958,0.038781945,0.019868715,0.09172644,-0.006181026,7.493478,-2.0835552,12.009532,-2.0771725,0.18345287,-0.012362052,0.19693132,-0.054756563,0.14095643,-0.02437987,253.57144,254.10756,341.07117,4.1607275,13.542101,0.4956991
6,16,10,0.0032768005,0.07740731,0.021713858,0.035750434,0.019943014,0.07367811,0.002231763,7.194645,-2.1348362,12.031966,-1.8300017,0.14735623,0.004463526,0.18907785,-0.05610427,0.14121974,-0.021478815,253.51929,253.93213,340.30026,3.964838,13.542101,0.47489622
6,17,10,0.0032768005,0.079006754,0.028601568,0.03239152,0.018013665,0.08455999,-0.0006187623,6.848325,-1.6197827,11.435161,-0.6245927,0.16911998,-0.0012375246,0.17997643,-0.042568468,0.134215,-0.0073308703,253.49716,253.7345,340.41364,2.2443755,13.541013,0.45078668
6,18,10,0.0032768005,0.082602814,0.029445542,0.03451854,0.018638726,0.08579852,-0.0057669794,7.0696006,-1.5184731,11.6318655,-0.55498266,0.17159703,-0.011533959,0.18579166,-0.03990602,0.13652372,-0.00651386,253.47542,253.58862,340.33423,2.0734558,13.541013,0.4619972
6,19,10,0.0032768005,0.07207951,0.019984715,0.033641018,0.018453773,0.07068365,0.0028425397,6.979161,-1.5435884,11.574009,0.036166567,0.1413673,0.0056850794,0.18341488,-0.04056608,0.13584466,0.00042449104,253.41904,253.37721,339.3852,1.5074219,13.541013,0.44876298
6,20,10,0.0032768005,0.07065962,0.022387829,0.031972323,0.016299471,0.074812815,-0.00023409138,6.8038664,-1.5646176,10.877472,-0.51811194,0.14962563,-0.00046818276,0.17880806,-0.041118715,0.12766938,-0.0060811043,253.39182,253.136,339.7219,2.0827296,13.541013,0.44799492
6,21,10,0.0032768005,0.07110825,0.028531514,0.026856763,0.01571997,0.08445637,-0.004981645,6.2358475,-0.9553632,10.682357,0.5450403,0.16891274,-0.00996329,0.16388033,-0.025107274,0.12537931,0.006397165,253.34608,252.87898,339.73746,0.4103229,13.540117,0.41739726
6,22,10,0.0032768005,0.056732908,0.018116277,0.023268156,0.0153484745,0.06729836,0.0036832227,5.8042974,-0.917578,10.555379,1.101316,0.13459672,0.0073664454,0.15253903,-0.024114281,0.12388896,0.012926195,253.29384,252.70432,338.82803,-0.183738,13.540117,0.3961971
6,23,10,0.0032768005,0.061899215,0.022721553,0.02369875,0.015478911,0.07536835,0.0012825065,5.857757,-0.86671466,10.600136,0.71230626,0.1507367,0.002565013,0.15394399,-0.022777563,0.12441427,0.008360371,253.28664,252.57474,338.9574,0.1544084,13.540117,0.38922995
6,24,10,0.0032768005,0.07100783,0.029764662,0.024864845,0.01637833,0.08626219,-0.004204357,6.000142,-0.7979673,10.903753,0.67303044,0.17252438,-0.008408714,0.1576859,-0.020970874,0.12797785,0.007899389,253.27493,252.50682,339.17615,0.12493688,13.540117,0.41270632
6,25,10,0.0032768005,0.053861313,0.018214216,0.019752933,0.015894162,0.06748003,0.0044225026,5.3479147,-0.12113976,10.741379,2.607827,0.13496006,0.008845005,0.14054513,-0.003183601,0.12607205,0.030608179,253.25961,252.58534,338.4849,-2.4866872,13.539395,0.35931346
6,26,10,0.0032768005,0.055748764,0.020786054,0.020225149,0.014737561,0.07208685,0.0009157021,5.411461,-0.30037874,10.343179,2.0909462,0.1441737,0.0018314042,0.14221515,-0.007894051,0.12139836,0.024541527,253.30429,252.80173,339.11423,-1.7905674,13.539395,0.34921062
6,27,10,0.0032768005,0.05829239,0.024770843,0.019489074,0.014032473,0.07869378,-0.0041323486,5.312076,-0.49016032,10.092722,1.7875834,0.15738755,-0.008264697,0.13960327,-0.012881588,0.11845874,0.02098095,253.30908,252.73291,339.35907,-1.297423,13.539395,0.3455427
6,28,10,0.0032768005,0.05195806,0.01728535,0.019171925,0.015500786,0.06573688,0.0041610296,5.2686768,-0.43813,10.607623,2.2239604,0.13147376,0.008322059,0.13846272,-0.011514208,0.12450215,0.026102725,253.30144,252.73114,338.81195,-1.7858304,13.539395,0.34962395
6,29,10,0.0032768005,0.055183485,0.021067759,0.016983313,0.017132415,0.072573684,0.0007686147,4.9588375,0.25111836,11.151942,2.8571956,0.14514737,0.0015372294,0.13032004,0.0065994863,0.13089085,0.033535037,253.3374,252.78654,339.1035,-3.108314,13.538849,0.27858466
6,30,10,0.0032768005,0.062404335,0.028287224,0.016772026,0.017345084,0.08409403,-0.0048070704,4.927895,0.30151653,11.220945,3.0602245,0.16818807,-0.009614141,0.12950686,0.007923962,0.13170074,0.035917994,253.35246,252.8217,339.42993,-3.361741,13.538849,0.2876793
6,31,10,0.0032768005,0.048881814,0.015469106,0.016407887,0.017004821,0.06218743,0.005499813,4.874106,0.39650318,11.110337,3.872002,0.12437486,0.010999626,0.12809327,0.010420245,0.13040254,0.045445867,253.30753,252.77533,338.75278,-4.268505,13.538849,0.31191137
6,32,10,0.0032768005,0.052800428,0.019218178,0.017210376,0.016371872,0.06931482,0.0019529302,4.991876,0.43757114,10.901604,3.5983343,0.13862965,0.0039058605,0.13118832,0.011499527,0.12795262,0.042233825,253.29312,252.6785,339.14236,-4.0359054,13.538849,0.31525275
6,33,10,0.0032768005,0.062846184,0.03159734,0.014578276,0.016670568,0.0888782,-0.003277043,4.5943255,0.91326743,11.000601,4.420294,0.1777564,-0.006554086,0.12074053,0.024001,0.12911455,0.051881187,253.27092,252.54747,339.08408,-5.3335614,13.538379,0.27972674
6,34,10,0.0032768005,0.049018715,0.017098287,0.013991323,0.017929103,0.06538021,0.0049492917,4.5008864,0.71772736,11.408288,4.700036,0.13076042,0.009898583,0.118284926,0.018862138,0.1338996,0.05516454,253.22705,252.45482,338.08395,-5.417763,13.538379,0.2968906
6,35,10,0.0032768005,0.050884638,0.021059617,0.0139889885,0.015836034,0.07255966,0.003671923,4.5005107,0.8533436,10.72172,4.143175,0.14511932,0.007343846,0.118275054,0.02242618,0.1258413,0.04862864,253.22098,252.35379,338.5362,-4.9965186,13.538379,0.2846945
6,36,10,0.0032768005,0.05641892,0.027100233,0.014129155,0.015189532,0.08231074,-0.003005218,4.523002,0.92131877,10.500584,4.117501,0.16462149,-0.006010436,0.11886612,0.024212591,0.12324582,0.0483273,253.16939,252.09476,338.62186,-5.0388193,13.538379,0.27322084
6,37,10,0.0032768005,0.048235618,0.01806698,0.014539152,0.015629485,0.06720673,0.0051372913,4.588156,1.4627411,10.651567,5.171508,0.13441347,0.010274583,0.12057841,0.03844136,0.12501794,0.06069822,253.10178,251.86667,337.71448,-6.6342487,13.537926,0.3166858
6,38,10,0.0032768005,0.046287164,0.01765801,0.013623829,0.015005325,0.06644172,0.0016164625,4.441384,1.6045952,10.436717,4.9122796,0.13288344,0.003232925,0.11672116,0.042169336,0.122496225,0.057655644,253.09853,251.81009,338.03946,-6.516875,13.537926,0.32296082
6,39,10,0.0032768005,0.050915178,0.02214443,0.013805542,0.014965205,0.07440502,-0.003494636,4.470905,1.6154218,10.422755,4.7824197,0.14881004,-0.006989272,0.11749699,0.04245387,0.12233236,0.05613148,253.09557,251.77686,338.34454,-6.3978415,13.537926,0.30670077
6,40,10,0.0032768005,0.04698604,0.016690126,0.014756041,0.015539872,0.06459513,0.004874342,4.622252,1.5519662,10.620988,5.141164,0.12919027,0.009748684,0.121474445,0.04078623,0.124659024,0.060342077,253.07152,251.74469,337.6645,-6.69313,13.537926,0.31921515
6,41,10,0.0032768005,0.046165433,0.017203111,0.015193734,0.013768586,0.065580316,0.0009183536,4.6903033,1.9326826,9.997373,4.776973,0.13116063,0.0018367072,0.12326287,0.050791595,0.11733962,0.05606755,253.09596,251.814,337.98398,-6.7096553,13.537342,0.35080817
6,42,10,0.0032768005,0.051455595,0.02239658,0.014999315,0.0140597,0.07482743,-0.002663699,4.660198,1.7526296,10.1025095,4.9122868,0.14965487,-0.005327398,0.12247169,0.046059743,0.118573606,0.057655726,253.0838,251.79282,337.8835,-6.6649165,13.537342,0.3409019
6,43,10,0.0032768005,0.047349792,0.018171852,0.015023034,0.014154906,0.067401506,0.0055637527,4.6638813,1.733057,10.136656,5.348549,0.13480301,0.011127505,0.12256849,0.045545366,0.118974395,0.06277615,253.00996,251.56683,336.94125,-7.081606,13.537342,0.3568792
6,44,10,0.0032768005,0.048206292,0.018839777,0.015040897,0.014325618,0.068629034,0.0027761704,4.6666527,1.9226453,10.197598,5.013932,0.13725807,0.0055523408,0.12264133,0.050527807,0.11968967,0.058848746,252.98506,251.38762,337.26093,-6.936578,13.537342,0.3600633
6,45,10,0.0032768005,0.051499013,0.021607384,0.01588838,0.01400325,0.07349725,-0.003927084,4.796324,1.7385918,10.082207,4.51904,0.1469945,-0.007854168,0.12604912,0.04569083,0.11833533,0.053040177,252.95583,251.2209,337.2962,-6.257632,13.536585,0.34227696
6,46,10,0.0032768005,0.053599887,0.020760454,0.017759036,0.015080394,0.07204244,0.0041838875,5.0708222,1.721948,10.4627905,4.5630856,0.14408489,0.008367775,0.13326304,0.04525341,0.12280226,0.053557146,252.91058,251.06015,336.52945,-6.2850337,13.536585,0.35443687
6,47,10,0.0032768005,0.050346322,0.017010495,0.017638393,0.015697436,0.065212145,0.0017248678,5.0535684,1.9454072,10.674696,4.435046,0.13042429,0.0034497357,0.13280961,0.051126,0.12528941,0.05205434,252.92862,251.06183,336.73312,-6.380453,13.536585,0.36764646
6,48,10,0.0032768005,0.054423966,0.021404916,0.01717783,0.015841218,0.073152095,-0.0028919345,4.987155,1.8548243,10.723474,4.4860816,0.14630419,-0.005783869,0.13106422,0.048745446,0.1258619,0.052653342,252.92116,250.982,336.85266,-6.340906,13.536585,0.3525409
6,49,10,0.0032768005,0.04795911,0.016842077,0.018111287,0.013005749,0.064888515,0.005525505,5.1208653,1.6032184,9.716478,3.8186054,0.12977703,0.01105101,0.13457818,0.042133152,0.11404275,0.044819143,252.85602,250.7085,336.22827,-5.421824,13.535703,0.33447692
6,50,10,0.0032768005,0.04583217,0.015767267,0.01800593,0.01205897,0.06278389,0.002348754,5.1059484,1.7830657,9.356132,3.599637,0.12556778,0.004697508,0.13418618,0.046859615,0.10981334,0.042249106,252.85828,250.62364,336.52542,-5.382703,13.535703,0.35352927
6,51,10,0.0032768005,0.053696617,0.020501541,0.0195763,0.013618776,0.071591794,-0.003639619,5.3239503,1.6822363,9.942836,3.8046384,0.14318359,-0.007279238,0.13991533,0.04420977,0.11669951,0.04465522,252.8658,250.71606,336.59216,-5.4868746,13.535703,0.36624014
6,52,10,0.0032768005,0.05636482,0.018782789,0.021719154,0.015862875,0.06852516,0.0039446233,5.607769,1.935005,10.730802,4.4206433,0.13705032,0.007889247,0.1473742,0.05085263,0.12594791,0.05188529,252.80283,250.43678,335.79315,-6.355648,13.535703,0.4075283
6,53,10,0.0032768005,0.050950527,0.01573881,0.020339392,0.014872329,0.062727205,0.0013772126,5.4267235,1.6743147,10.390363,3.0635111,0.12545441,0.0027544252,0.14261624,0.044001583,0.12195216,0.035956576,252.77924,250.24298,335.92645,-4.737826,13.534704,0.3538856
6,54,10,0.0032768005,0.057871986,0.02073839,0.021853724,0.015279871,0.07200415,-0.002019478,5.6251144,1.6942552,10.531762,3.177948,0.1440083,-0.004038956,0.14783005,0.04452564,0.12361178,0.037299726,252.77797,250.24022,335.9727,-4.8722034,13.534704,0.35735476
6,55,10,0.0032768005,0.055336006,0.018414652,0.022170754,0.0147506,0.0678503,0.0053708716,5.665769,1.7991865,10.347754,3.6227343,0.1357006,0.010741743,0.14889847,0.04728327,0.12145205,0.042520195,252.72261,250.09761,335.18362,-5.421921,13.534704,0.38128775
6,56,10,0.0032768005,0.052810475,0.017112408,0.021484358,0.014213713,0.0654072,0.0012957738,5.5773754,2.173588,10.157691,3.6607468,0.1308144,0.0025915476,0.14657544,0.057122678,0.11922128,0.04296635,252.66765,249.7771,335.18018,-5.834335,13.534704,0.39066797
6,57,10,0.0032768005,0.05582245,0.022684835,0.019054538,0.014083075,0.07530743,-0.0029353017,5.252522,1.5842795,10.110903,2.873082,0.15061486,-0.0058706035,0.13803817,0.04163543,0.11867213,0.03372149,252.62595,249.58322,334.9944,-4.457361,13.533703,0.34167796
6,58,10,0.0032768005,0.055361167,0.018715868,0.02178758,0.014857715,0.068402976,0.00471259,5.616596,1.6389544,10.385257,2.9173834,0.13680595,0.00942518,0.14760616,0.043072306,0.12189223,0.034241457,252.59409,249.509,334.33148,-4.556338,13.533703,0.37450635
6,59,10,0.0032768005,0.05432557,0.01776716,0.020994138,0.015564273,0.066646755,0.00085308886,5.513377,1.6986247,10.629324,2.4542012,0.13329351,0.0017061777,0.14489354,0.044640474,0.12475686,0.02880507,252.59187,249.48277,334.62274,-4.152826,13.533703,0.35867408
6,60,10,0.0032768005,0.056509316,0.019737162,0.021251842,0.015520311,0.070244506,-0.002669352,5.5471125,1.7171113,10.614302,2.8995733,0.14048901,-0.005338704,0.14578012,0.0451263,0.12458054,0.034032427,252.55516,249.3285,334.7392,-4.616685,13.533703,0.37573993
6,61,10,0.0032768005,0.055766594,0.020194398,0.020569192,0.015003003,0.0710535,0.0035904043,5.457294,1.1405312,10.43591,1.7814415,0.142107,0.0071808086,0.14341964,0.029973572,0.12248675,0.020908864,252.46472,249.04106,333.83066,-2.9219728,13.532735,0.34562957
6,62,10,0.0032768005,0.058106557,0.01826974,0.02239714,0.01743968,0.0675828,0.0006831726,5.6946235,1.4036527,11.2515,1.0969675,0.1351656,0.0013663452,0.14965674,0.03688851,0.13205938,0.012875159,252.38206,248.6196,333.80847,-2.5006201,13.532735,0.35916448
6,63,10,0.0032768005,0.06767093,0.026547758,0.02376557,0.017357599,0.08146741,-0.0021831412,5.8660107,1.4222153,11.224992,1.3306986,0.16293482,-0.0043662824,0.15416086,0.037376318,0.13174824,0.015618471,252.33372,248.35641,333.56427,-2.752914,13.532735,0.38435543
6,64,10,0.0032768005,0.06262195,0.022513764,0.023420313,0.016687876,0.075022936,0.004415935,5.8232446,1.2962126,11.00631,1.4244357,0.15004587,0.00883187,0.15303697,0.03406493,0.12918156,0.016718665,252.31528,248.33937,332.92133,-2.7206483,13.532735,0.39061764
6,65,10,0.0032768005,0.053883225,0.01937099,0.019211011,0.015301224,0.06958985,0.0013407854,5.274044,0.87890846,10.539118,0.081842594,0.1391797,0.0026815708,0.13860379,0.02309804,0.123698115,0.0009605933,252.32848,248.341,333.229,-0.96075106,13.531897,0.31166542
6,66,10,0.0032768005,0.06095551,0.026149606,0.020666828,0.014139076,0.0808542,-0.002514675,5.47023,0.9098697,10.130986,0.5349603,0.1617084,-0.00502935,0.14375962,0.023911698,0.11890785,0.0062788595,252.36288,248.54889,333.304,-1.44483,13.531897,0.3243503
6,67,10,0.0032768005,0.06412334,0.024976877,0.024254931,0.014891529,0.07902037,0.0049944595,5.9260955,0.9775436,10.397068,0.64638233,0.15804075,0.009988919,0.15573995,0.025690204,0.122030854,0.007586614,252.38687,248.69556,333.0435,-1.6239259,13.531897,0.35642952
6,68,10,0.0032768005,0.06267404,0.021255892,0.025553038,0.015865112,0.072897,0.0006980377,6.0826097,1.0947424,10.731558,0.8791786,0.145794,0.0013960754,0.15985318,0.02877024,0.12595679,0.010318958,252.38873,248.74234,333.48813,-1.9739211,13.531897,0.36814296
6,69,10,0.0032768005,0.06365804,0.024746321,0.021491483,0.01742023,0.07865482,-0.0018951884,5.5783005,0.5598377,11.245225,0.38702533,0.15730964,-0.0037903767,0.14659974,0.014712741,0.13198572,0.004542534,252.40479,248.84732,333.66605,-0.94686306,13.531118,0.3205044
6,70,10,0.0032768005,0.06346972,0.02425974,0.02198746,0.01722252,0.07787769,0.0053705247,5.6423006,0.48476788,11.181231,0.12630147,0.15575539,0.010741049,0.1482817,0.01273988,0.1312346,0.0014824072,252.37563,248.79944,333.04108,-0.6110693,13.531118,0.33796263
6,71,10,0.0032768005,0.06396596,0.022035837,0.023581624,0.018348504,0.07422236,0.0016433413,5.8432646,0.75559133,11.54095,-0.19869024,0.14844473,0.0032866825,0.1535631,0.019857224,0.13545665,-0.0023320348,252.3587,248.6761,333.02252,-0.5569011,13.531118,0.3334827
6,72,10,0.0032768005,0.07084464,0.027046269,0.024101183,0.01969719,0.08222875,-0.0016379079,5.9072843,0.727412,11.9575815,0.20067681,0.1644575,-0.0032758159,0.15524556,0.019116655,0.14034668,0.0023553467,252.3608,248.76898,332.8668,-0.9280888,13.531118,0.3473765
6,73,10,0.0032768005,0.06471442,0.025958395,0.019420112,0.01933591,0.08055805,0.004252442,5.3026695,0.17634135,11.847414,-0.5261511,0.1611161,0.008504884,0.13935606,0.004634318,0.13905363,-0.0061754556,252.35056,248.78581,332.35013,0.34980977,13.530335,0.3253216
6,74,10,0.0032768005,0.05996089,0.023143694,0.018620573,0.018196624,0.07606526,0.0010744813,5.1923647,0.32930169,11.493087,-0.54409313,0.15213051,0.0021489626,0.13645722,0.008654166,0.13489486,-0.006386049,252.35425,248.69452,332.6964,0.21479145,13.530335,0.31763262
6,75,10,0.0032768005,0.06531572,0.028370673,0.02050087,0.01644418,0.08421798,-0.0021747227,5.448222,0.25722495,10.925652,-0.20955604,0.16843596,-0.0043494455,0.14318125,0.0067599784,0.12823486,-0.002459572,252.35999,248.71165,332.83618,-0.047668904,13.530335,0.31726688
6,76,10,0.0032768005,0.06398372,0.024568094,0.022648685,0.01676694,0.07837106,0.004360598,5.726512,-0.14866978,11.032351,-1.0462343,0.15674213,0.008721196,0.1504948,-0.0039071003,0.12948722,-0.012279699,252.329,248.6521,332.32196,1.1949041,13.530335,0.3316777
6,77,10,0.0032768005,0.059866354,0.022717467,0.01874219,0.018406695,0.07536157,0.0012587467,5.2092934,-0.68384665,11.559236,-2.3575804,0.15072314,0.0025174934,0.13690212,-0.017971732,0.13567127,-0.027671034,252.33322,248.60555,332.62677,3.0414271,13.529435,0.31399906
6,78,10,0.0032768005,0.06451692,0.026436815,0.01897085,0.01910925,0.08129701,-0.003486466,5.2409744,-0.47505412,11.77777,-1.8051032,0.16259402,-0.006972932,0.13773471,-0.012484584,0.13823621,-0.021186588,252.31458,248.5121,332.77292,2.2801573,13.529435,0.3171722
6,79,10,0.0032768005,0.06260573,0.021970078,0.02019387,0.020441787,0.074111536,0.0024309542,5.4072742,-0.6380396,12.181497,-2.3382854,0.14822307,0.0048619085,0.14210513,-0.01676791,0.14297478,-0.027444554,252.2893,248.39609,332.2771,2.976325,13.529435,0.3263247
6,80,10,0.0032768005,0.061888956,0.022216558,0.02044154,0.01923086,0.0745261,-0.00040931135,5.440333,-0.6408888,11.815186,-2.3298397,0.1490522,-0.0008186227,0.14297391,-0.016842782,0.13867538,-0.027345441,252.3155,248.50052,332.8312,2.9707284,13.529435,0.33495778
6,81,10,0.0032768005,0.06365811,0.024042308,0.020143012,0.019472793,0.07752791,-0.00278295,5.4004617,-0.69431376,11.889276,-2.4356039,0.15505582,-0.0055659,0.14192608,-0.018246815,0.13954495,-0.0285868,252.29086,248.38516,332.8199,3.1299176,13.528383,0.32746008
6,82,10,0.0032768005,0.062966496,0.021681039,0.02144078,0.019844674,0.07362241,0.0024049678,5.5717154,-0.7423356,12.002264,-2.4539156,0.14724483,0.0048099356,0.14642671,-0.019508846,0.14087112,-0.028801719,252.2659,248.35445,332.14038,3.1962512,13.528383,0.3551645
6,83,10,0.0032768005,0.061050627,0.022163108,0.018972348,0.019915171,0.0744364,-0.0005823921,5.241182,-0.7518876,12.023563,-2.8931718,0.1488728,-0.0011647842,0.13774015,-0.019759875,0.14112112,-0.033957284,252.23978,248.36943,332.34872,3.6450593,13.528383,0.36264512
6,84,10,0.0032768005,0.062090755,0.024223302,0.01937964,0.018487811,0.07781918,-0.0031949144,5.297141,-0.48969045,11.584679,-2.400726,0.15563837,-0.006389829,0.13921078,-0.012869243,0.13596989,-0.028177433,252.17412,248.09828,332.28418,2.8904166,13.528383,0.34510466
6,85,10,0.0032768005,0.059825204,0.023460029,0.018776758,0.017588418,0.07658333,0.003004205,5.214095,-0.6618362,11.299378,-3.0492544,0.15316667,0.00600841,0.1370283,-0.017393287,0.13262133,-0.035789233,252.10373,247.8505,331.49005,3.7110906,13.52713,0.29843888
6,86,10,0.0032768005,0.059931166,0.020601835,0.021204062,0.018125271,0.0717667,0.0016066413,5.5408735,-0.73280257,11.470529,-3.3627858,0.1435334,0.0032132827,0.14561614,-0.019258313,0.13463013,-0.03946917,252.09178,247.77533,331.73294,4.095588,13.52713,0.30443287
6,87,10,0.0032768005,0.06537431,0.025794247,0.022868238,0.016711824,0.08030294,-0.0017246205,5.7542005,-0.6457216,11.014204,-2.4367146,0.16060588,-0.003449241,0.15122248,-0.016969794,0.12927422,-0.028599828,252.08351,247.77548,331.56302,3.0824363,13.52713,0.29208142
6,88,10,0.0032768005,0.07076649,0.027867775,0.02553337,0.017365348,0.08346822,0.0030128502,6.0802684,-0.8159229,11.227497,-2.3451047,0.16693644,0.0060257004,0.15979165,-0.021442745,0.13177764,-0.027524611,252.09288,247.91106,330.92297,3.1610277,13.52713,0.31265113
6,89,10,0.0032768005,0.06652192,0.025110977,0.02314066,0.018270284,0.079232216,-0.00045043966,5.788373,-0.6530523,11.516323,-2.8566062,0.15846443,-0.0009008793,0.15212055,-0.017162452,0.13516761,-0.033528116,252.13324,247.97412,331.54608,3.5096586,13.52583,0.280077
6,90,10,0.0032768005,0.06699391,0.02579085,0.02263489,0.01856817,0.08029765,-0.0039074332,5.724768,-0.52411133,11.609827,-2.60157,0.1605953,-0.0078148665,0.15044896,-0.013773836,0.13626507,-0.030534746,252.13329,247.9941,331.75568,3.1256812,13.52583,0.2783092
6,91,10,0.0032768005,0.06512779,0.023494536,0.02200985,0.019623406,0.07663964,0.00057609024,5.6451726,-0.62903386,11.935164,-2.79508,0.15327927,0.0011521805,0.14835717,-0.016531244,0.14008357,-0.032805983,252.07779,247.83751,331.0116,3.4241138,13.52583,0.2793768
6,92,10,0.0032768005,0.06335572,0.020858454,0.02161368,0.020883588,0.07221228,-0.00049715734,5.594136,-0.3579238,12.312428,-3.2403848,0.14442456,-0.0009943147,0.14701591,-0.009406362,0.14451155,-0.038032543,252.04352,247.57895,331.5318,3.5983086,13.52583,0.299037
6,93,10,0.0032768005,0.060377516,0.021578716,0.020047208,0.01875159,0.07344848,-0.0033397418,5.3876033,-0.014786614,11.667029,-2.8889992,0.14689696,-0.0066794837,0.14158817,-0.0003885958,0.13693644,-0.033908315,252.00848,247.386,331.64545,2.903786,13.524544,0.23887886
6,94,10,0.0032768005,0.061285652,0.021286743,0.020856205,0.0191427,0.07294989,0.00282886,5.495236,-0.06310881,11.788073,-2.969119,0.14589977,0.00565772,0.14441678,-0.0016585215,0.13835715,-0.034848686,251.9686,247.2882,331.0263,3.032228,13.524544,0.23335914
6,95,10,0.0032768005,0.06102305,0.020957312,0.020664979,0.019400762,0.0723832,2.0901287e-5,5.469985,-0.084278144,11.867264,-3.031959,0.1447664,4.1802574e-5,0.14375319,-0.0022148555,0.13928662,-0.035586245,251.95456,247.24385,331.32764,3.1162372,13.524544,0.25033143
6,96,10,0.0032768005,0.06409508,0.024841273,0.020646993,0.018606814,0.07880557,-0.0024326437,5.467604,0.051329024,11.621902,-2.6221216,0.15761115,-0.0048652873,0.14369062,0.0013489482,0.1364068,-0.03077596,251.8915,247.02545,331.2076,2.5707924,13.524544,0.2480929
6,97,10,0.0032768005,0.06267086,0.024639748,0.020269034,0.01776207,0.078485265,0.002726659,5.4173284,0.06565479,11.355022,-2.6452277,0.15697053,0.005453318,0.14236936,0.0017254305,0.13327442,-0.031047152,251.84312,246.87897,330.28223,2.579573,13.523347,0.2138334
6,98,10,0.0032768005,0.06374688,0.024232876,0.021585096,0.017928908,0.07783456,-0.0012561077,5.590436,0.078917146,11.408228,-2.7633772,0.15566912,-0.0025122154,0.14691867,0.002073972,0.13389887,-0.032433882,251.91058,247.23927,330.85693,2.6844602,13.523347,0.24843806
6,99,10,0.0032768005,0.072539754,0.03081807,0.023880199,0.01784149,0.08777538,-0.0044556684,5.8801394,0.0017104486,11.380381,-2.334023,0.17555076,-0.008911337,0.1545322,4.495274e-5,0.13357204,-0.02739454,251.9375,247.4934,331.17044,2.3323126,13.523347,0.24303932
6,100,10,0.0032768005,0.06936934,0.02680271,0.024898151,0.017668478,0.08185767,0.001868505,6.004159,-0.32369137,11.325067,-2.625867,0.16371533,0.00373701,0.15779148,-0.008506726,0.13292283,-0.030819919,251.91689,247.46814,330.63394,2.9495583,13.523347,0.25361896
7,1,10,0.0026214404,0.073820144,0.0279788,0.029277507,0.016563836,0.083634324,-0.0009276423,6.510821,-0.13498896,10.965329,-2.5950215,0.16726865,-0.0018552846,0.17110671,-0.0035475614,0.12870057,-0.030457892,251.97948,248.47096,331.72446,2.7300105,13.522369,0.26712778
7,2,10,0.0026214404,0.074369065,0.025824435,0.029549519,0.018995114,0.080349915,-0.0042778817,6.540996,0.039325945,11.742542,-2.8384092,0.16069983,-0.008555763,0.17189974,0.0010334963,0.13782276,-0.03331454,252.05556,248.58768,332.3012,2.7990832,13.522369,0.2656714
7,3,10,0.0026214404,0.0793015,0.03129504,0.02948879,0.018517667,0.08845202,-0.008060618,6.534271,-0.16294077,11.594029,-2.9323707,0.17690404,-0.016121237,0.17172301,-0.004282142,0.13607964,-0.034417365,252.11584,248.8803,332.81137,3.0953114,13.522369,0.25975263
7,4,10,0.0026214404,0.06930933,0.023741832,0.027611107,0.01795639,0.077041924,-0.0020503588,6.3228164,-0.3800482,11.416966,-3.3904543,0.15408385,-0.0041007176,0.1661659,-0.009987803,0.13400145,-0.03979392,252.08426,248.73357,332.52158,3.7705026,13.522369,0.24800485
7,5,10,0.0026214404,0.06523937,0.022899924,0.024982402,0.017357042,0.075663604,-0.004755215,6.01431,-0.18377489,11.2248125,-3.4150865,0.15132721,-0.00951043,0.15805823,-0.004829668,0.13174613,-0.04008303,252.08427,248.60333,333.25174,3.5988615,13.521503,0.2597191
7,6,10,0.0026214404,0.06809535,0.024408093,0.026032288,0.017654968,0.07811545,-0.008071119,6.1393847,0.51170474,11.320737,-2.4562407,0.1562309,-0.016142238,0.16134524,0.013447786,0.132872,-0.02882901,252.03871,248.35278,333.1513,1.944536,13.521503,0.22833347
7,7,10,0.0026214404,0.05909317,0.01840348,0.024327902,0.016361788,0.06782971,-0.0018565783,5.9350038,0.45600665,10.898246,-2.7303195,0.13565943,-0.0037131566,0.15597405,0.0119840205,0.1279132,-0.032045886,251.98576,248.19417,332.51642,2.274313,13.521503,0.19910267
7,8,10,0.0026214404,0.060036868,0.022220183,0.02219824,0.015618443,0.07453218,-0.0037406532,5.6692805,0.42877772,10.647806,-3.2926981,0.14906436,-0.0074813063,0.14899074,0.011268431,0.12497377,-0.038646545,251.9698,248.09904,333.03238,2.8639205,13.521503,0.20801
7,9,10,0.0026214404,0.060660586,0.02260116,0.022812935,0.01524649,0.07516841,-0.0055080205,5.7472386,0.45327228,10.520252,-2.7367635,0.15033682,-0.011016041,0.15103951,0.011912157,0.12347668,-0.032121513,251.9086,247.88913,332.76425,2.2834911,13.520688,0.22013193
7,10,10,0.0026214404,0.05420833,0.01810889,0.02147416,0.014625281,0.067284636,0.0002447318,5.5760517,0.26180536,10.303704,-2.575245,0.13456927,0.0004894636,0.14654064,0.00688034,0.12093503,-0.030225763,251.83484,247.60461,331.73682,2.3134396,13.520688,0.20785217
7,11,10,0.0026214404,0.057806678,0.02204074,0.019909976,0.015855959,0.07423062,-0.0038231714,5.369132,0.2207306,10.728461,-3.0450501,0.14846124,-0.0076463427,0.14110272,0.0058008777,0.12592044,-0.035739895,251.82442,247.57396,332.13535,2.8243196,13.520688,0.2142387
7,12,10,0.0026214404,0.058321528,0.024746781,0.018350115,0.01522463,0.07865555,-0.006170507,5.154518,0.5569456,10.512707,-2.7518861,0.1573111,-0.012341014,0.1354626,0.014636734,0.12338813,-0.032299016,251.80312,247.5066,332.38116,2.1949406,13.520688,0.19974871
7,13,10,0.0026214404,0.049396455,0.017673396,0.017279388,0.014443672,0.06647066,0.0004424583,5.0018754,0.6017425,10.23953,-2.1297915,0.13294132,0.0008849166,0.13145109,0.01581401,0.12018183,-0.024997458,251.75217,247.33163,331.7303,1.528049,13.519863,0.16458341
7,14,10,0.0026214404,0.05279354,0.021806275,0.017694883,0.013292381,0.07383474,-0.0018189986,5.061654,0.48995468,9.822965,-2.2947896,0.14766948,-0.0036379972,0.13302211,0.012876185,0.11529259,-0.026934056,251.77261,247.37639,332.0808,1.8048348,13.519863,0.18577684
7,15,10,0.0026214404,0.05677554,0.024866011,0.01826945,0.013640078,0.0788448,-0.006659573,5.143176,0.5228317,9.950607,-1.7976688,0.1576896,-0.013319146,0.13516453,0.013740205,0.11679074,-0.021099322,251.80855,247.60223,331.93094,1.2748371,13.519863,0.20493363
7,16,10,0.0026214404,0.055359244,0.022888664,0.018771555,0.013699023,0.075645,-0.00081701233,5.2133727,0.12960392,9.972086,-2.043851,0.15129,-0.0016340247,0.13700932,0.0034060357,0.117042825,-0.023988774,251.84332,247.78564,331.73227,1.914247,13.519863,0.21754654
7,17,10,0.0026214404,0.056493916,0.022164315,0.01901598,0.015313619,0.07443842,-0.003058684,5.2472053,-0.04164825,10.543386,-2.4824498,0.14887685,-0.006117368,0.13789845,-0.0010945256,0.123748206,-0.029136624,251.92026,247.99355,332.76602,2.524098,13.51907,0.22349304
7,18,10,0.0026214404,0.062005974,0.02598644,0.020130342,0.015889188,0.08060155,-0.008224547,5.398763,0.2971044,10.739697,-1.8827071,0.1612031,-0.016449094,0.14188144,0.007808014,0.12605232,-0.022097422,252.00816,248.44563,333.31503,1.5856028,13.51907,0.21464096
7,19,10,0.0026214404,0.0531966,0.018427284,0.019442022,0.015327296,0.06787357,0.0006860548,5.3056593,0.20001017,10.548094,-1.5472211,0.13574713,0.0013721096,0.13943465,0.0052563366,0.12380346,-0.018159805,252.02188,248.50041,333.03574,1.3472109,13.51907,0.18683113
7,20,10,0.0026214404,0.055702038,0.020759037,0.020069791,0.014873209,0.072039984,-0.0030724995,5.3906374,0.08992663,10.39067,-2.4373963,0.14407997,-0.006144999,0.14166789,0.002363306,0.12195577,-0.028607829,252.03554,248.41829,333.60046,2.3474696,13.51907,0.20347194
7,21,10,0.0026214404,0.05742967,0.023879439,0.018087668,0.015462564,0.07726487,-0.0067854538,5.1175246,0.4133834,10.594537,-1.930632,0.15452974,-0.0135709075,0.1344904,0.010863867,0.12434856,-0.022659916,252.0561,248.47423,333.89087,1.5172486,13.518383,0.18793419
7,22,10,0.0026214404,0.049076304,0.015888218,0.017734295,0.015453793,0.06302424,0.0005885614,5.0672884,0.16643734,10.591532,-1.8283226,0.12604848,0.0011771228,0.13317017,0.004374034,0.12431329,-0.021459108,252.04991,248.56609,333.47766,1.6618853,13.518383,0.17480242
7,23,10,0.0026214404,0.057470784,0.02290411,0.018194295,0.016372377,0.07567052,-0.0029230313,5.1325865,0.19558205,10.901771,-2.0948424,0.15134104,-0.0058460627,0.13488623,0.0051399674,0.12795459,-0.024587264,252.06702,248.60649,334.02524,1.8992604,13.518383,0.16453801
7,24,10,0.0026214404,0.057494372,0.02464437,0.017467434,0.015382571,0.07849263,-0.0065393713,5.029018,0.3932406,10.567097,-1.57422,0.15698525,-0.013078743,0.13216442,0.010334507,0.12402649,-0.018476693,252.08298,248.68991,333.91367,1.1809794,13.518383,0.16634326
7,25,10,0.0026214404,0.048291117,0.01857137,0.015451294,0.014268452,0.068138406,0.0018061082,4.729891,0.3075315,10.177232,-0.8463631,0.13627681,0.0036122163,0.12430324,0.008082038,0.11945063,-0.0099338,252.08586,248.68317,333.15082,0.5388316,13.517768,0.14978243
7,26,10,0.0026214404,0.048648987,0.019076841,0.014628147,0.014943998,0.06905947,-0.0002440826,4.6021776,0.68365014,10.415368,-0.63026845,0.13811894,-0.0004881652,0.12094688,0.017966574,0.12224565,-0.0073974878,252.11427,248.8166,333.67346,-0.05338168,13.517768,0.17540932
7,27,10,0.0026214404,0.051871046,0.021916233,0.0145118255,0.015442992,0.07402066,-0.005357074,4.5838428,0.74751574,10.58783,-0.12302276,0.14804132,-0.010714148,0.12046504,0.019644985,0.124269836,-0.0014439231,252.0876,248.80501,333.78552,-0.624493,13.517768,0.17458172
7,28,10,0.0026214404,0.04612658,0.017721092,0.013927025,0.014478464,0.0665603,0.0025477926,4.4905324,0.3919945,10.251855,-0.031202143,0.1331206,0.0050955852,0.118012816,0.010301756,0.12032649,-0.00036621938,252.0614,248.76764,333.201,-0.36079237,13.517768,0.1665318
7,29,10,0.0026214404,0.051269695,0.0233652,0.013787496,0.014117,0.0764284,-0.00066301756,4.4679813,0.33618706,10.123075,0.21379444,0.1528568,-0.0013260351,0.11742017,0.008835118,0.11881498,0.0025093171,252.10149,248.8195,333.70355,-0.5499815,13.517045,0.17347637
7,30,10,0.0026214404,0.05382772,0.024918005,0.014031974,0.014877744,0.07892719,-0.0071316794,4.50742,0.3721506,10.392254,0.11583039,0.15785438,-0.014263359,0.11845663,0.009780251,0.12197436,0.0013595055,252.16487,248.97089,334.07324,-0.487981,13.517045,0.17616758
7,31,10,0.0026214404,0.049640864,0.020404346,0.014256766,0.014979752,0.07142189,0.0009982554,4.543381,0.015628902,10.42782,-0.18901563,0.14284378,0.001996511,0.1194017,0.0004107335,0.1223918,-0.002218485,252.23283,249.35947,333.89874,0.17338672,13.517045,0.13977006
7,32,10,0.0026214404,0.050614737,0.022741904,0.013891014,0.01398182,0.075402096,-0.0020471476,4.4847236,0.15989716,10.07449,-0.5172461,0.15080419,-0.004094295,0.117860146,0.004202155,0.118244745,-0.0060709403,252.29884,249.5825,335.07877,0.35734898,13.517045,0.125881
7,33,10,0.0026214404,0.054600686,0.025686312,0.014298501,0.014615871,0.08013475,-0.0056296256,4.5500264,0.1947658,10.300387,-0.10354668,0.1602695,-0.011259251,0.11957634,0.005118516,0.120896116,-0.0012153309,252.28712,249.49164,335.3625,-0.09121913,13.516277,0.14535922
7,34,10,0.0026214404,0.044675622,0.015828598,0.014708416,0.014138608,0.06290588,0.002136879,4.614786,-0.023137502,10.130818,0.043394994,0.12581176,0.004273758,0.121278256,-0.0006080622,0.11890588,0.00050933013,252.23933,249.3564,334.479,-0.020257492,13.516277,0.13451403
7,35,10,0.0026214404,0.047819376,0.018718176,0.01450559,0.014595607,0.06840719,-0.0017132988,4.582857,-0.15020567,10.293245,-0.31550115,0.13681439,-0.0034265977,0.12043916,-0.0039474587,0.12081228,-0.0037030498,252.25978,249.39232,334.927,0.46570683,13.516277,0.11788055
7,36,10,0.0026214404,0.05336756,0.022988977,0.014918359,0.015460224,0.07581058,-0.004107999,4.6476045,-0.32357472,10.593735,-0.5288222,0.15162116,-0.008215998,0.122140735,-0.008503661,0.12433915,-0.0062068077,252.32645,249.68375,335.25137,0.8523969,13.516277,0.14181332
7,37,10,0.0026214404,0.04663654,0.01543305,0.016088532,0.015114959,0.062114913,0.0037227725,4.8264394,-0.6557165,10.474775,0.00106904,0.124229826,0.007445545,0.12684058,-0.017232466,0.12294291,1.2548283e-5,252.37338,250.01605,335.03638,0.6546474,13.515517,0.18125264
7,38,10,0.0026214404,0.049896237,0.020310178,0.0135178305,0.016068228,0.07125689,0.0008950144,4.4240713,-0.6948093,10.800035,-0.45478243,0.14251378,0.0017900288,0.116266206,-0.01825984,0.12676051,-0.0053378018,252.44112,250.28174,335.7313,1.1495917,13.515517,0.16613595
7,39,10,0.0026214404,0.05700831,0.026992608,0.013421052,0.016594654,0.08214714,-0.0025643858,4.408207,-0.8991643,10.975527,-0.36654067,0.16429427,-0.0051287715,0.115849264,-0.023630364,0.12882024,-0.0043021045,252.50075,250.57191,336.27225,1.265705,13.515517,0.17842884
7,40,10,0.0026214404,0.045261357,0.016659303,0.013838499,0.014763557,0.06453546,0.005253616,4.4762383,-1.1145062,10.352297,0.050139185,0.12907092,0.010507232,0.11763715,-0.029289624,0.12150538,0.000588486,252.48868,250.53989,335.56403,1.064367,13.515517,0.21016501
7,41,10,0.0026214404,0.04801756,0.021271111,0.013380999,0.013365449,0.072923094,0.0019257356,4.401624,-1.0781872,9.849926,-0.16107546,0.14584619,0.0038514712,0.11567627,-0.028335147,0.115609035,-0.0018905494,252.5266,250.45526,336.21124,1.2392627,13.514685,0.17873763
7,42,10,0.0026214404,0.05557876,0.026601043,0.014919451,0.014058267,0.08154913,-0.002096603,4.647775,-0.9935858,10.101994,-0.44952565,0.16309826,-0.004193206,0.122145206,-0.026111795,0.11856756,-0.0052761026,252.56746,250.57114,336.63635,1.4431114,13.514685,0.18797915
7,43,10,0.0026214404,0.043271802,0.016071597,0.013893424,0.013306781,0.0633869,0.005104785,4.4851127,-1.1483691,9.828284,-0.003986667,0.1267738,0.01020957,0.11787037,-0.030179549,0.11535502,-4.6792356e-5,252.55939,250.62299,335.79956,1.1523558,13.514685,0.18677497
7,44,10,0.0026214404,0.04592885,0.01857881,0.01349454,0.013855502,0.068152055,0.003445659,4.420259,-0.8716984,10.028878,-0.34855652,0.13630411,0.006891318,0.116166,-0.022908546,0.1177094,-0.0040910235,252.56497,250.583,336.51523,1.2202549,13.514685,0.153817
7,45,10,0.0026214404,0.053761832,0.024174571,0.015162683,0.014424579,0.07774087,-0.0015694917,4.6855083,-0.9752128,10.23276,-0.17614135,0.15548174,-0.0031389834,0.12313685,-0.025628945,0.12010237,-0.0020673787,252.55193,250.53131,336.64078,1.1513542,13.513813,0.15716122
7,46,10,0.0026214404,0.0462454,0.017758528,0.01559328,0.012893591,0.066630565,0.006145471,4.751573,-1.2016472,9.67449,0.38804242,0.13326113,0.012290942,0.12487306,-0.031579725,0.11354995,0.0045544715,252.53139,250.52905,335.7796,0.8136047,13.513813,0.16917184
7,47,10,0.0026214404,0.04543965,0.018943235,0.013496104,0.013000309,0.06881721,0.003146173,4.4205146,-0.9387262,9.714446,0.4297687,0.13763443,0.006292346,0.11617273,-0.024670064,0.114018895,0.005044214,252.57947,250.71854,336.5896,0.5089575,13.513813,0.1627515
7,48,10,0.0026214404,0.06369325,0.035630453,0.013767359,0.014295439,0.094380155,-0.00334072,4.4647174,-1.1112314,10.1868515,0.16426937,0.18876031,-0.00668144,0.11733439,-0.029203562,0.119563535,0.0019280377,252.61407,250.89896,337.01028,0.94696206,13.513813,0.1824275
7,49,10,0.0026214404,0.043922186,0.01569776,0.014264228,0.013960198,0.06264535,0.0046083606,4.54457,-1.1556884,10.066697,0.45400774,0.1252907,0.009216721,0.11943294,-0.030371912,0.11815328,0.0053287093,252.59535,250.88905,336.29773,0.70168066,13.512885,0.17457287
7,50,10,0.0026214404,0.04778278,0.019215733,0.014603868,0.013963179,0.06931041,0.0018807193,4.5983562,-1.1181319,10.067772,0.20628333,0.13862082,0.0037614387,0.120846465,-0.029384907,0.118165895,0.002421157,252.68648,251.18884,337.03555,0.91184855,13.512885,0.15458827
7,51,10,0.0026214404,0.060651205,0.028232606,0.016554011,0.01586459,0.08401281,-0.003085527,4.895762,-1.3246456,10.731382,0.014007877,0.16802561,-0.006171054,0.12866239,-0.034812167,0.12595472,0.00016441173,252.77153,251.55032,337.6913,1.3106377,13.512885,0.1870493
7,52,10,0.0026214404,0.046524964,0.015914146,0.016136242,0.014474577,0.06307564,0.0047597503,4.833591,-1.3048615,10.250478,0.34820342,0.12615128,0.009519501,0.12702851,-0.034292232,0.12031034,0.004086879,252.76294,251.4799,337.05978,0.9566581,13.512885,0.22846459
7,53,10,0.0026214404,0.046519183,0.018149285,0.014343672,0.014026226,0.06735964,0.0020709904,4.557208,-1.2471046,10.090475,0.10032838,0.13471928,0.004141981,0.11976507,-0.032774363,0.118432365,0.0011775601,252.81895,251.59608,337.5746,1.1467763,13.511897,0.17330435
7,54,10,0.0026214404,0.056446288,0.02619828,0.015119045,0.015128963,0.08092941,-0.0030809138,4.678761,-1.098765,10.479626,0.21480982,0.16185883,-0.0061618276,0.122959524,-0.028875941,0.12299985,0.002521232,252.86009,251.74585,337.86063,0.8839552,13.511897,0.16327773
7,55,10,0.0026214404,0.043911416,0.016263915,0.014458081,0.01318942,0.06376503,0.005658006,4.5753465,-1.3376908,9.784848,0.5151514,0.12753005,0.011316012,0.12024176,-0.035155002,0.1148452,0.0060463552,252.81882,251.70718,337.16852,0.82253945,13.511897,0.18669465
7,56,10,0.0026214404,0.04726795,0.01882813,0.015145174,0.01329465,0.068607815,0.0016720449,4.682802,-1.3811854,9.823804,-0.050357934,0.13721563,0.0033440897,0.12306573,-0.036298048,0.11530243,-0.0005910535,252.81416,251.60022,337.85437,1.4315434,13.511897,0.18919562
7,57,10,0.0026214404,0.05530922,0.024805015,0.016321134,0.014183073,0.07874804,-0.0031116924,4.861204,-1.1329665,10.146736,-0.029623128,0.15749608,-0.0062233848,0.1277542,-0.029774774,0.11909271,-0.00034768804,252.82706,251.56804,338.27725,1.1625897,13.510933,0.18642351
7,58,10,0.0026214404,0.04683993,0.01615435,0.017822439,0.012863142,0.06354988,0.005275665,5.0798664,-1.106039,9.663062,0.7859537,0.12709977,0.01055133,0.13350071,-0.029067107,0.11341579,0.009224774,252.82312,251.6988,337.3747,0.32008535,13.510933,0.18995169
7,59,10,0.0026214404,0.04923945,0.01823469,0.01673452,0.014270238,0.06751794,0.002686473,4.9223814,-1.0287335,10.177869,0.73711926,0.13503589,0.005372946,0.12936197,-0.027035486,0.1194581,0.008651602,252.88647,251.94698,338.0435,0.29161423,13.510933,0.19521838
7,60,10,0.0026214404,0.058719885,0.026166182,0.017743858,0.014809843,0.08087982,-0.0029133786,5.068654,-1.1430379,10.368512,0.6268541,0.16175964,-0.0058267573,0.13320607,-0.03003945,0.1216957,0.0073574157,252.93735,252.06245,338.4818,0.5161838,13.510933,0.20694454
7,61,10,0.0026214404,0.049072355,0.016775353,0.018249,0.014048004,0.06475985,0.004779978,5.1402974,-0.96831745,10.098305,1.0256091,0.1295197,0.009559956,0.13508886,-0.02544773,0.118524276,0.01203762,252.94748,252.15578,337.8138,-0.057291687,13.509966,0.19644794
7,62,10,0.0026214404,0.052069962,0.019088628,0.019290026,0.013691306,0.0690808,0.0035856445,5.284879,-1.1438287,9.969277,0.6064111,0.1381616,0.007171289,0.13888854,-0.030060234,0.117009856,0.0071174763,252.99197,252.3391,338.3477,0.53741765,13.509966,0.21464516
7,63,10,0.0026214404,0.060595147,0.029849691,0.016869064,0.013876392,0.08638532,-0.0032617191,4.94213,-1.0570812,10.036437,0.58514607,0.17277063,-0.0065234383,0.12988096,-0.027780484,0.1177981,0.006867886,253.00806,252.36124,338.7182,0.47193515,13.509966,0.21073651
7,64,10,0.0026214404,0.045784496,0.01664359,0.016454719,0.012686186,0.06450502,0.0044668973,4.8810573,-1.0050012,9.596364,0.89114887,0.12901004,0.008933795,0.12827595,-0.026411794,0.11263297,0.010459456,253.014,252.46437,338.32504,0.11385232,13.509966,0.19678691
7,65,10,0.0026214404,0.04866539,0.01952353,0.01638397,0.012757892,0.06986331,0.0017277772,4.8705525,-0.8217371,9.623447,0.1713311,0.13972662,0.0034555544,0.12799989,-0.02159555,0.11295084,0.0020109226,253.0475,252.52635,339.0426,0.650406,13.50895,0.18396081
7,66,10,0.0026214404,0.05891144,0.028588587,0.016864413,0.013458438,0.0845408,-0.0062407022,4.9414487,-0.66968375,9.884132,0.29378834,0.1690816,-0.0124814045,0.12986305,-0.017599527,0.11601051,0.0034482067,253.05884,252.5161,339.4289,0.3758954,13.50895,0.19632857
7,67,10,0.0026214404,0.046508297,0.01745239,0.01774321,0.011312698,0.06605375,0.0034810675,5.068562,-0.9041616,9.062004,0.8715412,0.1321075,0.006962135,0.13320364,-0.023761693,0.106361166,0.01022932,253.03873,252.5249,338.70236,0.03262037,13.50895,0.19803151
7,68,10,0.0026214404,0.054155357,0.021463549,0.020611953,0.012079855,0.073252216,0.0022389113,5.462963,-1.218945,9.36423,0.14437662,0.14650443,0.0044778227,0.14356863,-0.032034315,0.109908395,0.0016945538,253.06676,252.56454,339.35336,1.0745684,13.50895,0.23563011
7,69,10,0.0026214404,0.061174896,0.029627625,0.018468944,0.013078328,0.086063385,-0.0044102944,5.1711807,-0.994504,9.743552,0.29234686,0.17212677,-0.008820589,0.1359005,-0.026135927,0.11436052,0.0034312902,253.12875,252.77625,339.7725,0.70215714,13.507861,0.2298635
7,70,10,0.0026214404,0.049244706,0.018266594,0.019301891,0.011676217,0.06757698,0.0036544441,5.2865043,-1.0197024,9.206452,0.97846293,0.13515396,0.0073088882,0.13893124,-0.026798142,0.108056545,0.011484266,253.1609,252.94974,339.02423,0.0412395,13.507861,0.21906585
7,71,10,0.0026214404,0.053505365,0.01996253,0.02057861,0.012964223,0.07064441,0.0017698886,5.4585423,-1.2031,9.7009535,0.12519044,0.14128882,0.0035397771,0.14345247,-0.031617902,0.11386054,0.0014693672,253.25601,253.28902,339.81363,1.0779095,13.507861,0.2412015
7,72,10,0.0026214404,0.067044705,0.032088686,0.021452539,0.013503483,0.08956657,-0.0037465647,5.5732436,-1.2215968,9.900659,0.17161179,0.17913315,-0.0074931295,0.14646685,-0.032104004,0.116204485,0.0020142153,253.31665,253.54095,340.46097,1.049985,13.507861,0.24753447
7,73,10,0.0026214404,0.04854153,0.019158406,0.01844961,0.010933514,0.069206946,0.0034453322,5.168474,-0.9822531,8.908839,0.9063891,0.13841389,0.0068906643,0.13582934,-0.025813965,0.104563445,0.01063833,253.30104,253.60385,339.68027,0.07586396,13.506748,0.20125632
7,74,10,0.0026214404,0.054257095,0.022572678,0.01945481,0.012229608,0.07512103,0.0013388483,5.307405,-1.1229699,9.422095,0.37321687,0.15024206,0.0026776965,0.1394805,-0.029512046,0.11058756,0.004380462,253.34366,253.75296,340.2826,0.749753,13.506748,0.2334446
7,75,10,0.0026214404,0.063385636,0.0285,0.021475278,0.013410363,0.084409714,-0.004562289,5.5761967,-1.2065197,9.866463,0.6285145,0.16881943,-0.009124578,0.14654446,-0.031707775,0.11580312,0.0073769027,253.38866,253.91371,340.70566,0.5780052,13.506748,0.24551784
7,76,10,0.0026214404,0.05228438,0.018666852,0.021816364,0.0118011655,0.068313345,0.0039018574,5.6203046,-1.2098742,9.255581,0.89822763,0.13662669,0.007803715,0.14770363,-0.031795934,0.10863317,0.010542542,253.38277,253.92326,340.25757,0.31164652,13.506748,0.23381792
7,77,10,0.0026214404,0.060258314,0.02538455,0.022440491,0.012433274,0.07966265,0.003064908,5.700131,-0.9833689,9.500227,0.15713815,0.1593253,0.006129816,0.14980151,-0.025843292,0.11150459,0.0018443387,253.38254,253.83,340.437,0.8262307,13.505612,0.23964503
7,78,10,0.0026214404,0.06726548,0.030248256,0.022910735,0.014106491,0.08696013,-0.0035002283,5.759545,-0.9023641,10.119305,0.3191,0.17392026,-0.0070004566,0.15136293,-0.02371446,0.11877075,0.0037452898,253.43857,254.05327,340.89886,0.5832641,13.505612,0.24913636
7,79,10,0.0026214404,0.057500128,0.021846721,0.023855258,0.011798146,0.07390318,0.0057667494,5.8770676,-0.9073369,9.254396,0.93155324,0.14780636,0.011533499,0.15445147,-0.023845145,0.10861927,0.010933681,253.4521,254.19402,340.2095,-0.024216354,13.505612,0.24253379
7,80,10,0.0026214404,0.059539933,0.021982746,0.024282463,0.0132747255,0.0741329,0.0039421087,5.9294586,-0.99916595,9.816439,0.5242659,0.1482658,0.007884217,0.15582831,-0.026258444,0.115215994,0.006153332,253.48889,254.33102,340.68695,0.47490007,13.505612,0.26972067
7,81,10,0.0026214404,0.067549154,0.02998049,0.022770947,0.014797714,0.086574376,-0.0021720745,5.741947,-0.81563514,10.364265,0.85475916,0.17314875,-0.004344149,0.15090045,-0.021435186,0.12164585,0.010032344,253.5411,254.529,341.29507,-0.039124012,13.504424,0.23689602
7,82,10,0.0026214404,0.055647552,0.019980181,0.022169072,0.013498297,0.070675634,0.0048550866,5.665554,-0.838268,9.898757,1.2576436,0.14135127,0.009710173,0.14889282,-0.022029987,0.11618217,0.0147610195,253.54659,254.52036,340.73676,-0.4193756,13.504424,0.22069064
7,83,10,0.0026214404,0.06319724,0.024725191,0.024405085,0.0140669625,0.07862123,0.0030028187,5.9444113,-0.86284566,10.105118,0.5796431,0.15724246,0.0060056373,0.15622127,-0.022675894,0.11860423,0.006803296,253.58026,254.55168,340.9872,0.2832026,13.504424,0.24663596
7,84,10,0.0026214404,0.068666436,0.029159458,0.02429976,0.015207215,0.0853807,-0.0037847946,5.93157,-0.90440166,10.506693,1.0449399,0.1707614,-0.007569589,0.1558838,-0.023768006,0.12331754,0.012264505,253.65886,254.86438,341.43842,-0.14053822,13.504424,0.2485008
7,85,10,0.0026214404,0.057522602,0.021628223,0.021893086,0.014001297,0.073532686,0.0046332567,5.6301785,-0.86500216,10.081505,1.6468642,0.14706537,0.009266513,0.14796312,-0.022732576,0.118327074,0.01932932,253.7494,255.34126,341.26364,-0.781862,13.503241,0.2112452
7,86,10,0.0026214404,0.061557125,0.025116123,0.023091529,0.013349473,0.07924034,0.0032980933,5.7822256,-0.9728832,9.844038,0.9538746,0.15848067,0.0065961867,0.15195897,-0.02556773,0.115539916,0.011195671,253.8133,255.57745,341.80215,0.019008636,13.503241,0.22263415
7,87,10,0.0026214404,0.068155825,0.031585876,0.021981407,0.01458854,0.08886208,-0.00304032,5.6415234,-0.79294646,10.290752,1.1706549,0.17772415,-0.00608064,0.14826128,-0.02083891,0.12078303,0.013740029,253.82477,255.61853,342.1111,-0.37770844,13.503241,0.21508145
7,88,10,0.0026214404,0.056386136,0.020588316,0.02163325,0.014164569,0.071743146,0.0053118947,5.5966673,-0.64773685,10.140116,1.4427483,0.14348629,0.010623789,0.14708246,-0.017022757,0.11901499,0.016933601,253.80025,255.5422,341.45715,-0.79501146,13.503241,0.21296868
7,89,10,0.0026214404,0.060617972,0.02434038,0.022184348,0.014093246,0.07800702,0.0035699678,5.6675067,-0.36232364,10.114554,0.5026169,0.15601404,0.0071399356,0.14894411,-0.009521993,0.11871498,0.005899239,253.8103,255.50177,341.93887,-0.14029324,13.50208,0.19449545
7,90,10,0.0026214404,0.07065691,0.03273612,0.02231288,0.015607915,0.09046563,-0.003365766,5.6839004,-0.4641094,10.644215,0.66288215,0.18093126,-0.006731532,0.14937496,-0.012196963,0.12493164,0.007780276,253.84384,255.63696,342.56952,-0.19877276,13.50208,0.19864061
7,91,10,0.0026214404,0.056830958,0.02099574,0.02189839,0.013936823,0.072449535,0.004949271,5.630861,-0.67049116,10.058266,1.1249374,0.14489907,0.009898542,0.14798105,-0.017620761,0.11805432,0.01320344,253.82498,255.70016,342.00925,-0.45444626,13.50208,0.21455623
7,92,10,0.0026214404,0.060500123,0.021067144,0.025231216,0.014201759,0.072572626,0.0034922122,6.044185,-0.8440817,10.1534195,0.47536227,0.14514525,0.0069844243,0.15884337,-0.022182768,0.119171135,0.0055793477,253.81042,255.54262,342.35913,0.36871943,13.50208,0.25367436
7,93,10,0.0026214404,0.068085335,0.027369691,0.025134208,0.015581437,0.08271894,-0.0028124982,6.0325546,-0.7372516,10.635183,0.8110927,0.16543788,-0.0056249965,0.15853772,-0.019375235,0.12482563,0.00951983,253.83519,255.59583,342.38904,-0.073841095,13.500948,0.23697074
7,94,10,0.0026214404,0.06357249,0.021680873,0.027022367,0.014869253,0.07362213,0.0042557716,6.255044,-0.95014006,10.389289,1.1751295,0.14724426,0.008511543,0.16438481,-0.024970029,0.12193955,0.013792547,253.83905,255.73982,341.76587,-0.22498947,13.500948,0.26013628
7,95,10,0.0026214404,0.06912553,0.024440048,0.028542409,0.016143072,0.07816657,0.0034216715,6.428564,-1.0405484,10.825159,0.2743996,0.15633313,0.006843343,0.16894498,-0.027345989,0.12705539,0.0032206422,253.88966,255.83458,342.50378,0.7661488,13.500948,0.27021176
7,96,10,0.0026214404,0.0759649,0.030046206,0.028126447,0.017792244,0.08666921,-0.0025335667,6.3815484,-1.1452115,11.364663,0.5087996,0.17333841,-0.0050671333,0.16770941,-0.030096563,0.13338757,0.0059718,253.95671,256.0067,342.7834,0.63641185,13.500948,0.28573877
7,97,10,0.0026214404,0.06382126,0.021251908,0.025207818,0.017361535,0.07289017,0.003930051,6.041382,-0.8704856,11.226265,1.4798425,0.14578034,0.007860102,0.1587697,-0.022876687,0.13176318,0.01736898,253.9814,256.17853,342.00293,-0.60935694,13.499903,0.24320641
7,98,10,0.0026214404,0.06940513,0.025475277,0.026654692,0.01727516,0.07980488,0.0030026808,6.2123446,-0.89069384,11.198304,0.9296903,0.15960976,0.0060053617,0.16326265,-0.02340775,0.131435,0.010911819,254.05548,256.40292,342.6946,-0.038996458,13.499903,0.25152686
7,99,10,0.0026214404,0.08303804,0.03551344,0.02938022,0.018144378,0.09422505,-0.002937819,6.5222316,-0.84878373,11.476575,0.8245884,0.1884501,-0.005875638,0.1714066,-0.022306345,0.13470107,0.009678237,254.0934,256.5536,343.2821,0.024195313,13.499903,0.2471239
7,100,10,0.0026214404,0.065938056,0.021598693,0.027539046,0.016800318,0.07348247,0.0052912887,6.3145604,-0.7746479,11.043327,1.1346034,0.14696494,0.010582577,0.16594893,-0.020358013,0.12961604,0.013316894,254.05516,256.47525,342.48532,-0.3599555,13.499903,0.24559982
8,1,10,0.0020971524,0.051084355,0.018875955,0.0199499,0.012258498,0.0686949,-0.00044413927,5.374512,1.6905818,9.433218,0.67198086,0.1373898,-0.00088827853,0.14124411,0.044429094,0.1107181,0.007887073,252.85141,252.04013,337.64282,-2.3625627,13.4988985,0.3174085
8,2,10,0.0020971524,0.046694383,0.018753666,0.01688952,0.011051198,0.06847201,-0.0029760299,4.945126,1.7437146,8.9566555,0.3851822,0.13694403,-0.0059520598,0.12995969,0.045825444,0.105124675,0.0045208987,252.91095,252.27975,338.34094,-2.1288967,13.4988985,0.30484715
8,3,10,0.0020971524,0.067420304,0.036723785,0.018508833,0.012187688,0.09581725,-0.009309885,5.1767616,1.9647261,9.405931,0.90351367,0.1916345,-0.01861977,0.13604717,0.05163371,0.11039786,0.010604582,252.91939,252.20453,338.6926,-2.8682399,13.4988985,0.31104776
8,4,10,0.0020971524,0.049151115,0.019138157,0.017152013,0.012860945,0.06917036,0.0011820953,4.9834056,1.7961679,9.662236,1.0652392,0.13834073,0.0023641905,0.1309657,0.04720395,0.11340611,0.01250276,252.84204,251.84665,337.58054,-2.861407,13.4988985,0.30732024
8,5,10,0.0020971524,0.048780896,0.02043546,0.01704643,0.0112990085,0.071476325,-0.0029706438,4.9680433,1.8368889,9.05652,0.49837223,0.14295265,-0.0059412876,0.13056198,0.0482741,0.10629679,0.005849419,252.79869,251.56464,337.6919,-2.335261,13.498067,0.29507706
8,6,10,0.0020971524,0.05780562,0.028898334,0.016745012,0.012162275,0.08499755,-0.008413884,4.9239244,1.7225798,9.396122,0.46926382,0.1699951,-0.016827768,0.12940252,0.045270015,0.110282704,0.005507771,252.81183,251.57208,338.3028,-2.1918437,13.498067,0.28239638
8,7,10,0.0020971524,0.04780629,0.019755555,0.01604874,0.012001994,0.07027723,0.0009803912,4.820467,1.727462,9.3340025,0.97058237,0.14055446,0.0019607823,0.12668362,0.04539833,0.10955361,0.011391772,252.79045,251.57639,337.32318,-2.6980443,13.498067,0.30347025
8,8,10,0.0020971524,0.05115094,0.021986803,0.017179986,0.011984151,0.07413974,-0.003890342,4.9874673,1.8911338,9.327062,0.3957256,0.14827947,-0.007780684,0.13107245,0.04969968,0.10947215,0.0046446514,252.83179,251.73041,337.8454,-2.2868595,13.498067,0.29849252
8,9,10,0.0020971524,0.059001997,0.026246704,0.02023825,0.012517042,0.08100417,-0.00959742,5.4132137,2.043012,9.532176,1.0002484,0.16200835,-0.01919484,0.1422612,0.05369109,0.11187959,0.01173996,252.84805,251.76692,338.29697,-3.0432603,13.4972,0.28485644
8,10,10,0.0020971524,0.04793325,0.018088201,0.017608546,0.012236504,0.06724619,-0.0011383864,5.0492916,2.0078146,9.424751,1.4429548,0.13449238,-0.0022767729,0.1326972,0.052766092,0.11061873,0.016936028,252.79012,251.553,337.44745,-3.4507694,13.4972,0.2936479
8,11,10,0.0020971524,0.04808895,0.020217957,0.01624075,0.011630242,0.07109493,-0.0033374717,4.8492184,2.0256598,9.188309,0.8847314,0.14218986,-0.0066749435,0.1274392,0.053235073,0.1078436,0.010384132,252.78703,251.48395,337.81415,-2.9103913,13.4972,0.2970595
8,12,10,0.0020971524,0.05931943,0.03134256,0.015981039,0.011995829,0.08851915,-0.008343324,4.8102894,1.9196942,9.331605,1.1248184,0.1770383,-0.016686648,0.12641613,0.050450258,0.10952547,0.013202046,252.8067,251.57019,337.96912,-3.0445127,13.4972,0.27996996
8,13,10,0.0020971524,0.044404034,0.017538337,0.015269339,0.011596356,0.06621619,-0.0011152569,4.7019587,1.6190386,9.174913,1.1941417,0.13243239,-0.0022305138,0.12356917,0.042548917,0.10768638,0.014015696,252.77692,251.55536,337.13785,-2.8131804,13.496253,0.24756171
8,14,10,0.0020971524,0.047841996,0.021472728,0.015142532,0.011226736,0.07326788,-0.0031403683,4.6823936,1.7685647,9.02751,0.34543306,0.14653575,-0.0062807365,0.123054996,0.046478517,0.10595629,0.0040543634,252.79369,251.55852,337.53958,-2.1139977,13.496253,0.2307826
8,15,10,0.0020971524,0.05808005,0.02890763,0.016373575,0.012798846,0.08501122,-0.008822564,4.8690066,1.9117064,9.638881,0.9833479,0.17002244,-0.017645128,0.12795927,0.050240338,0.113131985,0.0115416,252.82619,251.65858,337.9192,-2.8950543,13.496253,0.24117436
8,16,10,0.0020971524,0.04791445,0.019160863,0.016257826,0.01249576,0.069211386,-0.0006562354,4.8517666,1.8923334,9.524071,1.9358569,0.13842277,-0.0013124708,0.12750618,0.049731202,0.111784436,0.02272124,252.82481,251.74715,337.29346,-3.8281903,13.496253,0.2647953
8,17,10,0.0020971524,0.04898957,0.020689255,0.017189851,0.011110464,0.0719188,-0.0026026634,4.9888997,1.6369298,8.98064,1.3935299,0.1438376,-0.0052053267,0.13111007,0.0430191,0.10540619,0.016355924,252.86368,251.86948,337.82513,-3.0304596,13.495184,0.22266802
8,18,10,0.0020971524,0.054775603,0.024517903,0.017564056,0.012693644,0.07829097,-0.008943159,5.0429077,1.7133138,9.599184,1.5767832,0.15658194,-0.017886318,0.13252945,0.04502651,0.11266607,0.018506778,252.89748,251.87035,338.4126,-3.290097,13.495184,0.23438796
8,19,10,0.0020971524,0.048592728,0.019183362,0.0155873485,0.013822014,0.06925201,-0.001350907,4.750669,1.5450351,10.01675,1.7818508,0.13850401,-0.002701814,0.124849305,0.04060408,0.11756706,0.020913664,252.89003,251.86188,337.72513,-3.326886,13.495184,0.24405217
8,20,10,0.0020971524,0.049470246,0.02103765,0.016383896,0.012048701,0.072521806,-0.003516911,4.8705416,1.5464798,9.352146,1.0152491,0.14504361,-0.007033822,0.12799959,0.040642053,0.10976657,0.011916025,252.90747,251.93288,337.9753,-2.561729,13.495184,0.22466795
8,21,10,0.0020971524,0.058170203,0.02959303,0.016067166,0.012510006,0.08601312,-0.009902099,4.823234,1.6585209,9.529496,1.6400374,0.17202625,-0.019804198,0.12675633,0.04358653,0.11184814,0.019249193,252.89426,251.8302,338.17645,-3.2985582,13.493995,0.21777508
8,22,10,0.0020971524,0.046940986,0.01968017,0.015321567,0.011939251,0.070143014,-0.0011413546,4.709993,1.59907,9.309573,1.9602609,0.14028603,-0.002282709,0.12378032,0.042024136,0.10926688,0.023007667,252.82501,251.64856,337.45093,-3.559331,13.493995,0.22185402
8,23,10,0.0020971524,0.04902365,0.020308433,0.016651353,0.0120638665,0.07125383,-0.0032363136,4.910135,1.4132063,9.358032,1.0616059,0.14250766,-0.006472627,0.12904012,0.037139576,0.10983563,0.012460117,252.8129,251.54001,337.778,-2.4748123,13.493995,0.1885252
8,24,10,0.0020971524,0.060385823,0.030300599,0.01812993,0.011955294,0.087035336,-0.009465804,5.1235003,1.3710113,9.3158245,1.46137,0.17407067,-0.018931609,0.13464743,0.03603067,0.109340265,0.017152164,252.81653,251.46059,337.9143,-2.8323812,13.493995,0.20741288
8,25,10,0.0020971524,0.04755425,0.019043624,0.015228282,0.013282343,0.06899932,-0.0013084741,4.6956325,0.959075,9.819256,1.7884525,0.13799864,-0.0026169482,0.12340292,0.025204837,0.115249045,0.020991152,252.8106,251.50876,337.22894,-2.7475276,13.492739,0.17628117
8,26,10,0.0020971524,0.04940459,0.022525074,0.01423169,0.012647827,0.07504178,-0.0023391705,4.5393834,0.73257095,9.581845,0.8652507,0.15008356,-0.004678341,0.11929665,0.019252235,0.11246256,0.010155489,252.88858,251.78827,338.0767,-1.5978217,13.492739,0.16450074
8,27,10,0.0020971524,0.063998476,0.03525015,0.01560231,0.01314602,0.09387512,-0.008722847,4.7529483,0.85097665,9.768735,1.4746481,0.18775024,-0.017445695,0.12490921,0.02236397,0.11465609,0.017308012,252.93906,251.94507,338.46298,-2.3256247,13.492739,0.18548568
8,28,10,0.0020971524,0.047886603,0.019267002,0.015555483,0.013064116,0.069402814,-0.0007755736,4.745811,0.7736001,9.738257,1.9851815,0.13880563,-0.0015511472,0.124721624,0.020330489,0.114298366,0.023300163,252.95944,252.17155,337.8121,-2.7587814,13.492739,0.19307503
8,29,10,0.0020971524,0.05194198,0.02391837,0.015438157,0.012585455,0.077327825,-0.0018133115,4.7278795,0.3109345,9.558189,0.8040516,0.15465565,-0.003626623,0.12425038,0.008171473,0.11218491,0.009437191,253.01892,252.33286,338.61353,-1.1149861,13.491393,0.1606249
8,30,10,0.0020971524,0.06029735,0.03011489,0.015447248,0.0147352135,0.08676821,-0.0076096063,4.7292714,0.36184177,10.342355,1.3005539,0.17353642,-0.0152192125,0.12428696,0.009509337,0.12138869,0.01526466,253.04881,252.38617,339.0676,-1.6623957,13.491393,0.19605565
8,31,10,0.0020971524,0.04948782,0.019134196,0.015661394,0.014692233,0.0691632,0.0008297814,4.76194,0.411025,10.327259,1.8208373,0.1383264,0.0016595628,0.1251455,0.010801879,0.12121152,0.021371255,253.06288,252.48071,338.3042,-2.2318623,13.491393,0.1966892
8,32,10,0.0020971524,0.056419227,0.023562595,0.018165244,0.014691385,0.07675056,-0.0012615419,5.128487,0.19841751,10.326962,1.4339432,0.15350112,-0.0025230837,0.1347785,0.005214483,0.12120803,0.016830258,253.1508,252.81969,338.84488,-1.6323607,13.491393,0.20447627
8,33,10,0.0020971524,0.06810653,0.034947824,0.018604163,0.014554548,0.09347168,-0.007055392,5.1900764,-0.41864234,10.278757,1.3047705,0.18694337,-0.014110784,0.13639708,-0.011002071,0.12064223,0.015314149,253.26784,253.35736,339.5501,-0.8861281,13.489983,0.21968439
8,34,10,0.0020971524,0.054561295,0.022845553,0.01875554,0.012960204,0.07557373,0.0022620875,5.2111487,-0.6863254,9.69945,1.4065503,0.15114745,0.004524175,0.13695087,-0.018036874,0.11384289,0.016508741,253.32283,253.77324,339.48865,-0.7202249,13.489983,0.21186295
8,35,10,0.0020971524,0.057615932,0.024763508,0.020233028,0.012619394,0.078682125,0.0012558071,5.4125156,-0.7511071,9.57107,0.57801557,0.15736425,0.0025116142,0.14224285,-0.01973937,0.11233608,0.006784194,253.35922,253.91364,340.17844,0.17309153,13.489983,0.24912685
8,36,10,0.0020971524,0.069499776,0.036559876,0.02010402,0.012835878,0.09560318,-0.0052701565,5.3952327,-0.6225292,9.652816,1.0799679,0.19120637,-0.010540313,0.14178865,-0.016360292,0.11329553,0.012675632,253.32622,253.66714,340.1103,-0.45743865,13.489983,0.26389226
8,37,10,0.0020971524,0.05230579,0.019145735,0.020454291,0.012705765,0.06918406,0.0028611235,5.4420295,-0.80915034,9.603767,1.0038553,0.13836811,0.005722247,0.1430185,-0.02126477,0.11271985,0.011782296,253.25647,253.43117,339.0117,-0.19470501,13.4886,0.28435692
8,38,10,0.0020971524,0.058701288,0.023392022,0.022857735,0.012451534,0.07647225,0.0011792027,5.7528796,-0.91355366,9.5072,0.11456507,0.1529445,0.0023584054,0.15118775,-0.02400852,0.111586444,0.0013446552,253.25891,253.32892,339.47296,0.7989886,13.4886,0.31316194
8,39,10,0.0020971524,0.06716233,0.028658189,0.025579212,0.012924923,0.08464365,-0.003271484,6.085724,-1.0508292,9.686239,0.4699949,0.1692873,-0.006542968,0.15993503,-0.027616164,0.11368783,0.005516352,253.2994,253.45029,339.94113,0.58083427,13.4886,0.35762078
8,40,10,0.0020971524,0.05909821,0.018266767,0.027709773,0.013121667,0.0675773,0.004770291,6.334104,-1.1149769,9.759684,0.98049694,0.1351546,0.009540582,0.16646253,-0.029301988,0.114549845,0.01150814,253.26831,253.40456,339.06448,0.13447994,13.4886,0.38349968
8,41,10,0.0020971524,0.06577206,0.023746278,0.029115738,0.012910035,0.077049136,0.0036350717,6.492808,-1.234449,9.68066,-0.23836206,0.15409827,0.0072701434,0.17063335,-0.032441784,0.11362234,-0.002797666,253.2691,253.29321,339.41608,1.4728111,13.487394,0.4038328
8,42,10,0.0020971524,0.07249465,0.029982941,0.028631303,0.013880405,0.086577915,-0.003206503,6.4385667,-1.2584133,10.037886,-0.037458785,0.17315583,-0.006413006,0.16920787,-0.033071566,0.11781513,-0.0004396556,253.27531,253.2337,339.84573,1.2958721,13.487394,0.40065828
8,43,10,0.0020971524,0.05998747,0.018124823,0.0273931,0.014469551,0.06731423,0.0046079257,6.297806,-1.2259618,10.248699,0.3584083,0.13462846,0.009215851,0.16550861,-0.032218717,0.120289445,0.004206655,253.27094,253.29372,338.97284,0.8675535,13.487394,0.399862
8,44,10,0.0020971524,0.06807842,0.02444914,0.028757902,0.014871383,0.0781811,0.002384977,6.4527864,-1.233777,10.390031,-0.05903167,0.1563622,0.004769954,0.16958155,-0.032424092,0.12194828,-0.00069285824,253.31488,253.4695,339.2903,1.2928088,13.487394,0.43055642
8,45,10,0.0020971524,0.07926266,0.036282584,0.028879086,0.014100987,0.09523994,-0.0012713171,6.4663672,-1.224099,10.1173315,-3.6836875e-5,0.19047987,-0.0025426343,0.16993847,-0.03216977,0.11874758,-4.3288625e-7,253.3271,253.45802,339.47632,1.2241359,13.486437,0.4086269
8,46,10,0.0020971524,0.067795254,0.020333009,0.032150798,0.01531145,0.07129693,0.005327557,6.8228297,-1.1917608,10.54264,0.5149953,0.14259386,0.010655114,0.17930643,-0.03131992,0.12373944,0.006044522,253.25291,253.21042,338.53128,0.6767655,13.486437,0.4023961
8,47,10,0.0020971524,0.070050254,0.022633044,0.0323983,0.015018906,0.07522141,0.0028941475,6.849041,-1.2021041,10.441439,-0.37145612,0.15044282,0.005788295,0.17999527,-0.03159173,0.12255165,-0.004359798,253.29782,253.33704,339.3105,1.5735602,13.486437,0.4056703
8,48,10,0.0020971524,0.07729027,0.031505935,0.03011853,0.0156658,0.08874956,-0.0007842436,6.6036735,-1.2571847,10.663936,0.036530506,0.17749912,-0.0015684871,0.17354691,-0.03303926,0.1251631,0.0004287609,253.38469,253.62572,339.81818,1.2206542,13.486437,0.39363125
8,49,10,0.0020971524,0.06313589,0.021173447,0.02595088,0.016011566,0.07275549,0.007892867,6.1297774,-1.1392369,10.780976,0.0015467635,0.14551099,0.015785733,0.16109277,-0.029939564,0.12653682,1.8154731e-5,253.41505,253.85828,339.0506,1.1376902,13.485715,0.30840856
8,50,10,0.0020971524,0.06466155,0.025007078,0.02440224,0.015252227,0.07906813,0.0039287247,5.944065,-1.1393801,10.522231,-1.0428566,0.15813626,0.007857449,0.15621217,-0.029943308,0.12349991,-0.012240057,253.42923,253.89267,339.55756,2.1822367,13.485715,0.29402062
8,51,10,0.0020971524,0.069363385,0.032957822,0.022800053,0.013605511,0.090771444,-0.0026084976,5.745616,-1.1754572,9.937992,-0.7692952,0.18154289,-0.0052169953,0.15099686,-0.03089145,0.11664266,-0.009029253,253.43158,253.80855,340.08173,1.9447525,13.485715,0.28710425
8,52,10,0.0020971524,0.052205812,0.017325748,0.020773163,0.014106903,0.06581365,0.005884463,5.484284,-1.1095464,10.119453,-0.4907317,0.1316273,0.011768926,0.14412898,-0.029159268,0.118772484,-0.005759738,253.39603,253.65926,339.31955,1.6002781,13.485715,0.25639492
8,53,10,0.0020971524,0.058910884,0.02361402,0.021447161,0.0138497045,0.07683427,0.0042941403,5.572545,-0.7529592,10.026779,-0.94077927,0.15366854,0.0085882805,0.1464485,-0.019788032,0.11768477,-0.011041969,253.42125,253.72183,339.52554,1.6937385,13.485159,0.19797505
8,54,10,0.0020971524,0.06940371,0.03554619,0.020866003,0.012991518,0.094268486,-0.0004986112,5.496526,-0.71893436,9.711161,-0.25356093,0.18853697,-0.0009972224,0.1444507,-0.018893855,0.11398034,-0.0029760539,253.46385,253.92253,339.9258,0.9724953,13.485159,0.21271774
8,55,10,0.0020971524,0.05455428,0.018504916,0.022658104,0.013391259,0.06801639,0.006226206,5.727703,-0.8748643,9.859434,-0.07825092,0.13603278,0.012452412,0.15052609,-0.022991745,0.11572061,-0.0009184329,253.47404,254.13094,339.38998,0.9531152,13.485159,0.22406192
8,56,10,0.0020971524,0.06034001,0.023033323,0.024442863,0.012863821,0.075883664,0.005434908,5.9490104,-0.8097512,9.663317,-0.8295549,0.15176733,0.010869816,0.15634213,-0.021280559,0.11341879,-0.009736522,253.49953,254.2077,340.18304,1.6393061,13.485159,0.2337833
8,57,10,0.0020971524,0.06925344,0.033085257,0.022844626,0.013323551,0.090946764,0.00035882622,5.75123,-0.5051446,9.834476,-0.4450303,0.18189353,0.00071765244,0.15114439,-0.013275381,0.11542769,-0.005223342,253.47719,254.09337,340.28787,0.9501749,13.484693,0.1912076
8,58,10,0.0020971524,0.05725373,0.020514647,0.022416368,0.014322716,0.071614675,0.007132709,5.6970663,-0.4577092,10.196566,-0.030953532,0.14322935,0.014265418,0.14972097,-0.012028759,0.11967755,-0.00036330175,253.39088,253.78038,339.1906,0.48866272,13.484693,0.19246484
8,59,10,0.0020971524,0.058818273,0.022028605,0.022826,0.013963669,0.07421018,0.0043177595,5.748884,-0.3166828,10.067948,-0.66719764,0.14842036,0.008635519,0.15108275,-0.008322538,0.11816797,-0.007830929,253.36226,253.48766,339.66098,0.9838804,13.484693,0.18509056
8,60,10,0.0020971524,0.06376878,0.02899348,0.02114851,0.01362679,0.08513736,-0.00092931755,5.533611,-0.3416094,9.94576,-0.22572519,0.17027472,-0.0018586351,0.14542527,-0.00897762,0.11673384,-0.002649347,253.3746,253.46161,339.80643,0.5673346,13.484693,0.19441284
8,61,10,0.0020971524,0.05247403,0.019524071,0.019146338,0.01380362,0.06986428,0.00667561,5.2651596,-0.025940057,10.010083,0.29871044,0.13972856,0.01335122,0.13837029,-0.0006817122,0.11748881,0.0035059783,253.38542,253.62747,338.9244,-0.27277038,13.484291,0.1799559
8,62,10,0.0020971524,0.05992225,0.023255374,0.021871593,0.014795285,0.076248564,0.0054587396,5.627414,-0.1684042,10.363416,-0.641232,0.15249713,0.010917479,0.14789048,-0.0044257278,0.12163587,-0.00752617,253.4749,254.00777,339.48737,0.80963624,13.484291,0.19236399
8,63,10,0.0020971524,0.07402322,0.03808827,0.02204754,0.013887402,0.09758108,-0.0010264957,5.6500034,-0.26172292,10.040416,-0.18743896,0.19516216,-0.0020529914,0.14848414,-0.0068781725,0.11784482,-0.0021999774,253.51839,254.12674,339.872,0.4491619,13.484291,0.20458686
8,64,10,0.0020971524,0.05473506,0.020694382,0.020195762,0.0138449175,0.07192771,0.008414191,5.4075284,0.046202265,10.025045,0.3839085,0.14385542,0.016828382,0.1421118,0.0012142098,0.11766443,0.0045059533,253.48607,253.99965,339.26862,-0.43011078,13.484291,0.52179164
8,65,10,0.0020971524,0.05863981,0.027101092,0.01993219,0.01160653,0.08231205,0.0036855934,5.372126,0.4053062,9.178938,-0.119195186,0.1646241,0.0073711867,0.14118141,0.0106515875,0.10773361,-0.0013989981,253.51196,254.09557,339.89413,-0.286111,13.483915,0.2753831
8,66,10,0.0020971524,0.0596227,0.02777781,0.019666117,0.012178775,0.08333338,-0.0014840282,5.336149,0.36796597,9.402493,0.10716093,0.16666676,-0.0029680564,0.14023593,0.009670278,0.110357486,0.0012577531,253.5138,254.05739,340.1122,-0.4751269,13.483915,0.23938373
8,67,10,0.0020971524,0.051124882,0.018396033,0.019036708,0.01369214,0.06781599,0.006967901,5.250064,0.42068017,9.969581,0.41324916,0.13563198,0.013935802,0.13797358,0.011055622,0.11701342,0.0048503224,253.42967,253.7683,339.0643,-0.8339293,13.483915,0.21496184
8,68,10,0.0020971524,0.056134988,0.022645433,0.020998526,0.012491028,0.075242,0.0032096803,5.5139537,0.6366082,9.522266,-0.10292242,0.150484,0.0064193606,0.14490868,0.0167303,0.11176327,-0.0012080031,253.39954,253.53143,339.50528,-0.53368574,13.483915,0.20912337
8,69,10,0.0020971524,0.06409442,0.028079852,0.022740003,0.013274564,0.08378522,-0.0015771424,5.7380447,0.79978967,9.8163805,0.4108013,0.16757044,-0.0031542848,0.15079789,0.021018755,0.115215294,0.004821593,253.34438,253.24281,339.48804,-1.210591,13.483491,0.21949951
8,70,10,0.0020971524,0.052596346,0.017457474,0.021805078,0.013333794,0.06606337,0.0053004245,5.6188507,1.0497415,9.838255,1.1624126,0.13212673,0.010600849,0.14766543,0.027587587,0.11547205,0.013643291,253.2355,252.75883,338.21957,-2.2121542,13.483491,0.23250286
8,71,10,0.0020971524,0.056767307,0.021584159,0.02251884,0.012664309,0.07345774,0.0025336207,5.710073,1.0185324,9.588087,0.38628685,0.14691548,0.0050672414,0.15006278,0.026767395,0.11253581,0.004533865,253.21323,252.6018,338.10318,-1.4048193,13.483491,0.22791399
8,72,10,0.0020971524,0.06276637,0.029316444,0.020803353,0.012646582,0.085610226,-0.002010645,5.488268,0.86037284,9.581374,0.6395973,0.17122045,-0.00402129,0.14423367,0.022610912,0.11245702,0.007506981,253.2182,252.63686,338.25522,-1.4999702,13.483491,0.20440458
8,73,10,0.0020971524,0.048315093,0.017813787,0.01829921,0.012202094,0.06673415,0.006503631,5.147363,0.8511066,9.41149,0.93994063,0.1334683,0.013007262,0.13527457,0.022367388,0.11046309,0.011032125,253.1703,252.5728,337.4918,-1.7910472,13.483111,0.20011413
8,74,10,0.0020971524,0.05252862,0.02192955,0.019085918,0.01151315,0.07404315,0.002288396,5.2568455,0.70869887,9.141939,0.07514645,0.1480863,0.004576792,0.1381518,0.018624859,0.10729935,0.0008819961,253.17984,252.56541,337.97742,-0.7838453,13.483111,0.21535388
8,75,10,0.0020971524,0.059469573,0.029800072,0.016899945,0.012769557,0.086313486,-0.0032060852,4.9466515,0.732209,9.627846,0.6851925,0.17262697,-0.0064121704,0.12999979,0.019242717,0.113002464,0.008042137,253.18063,252.43817,338.2593,-1.4174016,13.483111,0.19562371
8,76,10,0.0020971524,0.0485448,0.017556619,0.017217554,0.013770631,0.0662507,0.0044868356,4.9929175,0.77883023,9.998116,0.9198045,0.1325014,0.008973671,0.13121568,0.020467937,0.11734833,0.010795783,253.20924,252.60007,337.9957,-1.6986347,13.483111,0.2000865
8,77,10,0.0020971524,0.0522058,0.021288,0.017598985,0.013318814,0.07295204,0.002024589,5.04792,0.6615984,9.832727,0.30361986,0.14590408,0.004049178,0.13266116,0.017387044,0.11540717,0.0035636015,253.27762,252.80524,338.5531,-0.96521825,13.482815,0.21199992
8,78,10,0.0020971524,0.056873433,0.027917126,0.01678056,0.012175747,0.08354209,-0.0018993792,4.9291487,0.27994362,9.401324,0.4150456,0.16708419,-0.0037987584,0.1295398,0.0073570185,0.11034377,0.0048714117,253.32549,253.02544,338.59848,-0.6949892,13.482815,0.17907363
8,79,10,0.0020971524,0.04632934,0.01855035,0.015724367,0.012054626,0.068099834,0.008026871,4.7715034,0.09731869,9.354446,0.2231016,0.13619967,0.016053742,0.12539683,0.0025575703,0.10979356,0.0026185506,253.34848,253.17024,338.08633,-0.3204203,13.482815,0.18408346
8,80,10,0.0020971524,0.046988048,0.021277396,0.015003887,0.010706762,0.07293387,0.005223287,4.660908,0.138128,8.815974,-0.6021116,0.14586774,0.010446574,0.122490354,0.0036300523,0.103473485,-0.007067012,253.42546,253.45609,338.91098,0.4639836,13.482815,0.19374742
8,81,10,0.0020971524,0.049799394,0.026051775,0.013659102,0.010088519,0.08070281,-0.00010878922,4.4471292,0.121588506,8.557658,-0.029333634,0.16140562,-0.00021757845,0.11687216,0.0031953894,0.10044162,-0.00034429057,253.43932,253.46661,339.0209,-0.09225487,13.482585,0.15915287
8,82,10,0.0020971524,0.041555807,0.017117254,0.014224086,0.0102144675,0.06541646,0.007210867,4.538171,0.32605007,8.61091,0.73713285,0.13083293,0.014421734,0.119264774,0.008568715,0.10106665,0.008651762,253.39381,253.25464,338.21445,-1.063183,13.482585,0.18205218
8,83,10,0.0020971524,0.044391908,0.019399323,0.014513912,0.010478676,0.069640726,0.0032515123,4.5841722,0.5439263,8.721565,0.17078973,0.13928145,0.0065030246,0.1204737,0.014294574,0.102365404,0.0020045657,253.3563,253.06407,338.6647,-0.714716,13.482585,0.21579245
8,84,10,0.0020971524,0.04867398,0.024919534,0.013273899,0.010480544,0.07892961,-0.0016799251,4.383974,0.4701777,8.722342,0.44899395,0.15785922,-0.0033598503,0.11521241,0.012356441,0.102374524,0.005269865,253.2878,252.7089,338.5805,-0.9191717,13.482585,0.20847623
8,85,10,0.0020971524,0.043645963,0.019108381,0.01369633,0.0108412495,0.06911653,0.006372211,4.4531856,0.41054156,8.871169,0.5273248,0.13823307,0.012744422,0.11703132,0.010789176,0.10412132,0.0061892336,253.19476,252.34077,337.48367,-0.93786633,13.482419,0.22247918
8,86,10,0.0020971524,0.04222905,0.018700944,0.012746298,0.010781807,0.0683757,0.0031709736,4.2959647,0.4442178,8.846815,-0.14590886,0.1367514,0.0063419472,0.112899505,0.011674202,0.10383548,-0.001712539,253.19081,252.30518,337.92273,-0.29830894,13.482419,0.236804
8,87,10,0.0020971524,0.047617726,0.02438359,0.011742229,0.011491908,0.07807623,-0.0022751547,4.12329,0.47813156,9.133501,0.43801293,0.15615246,-0.0045503094,0.108361565,0.012565468,0.10720032,0.0051409802,253.18056,252.2304,338.0045,-0.9161445,13.482419,0.21496814
8,88,10,0.0020971524,0.040295854,0.01645759,0.012524073,0.011314191,0.06414357,0.0055252765,4.258351,0.61016977,9.062604,0.74593484,0.12828714,0.011050553,0.111911006,0.016035482,0.106368184,0.008755076,253.14142,252.12358,337.43637,-1.3561046,13.482419,0.22357894
8,89,10,0.0020971524,0.041011646,0.017499479,0.012869269,0.010642899,0.0661428,0.0018368881,4.316638,0.5583375,8.789642,0.3357581,0.1322856,0.0036737763,0.1134428,0.014673311,0.10316443,0.003940808,253.17482,252.28271,337.82513,-0.8940956,13.482381,0.25074896
8,90,10,0.0020971524,0.04699949,0.024232162,0.012084359,0.01068297,0.077833414,-0.0019009666,4.1829295,0.473064,8.806173,0.86792207,0.15566683,-0.0038019333,0.10992888,0.01243229,0.103358455,0.010186838,253.19289,252.35097,337.865,-1.340986,13.482381,0.23140027
8,91,10,0.0020971524,0.043529205,0.01868038,0.013439206,0.011409618,0.068338096,0.00542304,4.411187,0.42919457,9.100742,1.1504551,0.13667619,0.01084608,0.11592759,0.0112793865,0.106815815,0.013502946,253.18398,252.38626,337.32315,-1.5796497,13.482381,0.23423186
8,92,10,0.0020971524,0.04401408,0.01814686,0.014245173,0.011622048,0.06735514,0.0035037717,4.5415335,0.584292,9.185072,0.6085634,0.13471028,0.0070075435,0.119353145,0.015355404,0.1078056,0.007142735,253.21066,252.4557,337.87564,-1.1928554,13.482381,0.26488873
8,93,10,0.0020971524,0.045665637,0.021171864,0.014104942,0.010388831,0.072752774,-0.002622698,4.5191245,0.43492544,8.684093,0.87494105,0.14550555,-0.005245396,0.11876423,0.011429999,0.10192561,0.01026923,253.19823,252.30632,337.8522,-1.3098664,13.482404,0.22616778
8,94,10,0.0020971524,0.04109017,0.01608685,0.015057782,0.00994554,0.06341697,0.004856769,4.6692715,0.57006645,8.4968,1.2151033,0.12683395,0.009713538,0.12271015,0.014981552,0.099727325,0.014261722,253.12047,251.96509,336.8947,-1.7851697,13.482404,0.22984824
8,95,10,0.0020971524,0.043044463,0.017657395,0.013988013,0.011399052,0.06644057,0.001687129,4.500354,0.67329043,9.096527,0.6567407,0.13288113,0.003374258,0.11827093,0.017694311,0.10676634,0.007708198,253.09383,251.81876,337.17337,-1.3300312,13.482404,0.24501944
8,96,10,0.0020971524,0.043786228,0.018511066,0.013312009,0.011963153,0.06802769,-0.0029384156,4.3902626,0.5332384,9.318888,0.8695739,0.13605538,-0.0058768312,0.11537768,0.014013693,0.1093762,0.010206227,253.08528,251.77814,337.29257,-1.4028122,13.482404,0.23668526
8,97,10,0.0020971524,0.03963964,0.014663956,0.014550842,0.01042484,0.06054741,0.004079815,4.5900006,0.4687393,8.699132,1.028222,0.12109482,0.00815963,0.120626874,0.012318633,0.10210211,0.012068289,253.04506,251.66634,336.5816,-1.4969612,13.482364,0.23075254
8,98,10,0.0020971524,0.042939797,0.017049033,0.014124946,0.01176582,0.06528597,0.0010532716,4.522328,0.6039858,9.241709,0.5374922,0.13057195,0.0021065432,0.11884841,0.015872965,0.108470365,0.00630857,253.05347,251.63043,337.085,-1.1414781,13.482364,0.2351241
8,99,10,0.0020971524,0.047255557,0.021730602,0.014085277,0.011439678,0.073706515,-0.0036350559,4.5159726,0.5177964,9.112722,1.2173188,0.14741303,-0.0072701117,0.11868141,0.01360788,0.10695643,0.01428773,253.04686,251.7106,337.16083,-1.7351152,13.482364,0.2368472
8,100,10,0.0020971524,0.04353545,0.016607141,0.015416932,0.011511376,0.06443435,0.004917575,4.724628,0.4981526,9.141234,1.45899,0.1288687,0.00983515,0.12416494,0.013091634,0.10729108,0.017124228,252.9879,251.48915,336.30563,-1.9571426,13.482364,0.23967884
9,1,10,0.001677722,0.12920773,0.021104343,0.08485088,0.023252511,0.07263667,-0.0046684733,11.08401,2.1397443,12.992004,-0.6173157,0.14527334,-0.0093369465,0.29129174,0.056233242,0.15248774,-0.007245454,252.07788,249.36795,334.47437,-1.5224285,13.482223,0.88689756
9,2,10,0.001677722,0.13408498,0.024160154,0.08500377,0.024921058,0.077717684,-0.0073825307,11.09399,2.2816796,13.4500675,-1.1725646,0.15543537,-0.014765061,0.29155406,0.059963357,0.15786405,-0.013762457,252.11377,249.45364,335.18033,-1.109115,13.482223,0.89966613
9,3,10,0.001677722,0.13619615,0.030660808,0.08163646,0.023898883,0.08755114,-0.011801284,10.872031,2.2309213,13.171342,-0.65701723,0.17510228,-0.023602568,0.28572094,0.058629427,0.15459263,-0.0077114324,252.0902,249.3144,335.39093,-1.573904,13.482223,0.87746006
9,4,10,0.001677722,0.11927145,0.020381803,0.07787044,0.021019204,0.071382426,-0.004635019,10.618301,2.0522141,12.352342,-0.38173053,0.14276485,-0.009270038,0.27905276,0.053932942,0.14498001,-0.0044803955,252.00801,249.01913,334.39584,-1.6704836,13.482223,0.84215826
9,5,10,0.001677722,0.11262651,0.022660878,0.06836733,0.021598298,0.07526765,-0.008255243,9.949311,2.00523,12.521345,-0.8606364,0.1505353,-0.016510487,0.26147148,0.05269818,0.1469636,-0.0101013305,252.00624,248.99092,334.9093,-1.1445935,13.481862,0.7875816
9,6,10,0.001677722,0.1233484,0.032335736,0.06850603,0.022506628,0.0899107,-0.013406515,9.959397,2.0871675,12.781929,-0.54301286,0.1798214,-0.02681303,0.26173657,0.0548515,0.15002209,-0.00637336,252.02814,249.00708,335.2701,-1.5441546,13.481862,0.78224385
9,7,10,0.001677722,0.108795986,0.02119455,0.06574105,0.021860387,0.07279174,-0.0052152313,9.756341,1.9405823,12.597088,-0.59854186,0.14558348,-0.010430463,0.25640017,0.050999224,0.14785258,-0.0070251143,252.05379,249.0552,334.65393,-1.3420404,13.481862,0.7433489
9,8,10,0.001677722,0.10943216,0.024957467,0.06173725,0.022737445,0.07898966,-0.008929426,9.454581,1.8184931,12.847306,-1.2734674,0.15797932,-0.017858852,0.24846981,0.047790654,0.15078941,-0.014946749,252.1334,249.30804,335.35776,-0.5450257,13.481862,0.7264793
9,9,10,0.001677722,0.10152412,0.026767163,0.051154237,0.023602722,0.08180337,-0.013500152,8.606161,1.839393,13.089477,-0.6551742,0.16360673,-0.027000304,0.22617303,0.048339915,0.15363178,-0.007689818,252.18074,249.45978,336.06778,-1.1842189,13.481249,0.677983
9,10,10,0.001677722,0.09371951,0.019300533,0.05172432,0.022694658,0.06946318,-0.0058647553,8.653983,1.7580289,12.83521,-0.19310321,0.13892636,-0.0117295105,0.2274298,0.0462016,0.15064746,-0.0022664503,252.16568,249.4926,335.49634,-1.5649257,13.481249,0.6573556
9,11,10,0.001677722,0.09342076,0.02036899,0.05062371,0.02242806,0.071359985,-0.008598628,8.561418,1.6936097,12.7596,-1.068905,0.14271997,-0.017197257,0.22499713,0.044508677,0.14976001,-0.012545786,252.18271,249.5126,335.92938,-0.6247047,13.481249,0.6589084
9,12,10,0.001677722,0.1092284,0.03247366,0.05332962,0.023425115,0.09010225,-0.012362353,8.787249,1.5811367,13.040136,-0.91553015,0.1802045,-0.024724705,0.23093207,0.041552868,0.15305266,-0.010745619,252.25774,249.82986,336.4239,-0.66560656,13.481249,0.688126
9,13,10,0.001677722,0.08314178,0.018538665,0.041858144,0.022744974,0.068078384,-0.004250187,7.7850003,1.2388147,12.849432,-1.1296406,0.13615677,-0.008500374,0.20459263,0.032556497,0.15081437,-0.013258638,252.29921,250.13753,336.27393,-0.10917413,13.480362,0.6064796
9,14,10,0.001677722,0.083526164,0.020386994,0.03991344,0.023225734,0.071391515,-0.007514437,7.6020064,1.3077228,12.98452,-1.5972316,0.14278303,-0.015028874,0.19978347,0.03436743,0.15239991,-0.01874678,252.31027,250.15463,336.6979,0.28950882,13.480362,0.59738535
9,15,10,0.001677722,0.09586538,0.030361382,0.041182563,0.024321428,0.08712259,-0.012594157,7.721922,1.4652663,13.28727,-0.9724411,0.17424518,-0.025188314,0.20293488,0.03850772,0.15595329,-0.0114135835,252.32988,250.22615,337.01437,-0.49282527,13.480362,0.61014515
9,16,10,0.001677722,0.08058782,0.01830635,0.041034438,0.021247033,0.06765048,-0.003818373,7.7080216,1.4376873,12.419107,-0.6807077,0.13530096,-0.007636746,0.20256959,0.037782937,0.14576362,-0.007989489,252.30824,250.17734,336.43335,-0.7569796,13.480362,0.60501754
9,17,10,0.001677722,0.07189501,0.01914974,0.030260185,0.022485083,0.06919129,-0.0066806753,6.619184,1.1166414,12.775809,-1.5925015,0.13838258,-0.013361351,0.17395455,0.02934574,0.14995027,-0.018691255,252.3348,250.19492,336.89883,0.47586012,13.479184,0.5381446
9,18,10,0.001677722,0.082127236,0.029685857,0.031023912,0.02141747,0.08614792,-0.01145558,6.7021933,1.1263918,12.468818,-1.1269788,0.17229584,-0.02291116,0.17613606,0.029601982,0.14634709,-0.013227398,252.3628,250.3049,337.26645,0.00058698654,13.479184,0.52054876
9,19,10,0.001677722,0.06523091,0.016789036,0.028752448,0.019689431,0.064786255,-0.003163163,6.452174,1.0883163,11.955227,-0.9259767,0.12957251,-0.006326326,0.16956547,0.028601343,0.14031903,-0.010868236,252.31487,250.17256,336.424,-0.16233963,13.479184,0.5055338
9,20,10,0.001677722,0.065178774,0.016663358,0.027643498,0.020871919,0.064543314,-0.00564397,6.326524,1.0889723,12.30899,-1.5177288,0.12908663,-0.01128794,0.16626334,0.02861859,0.14447117,-0.017813649,252.31586,250.07643,336.77725,0.42875648,13.479184,0.4927095
9,21,10,0.001677722,0.06469458,0.02188245,0.022109807,0.020702329,0.07396359,-0.009345223,5.657976,0.93575966,12.25888,-1.4839971,0.14792718,-0.018690446,0.14869367,0.024592103,0.14388303,-0.017417736,252.35004,250.15471,337.11694,0.54823744,13.477789,0.43533704
9,22,10,0.001677722,0.05839791,0.018449316,0.020988867,0.018959729,0.06791413,-0.0020004446,5.5126853,0.8221593,11.7316,-0.9931243,0.13582826,-0.004000889,0.14487535,0.021606645,0.13769433,-0.011656351,252.37204,250.35654,336.37778,0.17096502,13.477789,0.43571955
9,23,10,0.001677722,0.059674896,0.018201645,0.02162917,0.019844081,0.06745674,-0.003696786,5.5961404,0.5176028,12.002085,-1.5553027,0.13491347,-0.007393572,0.14706859,0.013602782,0.14086902,-0.018254675,252.48935,250.83081,337.27142,1.0376999,13.477789,0.45460176
9,24,10,0.001677722,0.07106517,0.027946094,0.02283823,0.02028085,0.083585426,-0.009851293,5.7504244,0.515197,12.133449,-1.179833,0.16717085,-0.019702585,0.15112323,0.013539568,0.14241084,-0.013847755,252.60567,251.27371,338.22388,0.6646361,13.477789,0.462608
9,25,10,0.001677722,0.05163393,0.016148428,0.01751091,0.017974595,0.06353823,-0.0010751031,5.0352726,0.26780507,11.422754,-1.2934122,0.12707646,-0.0021502061,0.1323288,0.0070380103,0.13406937,-0.0151808355,252.67241,251.62999,337.93167,1.0256071,13.476204,0.39461944
9,26,10,0.001677722,0.05503299,0.019505735,0.017237624,0.018289633,0.06983147,-0.0028689671,4.995827,0.036649685,11.52242,-1.7470939,0.13966294,-0.0057379343,0.13129213,0.00096316653,0.13523917,-0.020505723,252.7919,252.18475,338.67978,1.7104442,13.476204,0.36207044
9,27,10,0.001677722,0.062047243,0.029598013,0.0151496185,0.017299613,0.086020365,-0.008521387,4.683489,0.14113641,11.206225,-1.037665,0.17204073,-0.017042775,0.123083785,0.003709114,0.13152799,-0.0121791195,252.79715,252.18626,339.12524,0.8965286,13.476204,0.35393623
9,28,10,0.001677722,0.04914534,0.01661837,0.016829584,0.015697392,0.06445613,-0.0014278853,4.9363427,0.25123942,10.674683,-1.0389155,0.12891226,-0.0028557705,0.12972888,0.006602663,0.12528923,-0.012193803,252.7199,251.87036,338.3648,0.7876761,13.476204,0.37716115
9,29,10,0.001677722,0.050937593,0.018793961,0.016397199,0.015746433,0.068545535,-0.0019706183,4.8725185,-0.1597121,10.691344,-2.306197,0.13709107,-0.0039412365,0.12805155,-0.0041972916,0.1254848,-0.027067939,252.70573,251.68993,338.5296,2.465909,13.474481,0.31018436
9,30,10,0.001677722,0.058773663,0.02500763,0.016715685,0.017050348,0.079069,-0.0075423354,4.919611,-0.12105439,11.125201,-2.047152,0.158138,-0.015084671,0.12928915,-0.0031813527,0.13057698,-0.02402752,252.721,251.6259,338.71375,2.1682065,13.474481,0.30101565
9,31,10,0.001677722,0.04976149,0.01753392,0.01569305,0.016534518,0.066207856,0.0011915851,4.7667494,-0.018161157,10.955621,-1.5997431,0.13241571,0.0023831702,0.1252719,-0.00047727968,0.12858662,-0.018776262,252.7178,251.59442,337.75943,1.6179043,13.474481,0.31336617
9,32,10,0.001677722,0.053447627,0.019134726,0.017031798,0.0172811,0.069164164,-0.0015101837,4.9659104,-0.13387702,11.20023,-2.4615211,0.13832833,-0.0030203674,0.13050593,-0.0035183372,0.1314576,-0.028890988,252.71915,251.51567,337.99075,2.5953982,13.474481,0.3076982
9,33,10,0.001677722,0.063588195,0.032697007,0.016186284,0.014704908,0.090411566,-0.0060541304,4.841079,-0.3052248,10.331714,-2.509895,0.18082313,-0.012108261,0.12722532,-0.008021417,0.121263795,-0.02945875,252.74748,251.52954,338.3895,2.81512,13.472721,0.22653228
9,34,10,0.001677722,0.04494903,0.01753476,0.015546846,0.011867422,0.06620944,0.0026054375,4.7444935,-0.48992166,9.281526,-2.2160158,0.13241889,0.005210875,0.12468699,-0.012875318,0.108937696,-0.026009472,252.76147,251.68866,337.87192,2.7059374,13.472721,0.25367063
9,35,10,0.001677722,0.048098065,0.01854315,0.016731547,0.012823364,0.06808662,-0.00096638803,4.921944,-0.48555478,9.648109,-2.5374117,0.13617323,-0.0019327761,0.12935048,-0.012760553,0.113240294,-0.029781712,252.81088,251.93414,338.42178,3.0229664,13.472721,0.22133026
9,36,10,0.001677722,0.06245798,0.03420051,0.015710216,0.012547254,0.0924669,-0.007674861,4.7693563,-0.3818369,9.5436735,-1.9676956,0.1849338,-0.015349722,0.1253404,-0.010034809,0.112014525,-0.023094933,252.8362,251.98032,338.7359,2.3495326,13.472721,0.24436012
9,37,10,0.001677722,0.046575684,0.017776525,0.017790906,0.0110082505,0.066664316,0.0012705274,5.07537,-0.78539455,8.939236,-2.0233705,0.13332863,0.0025410547,0.13338256,-0.020640446,0.10492021,-0.02374839,252.79787,251.92273,338.00623,2.808765,13.471037,0.2664738
9,38,10,0.001677722,0.048373234,0.017606288,0.018073782,0.012693163,0.06634434,-0.0016409056,5.11556,-0.80322653,9.599004,-2.631642,0.13268869,-0.0032818113,0.13443877,-0.021109086,0.11266394,-0.030887704,252.79648,251.74329,338.27954,3.4348686,13.471037,0.25265506
9,39,10,0.001677722,0.056112513,0.025225786,0.018393459,0.0124932695,0.07941314,-0.00785716,5.1606026,-0.81693035,9.523121,-2.403035,0.15882628,-0.01571432,0.13562249,-0.021469226,0.1117733,-0.028204532,252.83865,251.85847,338.63318,3.2199652,13.471037,0.25923997
9,40,10,0.001677722,0.04868136,0.018194204,0.01859662,0.011890535,0.067442946,0.0011422667,5.1890235,-0.86563635,9.290561,-1.8969941,0.13488589,0.0022845333,0.13636942,-0.022749236,0.10904373,-0.022265105,252.86865,252.02493,338.0047,2.7626305,13.471037,0.249054
9,41,10,0.001677722,0.053411473,0.01930633,0.0210673,0.013037843,0.06947361,-0.0016200352,5.522975,-1.1183337,9.728459,-2.835735,0.13894722,-0.0032400703,0.14514579,-0.029390212,0.114183374,-0.03328315,252.9225,252.19122,338.533,3.9540687,13.469536,0.31470808
9,42,10,0.001677722,0.05941513,0.025693912,0.021129822,0.012591398,0.0801466,-0.0056351647,5.5311646,-1.1567248,9.560447,-2.436683,0.1602932,-0.011270329,0.145361,-0.030399144,0.1122114,-0.02859946,252.96808,252.35916,338.9239,3.5934076,13.469536,0.3072875
9,43,10,0.001677722,0.047295824,0.015568218,0.020887852,0.010839751,0.062386334,0.0027939656,5.4994035,-1.1640434,8.870556,-2.3217103,0.12477267,0.0055879313,0.1445263,-0.03059148,0.10411412,-0.027250022,252.98627,252.47044,338.40155,3.4857538,13.469536,0.30096298
9,44,10,0.001677722,0.050499305,0.016074715,0.022038478,0.0123861125,0.06339305,-1.6142925e-5,5.648842,-1.1058707,9.482192,-2.9787703,0.1267861,-3.228585e-5,0.14845362,-0.029062688,0.11129291,-0.034961965,253.0449,252.65424,338.90247,4.084641,13.469536,0.3041323
9,45,10,0.001677722,0.06033575,0.025046695,0.022542203,0.012746852,0.07913074,-0.0045891986,5.7130346,-0.83688575,9.619283,-2.4159484,0.15826148,-0.009178397,0.15014061,-0.021993663,0.112901956,-0.028356092,253.08417,252.79416,339.248,3.252834,13.468255,0.31760725
9,46,10,0.001677722,0.048586264,0.015375771,0.022576442,0.010634048,0.061999537,0.002891961,5.717372,-1.0076858,8.785986,-2.1202493,0.123999074,0.005783922,0.15025459,-0.026482344,0.10312152,-0.024885464,253.12222,253.13467,338.8227,3.127935,13.468255,0.31296557
9,47,10,0.001677722,0.054014914,0.018710013,0.023802886,0.011502011,0.06839228,0.0025460136,5.870613,-1.2717406,9.137514,-2.5748394,0.13678455,0.005092027,0.15428184,-0.033421814,0.10724743,-0.03022101,253.18912,253.37248,339.47012,3.84658,13.468255,0.33274287
9,48,10,0.001677722,0.06094825,0.025474954,0.023741405,0.01173189,0.079804376,-0.0050878674,5.8630266,-1.2228163,9.2283745,-2.2907019,0.15960875,-0.010175735,0.15408246,-0.032136064,0.10831385,-0.02688607,253.1828,253.3134,339.6723,3.5135183,13.468255,0.34002742
9,49,10,0.001677722,0.054017507,0.017586453,0.024790635,0.011640416,0.06630696,0.004449042,5.9911814,-1.3855557,9.1923275,-1.9508485,0.13261393,0.008898084,0.15745042,-0.03641291,0.10789076,-0.0228972,253.12962,253.10522,338.81738,3.3364043,13.467158,0.37533203
9,50,10,0.001677722,0.059189014,0.01913513,0.027409445,0.012644442,0.069164895,0.0020038846,6.2996845,-1.5855725,9.580564,-2.5477426,0.13832979,0.0040077693,0.16555798,-0.041669413,0.11244751,-0.029902969,253.15779,253.05919,339.33032,4.133315,13.467158,0.4045058
9,51,10,0.001677722,0.07237684,0.032437827,0.026132978,0.013806035,0.09005252,-0.0048256707,6.151246,-1.4504131,10.010959,-2.272442,0.18010505,-0.0096513415,0.16165698,-0.03811738,0.11749908,-0.026671756,253.20117,253.16734,339.63318,3.722855,13.467158,0.40664676
9,52,10,0.001677722,0.05701612,0.01800076,0.025756933,0.0132584255,0.067083456,0.003954699,6.1068287,-1.4640096,9.81041,-1.9095969,0.13416691,0.007909398,0.16048966,-0.03847469,0.115145236,-0.022413027,253.21883,253.33665,339.15747,3.3736067,13.467158,0.40891755
9,53,10,0.001677722,0.06210787,0.019640367,0.02830403,0.014163473,0.07007205,0.0023676695,6.401663,-1.6533028,10.139723,-2.0692,0.1401441,0.004735339,0.16823801,-0.0434494,0.11901039,-0.0242863,253.29742,253.67303,340.09552,3.7225027,13.466282,0.44135693
9,54,10,0.001677722,0.070316315,0.026749803,0.028827354,0.014739152,0.081776835,-0.0029211226,6.460574,-1.6440341,10.343737,-1.9281217,0.16355367,-0.005842245,0.1697862,-0.04320582,0.12140491,-0.022630455,253.34927,253.83472,340.35794,3.572156,13.466282,0.40908113
9,55,10,0.001677722,0.06331634,0.018571772,0.029272204,0.015472362,0.06813914,0.0049672676,6.510231,-1.7139368,10.597893,-1.8266125,0.13627829,0.009934535,0.17109121,-0.04504289,0.12438795,-0.021439036,253.36195,254.0028,339.73563,3.5405493,13.466282,0.40342805
9,56,10,0.001677722,0.06925352,0.019163517,0.033071402,0.017018598,0.06921618,0.003013609,6.9198227,-1.8307738,11.114837,-2.3111324,0.13843235,0.006027218,0.18185544,-0.048113406,0.13045534,-0.027125869,253.43277,254.27147,340.54648,4.1419063,13.466282,0.44458333
9,57,10,0.001677722,0.07716188,0.02598104,0.033831604,0.017349238,0.080593176,-0.0029901094,6.998903,-1.6834635,11.222288,-1.823641,0.16118635,-0.0059802188,0.18393369,-0.04424202,0.1317165,-0.021404156,253.49664,254.52324,340.99304,3.5071044,13.465636,0.40938577
9,58,10,0.001677722,0.06489135,0.018461311,0.030753918,0.015676122,0.067936204,0.005635004,6.672966,-1.5774632,10.667448,-1.2869072,0.13587241,0.011270008,0.17536795,-0.041456304,0.12520432,-0.015104486,253.53835,254.6892,340.4917,2.8643703,13.465636,0.3934103
9,59,10,0.001677722,0.06907452,0.022643626,0.03008397,0.016346924,0.075238995,0.0047504837,6.599883,-1.4684101,10.893294,-1.4227375,0.15047799,0.009500967,0.17344731,-0.038590353,0.12785509,-0.016698739,253.58492,254.73816,340.75177,2.8911476,13.465636,0.3878185
9,60,10,0.001677722,0.071383245,0.025020577,0.02950685,0.016855821,0.07908947,-0.0004172061,6.536271,-1.4187701,11.061555,-1.0834224,0.15817894,-0.0008344122,0.17177558,-0.037285782,0.12982997,-0.01271618,253.58333,254.711,340.71307,2.5021925,13.465636,0.39152437
9,61,10,0.001677722,0.06385511,0.017652806,0.029971775,0.016230527,0.06643193,0.0055086073,6.5875654,-1.0334371,10.854443,-0.046327997,0.13286386,0.0110172145,0.17312358,-0.02715909,0.12739909,-0.0005437557,253.52916,254.49014,339.8704,1.0797651,13.465147,0.34838247
9,62,10,0.001677722,0.06933276,0.019589404,0.03308309,0.01666027,0.069981076,0.0043599154,6.921046,-1.2433437,10.997203,-0.73680437,0.13996215,0.008719831,0.18188757,-0.032675523,0.12907466,-0.008647907,253.52434,254.35056,340.07516,1.9801481,13.465147,0.3701792
9,63,10,0.001677722,0.085838735,0.034069557,0.03341951,0.018349672,0.0922897,-0.0025521305,6.956147,-1.3696398,11.541317,-0.7517304,0.1845794,-0.005104261,0.18281004,-0.03599461,0.13546096,-0.008823096,253.54445,254.4002,340.65204,2.12137,13.465147,0.41214386
9,64,10,0.001677722,0.07293734,0.019213824,0.034218844,0.019504674,0.06930697,0.0067131533,7.038844,-1.4577512,11.899002,-0.57150745,0.13861394,0.013426307,0.18498336,-0.038310226,0.13965914,-0.0067078033,253.50702,254.28632,339.9873,2.0292587,13.465147,0.43130836
9,65,10,0.001677722,0.08132696,0.02359732,0.035389714,0.022339923,0.0768071,0.0051784804,7.1582556,-1.2233727,12.734505,-0.46592003,0.1536142,0.010356961,0.18812154,-0.032150686,0.14946546,-0.005468518,253.51772,254.20758,340.48724,1.6892927,13.464777,0.41669807
9,66,10,0.001677722,0.08638129,0.029779028,0.033519655,0.023082599,0.086283006,-0.0007043604,6.966562,-0.84223336,12.944449,0.17277311,0.17256601,-0.0014087209,0.18308374,-0.022134203,0.15192959,0.0020278415,253.51463,254.09415,340.46497,0.66946024,13.464777,0.4046123
9,67,10,0.001677722,0.07087171,0.018980121,0.030098135,0.021793457,0.06888418,0.0066218395,6.6014366,-0.75376755,12.577788,0.5158223,0.13776836,0.013243679,0.17348814,-0.019809294,0.14762607,0.006054233,253.46654,253.8836,339.17218,0.23794526,13.464777,0.38311177
9,68,10,0.001677722,0.07487133,0.021749057,0.030124146,0.022998128,0.07373781,0.0033262016,6.6042886,-0.6204171,12.920741,0.025905108,0.14747562,0.006652403,0.1735631,-0.016304787,0.15165134,0.0003040487,253.51433,253.9981,339.52383,0.594512,13.464777,0.3884537
9,69,10,0.001677722,0.08008101,0.030351875,0.0275173,0.022211833,0.08710895,-0.0019551495,6.3120666,-0.45796034,12.697943,0.7396877,0.1742179,-0.003910299,0.16588339,-0.012035379,0.14903635,0.008681753,253.6034,254.3836,340.11243,-0.28172734,13.464514,0.36902452
9,70,10,0.001677722,0.068483785,0.018738503,0.027844358,0.021900918,0.06844433,0.0055887573,6.3494673,-0.74739254,12.608761,0.7860317,0.13688865,0.011177515,0.16686629,-0.019641742,0.14798959,0.009225692,253.63818,254.66438,339.77466,-0.038639188,13.464514,0.37031668
9,71,10,0.001677722,0.07259063,0.021053892,0.030425737,0.021110995,0.0725498,0.0043397914,6.6372657,-0.75443137,12.379284,0.6994563,0.1450996,0.008679583,0.17442974,-0.019826727,0.14529623,0.008209549,253.69109,254.92334,340.5604,0.054975092,13.464514,0.39005727
9,72,10,0.001677722,0.0835273,0.029429113,0.032656934,0.021441247,0.08577458,-0.00042394962,6.8763247,-0.6545168,12.475737,1.3140641,0.17154916,-0.00084789924,0.1807123,-0.017200937,0.1464283,0.015423228,253.7133,254.99625,340.77936,-0.6595473,13.464514,0.3930022
9,73,10,0.001677722,0.06613211,0.018083813,0.028213605,0.0198347,0.06723803,0.006344347,6.3914285,-0.23892905,11.999249,2.031063,0.13447607,0.012688694,0.16796906,-0.006279146,0.14083572,0.023838684,253.69484,254.90144,339.9483,-1.792134,13.464255,0.37218603
9,74,10,0.001677722,0.07450014,0.02611675,0.027363366,0.021020025,0.08080339,0.0040723514,6.294387,-0.23261431,12.352585,1.2509807,0.16160677,0.008144703,0.16541876,-0.00611318,0.14498284,0.014682814,253.72911,254.96092,340.508,-1.0183665,13.464255,0.38068715
9,75,10,0.001677722,0.07900573,0.030227507,0.028501855,0.020276368,0.0869303,-0.00033102083,6.4239955,-0.48810247,12.132108,1.5272857,0.1738606,-0.00066204165,0.16882493,-0.012827512,0.14239511,0.01792582,253.7687,255.16939,340.74155,-1.0391833,13.464255,0.37303713
9,76,10,0.001677722,0.067740895,0.019463949,0.028882524,0.01939442,0.06975663,0.007869165,6.4667525,-0.67906445,11.865325,1.5977436,0.13951325,0.01573833,0.1699486,-0.017846055,0.13926385,0.018752784,253.7893,255.35933,340.24518,-0.9186792,13.464255,0.36285928
9,77,10,0.001677722,0.072799586,0.02362986,0.031696852,0.017472874,0.07686003,0.0058726543,6.7744923,-0.45323366,11.262205,1.5706578,0.15372007,0.0117453085,0.1780361,-0.011911161,0.132185,0.018434891,253.82051,255.44504,340.88214,-1.1174242,13.463927,0.34897047
9,78,10,0.001677722,0.07534032,0.02768978,0.02970818,0.017942362,0.08320123,-6.916818e-5,6.5585327,-0.25611907,11.412506,2.083809,0.16640246,-0.00013833636,0.17236061,-0.0067308983,0.1339491,0.024457762,253.8164,255.39134,341.36948,-1.8276899,13.463927,0.35474873
9,79,10,0.001677722,0.06371066,0.018358707,0.027466068,0.017885884,0.06774715,0.007329311,6.3061876,-0.28358907,11.39453,2.436214,0.1354943,0.014658622,0.1657289,-0.0074528395,0.13373812,0.028593954,253.75311,255.22566,340.35724,-2.1526248,13.463927,0.37587544
9,80,10,0.001677722,0.06990061,0.023496084,0.028199567,0.01820496,0.07664216,0.0052826656,6.3898387,-0.17813681,11.495715,1.9025406,0.15328433,0.010565331,0.16792727,-0.0046815006,0.13492575,0.022330211,253.73709,255.0713,340.5889,-1.7244037,13.463927,0.38018465
9,81,10,0.001677722,0.06799647,0.026358504,0.02454974,0.017088225,0.08117651,0.00045784662,5.9620013,0.076594956,11.137551,2.3596773,0.16235302,0.00091569324,0.15668356,0.002012956,0.13072194,0.027695647,253.75186,255.12543,340.81354,-2.4362724,13.463549,0.3409826
9,82,10,0.001677722,0.06536217,0.020639285,0.026927844,0.017795041,0.0718319,0.008343481,6.244094,0.10712826,11.365556,2.560182,0.1436638,0.016686963,0.16409706,0.002815362,0.13339806,0.030048965,253.70306,255.01045,339.88538,-2.6673102,13.463549,0.3568039
9,83,10,0.001677722,0.06805282,0.022408636,0.027277628,0.018366558,0.07484757,0.0042569633,6.2845182,0.348442,11.546626,2.5281396,0.14969514,0.0085139265,0.1651594,0.009157169,0.13552327,0.029672893,253.68959,254.90424,340.3743,-2.8765817,13.463549,0.3618172
9,84,10,0.001677722,0.07317008,0.029479053,0.025799552,0.017891472,0.085847326,-0.001747768,6.111879,0.39627814,11.396309,2.6981788,0.17169465,-0.003495536,0.16062239,0.010414321,0.133759,0.03166865,253.67657,254.79364,340.74936,-3.094457,13.463549,0.35929728
9,85,10,0.001677722,0.057894535,0.018737234,0.02134852,0.01780878,0.06844201,0.0070142914,5.5597157,0.45132455,11.369943,3.0412226,0.13688402,0.014028583,0.14611132,0.01186097,0.13344954,0.035694964,253.62318,254.53777,339.76978,-3.492547,13.463144,0.33440584
9,86,10,0.001677722,0.06525898,0.026299702,0.021290474,0.017668808,0.08108591,0.0052673286,5.552152,0.59095687,11.325172,2.7112987,0.16217183,0.010534657,0.14591256,0.015530565,0.13292406,0.031822633,253.64781,254.58891,340.06543,-3.3022556,13.463144,0.33314368
9,87,10,0.001677722,0.07240201,0.030732697,0.023072345,0.018596964,0.08765372,0.0015194484,5.779823,0.610508,11.618826,2.9458463,0.17530744,0.0030388967,0.15189584,0.01604437,0.13637069,0.03457553,253.64262,254.54999,340.1491,-3.5563543,13.463144,0.3333068
9,88,10,0.001677722,0.061734747,0.019342832,0.022961928,0.019429985,0.06953926,0.0075943493,5.7659764,0.74765956,11.8762,3.3979523,0.13907851,0.015188699,0.15153193,0.019648775,0.13939148,0.039881922,253.59383,254.33275,339.1976,-4.145612,13.463144,0.3358512
9,89,10,0.001677722,0.060414895,0.021995084,0.02112617,0.01729364,0.0741537,0.003268126,5.530687,0.872025,11.204292,3.1461647,0.1483074,0.006536252,0.14534844,0.022917133,0.13150528,0.03692668,253.5994,254.24785,339.50482,-4.0181894,13.46276,0.3007432
9,90,10,0.001677722,0.06651354,0.02933815,0.020401452,0.016773941,0.08564191,-0.00074136996,5.434995,0.6418318,11.034655,3.0344067,0.17128383,-0.0014827399,0.14283365,0.016867578,0.12951425,0.035614967,253.61447,254.30972,340.07693,-3.6762385,13.46276,0.28471813
9,91,10,0.001677722,0.05302175,0.017682437,0.018842772,0.016496541,0.06648766,0.007333206,5.2232533,0.43890172,10.943031,3.1495445,0.13297532,0.014666412,0.13726898,0.011534491,0.12843886,0.036966354,253.57611,254.27026,339.3226,-3.5884461,13.46276,0.28909
9,92,10,0.001677722,0.057279594,0.021866892,0.019072091,0.016340615,0.07393729,0.00451113,5.254941,0.14525628,10.891192,2.4944935,0.14787458,0.00902226,0.13810174,0.0038173897,0.12783042,0.02927798,253.58432,254.28151,339.65015,-2.6397498,13.46276,0.28873038
9,93,10,0.001677722,0.057736643,0.027217828,0.015301075,0.015217739,0.08248913,-0.0010843939,4.7068415,-0.02626369,10.510328,2.5717015,0.16497827,-0.0021687879,0.12369751,-0.0006902242,0.1233602,0.030184178,253.58894,254.17336,339.70865,-2.5454378,13.462507,0.2584235
9,94,10,0.001677722,0.048730545,0.019203316,0.01488686,0.01464037,0.069288015,0.006204801,4.6426954,0.04358966,10.309017,2.8270411,0.13857603,0.012409602,0.12201172,0.0011455495,0.1209974,0.033181112,253.59178,254.14137,338.9673,-2.8706307,13.462507,0.251305
9,95,10,0.001677722,0.056249063,0.025603952,0.015422243,0.01522287,0.080006175,0.004735098,4.725442,0.16603543,10.512101,2.559876,0.16001235,0.009470196,0.12418632,0.0043634693,0.123381,0.030045385,253.64508,254.29921,339.55588,-2.7259114,13.462507,0.24313918
9,96,10,0.001677722,0.061507758,0.032219365,0.014779806,0.014508586,0.08974877,0.0005147579,4.6259723,0.10682235,10.262514,2.8117657,0.17949754,0.0010295158,0.12157223,0.0028073294,0.12045159,0.03300182,253.70097,254.54837,339.96924,-2.918588,13.462507,0.24883136
9,97,10,0.001677722,0.046201132,0.01871679,0.013398111,0.01408623,0.06840466,0.007728867,4.4044375,0.020426625,10.112036,2.9405594,0.13680932,0.015457734,0.11575021,0.00053681567,0.118685424,0.03451349,253.70947,254.6563,339.35214,-2.960986,13.462384,0.25024545
9,98,10,0.001677722,0.048262965,0.021364782,0.012934986,0.013963196,0.07308348,0.0057584783,4.3276453,0.1660624,10.067778,2.7553182,0.14616697,0.011516957,0.11373208,0.004364181,0.11816597,0.032339286,253.71463,254.73068,339.92575,-2.9213805,13.462384,0.25030237
9,99,10,0.001677722,0.054942947,0.028582515,0.012709497,0.013650935,0.08453182,-0.0008782859,4.2897587,0.27645335,9.954569,3.272499,0.16906364,-0.0017565718,0.112736404,0.0072652916,0.11683722,0.038409468,253.71051,254.72932,340.36932,-3.5489523,13.462384,0.24897937
9,100,10,0.001677722,0.04471716,0.017524077,0.012834565,0.014358518,0.06618927,0.0065122438,4.3108134,0.3811103,10.209301,3.457103,0.13237853,0.0130244875,0.113289736,0.01001571,0.11982703,0.040576175,253.65619,254.5479,339.79428,-3.8382134,13.462384,0.2543221
10,1,10,0.0013421776,0.05044566,0.01750123,0.016584728,0.016359704,0.066146106,0.0009937055,4.9003015,1.5788097,10.897551,3.5148025,0.13229221,0.001987411,0.1287817,0.04149169,0.12790506,0.04125339,253.19531,252.491,338.25165,-5.093612,13.462343,0.4198226
10,2,10,0.0013421776,0.051338725,0.019553877,0.016944202,0.014840647,0.06991759,-0.0014834076,4.9531245,1.6407566,10.37929,2.9772377,0.13983518,-0.0029668151,0.1301699,0.043119673,0.12182219,0.03494397,253.18498,252.31982,338.51938,-4.6179943,13.462343,0.43528402
10,3,10,0.0013421776,0.056056954,0.025307598,0.016671268,0.014078087,0.07954181,-0.0069236904,4.9130707,1.6309121,10.109113,3.0700843,0.15908362,-0.013847381,0.12911727,0.042860955,0.118651114,0.03603372,253.1836,252.25748,338.67157,-4.7009964,13.462343,0.41967916
10,4,10,0.0013421776,0.04803878,0.016083462,0.017830266,0.014125055,0.0634103,0.0010037957,5.0809813,1.6261113,10.125961,3.1243057,0.1268206,0.0020075913,0.13353002,0.04273479,0.118848875,0.036670122,253.14548,252.15637,338.143,-4.7504168,13.462343,0.41205123
10,5,10,0.0013421776,0.047757804,0.016788773,0.017054578,0.01391445,0.06478575,-0.0022980485,4.969231,1.5008857,10.050189,2.5972967,0.1295715,-0.004596097,0.13059318,0.03944381,0.11795953,0.030484589,253.13991,252.07544,338.6639,-4.0981827,13.462329,0.40781033
10,6,10,0.0013421776,0.05345257,0.023620417,0.016154123,0.01367803,0.07684468,-0.0070927492,4.8362684,1.4774153,9.964442,2.8577964,0.15368935,-0.0141854985,0.12709887,0.03882701,0.11695311,0.03354208,253.10332,251.92683,338.6735,-4.3352118,13.462329,0.3801695
10,7,10,0.0013421776,0.045838,0.01631118,0.016259821,0.013266996,0.063857615,0.002108303,4.8520646,1.4746001,9.8135805,3.1132467,0.12771523,0.004216606,0.127514,0.038753025,0.115182444,0.036540322,253.00807,251.55798,337.49677,-4.5878468,13.462329,0.38581097
10,8,10,0.0013421776,0.04388177,0.015451517,0.0157675,0.012662754,0.062152065,-0.002035071,4.7780433,1.5221248,9.587498,2.6873348,0.12430413,-0.004070142,0.1255687,0.04000199,0.112528905,0.031541366,252.96828,251.30496,337.4816,-4.2094593,13.462329,0.4036483
10,9,10,0.0013421776,0.050247297,0.021632804,0.01613615,0.012478344,0.07354047,-0.006172857,4.833577,1.2826337,9.51743,2.4465008,0.14708094,-0.012345714,0.12702815,0.033708066,0.11170651,0.0287147,252.95847,251.21785,337.68686,-3.7291346,13.46233,0.3526924
10,10,10,0.0013421776,0.046789657,0.016394299,0.017271554,0.0131238075,0.06402011,0.001745634,5.0007405,1.2476568,9.76048,2.771619,0.12804022,0.003491268,0.13142128,0.03278887,0.11455919,0.032530624,252.94783,251.23962,337.02734,-4.0192757,13.46233,0.35727447
10,11,10,0.0013421776,0.046175044,0.016781831,0.016408069,0.012985144,0.06477235,-0.0011879575,4.874133,1.3304737,9.708778,2.5721242,0.1295447,-0.002375915,0.12809399,0.03496532,0.113952376,0.030189142,252.95601,251.28241,337.4992,-3.902598,13.46233,0.3727826
10,12,10,0.0013421776,0.050631482,0.020909613,0.01709174,0.01263013,0.072300784,-0.005704627,4.9746423,1.4882376,9.57514,2.907062,0.14460157,-0.011409254,0.13073538,0.03911142,0.11238385,0.034120318,252.8836,250.93237,337.42755,-4.3953,13.46233,0.37483582
10,13,10,0.0013421776,0.044385135,0.014566235,0.01739901,0.012419891,0.06034533,0.0014835071,5.019159,1.1626487,9.495111,2.6266775,0.12069066,0.0029670142,0.1319053,0.030554837,0.11144456,0.03082943,252.77814,250.51567,336.26184,-3.7893262,13.462335,0.33796522
10,14,10,0.0013421776,0.04662119,0.015344194,0.01752502,0.013751975,0.061935842,-0.0023309672,5.0373015,1.3070214,9.99134,2.0913353,0.123871684,-0.0046619345,0.1323821,0.034348994,0.117268816,0.024546098,252.72125,250.17775,336.20044,-3.3983567,13.462335,0.3559791
10,15,10,0.0013421776,0.052232612,0.021422857,0.016472695,0.01433706,0.07318275,-0.006270314,4.883723,1.3217163,10.20167,2.1687243,0.1463655,-0.012540628,0.128346,0.03473519,0.11973746,0.025454413,252.66364,249.8731,336.04993,-3.4904406,13.462335,0.3404506
10,16,10,0.0013421776,0.046460174,0.015999742,0.017440125,0.013020309,0.06324504,0.0021443532,5.0250854,1.0684268,9.721916,2.052192,0.12649009,0.0042887065,0.13206106,0.02807864,0.114106566,0.024086667,252.61522,249.74022,335.30594,-3.1206188,13.462335,0.33693615
10,17,10,0.0013421776,0.04588643,0.016428072,0.017176462,0.0122818975,0.06408602,-0.0013372345,4.9869556,0.8238726,9.442217,1.428886,0.12817204,-0.002674469,0.131059,0.021651672,0.11082372,0.016770907,252.6001,249.67262,335.65192,-2.2527587,13.462381,0.32199967
10,18,10,0.0013421776,0.05119933,0.019038126,0.018737271,0.01342393,0.06898936,-0.0058803232,5.2086105,1.0316619,9.871452,2.0973303,0.13797872,-0.0117606465,0.13688415,0.027112454,0.115861684,0.024616465,252.57909,249.59462,335.76788,-3.128992,13.462381,0.3362592
10,19,10,0.0013421776,0.049803607,0.015433972,0.019892743,0.014476892,0.06211677,0.0028800142,5.366808,0.9658168,10.251299,2.096431,0.12423354,0.0057600285,0.14104164,0.025382023,0.120319955,0.024605907,252.55339,249.51413,335.1434,-3.0622478,13.462381,0.3445388
10,20,10,0.0013421776,0.04829462,0.015028141,0.018686228,0.01458025,0.06129466,0.000116913005,5.2015104,1.0700935,10.287828,1.788521,0.12258932,0.00023382601,0.13669758,0.028122425,0.120748706,0.020991951,252.55402,249.52467,335.31195,-2.8586144,13.462381,0.36113986
10,21,10,0.0013421776,0.05179604,0.019510081,0.018989244,0.013296717,0.06983925,-0.0039177984,5.243515,0.9958117,9.824568,1.7661936,0.1396785,-0.007835597,0.13780147,0.02617029,0.11531139,0.020729896,252.53497,249.47426,335.37296,-2.7620053,13.462487,0.32518715
10,22,10,0.0013421776,0.04800968,0.014403837,0.020121891,0.013483947,0.060007993,0.0031796568,5.3976293,0.9288848,9.893496,1.9732826,0.120015986,0.0063593136,0.14185165,0.024411425,0.1161204,0.02316051,252.48608,249.33142,334.37015,-2.9021673,13.462487,0.34094667
10,23,10,0.0013421776,0.048793614,0.014977077,0.020908235,0.0129083,0.061190434,0.00013778705,5.502085,0.98539656,9.680008,1.8519306,0.12238087,0.0002755741,0.1445968,0.025896568,0.1136147,0.021736193,252.49968,249.33728,334.6853,-2.8373272,13.462487,0.34863484
10,24,10,0.0013421776,0.056103203,0.022210434,0.02078993,0.01310284,0.07451583,-0.0038284045,5.486498,1.0297042,9.752679,2.5771518,0.14903165,-0.007656809,0.14418714,0.027060995,0.114467636,0.03024815,252.47455,249.29282,334.8417,-3.6068559,13.462487,0.35244364
10,25,10,0.0013421776,0.051360365,0.018205514,0.019487996,0.013666856,0.067463905,0.0030432963,5.3119297,0.769772,9.960371,2.1552799,0.13492781,0.0060865926,0.13959941,0.020229883,0.11690533,0.025296623,252.40944,249.09618,334.11862,-2.925052,13.46264,0.30345607
10,26,10,0.0013421776,0.04822097,0.015390609,0.019413775,0.013416586,0.062029447,0.00031741068,5.3018036,0.833102,9.868752,1.4748603,0.124058895,0.00063482136,0.13933332,0.021894233,0.11582999,0.017310506,252.36572,248.83255,334.41727,-2.3079624,13.46264,0.31203002
10,27,10,0.0013421776,0.052307934,0.018350156,0.020979611,0.012978166,0.06773137,-0.004239689,5.511469,0.80828995,9.706169,1.6307406,0.13546275,-0.008479378,0.1448434,0.02124216,0.113921754,0.019140076,252.3539,248.76482,334.49905,-2.4390306,13.46264,0.31884116
10,28,10,0.0013421776,0.05241097,0.017931158,0.021839734,0.012640078,0.06695364,0.0034827355,5.623314,0.624672,9.578909,1.6720943,0.13390727,0.006965471,0.14778273,0.016416598,0.1124281,0.01962545,252.33365,248.78198,333.66443,-2.2967663,13.46264,0.3410188
10,29,10,0.0013421776,0.05129686,0.016684515,0.021959465,0.012652881,0.06458428,-7.575653e-5,5.6387076,0.48209327,9.583759,1.213639,0.12916856,-0.00015151306,0.14818726,0.012669592,0.11248503,0.014244535,252.33687,248.79831,333.97214,-1.6957324,13.462806,0.32587188
10,30,10,0.0013421776,0.05646736,0.018836424,0.024232393,0.013398542,0.068622924,-0.0037782046,5.923342,0.73604083,9.862113,1.7211608,0.13724585,-0.007556409,0.15566757,0.019343406,0.11575207,0.020201338,252.28441,248.59761,333.87714,-2.4572015,13.462806,0.33633277
10,31,10,0.0013421776,0.055755142,0.016697884,0.025535043,0.013522216,0.064610146,0.004012499,6.080467,0.7208141,9.907524,1.7313517,0.12922029,0.008024998,0.15979688,0.018943252,0.11628506,0.020320956,252.23422,248.4499,333.0771,-2.4521658,13.462806,0.35086548
10,32,10,0.0013421776,0.056404628,0.0172007,0.025438963,0.013764967,0.06557572,0.0011542521,6.0690174,0.7483118,9.996058,1.2603967,0.13115144,0.0023085042,0.15949596,0.0196659,0.117324196,0.014793331,252.26979,248.59592,333.52563,-2.0087085,13.462806,0.35022473
10,33,10,0.0013421776,0.05614619,0.018146269,0.02426246,0.0137374615,0.067354046,-0.002845718,5.9270163,0.5852057,9.986068,1.4704891,0.13470809,-0.005691436,0.15576412,0.015379424,0.117206916,0.017259197,252.29869,248.79356,333.925,-2.0556948,13.46296,0.3388516
10,34,10,0.0013421776,0.059291407,0.018680455,0.026326029,0.014284922,0.06833823,0.0036037161,6.1739244,0.47422004,10.183104,1.5016528,0.13667646,0.0072074323,0.16225298,0.012462689,0.11951955,0.017624972,252.28188,248.79092,333.34372,-1.9758729,13.46296,0.35272753
10,35,10,0.0013421776,0.057273842,0.0172636,0.025721813,0.014288431,0.06569551,-0.00056586816,6.102664,0.7126258,10.184353,1.3795015,0.13139102,-0.0011317363,0.16038021,0.018728064,0.119534224,0.016191268,252.29323,248.80333,333.8781,-2.0921273,13.46296,0.36731786
10,36,10,0.0013421776,0.058570404,0.017329412,0.025729094,0.0155118955,0.06582061,-0.004097969,6.103527,0.8333675,10.6114235,1.8042297,0.13164122,-0.008195938,0.16040291,0.021901188,0.12454676,0.021176329,252.25183,248.62895,333.94263,-2.6375973,13.46296,0.38177696
10,37,10,0.0013421776,0.059041284,0.018144958,0.025002964,0.01589336,0.06735161,0.002271525,6.016784,0.66572815,10.741108,1.2284528,0.13470322,0.00454305,0.15812325,0.017495574,0.12606888,0.014418402,252.15616,248.2599,333.0691,-1.894181,13.463056,0.39724654
10,38,10,0.0013421776,0.05805437,0.016412921,0.026819898,0.014821547,0.06405646,-0.0011558968,6.2315664,0.7784729,10.372609,0.71314156,0.12811293,-0.0023117936,0.16376781,0.020458559,0.121743776,0.008370178,252.10875,247.98248,333.18893,-1.4916145,13.463056,0.3899042
10,39,10,0.0013421776,0.06461579,0.021120496,0.028173458,0.015321841,0.07266446,-0.0044692247,6.38688,0.84526676,10.546217,1.216725,0.14532892,-0.008938449,0.16784951,0.022213906,0.12378143,0.014280762,252.067,247.80078,332.76468,-2.0619917,13.463056,0.40451032
10,40,10,0.0013421776,0.064140566,0.017849863,0.031956047,0.014334658,0.06680169,0.0021083993,6.802135,0.948224,10.200816,1.3936058,0.13360338,0.0042167986,0.17876254,0.024919659,0.11972743,0.016356822,252.02309,247.61336,331.9709,-2.3418298,13.463056,0.43403438
10,41,10,0.0013421776,0.06387536,0.017628847,0.031152684,0.015093832,0.066386834,-0.0010560644,6.7160883,0.91696614,10.467452,0.74689925,0.13277367,-0.0021121288,0.17650123,0.024098199,0.12285696,0.008766396,252.0057,247.55869,332.02124,-1.6638653,13.463073,0.4294529
10,42,10,0.0013421776,0.072540745,0.023587996,0.033673044,0.015279704,0.07679192,-0.0039800503,6.9824824,0.94265914,10.531705,1.1147549,0.15358384,-0.007960101,0.18350217,0.024773419,0.1236111,0.0130839385,251.98042,247.54471,331.9584,-2.057414,13.463073,0.4420402
10,43,10,0.0013421776,0.06853289,0.022055838,0.031765163,0.014711889,0.07425604,0.0022835627,6.7817883,0.7624509,10.334165,0.9847302,0.14851208,0.0045671253,0.17822784,0.020037493,0.121292576,0.011557827,251.91724,247.27945,330.99475,-1.747181,13.463073,0.44768867
10,44,10,0.0013421776,0.06562804,0.02270729,0.028381692,0.014539059,0.07534469,3.1837873e-5,6.4104395,0.776312,10.273285,0.73616064,0.15068938,6.367575e-5,0.16846867,0.020401772,0.12057802,0.008640356,251.91441,247.18689,331.35614,-1.5124726,13.463073,0.41282365
10,45,10,0.0013421776,0.06504698,0.023749115,0.02596504,0.015332824,0.07705374,-0.0044758446,6.1314497,0.72855663,10.549995,0.7042138,0.15410748,-0.008951689,0.16113672,0.019146737,0.12382578,0.008265396,251.91826,247.20763,331.49338,-1.4327705,13.462978,0.4122335
10,46,10,0.0013421776,0.06525484,0.022222659,0.026704758,0.016327422,0.07453633,0.0027577283,6.218176,0.42246825,10.886794,0.45590982,0.14907266,0.0055154567,0.16341591,0.011102609,0.1277788,0.005351028,251.89595,247.28749,330.84644,-0.87837803,13.462978,0.4428591
10,47,10,0.0013421776,0.067225,0.022126604,0.028665908,0.016432492,0.07437507,9.143992e-5,6.4424567,0.5825747,10.921767,0.029474124,0.14875014,0.00018287984,0.1693101,0.0153102875,0.12818928,0.00034594294,251.91159,247.28302,331.0718,-0.61204886,13.462978,0.45681596
10,48,10,0.0013421776,0.07016297,0.023556707,0.030545047,0.016061217,0.07674097,-0.003574508,6.650267,0.6514503,10.79768,0.47447065,0.15348195,-0.007149016,0.17477141,0.017120361,0.12673286,0.00556888,251.93777,247.37654,331.37662,-1.1259209,13.462978,0.45882216
10,49,10,0.0013421776,0.06828007,0.023139859,0.028915865,0.01622435,0.076058954,0.0024748517,6.4704833,0.34310326,10.852377,-0.07913038,0.15211791,0.0049497033,0.17004666,0.0090168845,0.12737484,-0.00092875835,251.92934,247.38705,331.1288,-0.26397288,13.462736,0.43177128
10,50,10,0.0013421776,0.06525356,0.020580808,0.029220808,0.015451944,0.07173006,-0.0009882369,6.5045133,0.5050092,10.590898,0.124065205,0.14346012,-0.0019764737,0.17094095,0.013271833,0.12430585,0.001456162,251.96587,247.5485,331.7465,-0.6290744,13.462736,0.42264742
10,51,10,0.0013421776,0.072120704,0.024503957,0.030758224,0.016858522,0.0782687,-0.0034842778,6.6734333,0.4107108,11.062441,0.3807948,0.1565374,-0.0069685555,0.17538023,0.010793619,0.12984037,0.004469407,251.97446,247.67354,331.9316,-0.7915056,13.462736,0.43407142
10,52,10,0.0013421776,0.068471365,0.022312848,0.030921243,0.015237269,0.07468743,0.0023345111,6.6910944,0.19903472,10.517071,-0.02026321,0.14937486,0.0046690223,0.17584437,0.0052307015,0.123439334,-0.00023782856,251.90485,247.28961,331.0486,-0.17877151,13.462736,0.44439167
10,53,10,0.0013421776,0.06515529,0.019922433,0.02795415,0.017278707,0.07057343,-0.0009610401,6.361973,0.027710268,11.199452,-1.1758201,0.14114685,-0.0019220802,0.16719495,0.0007282363,0.13144849,-0.013800644,251.88954,247.12898,331.22632,1.1481098,13.462396,0.3999387
10,54,10,0.0013421776,0.06811674,0.022540594,0.028220525,0.017355617,0.075067624,-0.004122726,6.3922124,0.09446732,11.224351,-0.97523296,0.15013525,-0.008245452,0.16798966,0.002482636,0.13174072,-0.011446353,251.89243,247.13347,331.46677,0.8807656,13.462396,0.40088817
10,55,10,0.0013421776,0.070189595,0.023536315,0.030085323,0.016567957,0.07670775,0.0005492014,6.6000314,-0.03968549,10.966693,-0.94480973,0.1534155,0.0010984028,0.17345122,-0.0010429488,0.12871657,-0.011089275,251.87895,247.20264,330.98926,0.9844952,13.462396,0.41129196
10,56,10,0.0013421776,0.06726734,0.019514406,0.03098989,0.016763046,0.06984699,-0.0015695543,6.6985173,-0.28532472,11.031072,-1.7220416,0.13969398,-0.0031391087,0.17603946,-0.007498433,0.12947218,-0.020211685,251.89319,247.22978,331.57242,2.0073664,13.462396,0.40832436
10,57,10,0.0013421776,0.070981845,0.021963546,0.030764,0.018254295,0.07410052,-0.0032017364,6.6740594,-0.45160052,11.511285,-1.9003813,0.14820103,-0.0064034727,0.1753967,-0.011868231,0.13510846,-0.022304857,251.90373,247.20253,331.6053,2.3519819,13.462015,0.38324866
10,58,10,0.0013421776,0.07010192,0.020700844,0.031959273,0.017441805,0.07193894,0.002628548,6.802478,-0.4929136,11.252187,-1.7382534,0.14387788,0.005257096,0.17877157,-0.012953951,0.13206743,-0.02040196,251.884,247.21962,330.95056,2.2311668,13.462015,0.40249032
10,59,10,0.0013421776,0.07152435,0.021217247,0.032247197,0.018059906,0.07283071,0.0002681014,6.83305,-0.17093512,11.449828,-2.1417863,0.14566141,0.0005362028,0.17957504,-0.0044922205,0.13438715,-0.025138238,251.83527,246.9746,331.3005,2.3127215,13.462015,0.40352094
10,60,10,0.0013421776,0.07160386,0.02220776,0.031844456,0.01755164,0.07451134,-0.0024475092,6.790248,0.10816447,11.287561,-1.5580553,0.14902268,-0.0048950184,0.17845015,0.0028425998,0.1324826,-0.018286962,251.7706,246.72583,331.01236,1.4498909,13.462015,0.40749
10,61,10,0.0013421776,0.06774057,0.022155846,0.029258097,0.016326625,0.0744242,0.0044593844,6.5086617,-0.09089938,10.88653,-1.9313687,0.1488484,0.008918769,0.17104998,-0.0023888722,0.12777568,-0.022668568,251.73961,246.66428,330.04968,2.022268,13.4616785,0.38752213
10,62,10,0.0013421776,0.070295505,0.024588194,0.029256864,0.016450448,0.078403115,0.002166931,6.5085254,-0.0045249243,10.927733,-2.1150968,0.15680623,0.004333862,0.17104638,-0.00011891548,0.1282593,-0.024824988,251.75989,246.68257,330.4088,2.1196218,13.4616785,0.38437778
10,63,10,0.0013421776,0.07057669,0.023855586,0.03018974,0.016531361,0.077226266,-0.0010787838,6.6114745,0.28436294,10.954576,-1.767738,0.15445253,-0.0021575675,0.17375195,0.007473165,0.12857434,-0.020748021,251.7426,246.63956,330.61856,1.4833751,13.4616785,0.39420456
10,64,10,0.0013421776,0.06985603,0.021781474,0.032694366,0.015380189,0.07379274,0.0034294322,6.880264,0.3042276,10.5662775,-1.5457231,0.14758548,0.0068588643,0.18081583,0.007995196,0.12401689,-0.018142218,251.70439,246.54877,330.02518,1.2414955,13.4616785,0.4049278
10,65,10,0.0013421776,0.07230813,0.023622269,0.033413753,0.015272109,0.07684769,-0.0006703713,6.9555464,0.36036435,10.529088,-1.7959727,0.15369537,-0.0013407426,0.18279429,0.009470501,0.123580374,-0.02107942,251.72845,246.72803,330.41052,1.4356084,13.461371,0.358516
10,66,10,0.0013421776,0.07872189,0.029323801,0.0326119,0.01678619,0.08562097,-0.0033097984,6.8715816,0.23094887,11.038685,-1.6445739,0.17124194,-0.006619597,0.18058765,0.0060694097,0.12956153,-0.019302433,251.79033,247.0264,330.7945,1.413625,13.461371,0.3566862
10,67,10,0.0013421776,0.075807706,0.02915816,0.030161645,0.016487902,0.0853788,0.0019878694,6.6083975,-0.27959558,10.940166,-1.9338462,0.1707576,0.003975739,0.17367108,-0.007347873,0.12840523,-0.02269764,251.82549,247.16835,330.33463,2.2134418,13.461371,0.3580217
10,68,10,0.0013421776,0.07028015,0.023844704,0.02961014,0.016825303,0.07720865,-0.00088497845,6.547702,-0.17874561,11.051537,-2.5730796,0.1544173,-0.0017699569,0.17207597,-0.004697496,0.12971239,-0.030200347,251.87338,247.26495,331.30453,2.751825,13.461371,0.36552796
10,69,10,0.0013421776,0.06746493,0.024037391,0.025614096,0.01781344,0.07751998,-0.0026951733,6.0898724,0.050890837,11.371432,-2.6564596,0.15503997,-0.0053903465,0.16004404,0.0013374343,0.133467,-0.031178985,251.87358,247.24463,331.41205,2.6055686,13.461149,0.3354422
10,70,10,0.0013421776,0.06552243,0.023618577,0.025188316,0.016715541,0.07684168,0.004330728,6.0390444,-0.26254395,11.01543,-2.8209383,0.15368336,0.008661456,0.15870827,-0.0068997447,0.1292886,-0.03310948,251.86044,247.24266,330.59637,3.0834823,13.461149,0.3718979
10,71,10,0.0013421776,0.064239874,0.022778714,0.025384827,0.016076336,0.075463094,0.0023178512,6.062556,-0.42018628,10.802759,-2.9627903,0.15092619,0.0046357024,0.15932617,-0.011042653,0.12679249,-0.034774404,251.93031,247.49219,330.9454,3.3829765,13.461149,0.3551317
10,72,10,0.0013421776,0.06673859,0.024802053,0.025191935,0.016744602,0.07874334,0.00087192253,6.0394783,-0.25744042,11.025002,-2.3244083,0.15748668,0.0017438451,0.15871967,-0.0067656306,0.12940094,-0.027281689,251.96915,247.7806,331.4274,2.5818486,13.461149,0.33957776
10,73,10,0.0013421776,0.064210534,0.02581647,0.025066862,0.013327201,0.080337524,0.0053954883,6.024467,-0.35974553,9.835823,-2.0501885,0.16067505,0.010790977,0.15832518,-0.009454235,0.1154435,-0.024063159,251.93367,247.87196,330.79575,2.409934,13.46103,0.30931872
10,74,10,0.0013421776,0.066454515,0.026603905,0.02474629,0.015104319,0.08155352,0.0015411958,5.9858212,-0.195503,10.4710865,-2.6615665,0.16310704,0.0030823916,0.15730953,-0.005137884,0.12289963,-0.031238927,251.91788,247.60674,331.10696,2.8570695,13.46103,0.313469
10,75,10,0.0013421776,0.06618608,0.02809261,0.02305744,0.015036027,0.08380425,-0.0009782441,5.777956,0.04826401,10.447389,-2.3099074,0.1676085,-0.0019564882,0.15184677,0.0012683893,0.12262148,-0.027111491,251.94377,247.6662,331.29648,2.2616434,13.46103,0.30537477
10,76,10,0.0013421776,0.06589757,0.026323263,0.024926657,0.014647645,0.08112223,0.003961294,6.0075955,-0.35160336,10.311577,-2.5350392,0.16224445,0.007922588,0.15788178,-0.009240257,0.121027455,-0.029753868,251.93015,247.75937,330.72534,2.8866425,13.46103,0.3309784
10,77,10,0.0013421776,0.06394051,0.024951648,0.024776598,0.014212267,0.07898045,0.0011459783,5.9894853,-0.30880484,10.157173,-2.9791567,0.1579609,0.0022919567,0.15740584,-0.008115494,0.11921521,-0.0349665,251.95793,247.80191,331.29468,3.2879615,13.460973,0.2915737
10,78,10,0.0013421776,0.06721904,0.028139198,0.023478752,0.015601089,0.08387371,-0.002599995,5.830505,-0.092145205,10.641888,-2.8612468,0.16774742,-0.00519999,0.15322778,-0.0024216126,0.12490432,-0.033582583,251.98923,247.9577,331.77454,2.953392,13.460973,0.298528
10,79,10,0.0013421776,0.066160716,0.027076205,0.023441037,0.015643472,0.08227424,0.002867643,5.825821,-0.41088206,10.656332,-3.0142288,0.16454849,0.005735286,0.15310466,-0.010798126,0.12507387,-0.03537814,251.99191,248.03247,331.5646,3.4251108,13.460973,0.30527192
10,80,10,0.0013421776,0.06551755,0.025483426,0.022758905,0.01727522,0.079817645,-0.0018209362,5.740429,-0.27773815,11.198324,-3.0383363,0.15963529,-0.0036418724,0.15086055,-0.0072990474,0.13143523,-0.03566109,252.01854,248.09195,332.08002,3.3160744,13.460973,0.28252527
10,81,10,0.0013421776,0.06298931,0.026836006,0.020388475,0.015764827,0.081908494,-0.0038407198,5.433267,-0.026270933,10.697587,-2.6124876,0.16381699,-0.0076814396,0.14278822,-0.00069041207,0.12555806,-0.030662889,252.0703,248.35373,332.4244,2.6387584,13.460989,0.25566664
10,82,10,0.0013421776,0.062719695,0.024769496,0.02195123,0.015998969,0.07869164,0.0026220279,5.6376495,-0.4219802,10.776735,-3.1814494,0.15738328,0.0052440558,0.14815947,-0.0110897925,0.12648703,-0.037340824,252.07245,248.41003,331.75244,3.6034296,13.460989,0.29337293
10,83,10,0.0013421776,0.061078567,0.023236444,0.020775992,0.017066132,0.076217525,-0.00019829016,5.4846582,-0.46133038,11.130347,-3.5781963,0.15243505,-0.00039658032,0.1441388,-0.012123929,0.1306374,-0.041997455,252.14272,248.6626,332.53812,4.0395265,13.460989,0.2997194
10,84,10,0.0013421776,0.06543583,0.028049937,0.020741213,0.01664468,0.08374058,-0.00232889,5.480066,-0.48170957,10.992056,-3.020755,0.16748115,-0.00465778,0.1440181,-0.012659497,0.12901427,-0.03545474,252.20442,248.98311,332.72992,3.5024645,13.460989,0.29631138
10,85,10,0.0013421776,0.059895117,0.026626125,0.020107899,0.013161092,0.08158757,0.0041762297,5.395753,-0.66046405,9.774334,-2.4142728,0.16317514,0.008352459,0.14180233,-0.017357236,0.114721805,-0.028336428,252.22656,249.1149,332.0363,3.0747368,13.461041,0.23489667
10,86,10,0.0013421776,0.05860591,0.025249047,0.019641036,0.013715825,0.07944974,-0.0002760777,5.3327456,-0.5477611,9.9782,-2.7008107,0.15889949,-0.0005521554,0.14014648,-0.014395359,0.11711458,-0.03169954,252.26605,249.07059,332.67322,3.2485719,13.461041,0.24820451
10,87,10,0.0013421776,0.06321916,0.027119445,0.02097106,0.015128658,0.08233991,-0.002487692,5.510346,-0.36097956,10.47952,-2.6286597,0.16467983,-0.004975384,0.14481388,-0.009486676,0.12299861,-0.030852696,252.30403,249.1164,333.05414,2.9896393,13.461041,0.2661956
10,88,10,0.0013421776,0.06185871,0.025968067,0.020763937,0.015126704,0.08057305,0.0028159944,5.483066,-0.7908693,10.478844,-2.7918603,0.1611461,0.005631989,0.14409697,-0.020784326,0.12299067,-0.032768186,252.2984,249.1103,332.41928,3.5827296,13.461041,0.27815858
10,89,10,0.0013421776,0.055886056,0.022516577,0.018279787,0.0150896935,0.07502762,-0.00096602895,5.1446314,-0.59669095,10.466018,-3.2107105,0.15005524,-0.0019320579,0.13520277,-0.015681252,0.122840114,-0.03768426,252.35843,249.36826,333.51788,3.8074014,13.461119,0.2607317
10,90,10,0.0013421776,0.0636542,0.028906679,0.01819504,0.016552482,0.08500982,-0.0034188025,5.132692,-0.4976178,10.961569,-3.2611387,0.17001964,-0.006837605,0.13488899,-0.0130775785,0.12865645,-0.038276125,252.38557,249.58531,334.15897,3.7587564,13.461119,0.27293655
10,91,10,0.0013421776,0.055480838,0.020793235,0.019245993,0.015441612,0.0720993,0.0038068253,5.278844,-0.60562015,10.587357,-3.1227245,0.1441986,0.0076136505,0.13872993,-0.015915917,0.124264285,-0.03665156,252.34946,249.49129,333.72855,3.7283447,13.461119,0.26271406
10,92,10,0.0013421776,0.051896237,0.020197524,0.016520025,0.015178688,0.071058996,0.00094290846,4.8907332,-0.5792421,10.496835,-3.2497928,0.14211799,0.0018858169,0.12853025,-0.015222693,0.12320182,-0.03814297,252.35393,249.43486,334.0421,3.8290348,13.461119,0.24648842
10,93,10,0.0013421776,0.05706788,0.026833726,0.01675194,0.013482213,0.081905015,-0.0045451745,4.9249425,-0.07542996,9.892859,-2.2710283,0.16381003,-0.009090349,0.12942928,-0.001982326,0.11611293,-0.026655162,252.40294,249.6393,334.13068,2.3464582,13.461162,0.23078142
10,94,10,0.0013421776,0.05338891,0.022352045,0.017482657,0.013554208,0.074753,0.0010480946,5.0312095,-0.44298288,9.919239,-2.2249565,0.149506,0.0020961892,0.132222,-0.011641749,0.11642254,-0.026114421,252.44603,249.84494,333.67844,2.6679394,13.461162,0.23831658
10,95,10,0.0013421776,0.05270891,0.021785151,0.01757814,0.01334562,0.07379897,-0.0005897022,5.04493,-0.69678396,9.842617,-2.6416016,0.14759794,-0.0011794044,0.13258258,-0.018311733,0.11552324,-0.0310046,252.50519,250.06229,334.76187,3.3383856,13.461162,0.25506648
10,96,10,0.0013421776,0.054949973,0.024006762,0.017243773,0.013699439,0.07747058,-0.0041671493,4.996718,-0.5161774,9.972238,-2.8644543,0.15494116,-0.008334299,0.13131554,-0.013565328,0.117044605,-0.03362023,252.50546,249.86829,335.137,3.3806317,13.461162,0.27676213
10,97,10,0.0013421776,0.048466064,0.018395707,0.01890055,0.011169805,0.067815386,0.0028853784,5.231255,-0.30000466,9.004591,-2.482066,0.13563077,0.005770757,0.13747928,-0.00788423,0.1056873,-0.029132126,252.48383,249.69006,334.09344,2.7820706,13.461191,0.26681316
10,98,10,0.0013421776,0.051291347,0.020815704,0.018401826,0.012073813,0.07213824,-0.00064610696,5.161776,-0.25942424,9.361888,-2.4038,0.14427648,-0.0012922139,0.13565333,-0.0068177637,0.1098809,-0.02821351,252.55576,250.01172,334.51764,2.6632242,13.461191,0.27096748
10,99,10,0.0013421776,0.058887474,0.028309328,0.017953426,0.012624718,0.08412688,-0.0034542785,5.098499,-0.300166,9.573088,-2.1391957,0.16825376,-0.006908557,0.13399039,-0.007888472,0.11235977,-0.025107836,252.57979,250.22212,334.94717,2.4393616,13.461191,0.29118162
10,100,10,0.0013421776,0.05144068,0.019650204,0.019020988,0.012769485,0.07008959,0.0039452724,5.247896,-0.54549867,9.627819,-2.3510828,0.14017919,0.007890545,0.1379166,-0.014335902,0.113002144,-0.02759477,252.54001,250.13715,334.273,2.8965814,13.461191,0.31891185
