ic,traj,n_steps,eta,loss_total,loss_T,loss_olw,loss_slwd,rmse_T,bias_T,rmse_olw,bias_olw,rmse_slwd,bias_slwd,nrmse_T,nbias_T,nrmse_olw,nbias_olw,nrmse_slwd,nbias_slwd,mean_T,mean_olw,mean_slwd,bias_C,pnorm,gnorm
1,1,10,0.01,4.0733223,0.27428222,1.1688684,2.6301715,0.2618598,0.018484605,41.138783,6.7566705,138.17621,-51.58228,0.5237196,0.03696921,1.0811422,0.17756777,1.6217804,-0.60542357,251.12997,245.07397,329.26288,44.825607,8.3727455,5.405855
1,2,10,0.01,4.0847826,0.2803342,1.172055,2.6323936,0.264733,0.012436636,41.194828,6.6048107,138.23456,-52.195972,0.529466,0.024873272,1.0826149,0.17357688,1.6224653,-0.61262643,251.18488,245.25986,330.13773,45.591164,8.3727455,5.471762
1,3,10,0.01,4.107255,0.27324888,1.1692013,2.6648047,0.26136607,0.010712532,41.14464,7.256013,139.08296,-53.285694,0.52273214,0.021425065,1.0812961,0.19069067,1.6324229,-0.6254165,251.19293,245.31136,330.5379,46.029682,8.3727455,5.5364428
1,4,10,0.01,4.1232862,0.26728028,1.2136567,2.6423492,0.25849578,0.017322557,41.919548,6.7954288,138.49573,-52.504986,0.51699156,0.034645114,1.1016608,0.1785863,1.6255305,-0.6162534,251.14836,245.21626,329.86777,45.709557,8.3727455,5.417142
1,5,10,0.01,3.5094676,0.24865448,1.0140991,2.2467139,0.24932633,0.011809513,38.31853,4.280479,127.70712,-43.3038,0.49865267,0.023619026,1.0070249,0.11249249,1.4989042,-0.5082585,251.13963,245.198,330.21683,39.02332,8.3661375,5.234957
1,6,10,0.01,3.52276,0.24584213,1.0030414,2.2738764,0.24791235,0.011935405,38.10905,5.2187138,128.47678,-44.405994,0.4958247,0.02387081,1.0015196,0.13714969,1.5079378,-0.52119523,251.11403,245.10222,330.36642,39.18728,8.3661375,5.2912235
1,7,10,0.01,3.5714414,0.25231346,1.0339617,2.2851663,0.25115407,0.018274667,38.69197,4.785335,128.79535,-43.918236,0.50230813,0.036549333,1.016839,0.12576035,1.5116767,-0.51547027,251.0897,245.05899,329.71014,39.1329,8.3661375,5.254497
1,8,10,0.01,3.5931847,0.25305125,1.0355203,2.304613,0.251521,0.013339573,38.72113,4.4011393,129.3422,-43.605625,0.503042,0.026679145,1.0176052,0.11566357,1.5180953,-0.5118012,251.15254,245.2758,330.30252,39.204487,8.3661375,5.2952833
1,9,10,0.01,2.9777362,0.22798464,0.78192556,1.967826,0.23873869,0.013478284,33.64739,1.786065,119.51834,-35.352745,0.47747737,0.026956568,0.88426554,0.04693844,1.4027922,-0.41493684,251.235,245.56648,330.48846,33.56668,8.36429,4.3692145
1,10,10,0.01,2.9613428,0.23661785,0.77304137,1.9516835,0.2432169,0.020152435,33.455696,0.6100211,119.02713,-35.00229,0.4864338,0.04030487,0.8792277,0.016031621,1.3970267,-0.4108234,251.34013,246.0508,330.30188,34.39227,8.36429,4.217633
1,11,10,0.01,2.934104,0.24043564,0.76112646,1.9325417,0.24517119,0.0154519165,33.196865,0.12473767,118.44197,-35.31266,0.49034238,0.030903833,0.8724256,0.0032781833,1.3901589,-0.41446638,251.47806,246.48405,331.4207,35.187923,8.36429,4.258633
1,12,10,0.01,2.8977847,0.235344,0.71311814,1.9493227,0.24256133,0.015685655,32.132866,0.4137228,118.9551,-36.626434,0.48512265,0.03137131,0.8444632,0.010872792,1.3961815,-0.42988604,251.59161,246.91493,332.06738,36.21271,8.36429,4.296936
1,13,10,0.01,2.5071983,0.20574847,0.6344609,1.6669891,0.22679752,0.02080255,30.308968,-2.7100155,110.00378,-28.688057,0.45359504,0.0416051,0.79653054,-0.071220174,1.2911193,-0.336713,251.63667,247.13573,331.94702,31.398073,8.3671665,3.3750193
1,14,10,0.01,2.5284173,0.20786944,0.6629959,1.657552,0.2279635,0.01616478,30.983044,-2.9152234,109.69195,-28.54798,0.455927,0.03232956,0.8142456,-0.07661309,1.2874595,-0.33506906,251.68385,247.30402,332.6265,31.463203,8.3671665,3.4044983
1,15,10,0.01,2.5438752,0.21352324,0.6474836,1.6828685,0.23104288,0.015160503,30.61844,-2.288569,110.52647,-29.356117,0.46208575,0.030321006,0.80466366,-0.060144357,1.2972542,-0.34455407,251.66765,247.26926,332.7512,31.644686,8.3671665,3.4842846
1,16,10,0.01,2.6043344,0.20894289,0.68799293,1.7073985,0.22855136,0.021460494,31.56172,-2.4499626,111.329094,-28.836355,0.45710272,0.042920988,0.8294534,-0.06438587,1.3066746,-0.33845365,251.61018,247.0474,331.96393,31.286318,8.3671665,3.4327154
1,17,10,0.01,2.3330789,0.19184946,0.66713315,1.4740962,0.21900311,0.014435127,31.079563,-4.3766303,103.44371,-21.671757,0.43800622,0.028870255,0.8167822,-0.115019426,1.2141236,-0.25436246,251.63057,247.09134,332.4595,26.048388,8.374539,2.9393244
1,18,10,0.01,2.3299472,0.19643784,0.64907175,1.4844376,0.22160654,0.012529897,30.655968,-3.8194435,103.80593,-22.152462,0.44321308,0.025059793,0.8056499,-0.10037632,1.218375,-0.2600045,251.64105,247.11467,332.55844,25.971905,8.374539,3.012552
1,19,10,0.01,2.3741472,0.2026956,0.676771,1.4946805,0.22510864,0.021945087,31.303257,-4.174722,104.16345,-22.080942,0.45021728,0.043890174,0.8226609,-0.109713234,1.2225713,-0.2591651,251.62505,247.07288,331.8645,26.255665,8.374539,2.933215
1,20,10,0.01,2.3947544,0.20609903,0.68827605,1.5003794,0.22699066,0.014834079,31.568213,-4.540905,104.361855,-21.784607,0.4539813,0.029668158,0.82962406,-0.11933661,1.2248998,-0.25568688,251.67053,247.24432,332.4974,26.325512,8.374539,2.9788177
1,21,10,0.01,2.0815778,0.1823668,0.58926016,1.3099507,0.21352214,0.012975753,29.209373,-4.32658,97.51439,-16.820648,0.42704427,0.025951507,0.76763284,-0.113704145,1.1445308,-0.19742472,251.73119,247.48463,332.997,21.147228,8.384043,2.6435006
1,22,10,0.01,2.1019068,0.18939716,0.5952389,1.3172708,0.21759892,0.019815385,29.357182,-5.0182467,97.78646,-16.73792,0.43519783,0.03963077,0.7715173,-0.1318813,1.1477242,-0.1964538,251.7805,247.65808,332.4609,21.756168,8.384043,2.5652773
1,23,10,0.01,2.0966551,0.19787069,0.6044883,1.2942961,0.22241329,0.016492045,29.584389,-5.870326,96.92996,-16.260614,0.44482657,0.03298409,0.77748847,-0.15427437,1.1376714,-0.19085152,251.9177,248.15169,333.40533,22.13094,8.384043,2.5615518
1,24,10,0.01,2.047861,0.20183693,0.56392294,1.2821012,0.22463132,0.015768973,28.574493,-5.4417763,96.47224,-17.518581,0.44926265,0.031537946,0.750948,-0.14301184,1.1322991,-0.20561646,252.0189,248.59982,334.1999,22.960358,8.384043,2.7943075
1,25,10,0.01,1.859277,0.18803592,0.53580713,1.135434,0.21681555,0.022467885,27.85306,-5.5964527,90.78669,-12.908185,0.4336311,0.04493577,0.7319885,-0.14707685,1.0655675,-0.15150397,251.99704,248.54794,333.76562,18.504639,8.394867,2.2628748
1,26,10,0.01,1.8583524,0.19223522,0.5485317,1.1175855,0.21922319,0.017575957,28.181854,-6.0439196,90.070305,-12.4291115,0.43844637,0.035151914,0.74062926,-0.15883638,1.0571592,-0.14588107,252.00157,248.46909,334.32983,18.47303,8.394867,2.2539485
1,27,10,0.01,1.8522928,0.18779252,0.5419175,1.1225827,0.21667518,0.014328145,28.011429,-5.324072,90.27144,-12.521311,0.43335035,0.02865629,0.73615044,-0.13991855,1.05952,-0.14696327,251.9903,248.41422,334.41956,17.845383,8.394867,2.3399792
1,28,10,0.01,1.9217696,0.17541306,0.59213984,1.1542166,0.20941171,0.02180586,29.280653,-5.297335,91.534515,-13.075881,0.41882342,0.04361172,0.7695062,-0.13921587,1.0743448,-0.15347217,251.93805,248.2698,333.76382,18.373217,8.394867,2.2740157
1,29,10,0.01,1.7458004,0.16813403,0.5571919,1.0204744,0.20502076,0.015610687,28.403446,-4.9890113,86.068115,-8.620239,0.4100415,0.031221375,0.74645287,-0.13111304,1.0101854,-0.101176195,251.94113,248.24084,334.24835,13.609251,8.406803,2.0293064
1,30,10,0.01,1.6875165,0.17372157,0.5000611,1.0137337,0.2083996,0.010547797,26.907925,-4.5485234,85.78338,-8.255419,0.4167992,0.021095594,0.70715,-0.119536854,1.0068434,-0.0968942,251.95763,248.22937,334.40884,12.803942,8.406803,2.1137948
1,31,10,0.01,1.7192864,0.1633441,0.52478385,1.0311586,0.20207925,0.017325362,27.565058,-5.183779,86.517494,-8.388411,0.4041585,0.034650724,0.72441965,-0.13623156,1.0154598,-0.098455206,251.94835,248.24239,333.73166,13.572189,8.406803,2.031428
1,32,10,0.01,1.7190571,0.16669299,0.53905636,1.0133077,0.20414026,0.015762847,27.937387,-5.576146,85.76535,-8.384345,0.40828052,0.031525694,0.7342046,-0.14654316,1.0066319,-0.098407574,251.99315,248.42894,334.34384,13.960491,8.406803,2.0247722
1,33,10,0.01,1.5389061,0.16623794,0.47573912,0.89692897,0.20386143,0.009907353,26.245396,-4.16895,80.690094,-4.736084,0.40772286,0.019814705,0.68973845,-0.109561495,0.9470633,-0.055587642,251.99002,248.40839,334.46094,8.905034,8.419776,1.8753934
1,34,10,0.01,1.5812376,0.15167357,0.5105115,0.9190524,0.19472645,0.016846728,27.187637,-4.596055,81.67918,-5.107253,0.3894529,0.033693455,0.7145009,-0.12078599,0.9586722,-0.059944008,251.94565,248.2672,333.66425,9.703308,8.419776,1.8171736
1,35,10,0.01,1.5785277,0.15412104,0.52425915,0.90014744,0.19629127,0.01390936,27.551275,-4.864198,80.83475,-4.770895,0.39258254,0.02781872,0.72405744,-0.12783292,0.948761,-0.05599622,251.96371,248.23662,334.19476,9.635094,8.419776,1.8035583
1,36,10,0.01,1.549264,0.16223744,0.48221746,0.904809,0.20139354,0.00960417,26.423487,-4.0812144,81.043785,-5.290323,0.4027871,0.01920834,0.6944188,-0.10725575,0.9512145,-0.062092714,252.01521,248.39607,334.66785,9.371537,8.419776,1.8748891
1,37,10,0.01,1.4510958,0.12995529,0.4712033,0.84993714,0.18024656,0.012928035,26.119982,-4.1178646,78.547905,-2.9076977,0.36049312,0.02585607,0.6864425,-0.108218975,0.92192036,-0.034127813,252.06944,248.69717,334.22452,7.0255623,8.433392,1.7205786
1,38,10,0.01,1.4708648,0.14464565,0.48425394,0.8419652,0.19016154,0.010936095,26.479223,-4.994775,78.17867,-2.3575058,0.38032308,0.02187219,0.6958836,-0.13126448,0.9175866,-0.027670138,252.16635,249.07947,335.01215,7.3522806,8.433392,1.7675761
1,39,10,0.01,1.4405566,0.15142693,0.45566204,0.83346766,0.19456807,0.007331016,25.685621,-4.572933,77.78316,-2.400181,0.38913614,0.014662032,0.67502743,-0.12017836,0.9129445,-0.02817102,252.27669,249.52931,335.76578,6.973114,8.433392,1.8123854
1,40,10,0.01,1.4898399,0.14134742,0.4912763,0.8572162,0.187981,0.016637282,26.670525,-5.4044256,78.88354,-3.618,0.375962,0.033274565,0.70091105,-0.14203027,0.9258597,-0.042464554,252.33673,249.91837,335.3921,9.022426,8.433392,1.7496685
1,41,10,0.01,1.3516133,0.13756554,0.4524802,0.7615675,0.18544914,0.010679359,25.595783,-5.1595097,74.35246,-1.5721552,0.37089828,0.021358717,0.6726665,-0.1355938,0.87267834,-0.018452452,252.40201,250.12209,336.31454,6.7316647,8.446856,1.6790725
1,42,10,0.01,1.2989829,0.1382044,0.41252273,0.7482557,0.18587926,0.006078248,24.439518,-4.2055597,73.69979,-0.9373348,0.37175852,0.012156496,0.6422793,-0.11052361,0.8650178,-0.011001549,252.41643,250.02579,336.6367,5.1428947,8.446856,1.7195749
1,43,10,0.01,1.3518445,0.121217586,0.45769873,0.77292824,0.17408158,0.013202063,25.742962,-4.770448,74.905,-1.3735087,0.34816316,0.026404126,0.67653435,-0.12536912,0.8791634,-0.016120901,252.41068,250.06754,335.9185,6.143957,8.446856,1.6864784
1,44,10,0.01,1.3842797,0.12887047,0.47924665,0.7761626,0.17949267,0.011118495,26.341967,-5.2103653,75.061554,-1.3828477,0.35898533,0.02223699,0.6922764,-0.13693029,0.88100094,-0.016230544,252.46054,250.24571,336.2345,6.593213,8.446856,1.6986836
1,45,10,0.01,1.2466774,0.14058101,0.41018063,0.69591576,0.18747067,0.003884752,24.370039,-3.6889198,71.07543,0.5559884,0.37494135,0.007769504,0.64045346,-0.096946135,0.83421564,0.0065256464,252.53224,250.53906,336.70013,3.1329315,8.460752,1.6613992
1,46,10,0.01,1.3083274,0.11550947,0.47192255,0.72089547,0.16993342,0.011030415,26.139906,-4.6664944,72.33981,-0.46426916,0.33986685,0.02206083,0.6869662,-0.12263715,0.84905565,-0.005449189,252.52287,250.65172,336.06207,5.1307635,8.460752,1.6301321
1,47,10,0.01,1.3456372,0.13394177,0.4855628,0.72613263,0.18299028,0.010549119,26.514984,-4.8782606,72.602104,-1.2632829,0.36598057,0.021098237,0.69682336,-0.12820244,0.85213417,-0.014827208,252.56277,250.82375,336.7155,6.1415434,8.460752,1.691164
1,48,10,0.01,1.2612143,0.1494394,0.41218936,0.69958544,0.19328696,0.0059921374,24.42964,-4.09471,71.26259,-1.1922823,0.3865739,0.011984275,0.64201975,-0.10761047,0.83641225,-0.013993831,252.60863,250.89694,337.4488,5.286992,8.460752,1.7092875
1,49,10,0.01,1.1639731,0.10973617,0.4073661,0.6468708,0.16563225,0.0066835545,24.286285,-3.9705641,68.52515,-0.05452289,0.3312645,0.013367109,0.6382524,-0.10434785,0.8042828,-0.00063991547,252.59428,250.88759,336.79623,4.025087,8.474992,1.5786301
1,50,10,0.01,1.17718,0.1176813,0.412971,0.64652777,0.17152354,0.004096407,24.452791,-3.8895369,68.50698,0.032146417,0.34304708,0.008192814,0.6426282,-0.102218434,0.8040695,0.00037727933,252.60172,250.91193,337.19675,3.8573904,8.474992,1.6397294
1,51,10,0.01,1.1376898,0.13894588,0.36852562,0.6302184,0.18637723,-0.00044055478,23.099497,-2.879304,67.637375,0.8804235,0.37275445,-0.00088110956,0.6070631,-0.07566915,0.79386294,0.010333582,252.6207,250.95676,337.63272,1.9988804,8.474992,1.6400064
1,52,10,0.01,1.1654731,0.11118017,0.41136122,0.6429317,0.16671845,0.0071882345,24.405087,-3.9119778,68.316185,0.519313,0.3334369,0.014376469,0.64137447,-0.10280819,0.80183023,0.0060951733,252.60551,250.95198,336.91586,3.392665,8.474992,1.5753788
1,53,10,0.01,1.0652597,0.104955375,0.3800797,0.58022463,0.16198409,0.00025708566,23.458813,-2.887693,64.89919,1.4007951,0.32396817,0.0005141713,0.61650604,-0.07588961,0.76172477,0.01644122,252.6308,251.03456,337.31888,1.4868978,8.4895935,1.4803239
1,54,10,0.01,1.0313476,0.12716761,0.33955187,0.5646281,0.17830284,-0.005857706,22.172861,-1.9866744,64.021,2.475428,0.35660568,-0.011715412,0.5827108,-0.052210532,0.7514174,0.029054247,252.67557,251.18274,337.7803,-0.48875368,8.4895935,1.4705297
1,55,10,0.01,1.0596154,0.09256409,0.38271427,0.584337,0.15212174,-0.00020737118,23.539976,-3.168181,65.12878,1.6003443,0.30424348,-0.00041474236,0.61863905,-0.08326095,0.7644194,0.018783387,252.67677,251.20403,337.17227,1.5678366,8.4895935,1.4903152
1,56,10,0.01,1.0765824,0.09939897,0.3943749,0.58280855,0.15763801,-0.000797164,23.895895,-3.0392559,65.04354,1.3134593,0.31527603,-0.001594328,0.62799275,-0.079872765,0.763419,0.015416088,252.68541,251.23824,337.51617,1.7257966,8.4895935,1.5403489
1,57,10,0.01,0.96607596,0.122228965,0.32149175,0.52235526,0.1748063,-0.0108577665,21.575136,-0.33235,61.577805,3.0886083,0.3496126,-0.021715533,0.5670024,-0.00873426,0.7227415,0.036251128,252.70056,251.26843,337.8242,-2.7562582,8.504399,1.3725322
1,58,10,0.01,0.9970226,0.0926975,0.3585895,0.54573566,0.15223132,-0.0027150144,22.785967,-1.7864281,62.940815,2.0830755,0.30446264,-0.005430029,0.5988234,-0.046947956,0.73873925,0.024449175,252.70883,251.31996,337.0599,-0.29664743,8.504399,1.4448186
1,59,10,0.01,0.96131,0.094044395,0.35551775,0.5117479,0.15333329,-0.0048234956,22.688162,-2.4326706,60.949375,2.284163,0.30666658,-0.009646991,0.5962531,-0.063931465,0.7153656,0.026809355,252.79195,251.62788,337.88635,0.1485076,8.504399,1.3898655
1,60,10,0.01,0.91747594,0.1173046,0.3026454,0.497526,0.1712488,-0.009589353,20.933205,-1.3864943,60.09649,2.6612802,0.3424976,-0.019178705,0.55013216,-0.036437564,0.7053552,0.031235546,252.87666,251.93793,338.66653,-1.2747859,8.504399,1.3686999
1,61,10,0.01,0.8622736,0.08920674,0.2961846,0.47688222,0.14933749,-0.008194643,20.708559,-1.0531968,58.836494,2.5652287,0.29867497,-0.016389286,0.54422843,-0.027678393,0.6905666,0.03010822,252.8845,252.0088,338.06006,-1.5120319,8.519015,1.353721
1,62,10,0.01,0.87575483,0.08850014,0.31112388,0.47613084,0.14874487,-0.009703389,21.224398,-1.1539843,58.79012,2.2108846,0.29748973,-0.019406779,0.5577848,-0.030327132,0.69002235,0.025949271,252.91252,252.07181,338.55563,-1.0569003,8.519015,1.3486408
1,63,10,0.01,0.873416,0.11285997,0.29702282,0.46353322,0.16797319,-0.013789992,20.737843,0.022310507,58.007168,3.4334977,0.33594638,-0.027579984,0.544998,0.0005863267,0.68083274,0.04029912,252.92464,252.06578,338.81973,-3.4558082,8.519015,1.23489
1,64,10,0.01,0.8901615,0.090820156,0.31759062,0.48175076,0.15068191,-0.008511568,21.443836,-0.9349396,59.136063,3.9808521,0.30136383,-0.017023137,0.5635518,-0.024570553,0.6940827,0.04672341,252.89963,252.02158,338.0565,-3.0459125,8.519015,1.3476028
1,65,10,0.01,0.78454506,0.088207245,0.27839893,0.4179389,0.14849852,-0.01405443,20.077168,0.31198645,55.080463,4.0696726,0.29699704,-0.02810886,0.5276352,0.008199133,0.64648193,0.047765926,252.95805,252.26918,338.7358,-4.381659,8.53359,1.1290041
1,66,10,0.01,0.775097,0.09969597,0.2603071,0.4150939,0.15787335,-0.020706456,19.413853,1.0207084,54.892673,4.2616005,0.3157467,-0.041412912,0.510203,0.026824575,0.6442778,0.05001862,253.0449,252.6585,339.45624,-5.282309,8.53359,1.0855277
1,67,10,0.01,0.8071085,0.07859615,0.28422078,0.4442916,0.14017503,-0.013700723,20.286007,0.08278186,56.79044,3.8483849,0.28035006,-0.027401445,0.5331236,0.0021755046,0.666552,0.045168642,253.0462,252.83069,338.8435,-3.9311666,8.53359,1.1141075
1,68,10,0.01,0.8474864,0.09190162,0.31201,0.44357476,0.1515764,-0.0148771675,21.254599,-0.2445799,56.74461,2.9337404,0.3031528,-0.029754335,0.55857855,-0.0064276494,0.6660141,0.03443346,253.04648,252.73528,339.31268,-2.6891606,8.53359,1.1479648
1,69,10,0.01,0.76925576,0.10257131,0.2789755,0.38770893,0.16013378,-0.026766744,20.097948,1.7215638,53.05106,5.423515,0.32026756,-0.053533487,0.5281813,0.04524331,0.6226628,0.063656025,253.03145,252.51057,339.44064,-7.1450787,8.548035,1.0016512
1,70,10,0.01,0.76937175,0.07690415,0.29586223,0.39660534,0.13865799,-0.018261762,20.697289,1.0490621,53.656273,5.2532396,0.27731597,-0.036523525,0.5439322,0.027569722,0.6297661,0.061657477,253.0118,252.426,338.65024,-6.302302,8.548035,0.99619395
1,71,10,0.01,0.7897828,0.08984674,0.30675608,0.39318,0.14987223,-0.01969874,21.074886,1.1205734,53.42406,4.964542,0.29974446,-0.03939748,0.55385566,0.02944905,0.6270407,0.05826904,253.0425,252.48067,338.79352,-6.0851154,8.548035,1.0036453
1,72,10,0.01,0.782489,0.10724831,0.29228058,0.3829601,0.16374394,-0.023613982,20.571625,1.7219577,52.725174,6.33486,0.3274879,-0.047227964,0.5406298,0.045253668,0.6188377,0.074352525,253.07446,252.5827,338.87985,-8.056818,8.548035,1.0132167
1,73,10,0.01,0.7040693,0.07762499,0.26433584,0.36210847,0.1393063,-0.021098431,19.563507,1.9172486,51.269676,6.1756206,0.2786126,-0.042196862,0.514136,0.050385986,0.6017545,0.07248353,253.11273,252.88522,338.44815,-8.092869,8.562134,0.93174976
1,74,10,0.01,0.7069457,0.08253063,0.2713008,0.3531143,0.14364073,-0.023989338,19.81957,1.582297,50.62895,4.9427147,0.28728145,-0.047978677,0.52086544,0.04158333,0.5942342,0.058012884,253.17867,253.09737,339.32117,-6.5250115,8.562134,0.9282095
1,75,10,0.01,0.7219763,0.11092245,0.2681178,0.34293604,0.16652511,-0.028827472,19.702963,1.9093468,49.893936,6.2984066,0.33305022,-0.057654943,0.5178009,0.050178297,0.5856074,0.073924676,253.1976,253.17574,339.70825,-8.207753,8.562134,0.9372558
1,76,10,0.01,0.7146088,0.07577002,0.28208712,0.35675168,0.13763177,-0.022208074,20.20972,1.6450504,50.889038,5.9315853,0.27526355,-0.04441615,0.53111875,0.043232493,0.59728694,0.06961925,253.17192,253.09828,339.03296,-7.576636,8.562134,0.91265345
1,77,10,0.01,0.68278897,0.07953626,0.27845976,0.32479292,0.14101087,-0.02576649,20.079361,2.1792662,48.55617,5.240077,0.28202173,-0.05153298,0.52769285,0.05727191,0.56990606,0.061503004,253.18158,253.00749,339.36206,-7.419343,8.575805,0.8833135
1,78,10,0.01,0.68370557,0.095463604,0.27541393,0.31282803,0.15448593,-0.032785397,19.969242,2.6405714,47.653416,6.462326,0.30897185,-0.065570794,0.5247989,0.06939517,0.5593103,0.07584861,253.19736,253.07281,339.52658,-9.102898,8.575805,0.9005446
1,79,10,0.01,0.69049966,0.06967946,0.28234005,0.33848011,0.13198434,-0.026104394,20.218779,2.4345598,49.56873,6.824214,0.26396868,-0.05220879,0.5313568,0.063981116,0.58179045,0.08009613,253.14738,252.96527,338.8792,-9.258774,8.575805,0.9039896
1,80,10,0.01,0.69160485,0.07987928,0.2899196,0.32180598,0.14131461,-0.02743249,20.488375,2.33549,48.332394,6.601411,0.28262922,-0.05486498,0.53844184,0.061377514,0.56727946,0.07748108,253.173,252.95952,339.29608,-8.936901,8.575805,0.9173989
1,81,10,0.01,0.6589711,0.09337217,0.27610284,0.28949606,0.1527843,-0.037427414,19.994202,3.336436,45.841904,8.28534,0.3055686,-0.07485483,0.5254549,0.0876827,0.5380484,0.09724541,253.2038,253.05038,339.55478,-11.621777,8.589159,0.851915
1,82,10,0.01,0.6552444,0.06674519,0.28637466,0.30212456,0.12917545,-0.02968442,20.36273,3.2176418,46.83109,7.4923897,0.2583509,-0.05936884,0.53513986,0.08456077,0.5496586,0.08793852,253.20387,253.04573,339.0878,-10.7100315,8.589159,0.8165746
1,83,10,0.01,0.68252224,0.07944719,0.29758546,0.3054896,0.14093189,-0.029886937,20.757477,2.5843208,47.091167,7.0871406,0.28186378,-0.059773874,0.5455139,0.06791688,0.5527111,0.08318207,253.25653,253.12035,339.24945,-9.671461,8.589159,0.9244982
1,84,10,0.01,0.6702604,0.09622597,0.2853941,0.28864035,0.15510155,-0.033634756,20.327835,2.9715517,45.77409,7.2788334,0.3102031,-0.06726951,0.5342229,0.07809343,0.5372526,0.08543199,253.3142,253.27878,339.69244,-10.250385,8.589159,0.85818845
1,85,10,0.01,0.61616755,0.069250636,0.26288253,0.2840344,0.13157758,-0.0291391,19.509653,3.1829853,45.40741,7.378064,0.26315516,-0.0582782,0.5127207,0.08365001,0.5329488,0.08659666,253.2987,253.26062,338.9277,-10.561049,8.601994,0.77517456
1,86,10,0.01,0.6337763,0.071798384,0.28605676,0.2759212,0.1339761,-0.030091608,20.351423,2.6072633,44.754196,6.4129257,0.2679522,-0.060183216,0.5348427,0.068519786,0.525282,0.075268835,253.33641,253.40605,339.47626,-9.020189,8.601994,0.77053154
1,87,10,0.01,0.6549528,0.08586303,0.2986742,0.2704156,0.14651197,-0.03652578,20.795412,3.0211768,44.305443,7.9964395,0.29302394,-0.07305156,0.54651093,0.07939762,0.520015,0.09385458,253.38849,253.60925,340.00928,-11.017616,8.601994,0.79716474
1,88,10,0.01,0.6395154,0.07097338,0.2893203,0.27922174,0.13320415,-0.028506128,20.467186,3.002556,45.02107,7.7668505,0.2664083,-0.057012256,0.537885,0.0789083,0.52841437,0.09115988,253.41454,253.74095,339.37555,-10.769406,8.601994,0.8031605
1,89,10,0.01,0.59930944,0.069807075,0.2705791,0.25892326,0.13210514,-0.030273782,19.79319,2.4065738,43.35376,6.503938,0.26421028,-0.060547564,0.5201722,0.06324564,0.50884503,0.07633705,253.52026,254.15102,340.2386,-8.910512,8.614396,0.7154991
1,90,10,0.01,0.611902,0.0942328,0.27112195,0.24654725,0.1534868,-0.031516515,19.813038,2.2385314,42.30496,6.37536,0.3069736,-0.06303303,0.5206937,0.058829423,0.49653524,0.074827895,253.5936,254.4886,340.6983,-8.613892,8.614396,0.74791175
1,91,10,0.01,0.58845854,0.06838242,0.26970157,0.25037453,0.13075016,-0.026119407,19.761066,2.2084444,42.632053,6.2388453,0.26150033,-0.052238815,0.519328,0.05803874,0.5003744,0.07322562,253.5928,254.46628,340.18552,-8.447289,8.614396,0.7246325
1,92,10,0.01,0.6014986,0.07675222,0.2804592,0.24428716,0.13852096,-0.028063996,20.151323,1.9881222,42.11061,6.4914823,0.2770419,-0.05612799,0.529584,0.05224858,0.49425414,0.07619083,253.6263,254.53302,340.36948,-8.479605,8.614396,0.7390357
1,93,10,0.01,0.5925601,0.090089075,0.2801824,0.22228865,0.15007421,-0.031943973,20.141373,2.2773073,40.16982,7.7735176,0.30014843,-0.06388795,0.52932256,0.059848458,0.47147498,0.09123812,253.6796,254.72739,340.7489,-10.050825,8.626255,0.68985313
1,94,10,0.01,0.5786668,0.0687688,0.26941267,0.24048531,0.13111903,-0.02528577,19.75048,2.029726,41.78164,7.2817693,0.26223806,-0.05057154,0.51904976,0.053341933,0.490393,0.08546646,253.69937,254.93233,340.22253,-9.311495,8.626255,0.6851072
1,95,10,0.01,0.5754174,0.07040511,0.27088407,0.23412827,0.1326698,-0.024501387,19.804342,1.6901702,41.22571,6.1041393,0.2653396,-0.049002774,0.52046525,0.044418298,0.48386803,0.07164455,253.73532,255.03291,340.59976,-7.7943096,8.626255,0.69045895
1,96,10,0.01,0.5730864,0.08513452,0.27011558,0.21783623,0.1458891,-0.031182876,19.776228,1.9595572,39.765484,7.959608,0.2917782,-0.06236575,0.51972646,0.051497865,0.46672928,0.09342229,253.74753,255.0876,340.63312,-9.919166,8.626255,0.6916018
1,97,10,0.01,0.5399364,0.06285884,0.25081056,0.22626704,0.12535833,-0.023414494,19.056433,2.2109995,40.52769,8.518449,0.25071666,-0.04682899,0.5008099,0.058105875,0.47567534,0.099981435,253.69586,254.90344,339.94534,-10.729448,8.637457,0.65475446
1,98,10,0.01,0.52262586,0.063918576,0.24701473,0.21169256,0.12641062,-0.025487557,18.911678,2.038734,39.200714,7.912131,0.25282124,-0.050975114,0.49700576,0.053578656,0.4601006,0.09286503,253.69536,254.76266,340.40436,-9.950865,8.637457,0.66023135
1,99,10,0.01,0.53606,0.08343002,0.25165036,0.20097958,0.14442128,-0.031423517,19.08831,2.3561897,38.19594,9.3822775,0.28884256,-0.06284703,0.50164765,0.061921526,0.44830745,0.11012019,253.7017,254.70842,340.7108,-11.738467,8.637457,0.6847689
1,100,10,0.01,0.54350895,0.06023521,0.25371474,0.22955902,0.12271431,-0.02522891,19.166443,2.4635947,40.821445,9.4023695,0.24542862,-0.05045782,0.50370103,0.06474416,0.47912318,0.11035603,253.68512,254.734,339.98312,-11.865964,8.637457,0.6651872
2,1,10,0.008,0.49129033,0.06709829,0.2028255,0.22136654,0.12951669,-0.03019673,17.136808,8.749213,40.086422,9.027727,0.25903338,-0.06039346,0.45036152,0.22993246,0.47049606,0.105958834,251.61624,247.1782,330.9434,-17.77694,8.648085,0.9435529
2,2,10,0.008,0.4901417,0.07198793,0.20850769,0.20964609,0.13415283,-0.031629108,17.375195,8.793927,39.010777,7.5434804,0.26830566,-0.063258216,0.45662642,0.23110758,0.45787126,0.08853817,251.60306,247.16249,331.563,-16.337408,8.648085,0.9471648
2,3,10,0.008,0.52055776,0.07488676,0.21943145,0.22623956,0.13682723,-0.036920503,17.824532,9.114031,40.52523,9.478216,0.27365446,-0.073841006,0.4684351,0.23952003,0.47564647,0.111246236,251.55713,247.02156,331.60092,-18.592247,8.648085,0.98200333
2,4,10,0.008,0.51734555,0.06951497,0.2203314,0.22749917,0.13182846,-0.031737935,17.861048,8.655136,40.637886,9.057378,0.2636569,-0.06347587,0.4693947,0.22746012,0.47696874,0.10630686,251.5101,246.88411,330.87244,-17.712513,8.648085,0.90976447
2,5,10,0.008,0.47281402,0.06524557,0.2153355,0.19223298,0.12771606,-0.030678455,17.657389,8.724808,37.35555,7.324813,0.25543213,-0.06135691,0.46404257,0.22929108,0.4384438,0.08597167,251.5421,246.9423,331.45422,-16.049622,8.656373,0.86025435
2,6,10,0.008,0.48062503,0.07268897,0.20540138,0.20253468,0.13480446,-0.034441214,17.245283,8.582351,38.343422,9.5358305,0.2696089,-0.06888243,0.4532123,0.22554725,0.45003852,0.111922465,251.56674,247.03786,331.65472,-18.118181,8.656373,0.8649857
2,7,10,0.008,0.47937042,0.06468738,0.20992114,0.20476191,0.12716857,-0.028068265,17.43399,8.277433,38.553677,8.335422,0.25433713,-0.05613653,0.45817152,0.21753396,0.45250624,0.09783323,251.5827,247.08646,331.4093,-16.612854,8.656373,0.829739
2,8,10,0.008,0.46364844,0.06777246,0.20645384,0.18942213,0.13016573,-0.028695311,17.289412,8.2969475,37.081436,7.398134,0.26033145,-0.057390623,0.45437193,0.21804672,0.43522653,0.08683223,251.63637,247.21483,332.05997,-15.695082,8.656373,0.8573529
2,9,10,0.008,0.45104498,0.07322919,0.1935199,0.18429591,0.13530447,-0.029319571,16.739077,7.859184,36.576244,8.876965,0.27060893,-0.058639143,0.43990898,0.2065422,0.429297,0.10418932,251.68611,247.40877,332.38864,-16.736149,8.664214,0.8375071
2,10,10,0.008,0.44527477,0.06468309,0.19513592,0.18545575,0.12716435,-0.023413138,16.808819,7.6289163,36.69115,7.592861,0.2543287,-0.046826277,0.4417419,0.20049067,0.43064573,0.08911777,251.68239,247.44215,331.90082,-15.221777,8.664214,0.7660955
2,11,10,0.008,0.42854303,0.06682107,0.19426481,0.16745716,0.12924886,-0.025314653,16.771263,7.823833,34.865273,6.1412373,0.25849771,-0.050629307,0.44075483,0.2056131,0.4092153,0.07207997,251.69392,247.41527,332.61868,-13.965071,8.664214,0.7760974
2,12,10,0.008,0.4640196,0.07425203,0.20664027,0.1831273,0.13624613,-0.029684246,17.297213,8.231372,36.460094,7.940251,0.27249226,-0.05936849,0.45457703,0.2163234,0.42793375,0.09319508,251.67273,247.41312,332.66302,-16.171623,8.664214,0.82131714
2,13,10,0.008,0.42886016,0.058218736,0.2037646,0.16687682,0.120642796,-0.020795945,17.176435,7.682687,34.804806,6.8537216,0.24128559,-0.04159189,0.45140293,0.20190378,0.4085056,0.08044243,251.64162,247.34969,331.77563,-14.536408,8.671518,0.713447
2,14,10,0.008,0.42468292,0.06421458,0.20126297,0.15920536,0.12670298,-0.02161394,17.070673,7.5965085,33.99539,5.74007,0.25340596,-0.04322788,0.44862342,0.19963898,0.39900547,0.06737144,251.689,247.44246,332.01965,-13.336578,8.671518,0.6897336
2,15,10,0.008,0.4205162,0.07289416,0.18621206,0.16140999,0.1349946,-0.025926333,16.41998,7.3100185,34.22996,7.3031135,0.2699892,-0.051852666,0.43152297,0.19210993,0.4017586,0.08571699,251.76622,247.75284,332.45755,-14.613132,8.671518,0.67800546
2,16,10,0.008,0.41352493,0.062384173,0.18090329,0.17023747,0.12488412,-0.019074483,16.184225,6.985231,35.15352,6.7898455,0.24976824,-0.038148966,0.42532727,0.1835744,0.41259843,0.07969272,251.77728,247.81303,332.02545,-13.775076,8.671518,0.68624043
2,17,10,0.008,0.37459528,0.05326414,0.1762472,0.14508395,0.11539513,-0.018525751,15.974593,6.858626,32.4527,4.85886,0.23079026,-0.037051503,0.41981804,0.18024719,0.38089886,0.057028666,251.79175,247.7416,332.88254,-11.717485,8.6783,0.6006726
2,18,10,0.008,0.3881054,0.059223887,0.18013258,0.14874893,0.12167979,-0.024291022,16.149712,7.085978,32.860046,6.504682,0.24335958,-0.048582043,0.4244203,0.18622206,0.38567984,0.07634575,251.78973,247.76672,333.22214,-13.59066,8.6783,0.6333625
2,19,10,0.008,0.39047313,0.052293792,0.18241158,0.15576774,0.11433918,-0.016346222,16.251553,7.0625377,33.626366,5.5498147,0.22867836,-0.032692444,0.4270967,0.18560602,0.3946742,0.065138444,251.76369,247.67303,332.40115,-12.612352,8.6783,0.6280684
2,20,10,0.008,0.3746701,0.056905877,0.17492077,0.14284343,0.119274765,-0.017631887,15.914368,6.8570333,32.201145,4.912568,0.23854953,-0.035263773,0.4182353,0.18020532,0.37794632,0.057659034,251.82895,247.82503,333.23312,-11.769602,8.6783,0.62101585
2,21,10,0.008,0.3728674,0.061885748,0.17214483,0.13883683,0.12438423,-0.02010269,15.787586,6.5052924,31.746336,6.0856614,0.24876846,-0.04020538,0.4149034,0.17096142,0.37260816,0.07142767,251.86798,247.99118,333.71243,-12.590954,8.684574,0.6069428
2,22,10,0.008,0.3703036,0.050504766,0.1789907,0.14080814,0.112366326,-0.012281237,16.098444,6.374028,31.970915,4.503252,0.22473265,-0.024562474,0.42307293,0.16751178,0.3752441,0.052854855,251.87114,248.21796,333.30048,-10.87728,8.684574,0.5933711
2,23,10,0.008,0.3665082,0.05247597,0.1821922,0.13184,0.11453817,-0.012907204,16.241777,6.42784,30.936049,2.8259068,0.22907634,-0.025814408,0.4268398,0.16892597,0.3630978,0.033167798,251.86731,248.10953,333.73758,-9.253747,8.684574,0.58915967
2,24,10,0.008,0.38239697,0.06884889,0.17874762,0.13480045,0.13119537,-0.018457944,16.08751,6.275256,31.281448,5.47229,0.26239073,-0.036915887,0.42278555,0.164916,0.3671518,0.06422853,251.87561,248.09016,333.7193,-11.747546,8.684574,0.5841017
2,25,10,0.008,0.3614716,0.05068146,0.16977026,0.14101988,0.112562716,-0.007903049,15.678318,5.4587865,31.994944,3.8609958,0.22512543,-0.015806098,0.41203186,0.14345886,0.37552613,0.045316685,251.89754,248.28091,333.21036,-9.319782,8.690318,0.53746235
2,26,10,0.008,0.37247044,0.050460998,0.18322645,0.13878298,0.11231763,-0.009117577,16.287813,5.6361547,31.740175,1.7260418,0.22463526,-0.018235154,0.4280496,0.1481202,0.37253588,0.020258635,251.93321,248.48425,333.76587,-7.3621964,8.690318,0.5417924
2,27,10,0.008,0.37950236,0.06198949,0.17770089,0.13981198,0.12448844,-0.01378376,16.040335,5.5371385,31.857622,3.5357327,0.24897689,-0.02756752,0.42154583,0.14551802,0.3739144,0.04149907,251.94524,248.53093,333.9581,-9.072871,8.690318,0.54464483
2,28,10,0.008,0.34438717,0.049124826,0.15884852,0.13641383,0.11082061,-0.006176971,15.165624,5.181587,31.468088,2.7282097,0.22164121,-0.012353942,0.39855805,0.136174,0.36934242,0.032021124,251.98236,248.75154,333.35547,-7.9097967,8.690318,0.51189095
2,29,10,0.008,0.31375328,0.049541295,0.14107434,0.123137645,0.11128937,-0.004345064,14.291988,4.5122786,29.897621,1.095307,0.22257873,-0.008690128,0.37559864,0.11858431,0.35090974,0.012855686,252.08546,249.05551,334.3344,-5.6075854,8.695635,0.47463042
2,30,10,0.008,0.3304931,0.059774157,0.14328563,0.12743329,0.12224377,-0.010908361,14.403564,4.3561387,30.41464,2.4983008,0.24448754,-0.021816721,0.3785309,0.11448093,0.356978,0.029322676,252.1527,249.21394,334.8059,-6.8544397,8.695635,0.48433518
2,31,10,0.008,0.3297155,0.046511415,0.14594388,0.13726018,0.10783253,-0.0019038344,14.536559,4.177866,31.565557,1.4911343,0.21566506,-0.0038076688,0.38202602,0.10979583,0.3704864,0.01750152,252.16994,249.3383,334.44666,-5.669,8.695635,0.48354998
2,32,10,0.008,0.33216235,0.047678795,0.15143362,0.13304994,0.10917737,-0.004955404,14.807433,4.4127345,31.077677,0.42892364,0.21835475,-0.009910808,0.38914472,0.115968235,0.3647601,0.0050343056,252.1772,249.34306,334.92648,-4.841658,8.695635,0.5480603
2,33,10,0.008,0.33673376,0.05670301,0.1500498,0.12998095,0.11906197,-0.008441747,14.739623,4.332224,30.717161,1.1911769,0.23812394,-0.016883494,0.38736263,0.11385241,0.3605287,0.013980887,252.17282,249.26973,335.2613,-5.523401,8.700474,0.58363414
2,34,10,0.008,0.33363658,0.04169454,0.15385205,0.13809,0.10209621,0.00020917678,14.925205,4.21605,31.66083,0.33683562,0.20419241,0.00041835356,0.39223978,0.110799305,0.37160462,0.0039534546,252.1411,249.20576,334.6483,-4.552886,8.700474,0.6126345
2,35,10,0.008,0.3300668,0.043841515,0.15303013,0.13319518,0.104691826,-0.0019638895,14.885285,4.3302784,31.094637,-0.43008515,0.20938365,-0.003927779,0.39119065,0.11380127,0.36495915,-0.005047915,252.15968,249.23216,335.23224,-3.9001932,8.700474,0.58793783
2,36,10,0.008,0.32868302,0.056646004,0.14204612,0.1299909,0.119002104,-0.010377835,14.341128,4.3442893,30.718336,1.4246964,0.23800421,-0.02075567,0.37689006,0.11416947,0.3605425,0.016721733,252.1747,249.30098,335.3264,-5.7689857,8.700474,0.56417483
2,37,10,0.008,0.30575636,0.04223531,0.129878,0.13364305,0.10275616,0.0006395904,13.713126,3.8639538,31.146868,1.1812749,0.20551232,0.0012791808,0.3603859,0.1015461,0.3655722,0.013864674,252.1731,249.43663,334.64206,-5.045229,8.705032,0.540518
2,38,10,0.008,0.3158654,0.047798373,0.12944724,0.13861977,0.109314196,-0.0011632431,13.690368,3.5806139,31.721504,-0.28798082,0.21862839,-0.0023264862,0.35978776,0.09409984,0.37231675,-0.0033800458,252.23059,249.54727,335.559,-3.292633,8.705032,0.561773
2,39,10,0.008,0.32757363,0.056907043,0.13662805,0.13403854,0.11927599,-0.0078389915,14.064961,3.5902524,31.192923,1.4257145,0.23855197,-0.015677983,0.3696323,0.094353124,0.36611274,0.01673367,252.29932,249.73938,336.10037,-5.015967,8.705032,0.53254795
2,40,10,0.008,0.31134513,0.040579073,0.13590784,0.13485822,0.10072124,0.0014180475,14.027844,3.6578746,31.288153,0.83411664,0.20144248,0.002836095,0.3686568,0.09613025,0.36723047,0.009790076,252.303,249.69728,335.63092,-4.491991,8.705032,0.52912796
2,41,10,0.008,0.2994308,0.045300424,0.13370213,0.12042822,0.10641948,0.0029793214,13.913546,3.417795,29.566868,0.6182528,0.21283896,0.005958643,0.365653,0.0898209,0.3470277,0.0072564646,252.3117,249.64058,335.9694,-4.036048,8.70941,0.5064843
2,42,10,0.008,0.3146087,0.056818552,0.13617076,0.121619366,0.11918321,-0.003521051,14.041407,3.4372418,29.712732,2.1925256,0.23836643,-0.007042102,0.36901322,0.09033194,0.34873968,0.025733767,252.3174,249.65115,336.11276,-5.6297674,8.70941,0.5002416
2,43,10,0.008,0.31006786,0.043494087,0.1371855,0.12938827,0.10427618,0.0052662366,14.093627,3.1145947,30.647049,1.546185,0.20855236,0.010532473,0.37038562,0.081852674,0.3597058,0.01814764,252.3302,249.84435,335.2837,-4.66078,8.70941,0.5096463
2,44,10,0.008,0.30976695,0.04649222,0.13820711,0.12506764,0.107810274,0.0063212165,14.146006,2.5491219,30.131008,-0.11573036,0.21562055,0.012642433,0.37176216,0.066991866,0.35364902,-0.0013583212,252.42401,250.23032,335.93552,-2.4333916,8.70941,0.47687116
2,45,10,0.008,0.30143994,0.053269383,0.12853625,0.11963429,0.115400806,0.0002760261,13.642107,2.557835,29.46925,2.2688425,0.23080161,0.0005520522,0.35851952,0.06722083,0.3458819,0.026629498,252.47153,250.37593,336.50333,-4.8266773,8.713503,0.45555234
2,46,10,0.008,0.304312,0.041964896,0.13083029,0.13151683,0.10242668,0.0096958,13.763307,2.370815,30.898104,0.8703371,0.20485336,0.0193916,0.3617047,0.062305897,0.36265248,0.010215188,252.47629,250.52939,336.01553,-3.2411523,8.713503,0.47429803
2,47,10,0.008,0.29121834,0.04219341,0.13054495,0.11847997,0.10270517,0.0063464087,13.74829,2.3162482,29.32673,0.10314017,0.20541035,0.0126928175,0.36131003,0.060871843,0.3442092,0.0012105692,252.51581,250.58116,336.50674,-2.4193883,8.713503,0.4349873
2,48,10,0.008,0.28316447,0.052820005,0.12117229,0.10917219,0.11491302,-0.002384246,13.245561,2.3831444,28.151218,2.3422863,0.22982603,-0.004768492,0.3480981,0.06262989,0.33041215,0.02749153,252.58055,250.77975,336.97067,-4.7254305,8.713503,0.39481124
2,49,10,0.008,0.27282286,0.040210553,0.10965732,0.122954994,0.10026284,0.008077517,12.600492,2.463922,29.875437,1.5623965,0.20052569,0.016155034,0.33114547,0.064752765,0.3506494,0.018337917,252.59982,250.81636,336.543,-4.0263186,8.717394,0.39511892
2,50,10,0.008,0.2584471,0.042194426,0.10743942,0.10881326,0.10270641,0.0066070664,12.472414,2.1027162,28.104906,0.9049872,0.20541282,0.013214133,0.32777953,0.05526013,0.32986856,0.010621877,252.64792,250.84874,337.144,-3.0077033,8.717394,0.39386818
2,51,10,0.008,0.2695082,0.054740015,0.10621632,0.10855188,0.11698292,-0.0017250566,12.4012165,2.1803849,28.07113,3.7225785,0.23396584,-0.003450113,0.32590845,0.05730129,0.32947212,0.043692052,252.7044,251.01376,337.72095,-5.9029636,8.717394,0.33988547
2,52,10,0.008,0.28060317,0.04155835,0.11375346,0.12529136,0.10192933,0.007984249,12.833673,2.3548133,30.157946,2.0002708,0.20385866,0.015968498,0.33727357,0.06188536,0.3539652,0.023477267,252.70279,251.0885,336.96472,-4.3550844,8.717394,0.41638556
2,53,10,0.008,0.2787345,0.046229575,0.113080144,0.11942478,0.10750532,0.0071867295,12.795636,1.713783,29.443432,0.5526023,0.21501064,0.014373459,0.3362739,0.045038834,0.3455789,0.006485915,252.74469,251.25465,337.5382,-2.2663853,8.720984,0.42443964
2,54,10,0.008,0.27953196,0.060170807,0.10641718,0.11294397,0.12264869,0.00039125813,12.412937,1.7313484,28.633387,2.943175,0.24529739,0.00078251626,0.32621646,0.045500465,0.33607137,0.034544177,252.76746,251.29652,337.82623,-4.6745234,8.720984,0.3826858
2,55,10,0.008,0.25720194,0.042442147,0.101888455,0.11287133,0.10300746,0.0105122,12.14594,1.7097598,28.624178,2.84478,0.20601492,0.0210244,0.3191997,0.0449331,0.33596328,0.03338931,252.74637,251.29433,337.0082,-4.5545397,8.720984,0.38391167
2,56,10,0.008,0.25185132,0.045219522,0.09450593,0.112125866,0.10632441,0.009304053,11.6976385,1.3688014,28.529497,1.1072924,0.21264882,0.018608106,0.30741817,0.03597259,0.334852,0.012996341,252.76393,251.30774,337.38837,-2.4760938,8.720984,0.4373318
2,57,10,0.008,0.23872176,0.052381814,0.0834319,0.10290804,0.11443537,0.00035322134,10.990939,1.3814485,27.331652,3.860605,0.22887073,0.0007064427,0.2888458,0.036304966,0.32079282,0.045312103,252.81929,251.45709,337.91043,-5.2420535,8.724258,0.31229252
2,58,10,0.008,0.24260402,0.03870542,0.09084479,0.113053806,0.098368466,0.011589539,11.46882,1.2250451,28.64731,2.6651156,0.19673693,0.023179078,0.30140468,0.032194626,0.33623475,0.03128058,252.85603,251.73418,337.3812,-3.8901606,8.724258,0.36139494
2,59,10,0.008,0.25847563,0.04283714,0.10091352,0.11472498,0.10348567,0.010404298,12.087691,0.8992226,28.858263,1.4898787,0.20697135,0.020808596,0.31766888,0.0236319,0.33871076,0.017486772,252.91092,251.95537,337.95706,-2.3891013,8.724258,0.3888027
2,60,10,0.008,0.26171023,0.05503406,0.09591212,0.110764034,0.117296696,0.0014100677,11.784344,0.94644934,28.355715,3.8129673,0.23459339,0.0028201353,0.30969682,0.02487303,0.3328123,0.04475297,252.9554,252.05968,338.46857,-4.7594166,8.724258,0.35415405
2,61,10,0.008,0.24969631,0.03897656,0.0992948,0.11142496,0.098712415,0.010356203,11.990352,0.90242034,28.440187,3.493622,0.19742483,0.020712405,0.31511077,0.023715938,0.33380377,0.041004796,252.96439,252.13542,337.844,-4.3960423,8.727337,0.32820356
2,62,10,0.008,0.25015432,0.04002843,0.09948041,0.11064548,0.10003553,0.0100191925,12.001554,0.30354363,28.340534,1.7346025,0.20007107,0.020038385,0.31540516,0.007977238,0.33263415,0.020359106,253.02135,252.35782,338.29578,-2.038146,8.727337,0.353988
2,63,10,0.008,0.25875235,0.053044505,0.09859223,0.10711562,0.11515696,0.0042746933,11.947857,0.24628536,27.884804,4.066464,0.23031393,0.008549387,0.313994,0.0064724744,0.32728523,0.047728278,253.07951,252.57158,338.90378,-4.3127494,8.727337,0.30707124
2,64,10,0.008,0.24235657,0.039386712,0.09613574,0.10683411,0.09923043,0.012280053,11.798075,0.27262366,27.84814,3.5116637,0.19846086,0.024560107,0.31005764,0.0071646483,0.32685488,0.041216556,253.07417,252.56218,338.29758,-3.7842875,8.727337,0.32075056
2,65,10,0.008,0.23445266,0.043513507,0.096645065,0.0942941,0.104299456,0.01299734,11.829286,-0.43264183,26.162754,2.6930277,0.20859891,0.02599468,0.3108779,-0.011369987,0.30707344,0.03160819,253.14816,252.85452,338.8768,-2.260386,8.730135,0.2972197
2,66,10,0.008,0.25573206,0.061013024,0.09985759,0.09486146,0.12350407,0.0055497633,12.024284,-0.5665341,26.241346,4.8079133,0.24700814,0.011099527,0.31600252,-0.014888713,0.3079959,0.056430705,253.21516,253.17654,339.44153,-4.2413793,8.730135,0.27447975
2,67,10,0.008,0.2510445,0.042048614,0.10152294,0.10747297,0.102528796,0.013902619,12.124134,-0.32087848,27.93128,3.946515,0.20505759,0.027805237,0.31862664,-0.0084328,0.3278307,0.046320423,253.22337,253.302,338.9972,-3.6256366,8.730135,0.297755
2,68,10,0.008,0.24667542,0.046300642,0.10424183,0.09613295,0.10758792,0.0115826735,12.285411,-0.67816764,26.416628,2.118816,0.21517584,0.023165347,0.32286504,-0.017822498,0.31005314,0.024868637,253.25517,253.33693,339.61346,-1.4406483,8.730135,0.29782337
2,69,10,0.008,0.26029387,0.06160509,0.103383005,0.09530577,0.12410186,0.0013083105,12.234698,-0.19789894,26.30273,4.58914,0.24820372,0.002616621,0.32153228,-0.0052008606,0.30871633,0.053862948,253.28065,253.30086,339.85007,-4.391241,8.732657,0.2672557
2,70,10,0.008,0.23334965,0.039693177,0.09732015,0.09633634,0.09961573,0.011229149,11.870527,0.211003,26.444557,3.5120862,0.19923146,0.022458298,0.31196177,0.005545238,0.31038097,0.041221514,253.24925,253.16035,339.1138,-3.7230892,8.732657,0.27635816
2,71,10,0.008,0.23160407,0.038457446,0.10195848,0.09118813,0.09805285,0.010724476,12.150115,-0.15491286,25.728258,2.4001493,0.1961057,0.021448951,0.31930938,-0.004071159,0.30197373,0.028170658,253.26804,253.17244,339.467,-2.2452364,8.732657,0.26845315
2,72,10,0.008,0.23687807,0.051723078,0.095412835,0.08974215,0.11371354,0.0020610713,11.753633,-0.12651864,25.523455,4.825713,0.22742708,0.0041221427,0.3088897,-0.0033249517,0.29956993,0.05663961,253.28159,253.15598,339.85287,-4.6991944,8.732657,0.26191947
2,73,10,0.008,0.23324248,0.035594787,0.09965158,0.09799611,0.0943329,0.011104845,12.011875,-0.08269632,26.671389,4.9738164,0.1886658,0.02220969,0.3156764,-0.002173289,0.3130433,0.05837791,253.23756,253.0907,338.938,-4.89112,8.734956,0.25997365
2,74,10,0.008,0.23556216,0.036390323,0.109140486,0.090031356,0.09538124,0.010246733,12.570762,-0.32197523,25.564547,3.4179428,0.19076248,0.020493466,0.33036417,-0.008461639,0.30005226,0.040116552,253.24467,253.03853,339.39938,-3.0959675,8.734956,0.27238938
2,75,10,0.008,0.26006392,0.058703702,0.107523955,0.093836255,0.121144235,-0.0022757999,12.47732,0.39693442,26.099161,6.397793,0.24228847,-0.0045515997,0.32790846,0.010431578,0.30632704,0.075091176,253.2428,252.97589,339.55545,-6.7947273,8.734956,0.2821579
2,76,10,0.008,0.24861741,0.034668103,0.109936744,0.10401257,0.09309686,0.008534706,12.616535,0.779406,27.477934,5.818277,0.18619372,0.017069412,0.3315671,0.020483065,0.3225098,0.068289384,253.20447,252.88562,338.87457,-6.597683,8.734956,0.30118573
2,77,10,0.008,0.24725595,0.036514416,0.11922564,0.0915159,0.09554373,0.00553809,13.138733,0.12746684,25.774454,4.1350555,0.19108745,0.01107618,0.34529066,0.0033498774,0.30251595,0.048533335,253.19476,252.76408,338.98587,-4.262522,8.73705,0.28088993
2,78,10,0.008,0.2583614,0.052764088,0.11411577,0.09148152,0.114852175,-0.005184761,12.8540945,0.43965518,25.76961,6.6924524,0.22970435,-0.010369522,0.33781025,0.01155429,0.30245912,0.07854961,253.2085,252.7696,339.4379,-7.1321077,8.73705,0.29045376
2,79,10,0.008,0.25068307,0.038433254,0.11061229,0.10163753,0.09802201,0.006232112,12.655238,0.49845192,27.162407,5.83258,0.19604401,0.012464224,0.33258426,0.013099497,0.3188064,0.06845725,253.22293,252.96034,339.03592,-6.331032,8.73705,0.29037008
2,80,10,0.008,0.252545,0.03852863,0.12165273,0.09236363,0.098143555,0.006639069,13.271794,-0.4732976,25.893557,3.838858,0.19628711,0.013278138,0.34878752,-0.012438442,0.30391386,0.045056842,253.29192,253.2269,339.49786,-3.3655603,8.73705,0.28467193
2,81,10,0.008,0.26539186,0.05967134,0.114980504,0.09074,0.12213859,-0.0053569367,12.902705,-0.5782176,25.664959,6.118253,0.24427718,-0.010713873,0.33908775,-0.015195789,0.30123082,0.07181022,253.3733,253.55618,339.9484,-5.5400357,8.738976,0.28386688
2,82,10,0.008,0.23734418,0.037108954,0.10434986,0.09588536,0.096318424,0.0055122185,12.291777,-0.35166422,26.382587,5.24249,0.19263685,0.011024437,0.3230323,-0.009241851,0.3096536,0.061531343,253.3899,253.65802,339.51102,-4.8908257,8.738976,0.28020892
2,83,10,0.008,0.23533963,0.040822804,0.10651057,0.08800624,0.10102327,0.005654423,12.418383,-0.46417052,25.275394,3.810235,0.20204654,0.011308846,0.32635957,-0.012198559,0.29665846,0.0447209,253.39868,253.61276,339.91855,-3.3460646,8.738976,0.27556536
2,84,10,0.008,0.25790605,0.055093832,0.111800715,0.09101149,0.117360376,-0.0036382622,12.723042,-0.23508368,25.703325,6.119014,0.23472075,-0.0072765243,0.33436614,-0.006178085,0.3016811,0.07181914,253.36632,253.44937,339.94547,-5.88393,8.738976,0.27209753
2,85,10,0.008,0.24614364,0.036955405,0.11242369,0.09676456,0.09611894,0.0032552686,12.75844,-0.12927878,26.503263,5.92382,0.19223788,0.006510537,0.33529642,-0.0033974936,0.31107002,0.06952814,253.33728,253.37958,339.09326,-5.7945414,8.740721,0.28893846
2,86,10,0.008,0.24170688,0.039266575,0.11591638,0.08652392,0.099078976,0.0018010339,12.95511,-0.7395516,25.061632,3.7689147,0.19815795,0.0036020677,0.34046495,-0.01943567,0.2941495,0.044235934,253.41754,253.6888,339.92447,-3.0293632,8.740721,0.23839915
2,87,10,0.008,0.25365356,0.055585112,0.10756151,0.09050694,0.117882475,-0.0074869227,12.479496,-0.7050727,25.63198,6.050672,0.23576495,-0.014973845,0.3279657,-0.018529585,0.30084372,0.07101701,253.4882,253.98753,340.57327,-5.345599,8.740721,0.28684914
2,88,10,0.008,0.23524576,0.03944254,0.10372285,0.09208039,0.09930073,0.0027294224,12.254791,-0.5030103,25.853825,5.597253,0.19860145,0.005458845,0.32206032,-0.013219294,0.3034475,0.06569521,253.49358,254.03413,340.1102,-5.0942426,8.740721,0.27422398
2,89,10,0.008,0.23373869,0.03785515,0.11391014,0.08197341,0.097282,0.0016784391,12.842508,-0.9564144,24.393703,3.4441938,0.194564,0.0033568782,0.33750576,-0.02513492,0.28631,0.04042466,253.49274,253.96759,340.309,-2.4877794,8.742382,0.26293308
2,90,10,0.008,0.2594197,0.052224655,0.121390805,0.085804254,0.11426357,-0.0068704276,13.257498,-0.701793,24.957188,5.2914495,0.22852714,-0.013740855,0.34841183,-0.018443378,0.29292363,0.062105995,253.45294,253.7314,340.22,-4.5896564,8.742382,0.28127894
2,91,10,0.008,0.25238875,0.035645388,0.12430991,0.09243346,0.09439993,0.0015336624,13.415956,-0.32072234,25.90334,5.227388,0.18879986,0.0030673249,0.3525761,-0.008428694,0.30402872,0.06135409,253.36375,253.37677,339.11682,-4.906666,8.742382,0.3241269
2,92,10,0.008,0.25586236,0.038248338,0.1310638,0.08655019,0.09778591,-0.0010201253,13.775586,-0.5187085,25.065432,4.19465,0.19557182,-0.0020402507,0.36202735,-0.01363184,0.29419413,0.0492328,253.3834,253.40773,339.47696,-3.6759417,8.742382,0.3247363
2,93,10,0.008,0.27501842,0.062147595,0.12113003,0.0917408,0.124647096,-0.013220958,13.243251,-0.28349736,25.806108,6.4571223,0.24929419,-0.026441917,0.3480374,-0.007450431,0.30288744,0.075787544,253.42485,253.58023,339.93817,-6.173625,8.743926,0.35267246
2,94,10,0.008,0.24806058,0.033868022,0.120146945,0.0940456,0.09201633,-0.0031974348,13.1894,-0.11939309,26.12826,6.0518255,0.18403266,-0.0063948696,0.3466222,-0.003137704,0.30666855,0.07103056,253.42194,253.59552,339.3208,-5.9324327,8.743926,0.33315492
2,95,10,0.008,0.25012732,0.035542697,0.13085142,0.083733186,0.09426385,-0.0039717914,13.764419,-0.58489037,24.65415,4.5040784,0.1885277,-0.007943583,0.3617339,-0.015371125,0.28936687,0.052864563,253.44873,253.67308,339.65918,-3.919188,8.743926,0.3363162
2,96,10,0.008,0.27559656,0.05648142,0.1280105,0.09110466,0.1188291,-0.012497755,13.614179,-0.3280177,25.716478,6.3976235,0.2376582,-0.02499551,0.35778555,-0.00862044,0.30183548,0.075089194,253.42867,253.57121,340.0209,-6.069606,8.743926,0.36571229
2,97,10,0.008,0.25302157,0.034707684,0.12546296,0.09285092,0.09314999,-0.0048678243,13.478031,-0.13061215,25.961771,5.389596,0.18629998,-0.0097356485,0.35420752,-0.0034325484,0.3047145,0.06325793,253.36699,253.37952,339.18347,-5.2589836,8.745385,0.37679183
2,98,10,0.008,0.25489724,0.04160601,0.12873894,0.08455229,0.10198776,-0.006399263,13.652861,-0.115803115,24.774445,3.7736824,0.20397551,-0.012798526,0.35880208,-0.0030433577,0.29077876,0.044291873,253.3746,253.33694,339.59067,-3.6578794,8.745385,0.38976473
2,99,10,0.008,0.28379336,0.05838645,0.13470356,0.09070336,0.12081644,-0.014117053,13.965554,-0.01865148,25.659777,6.1236863,0.24163288,-0.028234106,0.36701983,-0.00049016933,0.30117,0.071873985,253.39722,253.43758,339.58383,-6.105035,8.745385,0.43872085
2,100,10,0.008,0.26714182,0.040302534,0.13321507,0.093624234,0.100377455,-0.00487116,13.88818,0.1285388,26.06966,6.1162577,0.20075491,-0.00974232,0.3649864,0.00337803,0.30598077,0.07178679,253.36612,253.3529,338.68777,-6.2447963,8.745385,0.4105997
3,1,10,0.0064000003,0.2971308,0.04579469,0.1539594,0.0973767,0.106998466,-0.004984731,14.930411,-1.3717942,26.586964,4.931833,0.21399693,-0.009969462,0.3923766,-0.03605126,0.3120524,0.05788515,254.11472,256.71606,342.52145,-3.5600386,8.746766,0.35210446
3,2,10,0.0064000003,0.28458196,0.048670944,0.1597527,0.076158315,0.11030746,-0.007116059,15.208722,-2.062308,23.51256,2.7874093,0.22061493,-0.014232118,0.39969075,-0.054198187,0.27596796,0.032715946,254.14087,256.77518,342.8283,-0.72510123,8.746766,0.35009825
3,3,10,0.0064000003,0.3153004,0.06560104,0.16163878,0.0880606,0.1280635,-0.014299996,15.298239,-2.0678499,25.283201,4.2337856,0.256127,-0.028599992,0.40204325,-0.05434388,0.29675007,0.049692135,254.16563,256.8938,343.20532,-2.1659358,8.746766,0.37102017
3,4,10,0.0064000003,0.30940592,0.04673285,0.15973087,0.102942206,0.10808891,-0.005299049,15.2076845,-1.7142729,27.336191,4.7511716,0.21617782,-0.010598098,0.39966345,-0.045051735,0.32084608,0.05576471,254.10028,256.7093,342.1941,-3.0368986,8.746766,0.40358755
3,5,10,0.0064000003,0.2681504,0.043433286,0.1474016,0.0773155,0.10420327,-0.007790225,14.608976,-1.8697271,23.690516,2.3168564,0.20840654,-0.01558045,0.38392916,-0.04913708,0.27805665,0.02719305,254.08455,256.55762,342.7221,-0.44712925,8.747737,0.32959476
3,6,10,0.0064000003,0.28267273,0.061532788,0.13921314,0.08192679,0.12402902,-0.016981317,14.1974,-1.3851362,24.386766,4.381702,0.24805804,-0.033962633,0.37311277,-0.036401883,0.28622857,0.05142824,254.0605,256.36356,343.1468,-2.9965658,8.747737,0.3514724
3,7,10,0.0064000003,0.2683278,0.040609438,0.13595444,0.09176393,0.10075892,-0.007829575,14.030248,-1.2122197,25.809357,4.2730436,0.20151784,-0.01565915,0.36872,-0.031857572,0.30292562,0.050152905,254.02594,256.2633,342.3147,-3.060824,8.747737,0.35577744
3,8,10,0.0064000003,0.27273872,0.045417212,0.14739622,0.079925306,0.10655657,-0.007653779,14.608709,-1.7548378,24.087036,2.448,0.21311314,-0.015307558,0.38392216,-0.04611778,0.28271064,0.028732281,254.01918,256.16647,342.4103,-0.6931622,8.747737,0.32658172
3,9,10,0.0064000003,0.29856342,0.06837533,0.14557038,0.084617704,0.13074338,-0.017308004,14.517946,-1.231506,24.784025,4.1140494,0.26148677,-0.03461601,0.38153687,-0.032364402,0.29089123,0.04828679,253.9826,256.02844,342.32675,-2.8825436,8.748434,0.3629236
3,10,10,0.0064000003,0.26515982,0.039644703,0.13496837,0.090546735,0.09955489,-0.0076998924,13.979275,-0.5899658,25.637615,3.8745604,0.19910978,-0.015399785,0.3673804,-0.015504524,0.30090985,0.04547588,253.90175,255.71046,341.44193,-3.2845945,8.748434,0.34150267
3,11,10,0.0064000003,0.24964008,0.04085,0.13224383,0.076546244,0.10105691,-0.01001158,13.83746,-0.80544674,23.572367,2.582271,0.20211382,-0.02002316,0.36365345,-0.021167409,0.27666992,0.030308224,253.8709,255.47867,341.6254,-1.7768244,8.748434,0.30782261
3,12,10,0.0064000003,0.27357948,0.056357846,0.13888969,0.078331955,0.11869904,-0.016829532,14.180896,-0.5872892,23.845736,4.2901697,0.23739807,-0.033659063,0.37267905,-0.015434159,0.27987847,0.05035391,253.82098,255.20778,341.65002,-3.7028804,8.748434,0.32208896
3,13,10,0.0064000003,0.25573492,0.038304243,0.13045941,0.08697128,0.09785735,-0.008522858,13.743786,0.08874049,25.126335,4.296251,0.1957147,-0.017045716,0.36119166,0.002332119,0.29490894,0.0504253,253.71248,254.86095,340.49356,-4.384991,8.74887,0.30209857
3,14,10,0.0064000003,0.23474012,0.036603812,0.124394216,0.07374209,0.09566061,-0.011189583,13.420501,0.19626394,23.136566,2.6615057,0.19132122,-0.022379166,0.35269564,0.00515789,0.27155495,0.031238213,253.63495,254.38084,340.78687,-2.8577697,8.74887,0.26512402
3,15,10,0.0064000003,0.24682435,0.05008976,0.11849763,0.07823697,0.11190371,-0.018922832,13.098557,0.78788185,23.831272,4.216875,0.22380742,-0.037845664,0.34423485,0.020705825,0.2797087,0.04949366,253.5678,254.0176,340.76236,-5.004757,8.74887,0.2929581
3,16,10,0.0064000003,0.24052377,0.035397038,0.120370016,0.08475672,0.0940705,-0.01070632,13.201638,1.0287259,24.804375,4.345853,0.188141,-0.02141264,0.34694383,0.027035294,0.29113007,0.051007483,253.4788,253.73059,339.61206,-5.3745785,8.74887,0.2977344
3,17,10,0.0064000003,0.23172648,0.038970463,0.11995751,0.072798505,0.09870469,-0.011869842,13.178999,0.9444619,22.988068,2.595382,0.19740938,-0.023739684,0.34634882,0.024820795,0.269812,0.03046211,253.47676,253.63242,339.94345,-3.5398438,8.749129,0.2693461
3,18,10,0.0064000003,0.24514724,0.053242307,0.1163824,0.07552254,0.11537147,-0.019299636,12.981125,1.1299576,23.414211,4.4202747,0.23074295,-0.03859927,0.34114864,0.029695699,0.27481365,0.051880963,253.4602,253.48193,340.12604,-5.5502324,8.749129,0.29341692
3,19,10,0.0064000003,0.22643386,0.033269946,0.11599487,0.077169046,0.091200255,-0.011112112,12.959495,1.6781385,23.668066,4.3018622,0.18240051,-0.022224223,0.3405802,0.04410208,0.27779317,0.05049115,253.38766,253.19666,339.2579,-5.9800005,8.749129,0.2803907
3,20,10,0.0064000003,0.22813979,0.039356686,0.11824331,0.07053981,0.0991926,-0.011680488,13.084495,1.2727078,22.628635,2.4727685,0.1983852,-0.023360975,0.34386525,0.033447225,0.26559332,0.029022997,253.39601,253.13478,339.39816,-3.7454762,8.749129,0.25259662
3,21,10,0.0064000003,0.227009,0.051539898,0.103727974,0.07174114,0.113512,-0.016135462,12.255093,1.2161909,22.820509,3.4953606,0.227024,-0.032270923,0.32206827,0.031961937,0.26784536,0.041025195,253.44673,253.3546,339.7386,-4.7115517,8.749144,0.25000247
3,22,10,0.0064000003,0.20502225,0.036043175,0.09611817,0.072860904,0.0949252,-0.005517464,11.796996,1.2742516,22.997917,2.9408445,0.1898504,-0.011034928,0.3100293,0.0334878,0.2699276,0.034516826,253.43675,253.42155,339.05,-4.215096,8.749144,0.23492622
3,23,10,0.0064000003,0.20064777,0.037225556,0.09647659,0.06694562,0.096469626,-0.008131822,11.818971,0.9745392,22.044603,1.0591856,0.19293925,-0.016263643,0.3106068,0.025611239,0.25873852,0.012431711,253.44887,253.3535,339.59454,-2.0337248,8.749144,0.22312774
3,24,10,0.0064000003,0.21076012,0.053383164,0.086961985,0.07041496,0.11552399,-0.016194712,11.221047,1.2900136,22.6086,2.9080818,0.23104797,-0.032389425,0.29489318,0.033902023,0.26535818,0.034132287,253.43466,253.17377,339.90298,-4.1980953,8.749144,0.25941643
3,25,10,0.0064000003,0.18707696,0.031392,0.08906317,0.066621795,0.08858894,-0.005282737,11.3558,1.6354027,21.991222,2.1822078,0.17717788,-0.010565474,0.29843453,0.042978976,0.25811198,0.025612675,253.39378,253.06989,339.0264,-3.8176105,8.748848,0.22832692
3,26,10,0.0064000003,0.19244242,0.03384888,0.09223642,0.066357106,0.09199033,-0.0058685914,11.55633,0.98716414,21.947495,0.88568854,0.18398066,-0.011737183,0.3037045,0.025943032,0.25759873,0.0103953695,253.44334,253.26213,339.39423,-1.8728527,8.748848,0.20804866
3,27,10,0.0064000003,0.20512053,0.0488285,0.08370897,0.07258307,0.11048586,-0.014512887,11.009172,1.0421441,22.954027,2.691719,0.22097172,-0.029025774,0.28932503,0.027387917,0.26941246,0.031592827,253.47716,253.39426,339.61002,-3.733863,8.748848,0.24017556
3,28,10,0.0064000003,0.18690461,0.031360984,0.08213799,0.07340563,0.088545166,-0.004713537,10.905376,1.2743065,23.083725,1.6461265,0.17709033,-0.009427074,0.28659725,0.033489235,0.27093473,0.01932066,253.47223,253.51628,339.2169,-2.920433,8.748848,0.21861707
3,29,10,0.0064000003,0.18161339,0.03368996,0.0825388,0.065384634,0.09177413,-0.006648522,10.931953,1.3120395,21.786077,0.1131672,0.18354826,-0.013297044,0.28729567,0.034480862,0.2557042,0.0013282516,253.45927,253.4062,339.70392,-1.4252067,8.748246,0.20153318
3,30,10,0.0064000003,0.19280735,0.040733106,0.082911,0.06916324,0.10091222,-0.012540418,10.9565735,1.6515377,22.40675,1.9998648,0.20182444,-0.025080835,0.2879427,0.043403003,0.26298904,0.023472508,253.41887,253.11794,339.78314,-3.6514025,8.748246,0.22370741
3,31,10,0.0064000003,0.18143266,0.030693954,0.07991503,0.07082367,0.08759845,-0.003677279,10.756795,1.8302788,22.674118,1.5131204,0.1751969,-0.007354558,0.28269246,0.04810039,0.26612717,0.017759562,253.36134,252.89978,338.95795,-3.343399,8.748246,0.21315779
3,32,10,0.0064000003,0.17864299,0.032905404,0.07886877,0.06686881,0.09069923,-0.0057786135,10.686147,1.4355093,22.031954,0.20556325,0.18139847,-0.011557227,0.28083584,0.0377257,0.25859004,0.0024127034,253.35582,252.83757,339.22388,-1.6410725,8.748246,0.22347312
3,33,10,0.0064000003,0.18359001,0.042303152,0.07385947,0.06742739,0.10283865,-0.010223278,10.34122,1.3901515,22.123781,1.4807875,0.2056773,-0.020446556,0.27177098,0.036533684,0.25966784,0.017380066,253.34064,252.82074,339.28354,-2.870939,8.747376,0.22600915
3,34,10,0.0064000003,0.1807509,0.02991177,0.08311269,0.06772645,0.0864751,-0.00042487847,10.969892,1.5078666,22.17279,1.069537,0.1729502,-0.00084975694,0.2882927,0.03962728,0.26024306,0.012553207,253.30417,252.76814,338.42007,-2.5774035,8.747376,0.23112021
3,35,10,0.0064000003,0.18309012,0.03492727,0.081408784,0.066754065,0.0934442,-0.0035237311,10.856862,1.6478105,22.01304,-0.48906216,0.1868884,-0.0070474623,0.28532225,0.043305054,0.25836807,-0.0057401457,253.3072,252.64767,338.58148,-1.1587483,8.747376,0.23281598
3,36,10,0.0064000003,0.18367621,0.03992045,0.07499194,0.06876383,0.099900514,-0.009229052,10.4201975,1.7277478,22.341957,1.0970471,0.19980103,-0.018458104,0.27384657,0.04540583,0.26222858,0.012876101,253.30945,252.61266,338.9009,-2.8247948,8.747376,0.22778267
3,37,10,0.0064000003,0.17309271,0.032212157,0.07318031,0.06770024,0.08973873,0.0013623209,10.293565,2.0364592,22.168499,0.679657,0.17947745,0.0027246417,0.2705186,0.0535189,0.2601927,0.007977171,253.23512,252.41063,338.03128,-2.7161162,8.746302,0.24069361
3,38,10,0.0064000003,0.16892147,0.031282514,0.074906155,0.06273279,0.088434316,-0.0030135934,10.414237,2.1223016,21.339712,-0.21275437,0.17686863,-0.0060271868,0.2736899,0.055774853,0.25046515,-0.0024971066,253.1747,252.11499,338.0578,-1.9095472,8.746302,0.26610157
3,39,10,0.0064000003,0.17964679,0.03880034,0.0746216,0.066224836,0.09848901,-0.00956834,10.394437,2.3637655,21.925608,1.5311701,0.19697802,-0.01913668,0.27316955,0.06212063,0.25734186,0.01797141,253.11647,251.79501,337.9174,-3.8949356,8.746302,0.26662314
3,40,10,0.0064000003,0.17442824,0.03152685,0.07429539,0.068606004,0.08877901,-0.00065863103,10.371692,2.6208024,22.316307,0.8886563,0.17755802,-0.0013172621,0.2725718,0.06887563,0.2619275,0.010430205,253.06184,251.55579,336.9738,-3.5094588,8.746302,0.26820046
3,41,10,0.0064000003,0.16162373,0.033403188,0.0662312,0.06198934,0.0913827,-0.0022914642,9.7926445,2.5298283,21.212883,-0.15434566,0.1827654,-0.0045829285,0.25735423,0.06648481,0.24897659,-0.0018115682,253.04611,251.47789,337.32022,-2.3754826,8.745073,0.2720603
3,42,10,0.0064000003,0.17257366,0.03801731,0.06687228,0.06768408,0.09749014,-0.008973862,9.839923,2.5805116,22.165855,1.3883535,0.19498028,-0.017947724,0.25859675,0.06781678,0.26016164,0.016295165,253.00833,251.31123,337.2949,-3.968865,8.745073,0.25933406
3,43,10,0.0064000003,0.16837388,0.03040084,0.07064341,0.06732962,0.087179184,0.0012409774,10.113571,2.5763142,22.107737,0.57938033,0.17435837,0.0024819549,0.2657883,0.067706466,0.25947952,0.006800211,252.97415,251.14682,336.42883,-3.1556945,8.745073,0.26212287
3,44,10,0.0064000003,0.16069363,0.03289739,0.065115385,0.062680855,0.09068819,-0.0020484023,9.709805,2.413244,21.330875,-0.6227428,0.18137638,-0.0040968047,0.25517717,0.063420914,0.25036144,-0.0073091574,253.00691,251.21204,336.9798,-1.7905012,8.745073,0.25584018
3,45,10,0.0064000003,0.16486584,0.037866514,0.06258,0.06441933,0.0972966,-0.0049392832,9.518893,2.3251305,21.624659,0.9517788,0.1945932,-0.0098785665,0.25015995,0.061105274,0.25380963,0.011171077,253.01083,251.23962,337.37173,-3.2769094,8.743641,0.24614383
3,46,10,0.0064000003,0.16734692,0.03272666,0.06879911,0.06582116,0.09045256,0.0035375797,9.980678,2.2769568,21.858683,0.64288515,0.18090512,0.0070751593,0.26229584,0.059839245,0.25655636,0.0075455713,252.96997,251.20312,336.54507,-2.919842,8.743641,0.24658453
3,47,10,0.0064000003,0.16565137,0.034263067,0.0700349,0.061353397,0.092551425,0.0020378805,10.069918,2.216438,21.103792,-0.88557976,0.18510285,0.004075761,0.26464108,0.058248796,0.24769618,-0.010394089,252.95364,251.08131,336.62003,-1.3308582,8.743641,0.23697026
3,48,10,0.0064000003,0.1737239,0.040137805,0.06551564,0.06807047,0.10017211,-0.0036461705,9.7396,2.019222,22.229034,0.5660077,0.20034422,-0.007292341,0.25596023,0.05306588,0.26090318,0.006643258,252.95671,251.12166,336.72278,-2.5852296,8.743641,0.2300862
3,49,10,0.0064000003,0.16858171,0.03524637,0.067110784,0.06622456,0.09387008,0.0056182845,9.857455,2.1339686,21.92556,0.35331795,0.18774016,0.011236569,0.2590575,0.056081463,0.25734133,0.004146913,252.89792,250.91377,335.76108,-2.4872866,8.742036,0.2376995
3,50,10,0.0064000003,0.16384065,0.035480075,0.06654334,0.06181724,0.09418078,0.0028722968,9.815693,2.1814399,21.183416,-0.3611884,0.18836156,0.0057445937,0.25795996,0.057329025,0.24863073,-0.004239286,252.85861,250.71922,335.92075,-1.8202515,8.742036,0.22899216
3,51,10,0.0064000003,0.17422017,0.04033159,0.06667664,0.06721195,0.100413635,-0.0040624137,9.825519,2.305568,22.088408,1.2564049,0.20082727,-0.008124827,0.2582182,0.06059116,0.25925267,0.014746482,252.8298,250.58221,335.99707,-3.5619729,8.742036,0.23862123
3,52,10,0.0064000003,0.18521076,0.035195682,0.080182776,0.06983232,0.093802564,0.0047148466,10.774799,2.380045,22.51487,0.7130011,0.18760513,0.009429693,0.28316563,0.062548436,0.26425806,0.008368521,252.80043,250.47496,335.16666,-3.093046,8.742036,0.25202093
3,53,10,0.0064000003,0.17553951,0.03664175,0.076867886,0.06202987,0.09571017,0.0025321655,10.549726,2.1548843,21.219818,-0.23446517,0.19142035,0.005064331,0.2772506,0.056631126,0.24905796,-0.0027519297,252.79706,250.42708,335.34525,-1.9204192,8.740306,0.23059694
3,54,10,0.0064000003,0.18430361,0.045163807,0.06950637,0.06963343,0.10625889,-0.002235169,10.031851,2.5553126,22.482786,1.4473393,0.21251778,-0.004470338,0.2636406,0.06715454,0.26388147,0.016987486,252.76416,250.2488,335.55875,-4.002652,8.740306,0.26103747
3,55,10,0.0064000003,0.18566076,0.03740367,0.076300845,0.07195625,0.09670014,0.0049078357,10.510741,2.7418413,22.854694,0.76329917,0.19340028,0.0098156715,0.27622607,0.072056584,0.26824662,0.008958879,252.7139,250.04242,334.7534,-3.5051405,8.740306,0.27667546
3,56,10,0.0064000003,0.18084204,0.036936734,0.08007015,0.06383517,0.09609466,0.0033821564,10.767231,2.4205399,21.526388,-0.3292193,0.19218932,0.0067643127,0.2829667,0.06361266,0.25265622,-0.0038640602,252.74475,250.09514,335.16742,-2.0913205,8.740306,0.25649688
3,57,10,0.0064000003,0.1885016,0.04390962,0.076327585,0.0682644,0.10477311,5.9727467e-5,10.512583,2.1516142,22.260677,1.6288143,0.20954622,0.00011945493,0.27627447,0.056545198,0.26127458,0.019117465,252.75572,250.19585,335.31622,-3.7804284,8.738452,0.25772795
3,58,10,0.0064000003,0.18342517,0.0388566,0.0775206,0.06704797,0.098560385,0.0075710206,10.594422,2.2234764,22.061451,0.9357719,0.19712077,0.015142041,0.27842522,0.058433775,0.25893623,0.010983209,252.71431,250.12622,334.5974,-3.1592484,8.738452,0.2606643
3,59,10,0.0064000003,0.17898716,0.039077517,0.076948754,0.06296089,0.09884017,0.0049712434,10.555272,2.1107314,21.378471,-0.35238516,0.19768034,0.009942487,0.27739638,0.05547078,0.2509201,-0.004135959,252.68225,249.93503,334.79364,-1.7583462,8.738452,0.24367873
3,60,10,0.0064000003,0.1922324,0.04248655,0.07571259,0.07403327,0.103061326,-0.0012681849,10.470146,2.5015247,23.182201,1.5902547,0.20612265,-0.0025363697,0.2751592,0.06574099,0.27209055,0.018664887,252.63463,249.74791,334.7721,-4.091779,8.738452,0.2824972
3,61,10,0.0064000003,0.20135961,0.04372161,0.084813155,0.07282485,0.104548566,0.0067511676,11.081544,2.6849074,22.992226,1.6904335,0.20909713,0.013502335,0.29122698,0.07056033,0.2698608,0.0198407,252.5417,249.40071,333.77893,-4.375341,8.736568,0.29108346
3,62,10,0.0064000003,0.18453342,0.041035626,0.07741227,0.066085525,0.10128626,0.004824044,10.587016,2.648307,21.902534,0.64788866,0.20257252,0.009648088,0.2782306,0.069598466,0.25707105,0.0076043005,252.50806,249.24664,334.04486,-3.2961957,8.736568,0.2699059
3,63,10,0.0064000003,0.20096868,0.050720826,0.077836685,0.07241119,0.11260642,-9.2701324e-5,10.615999,2.8874803,22.92683,2.4878027,0.22521284,-0.00018540265,0.27899227,0.07588403,0.26909328,0.029199455,252.4641,249.06818,333.80936,-5.3752832,8.736568,0.29552892
3,64,10,0.0064000003,0.19624461,0.04494251,0.0759947,0.0753074,0.10599824,0.0059560677,10.4896345,3.0971026,23.380835,1.9864519,0.21199648,0.011912135,0.27567136,0.08139298,0.27442193,0.023315078,252.3913,248.75525,332.94373,-5.0835543,8.736568,0.30506715
3,65,10,0.0064000003,0.18592064,0.043031845,0.07404412,0.068844676,0.10372059,0.0033372147,10.354137,2.8506532,22.355087,1.2845005,0.20744118,0.0066744294,0.2721105,0.07491619,0.2623827,0.015076242,252.37135,248.58896,333.23746,-4.135154,8.734692,0.2804629
3,66,10,0.0064000003,0.19071856,0.047173824,0.0695611,0.07398363,0.10859768,-0.00061966246,10.035798,2.7630236,23.174429,2.910427,0.21719536,-0.0012393249,0.26374438,0.07261326,0.27199933,0.034159817,252.35689,248.6019,333.37222,-5.6734505,8.734692,0.28639877
3,67,10,0.0064000003,0.19235642,0.042303484,0.07816667,0.07188627,0.10283905,0.005612885,10.638477,2.939473,22.843582,2.1016507,0.2056781,0.01122577,0.27958304,0.07725039,0.26811615,0.024667166,252.29597,248.402,332.7167,-5.0411234,8.734692,0.30553082
3,68,10,0.0064000003,0.19646093,0.043188713,0.08620048,0.067071736,0.10390947,0.0031866678,11.171809,2.7952852,22.065361,1.0707376,0.20781894,0.0063733356,0.2935992,0.073461115,0.25898212,0.012567301,252.26003,248.19128,332.83328,-3.8660228,8.734692,0.28932086
3,69,10,0.0064000003,0.2100433,0.046199605,0.089810014,0.07403368,0.10747047,-0.00068776583,11.403314,2.6701293,23.182264,3.0350661,0.21494094,-0.0013755317,0.29968318,0.07017196,0.2720913,0.03562271,252.23903,248.17998,332.74283,-5.7051954,8.7328615,0.27738833
3,70,10,0.0064000003,0.2086147,0.04534448,0.09022073,0.07304951,0.10647122,0.007836361,11.4293585,2.6878603,23.027662,2.1835175,0.21294244,0.015672723,0.30036765,0.07063794,0.27027673,0.025628047,252.2304,248.20947,332.29483,-4.871378,8.7328615,0.27468568
3,71,10,0.0064000003,0.19589531,0.047296867,0.082375295,0.066223145,0.10873921,0.006354692,10.92112,2.7253783,21.925327,1.3135866,0.21747842,0.012709384,0.28701097,0.07162393,0.25733858,0.015417628,252.23882,248.22743,332.74142,-4.0389647,8.7328615,0.26302004
3,72,10,0.0064000003,0.2004103,0.045864556,0.083801106,0.07074465,0.10708006,0.0019939216,11.01523,2.9958768,22.661469,3.136121,0.21416011,0.003987843,0.2894842,0.07873272,0.26597866,0.036808793,252.18964,248.09375,332.6845,-6.131998,8.7328615,0.28439838
3,73,10,0.0064000003,0.20076966,0.04382436,0.08952408,0.06742123,0.104671344,0.0093141375,11.385147,2.8913755,22.122772,2.5843654,0.20934269,0.018628275,0.29920575,0.07598639,0.25965598,0.030332813,252.10587,247.80489,331.6351,-5.475741,8.731067,0.29144076
3,74,10,0.0064000003,0.20173475,0.047217302,0.091343224,0.06317421,0.10864771,0.007584778,11.500239,2.7015347,21.414658,1.2651217,0.21729542,0.015169556,0.30223042,0.070997305,0.2513448,0.01484879,252.09302,247.703,331.9657,-3.9666564,8.731067,0.2549754
3,75,10,0.0064000003,0.2229024,0.048782855,0.10267048,0.071449056,0.110434204,0.0036031676,12.192464,2.928735,22.774008,2.9326065,0.22086841,0.007206335,0.32042235,0.07696821,0.26729956,0.034420133,252.10243,247.73422,332.18805,-5.8613415,8.731067,0.2769677
3,76,10,0.0064000003,0.22765681,0.048752673,0.10688074,0.072023384,0.110400036,0.009719247,12.439943,2.9394608,22.865356,2.5096927,0.22080007,0.019438494,0.3269262,0.07725009,0.26837173,0.029456368,252.10602,247.80489,331.67484,-5.4491534,8.731067,0.2877396
3,77,10,0.0064000003,0.2196084,0.050215904,0.10337637,0.06601613,0.11204453,0.0071763927,12.234305,2.6387205,21.891033,1.6535676,0.22408906,0.014352785,0.32152197,0.06934653,0.25693604,0.019407999,252.11961,247.83627,332.13834,-4.292288,8.7293415,0.25585684
3,78,10,0.0064000003,0.23319013,0.050985087,0.108184196,0.07402085,0.112899385,0.0019541637,12.515569,2.7870884,23.180258,3.5214453,0.22579877,0.0039083273,0.32891366,0.07324568,0.27206773,0.041331373,252.12042,247.84904,332.24567,-6.3085337,8.7293415,0.2919653
3,79,10,0.0064000003,0.22550681,0.04986089,0.10404582,0.071600094,0.11164776,0.010196279,12.273856,2.5705063,22.798067,2.7675815,0.22329552,0.020392558,0.32256135,0.067553826,0.26758194,0.032483235,252.12186,247.94443,331.65744,-5.338088,8.7293415,0.2671249
3,80,10,0.0064000003,0.22681138,0.05499226,0.10577432,0.0660448,0.11725214,0.008153318,12.375389,2.4545102,21.895784,1.7511209,0.23450428,0.016306637,0.32522964,0.06450539,0.25699183,0.020552997,252.1441,247.93225,331.90826,-4.2056313,8.7293415,0.26546726
3,81,10,0.0064000003,0.21734548,0.05259909,0.093050495,0.0716959,0.11467246,0.0057962104,11.607216,1.9295158,22.813316,2.5146916,0.22934492,0.011592421,0.3050418,0.050708357,0.2677609,0.02951505,252.18837,248.11859,332.35638,-4.444207,8.727657,0.24973677
3,82,10,0.0064000003,0.21199214,0.054602746,0.084335536,0.07305386,0.11683615,0.013070213,11.050299,1.715278,23.028349,2.1297083,0.2336723,0.026140425,0.2904058,0.045078125,0.27028477,0.024996484,252.22076,248.40242,332.16556,-3.8449864,8.727657,0.24868073
3,83,10,0.0064000003,0.20170277,0.050273918,0.08744123,0.06398763,0.11210923,0.009919926,11.251925,1.604683,21.55208,1.0256009,0.22421846,0.019839851,0.29570463,0.04217164,0.25295776,0.012037528,252.204,248.37552,332.66827,-2.6302838,8.727657,0.21785775
3,84,10,0.0064000003,0.21823043,0.051328573,0.09408858,0.07281327,0.11327905,0.005398767,11.671781,2.2442887,22.990396,3.0680728,0.2265581,0.010797534,0.30673862,0.058980715,0.26983935,0.03601012,252.1263,248.0941,332.36844,-5.3123617,8.727657,0.2699845
3,85,10,0.0064000003,0.21279049,0.05123334,0.089885905,0.07167125,0.11317392,0.011784948,11.40813,2.198818,22.809391,2.2732663,0.22634783,0.023569897,0.29980978,0.057785727,0.26771486,0.026681433,252.02928,247.68576,331.41257,-4.472084,8.725978,0.2702108
3,86,10,0.0064000003,0.20450887,0.050066102,0.09137454,0.06306823,0.11187728,0.009074195,11.502209,1.9983219,21.396687,1.5076201,0.22375455,0.01814839,0.3022822,0.05251661,0.2511339,0.017695008,252.00691,247.59595,331.49277,-3.5059419,8.725978,0.25183263
3,87,10,0.0064000003,0.22498009,0.05629041,0.097491905,0.07119777,0.118628,0.0051556947,11.880999,2.267372,22.733925,3.313197,0.237256,0.010311389,0.31223693,0.059587352,0.2668291,0.038887143,251.98492,247.54991,331.31937,-5.580569,8.725978,0.2921911
3,88,10,0.0064000003,0.24344596,0.05818362,0.11249809,0.07276424,0.12060641,0.012033149,12.762663,2.1890867,22.982656,1.9973407,0.24121282,0.024066297,0.33540735,0.05752998,0.26974848,0.02344288,251.95111,247.41083,330.71582,-4.186427,8.725978,0.27747923
3,89,10,0.0064000003,0.24658167,0.057213318,0.12582503,0.06354332,0.119596526,0.011085385,13.497466,1.5897642,21.477123,1.3806543,0.23919305,0.02217077,0.35471824,0.041779596,0.252078,0.016204804,251.98149,247.57022,330.99606,-2.9704185,8.724426,0.23993061
3,90,10,0.0064000003,0.25008675,0.058491208,0.12744437,0.064151175,0.12092478,0.007678723,13.584043,1.7446826,21.579607,2.7079854,0.24184956,0.015357446,0.35699353,0.04585087,0.25328082,0.03178375,252.01385,247.74109,331.18875,-4.452668,8.724426,0.25589487
3,91,10,0.0064000003,0.2467776,0.06047376,0.12328961,0.06301422,0.122957066,0.013807798,13.360783,2.0714257,21.387524,2.203597,0.24591413,0.027615596,0.3511262,0.05443783,0.25102633,0.025863722,251.94977,247.41762,330.47485,-4.2750225,8.724426,0.27196917
3,92,10,0.0064000003,0.22956541,0.056738093,0.11500369,0.057823624,0.1190988,0.010741788,12.904005,2.0736191,20.48773,1.8179554,0.2381976,0.021483576,0.33912194,0.054495446,0.24046543,0.021337427,251.95076,247.34319,330.60556,-3.8915744,8.724426,0.2597756
3,93,10,0.0064000003,0.22425139,0.058996633,0.1051464,0.060108364,0.12144611,0.0071174437,12.338599,1.652905,20.888569,2.8589141,0.24289222,0.014234887,0.32426286,0.043438956,0.24517007,0.033555206,251.98303,247.57188,330.67783,-4.511819,8.723009,0.23313478
3,94,10,0.0064000003,0.22090395,0.059802774,0.10124979,0.05985138,0.12227303,0.01331271,12.107815,1.6250169,20.843868,1.7479643,0.24454606,0.02662542,0.31819773,0.042706028,0.24464542,0.02051593,251.94725,247.47884,330.0803,-3.372981,8.723009,0.2379141
3,95,10,0.0064000003,0.2301133,0.058765884,0.10904024,0.062307186,0.12120838,0.01098318,12.564987,1.5722824,21.2672,1.0805742,0.24241675,0.02196636,0.3302124,0.041320156,0.24961407,0.012682747,251.95728,247.40665,330.65622,-2.6528566,8.723009,0.2226355
3,96,10,0.0064000003,0.24497083,0.05677549,0.12028126,0.06791408,0.11913804,0.006547412,13.19677,1.9881954,22.203485,2.7127478,0.23827608,0.013094824,0.34681588,0.05225048,0.2606033,0.031839646,251.98366,247.50136,331.15918,-4.700943,8.723009,0.24075164
3,97,10,0.0064000003,0.23578861,0.054623347,0.11889721,0.062268056,0.11685819,0.012310965,13.120624,1.4411916,21.260519,2.0077026,0.23371638,0.02462193,0.34481475,0.037875023,0.24953568,0.023564503,252.00328,247.66687,330.66168,-3.448894,8.72165,0.22172078
3,98,10,0.0064000003,0.23946665,0.05893093,0.12147133,0.059064392,0.12137847,0.010272536,13.261894,1.2212037,20.706375,1.3018105,0.24275693,0.020545073,0.34852737,0.032093663,0.24303167,0.015279411,252.06784,248.0999,331.2594,-2.523014,8.72165,0.22538374
3,99,10,0.0064000003,0.2469002,0.06019272,0.12201921,0.06468826,0.12267102,0.005736207,13.291769,1.439379,21.669752,2.8486483,0.24534205,0.011472414,0.34931248,0.037827406,0.25433886,0.033434715,252.06512,248.14006,331.3526,-4.2880273,8.72165,0.2456541
3,100,10,0.0064000003,0.23408431,0.058095552,0.11372107,0.062267683,0.12051509,0.011243376,12.831845,1.4611405,21.260456,2.201179,0.24103019,0.022486752,0.33722556,0.038399298,0.24953493,0.02583534,252.03261,248.00055,330.73993,-3.6623197,8.72165,0.25101086
4,1,10,0.0051200003,0.15813142,0.035358276,0.070820145,0.051953,0.09401898,0.0100122485,10.126213,1.0162449,19.41988,1.7720784,0.18803796,0.020024497,0.26612055,0.026707282,0.227932,0.020798968,251.74763,247.85655,332.86813,-2.7883234,8.720445,0.15971094
4,2,10,0.0051200003,0.1465192,0.037030544,0.0633305,0.04615815,0.09621661,0.0077030356,9.575801,0.2762301,18.30482,0.41189304,0.19243322,0.015406071,0.25165552,0.0072594266,0.21484448,0.004834405,251.85619,248.2815,333.87296,-0.6881231,8.720445,0.16200289
4,3,10,0.0051200003,0.15358816,0.04320239,0.06035157,0.0500342,0.10392592,0.0017058119,9.347877,0.32590055,19.057882,1.985055,0.20785184,0.0034116239,0.24566557,0.008564783,0.22368325,0.02329868,251.91112,248.49113,334.36978,-2.3109555,8.720445,0.14714251
4,4,10,0.0051200003,0.15361235,0.036975034,0.06429526,0.05234205,0.09614447,0.010428719,9.648463,0.36110216,19.492458,1.6184115,0.19228894,0.020857438,0.2535651,0.009489898,0.22878385,0.018995369,251.8993,248.51419,333.8165,-1.9795136,8.720445,0.17195113
4,5,10,0.0051200003,0.15079519,0.03583766,0.066719845,0.048237685,0.09465419,0.0072598583,9.828703,0.033412393,18.712612,0.8920774,0.18930838,0.014519717,0.25830185,0.00087808963,0.2196308,0.010470354,251.89954,248.4885,334.41028,-0.9254898,8.7195425,0.18835272
4,6,10,0.0051200003,0.1603518,0.04645522,0.06443549,0.04946109,0.107767366,-8.446746e-5,9.658979,0.11780371,18.948421,2.6995094,0.21553473,-0.00016893492,0.25384146,0.0030959263,0.22239849,0.031684265,251.89986,248.40738,334.5898,-2.8173132,8.7195425,0.16282006
4,7,10,0.0051200003,0.15016067,0.0330933,0.06474782,0.052319556,0.09095782,0.009134738,9.682361,-0.12185449,19.488268,1.5759891,0.18191564,0.018269476,0.25445592,-0.003202381,0.22873469,0.018497452,251.91101,248.55556,334.24164,-1.4541346,8.7195425,0.19894513
4,8,10,0.0051200003,0.14754887,0.033989143,0.06524736,0.048312366,0.09218072,0.0062325047,9.719639,-0.6460939,18.72709,0.10754996,0.18436144,0.0124650095,0.25543562,-0.016979575,0.21980074,0.0012623204,251.97546,248.76472,334.9883,0.53854394,8.7195425,0.2314451
4,9,10,0.0051200003,0.15537792,0.038753062,0.06480401,0.05182085,0.09842899,-0.0009968886,9.686562,-0.73627126,19.395164,1.3850816,0.19685797,-0.0019937772,0.2545663,-0.019349474,0.22764194,0.016256759,252.04393,248.99387,335.40906,-0.6488104,8.718775,0.19182481
4,10,10,0.0051200003,0.15693817,0.033241216,0.07181052,0.051886424,0.09116087,0.007836493,10.196772,-0.8883422,19.407433,0.9307727,0.18232174,0.015672985,0.26797485,-0.023345953,0.22778592,0.010924525,252.08517,249.2854,335.0752,-0.04243052,8.718775,0.21252182
4,11,10,0.0051200003,0.1573076,0.036152992,0.071801595,0.049353004,0.0950697,0.0061133755,10.196138,-1.3103402,18.927708,-0.033454742,0.1901394,0.012226751,0.2679582,-0.034436215,0.22215536,-0.00039266096,252.14334,249.51065,335.72437,1.343795,8.718775,0.22923635
4,12,10,0.0051200003,0.18050073,0.0471508,0.08136464,0.051985297,0.10857117,0.0007454551,10.853917,-1.1404423,19.425917,1.6757545,0.21714234,0.0014909102,0.28524488,-0.029971233,0.22800285,0.019668408,252.19182,249.58963,335.96054,-0.5353123,8.718775,0.18980823
4,13,10,0.0051200003,0.17142603,0.03749735,0.08430855,0.04962012,0.09682116,0.009112856,11.04853,-1.4164667,18.978859,1.2738885,0.19364232,0.018225713,0.29035935,-0.03722526,0.22275575,0.014951686,252.2178,249.78618,335.10434,0.14257824,8.718142,0.21077277
4,14,10,0.0051200003,0.16608503,0.03703546,0.08109997,0.04794959,0.096223,0.0072867773,10.836249,-2.1016254,18.656649,-0.3313963,0.192446,0.0145735545,0.28478056,-0.05523147,0.21897395,-0.0038896138,252.29163,250.02744,336.0089,2.4330218,8.718142,0.2724742
4,15,10,0.0051200003,0.17343813,0.042814862,0.08126615,0.049357116,0.10345876,0.0012618119,10.847345,-1.9651828,18.928495,1.0714346,0.20691752,0.0025236239,0.28507218,-0.05164571,0.22216462,0.012575478,252.33606,250.14883,336.65787,0.89374816,8.718142,0.23297468
4,16,10,0.0051200003,0.16731621,0.03289676,0.08151469,0.052904774,0.09068732,0.0072085634,10.863919,-1.7414982,19.596956,0.9873007,0.18137464,0.014417127,0.28550777,-0.045767214,0.23001038,0.011588003,252.31526,250.19296,336.03586,0.75419754,8.718142,0.23873408
4,17,10,0.0051200003,0.16528526,0.03338509,0.085624464,0.046275698,0.09135794,0.004520534,11.134419,-2.2270248,18.32811,-0.31465873,0.18271588,0.009041068,0.29261658,-0.058527015,0.21511787,-0.0036931664,252.3329,250.1914,336.60034,2.5416834,8.717675,0.2866624
4,18,10,0.0051200003,0.16973332,0.03938396,0.07805107,0.052298293,0.09922696,-0.0042049335,10.630607,-1.3618512,19.484306,1.5151256,0.19845392,-0.008409867,0.2793762,-0.03578994,0.2286882,0.017783096,252.3285,250.0449,336.892,-0.15327442,8.717675,0.19912522
4,19,10,0.0051200003,0.16378877,0.030614428,0.081806086,0.051368244,0.087484896,0.0029135232,10.883322,-0.65456104,19.31028,1.5868088,0.17496979,0.0058270465,0.28601763,-0.017202094,0.22664563,0.018624444,252.28905,249.88037,336.10544,-0.93224776,8.717675,0.19892909
4,20,10,0.0051200003,0.16178918,0.032122917,0.08369067,0.045975592,0.08961434,0.0018160827,11.007969,-1.2495824,18.268583,0.4004018,0.17922868,0.0036321655,0.2892934,-0.032839477,0.2144192,0.0046995217,252.31277,249.90471,336.50067,0.8491806,8.717675,0.23995465
4,21,10,0.0051200003,0.17089012,0.039838202,0.08121,0.049841926,0.09979755,-0.007019816,10.843598,-1.3518807,19.021229,1.6125382,0.1995951,-0.014039632,0.28497368,-0.035527904,0.22325306,0.018926436,252.35898,250.07817,336.82608,-0.26065755,8.717387,0.20214336
4,22,10,0.0051200003,0.16977361,0.031890854,0.081110746,0.056772005,0.08929005,0.0014243944,10.83697,-1.4153091,20.300575,1.5867485,0.1785801,0.0028487889,0.2847995,-0.03719483,0.23826876,0.018623741,252.39102,250.35889,336.3075,-0.17143941,8.717387,0.22889405
4,23,10,0.0051200003,0.16013122,0.035201304,0.07765397,0.047275953,0.09381005,0.0018352665,10.603531,-1.9295496,18.525135,0.022680264,0.1876201,0.003670533,0.27866462,-0.050709266,0.21743034,0.00026619554,252.45337,250.53587,337.08096,1.9068693,8.717387,0.25916603
4,24,10,0.0051200003,0.16341144,0.04195437,0.06889136,0.052565716,0.102413826,-0.0074953707,9.987369,-1.7632382,19.53406,1.8742671,0.20482765,-0.014990741,0.26247165,-0.04633854,0.22927214,0.021998355,252.50821,250.74947,337.56918,-0.11102891,8.717387,0.22231913
4,25,10,0.0051200003,0.16224661,0.03165734,0.07290397,0.0576853,0.08896255,-0.00053586264,10.274111,-1.5355057,20.463211,2.2633586,0.1779251,-0.0010717253,0.27000734,-0.04035364,0.24017765,0.02656515,252.46768,250.71849,336.70908,-0.72785294,8.717303,0.24146105
4,26,10,0.0051200003,0.16574371,0.03214019,0.083166614,0.050436895,0.08963843,-0.0034307446,10.973449,-1.9040895,19.134426,0.6691029,0.17927685,-0.0068614893,0.28838623,-0.050040174,0.2245816,0.00785329,252.48518,250.74521,337.34985,1.2349865,8.717303,0.2663273
4,27,10,0.0051200003,0.19183819,0.050036583,0.08344132,0.05836029,0.111844294,-0.011723724,10.991557,-1.289042,20.582584,2.825556,0.22368859,-0.023447448,0.2888621,-0.03387649,0.24157874,0.033163678,252.51125,250.77194,337.6235,-1.536514,8.717303,0.21472959
4,28,10,0.0051200003,0.18417528,0.03302444,0.08783311,0.06331774,0.09086314,-0.0033194525,11.27711,-1.1347357,21.438969,2.5456426,0.18172628,-0.006638905,0.2963665,-0.029821271,0.25163016,0.029878322,252.5341,250.83191,336.979,-1.4109069,8.717303,0.23007105
4,29,10,0.0051200003,0.179261,0.033937953,0.094363846,0.050959192,0.09211128,-0.0044211526,11.688841,-2.0609581,19.233242,0.80678,0.18422256,-0.008842305,0.307187,-0.05416272,0.22574143,0.009469214,252.60559,251.0857,337.47763,1.2541782,8.717412,0.27567592
4,30,10,0.0051200003,0.19831786,0.04890423,0.09388211,0.05553152,0.1105715,-0.011938186,11.658967,-2.0292735,20.077564,2.2017953,0.221143,-0.023876373,0.30640188,-0.053330038,0.23565127,0.02584257,252.67328,251.33124,337.92883,-0.17252183,8.717412,0.23345046
4,31,10,0.0051200003,0.17749369,0.032318156,0.086904064,0.058271464,0.089886256,-0.002193959,11.217309,-2.0465333,20.566916,1.4584862,0.17977251,-0.004387918,0.29479495,-0.053783644,0.24139483,0.017118312,252.70576,251.54697,337.61017,0.58804715,8.717412,0.2538542
4,32,10,0.0051200003,0.18171114,0.038755003,0.09297713,0.04997901,0.09843145,-0.0020797467,11.602638,-2.883903,19.04737,0.4264296,0.1968629,-0.0041594934,0.3049215,-0.07579001,0.22355986,0.005005025,252.78154,251.79735,338.16135,2.4574735,8.717412,0.30104825
4,33,10,0.0051200003,0.20377311,0.058776468,0.09156989,0.053426746,0.12121929,-0.009679791,11.514499,-2.546146,19.693394,1.8094769,0.24243858,-0.019359581,0.30260518,-0.06691364,0.23114227,0.02123792,252.88342,252.16493,338.8446,0.73666906,8.71764,0.2700175
4,34,10,0.0051200003,0.18390219,0.03374995,0.091372915,0.05877933,0.091855794,-0.0016826708,11.502107,-2.5728128,20.656347,1.7624186,0.18371159,-0.0033653416,0.30227953,-0.06761446,0.24244449,0.020685596,252.90605,252.36636,338.21347,0.81039417,8.71764,0.2970313
4,35,10,0.0051200003,0.19557945,0.036875486,0.10429226,0.054411706,0.096014954,-0.00027540597,12.2883835,-3.1206045,19.874094,0.56150526,0.19202991,-0.00055081194,0.32294312,-0.08201062,0.23326316,0.0065904087,252.95427,252.56679,338.72153,2.5590992,8.71764,0.32491475
4,36,10,0.0051200003,0.21760811,0.056225147,0.102928326,0.05845463,0.11855921,-0.008423338,12.207765,-2.9214792,20.599216,1.9082838,0.23711842,-0.016846675,0.32082444,-0.076777525,0.24177392,0.022397615,252.98065,252.5975,339.129,1.0131954,8.71764,0.31755608
4,37,10,0.0051200003,0.20200881,0.03565034,0.09869661,0.067661874,0.094406486,-0.0029603995,11.95418,-2.344847,22.162218,2.4283626,0.18881297,-0.005920799,0.31416017,-0.061623428,0.26011896,0.028501809,252.98631,252.68155,338.6685,-0.083515644,8.71794,0.3133188
4,38,10,0.0051200003,0.188391,0.03774836,0.0985623,0.05208033,0.097144686,-0.0041953446,11.946044,-2.937906,19.443663,0.5334089,0.19428937,-0.008390689,0.31394634,-0.077209204,0.22821115,0.006260641,253.01825,252.69499,339.41074,2.4044971,8.71794,0.30964795
4,39,10,0.0051200003,0.19111452,0.049593996,0.086576104,0.05494442,0.11134855,-0.0138690835,11.196124,-2.5893853,19.971148,2.2573066,0.2226971,-0.027738167,0.29423818,-0.068049975,0.23440225,0.026494114,253.072,252.87386,339.8704,0.3320787,8.71794,0.289295
4,40,10,0.0051200003,0.1801779,0.034392163,0.08540939,0.06037635,0.09272562,-0.0034223236,11.120428,-2.300209,20.93508,2.3894348,0.18545124,-0.006844647,0.29224885,-0.06045031,0.24571599,0.028044904,253.0479,252.8187,339.0344,-0.08922577,8.71794,0.31627187
4,41,10,0.0051200003,0.17495507,0.034467652,0.0890298,0.051457617,0.09282733,-0.0068169013,11.353673,-2.7054873,19.32707,1.2043166,0.18565466,-0.0136338025,0.29837862,-0.07110119,0.22684272,0.0141351195,253.06615,252.81183,339.48517,1.5011706,8.718357,0.27850914
4,42,10,0.0051200003,0.18760964,0.043801878,0.083806865,0.060000904,0.10464449,-0.016151516,11.015609,-2.2369783,20.869888,2.9339519,0.20928898,-0.03230303,0.28949416,-0.058788598,0.24495082,0.03443593,253.05696,252.676,339.71756,-0.69697356,8.718357,0.2651517
4,43,10,0.0051200003,0.1923416,0.031336192,0.08911182,0.07189359,0.088510156,-0.008924196,11.358901,-1.9770864,22.844744,3.4534395,0.17702031,-0.017848391,0.29851604,-0.051958546,0.2681298,0.04053317,253.03577,252.65923,338.80386,-1.476353,8.718357,0.30765495
4,44,10,0.0051200003,0.17080578,0.033495832,0.08568946,0.051620476,0.091509335,-0.007742539,11.138644,-2.7401764,19.357634,1.4752985,0.18301867,-0.015485078,0.29272762,-0.07201283,0.2272014,0.017315652,253.11893,253.00726,339.28735,1.2648779,8.718357,0.26538885
4,45,10,0.0051200003,0.1936712,0.052129664,0.08424029,0.057301246,0.11415961,-0.01780297,11.044056,-2.421285,20.394978,3.219319,0.22831921,-0.03560594,0.29024178,-0.06363225,0.23937678,0.03778529,253.20274,253.36072,339.7845,-0.7980342,8.718888,0.25125605
4,46,10,0.0051200003,0.18184432,0.033331614,0.08897236,0.059540343,0.09128474,-0.007905636,11.350009,-2.3591354,20.789637,2.4367695,0.18256947,-0.015811272,0.29828236,-0.061998926,0.2440089,0.028600471,253.25797,253.63115,339.46442,-0.077634096,8.718888,0.26495287
4,47,10,0.0051200003,0.19248652,0.03566651,0.10239572,0.054424286,0.0944279,-0.007095845,12.176139,-3.072387,19.876392,0.893094,0.1888558,-0.01419169,0.31999332,-0.08074344,0.23329014,0.010482288,253.32329,253.83553,339.9171,2.179293,8.718888,0.28706115
4,48,10,0.0051200003,0.21158534,0.051345456,0.103353724,0.056886174,0.11329768,-0.014826862,12.2329645,-2.9076436,20.320976,2.4649081,0.22659536,-0.029653724,0.32148674,-0.07641393,0.23850822,0.028930746,253.3478,253.8628,340.27692,0.44273543,8.718888,0.2970537
4,49,10,0.0051200003,0.19991137,0.034497418,0.10682603,0.058587924,0.092867404,-0.010197805,12.436758,-2.201936,20.622688,2.5591366,0.18573481,-0.02039561,0.32684252,-0.05786766,0.24204943,0.030036705,253.32585,253.7418,339.69254,-0.35720062,8.719527,0.23483
4,50,10,0.0051200003,0.2066678,0.038155086,0.11398422,0.054528493,0.097666636,-0.01075228,12.846684,-2.7280898,19.895414,1.2882996,0.19533327,-0.02150456,0.3376155,-0.071695186,0.23351337,0.015120829,253.3325,253.66603,339.73752,1.4397902,8.719527,0.30633298
4,51,10,0.0051200003,0.21410713,0.04883623,0.1127687,0.05250219,0.110494606,-0.01538465,12.778002,-2.807237,19.522253,2.2378712,0.22098921,-0.0307693,0.3358105,-0.073775195,0.22913356,0.026265992,253.3573,253.7605,339.8266,0.56936574,8.719527,0.2837798
4,52,10,0.0051200003,0.1955041,0.034177404,0.10336616,0.05796054,0.09243566,-0.008772341,12.233701,-2.5271492,20.511972,2.6284022,0.18487132,-0.017544681,0.32150608,-0.06641438,0.24074996,0.030849677,253.33858,253.72928,339.23074,-0.10125303,8.719527,0.3044486
4,53,10,0.0051200003,0.18942493,0.036794275,0.09971813,0.052912533,0.09590917,-0.009222391,12.015884,-2.7873764,19.598394,1.2997932,0.19181834,-0.018444782,0.31578177,-0.07325327,0.23002724,0.015255735,253.38376,253.85771,339.93292,1.4875832,8.720266,0.28915176
4,54,10,0.0051200003,0.20822416,0.051740546,0.09911298,0.057370637,0.11373274,-0.01656347,11.979368,-2.4443905,20.407322,2.922279,0.22746548,-0.03312694,0.31482214,-0.06423946,0.23952168,0.034298915,253.42604,254.01085,340.3529,-0.47788835,8.720266,0.3004273
4,55,10,0.0051200003,0.19789451,0.036492586,0.10207265,0.059329264,0.09551516,-0.009172004,12.156916,-2.127432,20.752752,3.1673553,0.19103032,-0.018344007,0.3194881,-0.055909667,0.24357599,0.037175395,253.39452,254.01059,339.6348,-1.0399232,8.720266,0.3090839
4,56,10,0.0051200003,0.18795264,0.034850735,0.099991836,0.053110067,0.09334176,-0.01187122,12.032364,-2.168142,19.634943,1.9568567,0.18668352,-0.02374244,0.31621486,-0.056979556,0.23045622,0.022967719,253.38191,253.84091,339.90735,0.21128535,8.720266,0.2733275
4,57,10,0.0051200003,0.20818885,0.05384452,0.097059965,0.057284374,0.11602211,-0.019295739,11.854649,-1.9891126,20.391973,3.7912574,0.23204422,-0.038591478,0.31154448,-0.052274585,0.23934154,0.044498164,253.4001,253.89386,340.0201,-1.8021448,8.721059,0.28355503
4,58,10,0.0051200003,0.19417539,0.03544782,0.09843974,0.06028784,0.09413796,-0.0108423205,11.938613,-2.1038709,20.91973,3.821288,0.18827592,-0.021684641,0.31375107,-0.05529049,0.24553582,0.04485063,253.41772,254.07256,339.40784,-1.7174172,8.721059,0.30707246
4,59,10,0.0051200003,0.19346222,0.039140403,0.10243593,0.051885888,0.09891967,-0.009269109,12.178529,-2.4819474,19.407331,1.7459892,0.19783933,-0.018538218,0.32005614,-0.06522648,0.22778474,0.020492759,253.46033,254.1573,340.13873,0.7359582,8.721059,0.26609042
4,60,10,0.0051200003,0.20072635,0.049343467,0.09466787,0.05671501,0.111066945,-0.018809756,11.707658,-2.091132,20.290382,3.311235,0.22213389,-0.037619513,0.30768144,-0.054955702,0.23814914,0.038864117,253.49171,254.25221,340.8153,-1.220103,8.721059,0.27046773
4,61,10,0.0051200003,0.19603445,0.036529277,0.09723601,0.062269162,0.095563166,-0.012269728,11.8653965,-1.4284207,21.260708,4.0083194,0.19112633,-0.024539456,0.31182688,-0.037539415,0.2495379,0.047045823,253.43604,254.08237,339.8019,-2.5798988,8.721907,0.2705742
4,62,10,0.0051200003,0.19717927,0.040040065,0.10591004,0.051229168,0.10005007,-0.013899148,12.383326,-1.8487264,19.284122,2.7808342,0.20010014,-0.027798297,0.32543823,-0.048585203,0.22633861,0.03263878,253.44156,254.0045,339.9364,-0.9321078,8.721907,0.27194586
4,63,10,0.0051200003,0.2116544,0.056488715,0.09644628,0.058719393,0.118836775,-0.021584492,11.817113,-1.6907518,20.645815,4.104418,0.23767355,-0.043168984,0.31055802,-0.04443359,0.24232085,0.04817374,253.50157,254.21977,340.40384,-2.413666,8.721907,0.2879362
4,64,10,0.0051200003,0.1852424,0.03615183,0.091047294,0.058043268,0.09506817,-0.013927144,11.481593,-1.520776,20.526604,4.1952496,0.19013634,-0.027854288,0.30174044,-0.03996654,0.2409217,0.049239833,253.48947,254.18173,339.94043,-2.6744735,8.721907,0.2761006
4,65,10,0.0051200003,0.18813646,0.039009772,0.09781621,0.05131048,0.09875446,-0.013766296,11.9007435,-1.6270264,19.29942,2.4205072,0.19750892,-0.027532592,0.31275582,-0.04275885,0.22651817,0.028409606,253.4972,254.15112,340.2266,-0.79348075,8.722844,0.2851872
4,66,10,0.0051200003,0.20540977,0.04732837,0.10174089,0.056340497,0.10877542,-0.02032525,12.137142,-1.4325839,20.223278,3.65534,0.21755084,-0.0406505,0.31896847,-0.037648834,0.23736154,0.042902887,253.49274,254.10815,340.4114,-2.222756,8.722844,0.30106166
4,67,10,0.0051200003,0.20442332,0.036608674,0.10478216,0.06303249,0.09566697,-0.013047425,12.317209,-1.1815696,21.390623,4.185732,0.19133393,-0.02609485,0.32370073,-0.03105206,0.25106272,0.04912812,253.42284,253.91998,339.43848,-3.0041623,8.722844,0.32898653
4,68,10,0.0051200003,0.19298975,0.04198865,0.09760194,0.053399157,0.10245566,-0.014296117,11.887701,-1.2509505,19.688309,2.7497447,0.20491132,-0.028592234,0.3124131,-0.032875434,0.23108257,0.032273874,253.41124,253.79028,339.7523,-1.4987942,8.722844,0.3171577
4,69,10,0.0051200003,0.20611526,0.05535316,0.09545533,0.055306762,0.11763626,-0.02070495,11.756248,-0.9993178,20.036892,3.8496933,0.23527253,-0.0414099,0.30895847,-0.026262417,0.2351739,0.045184024,253.43394,253.87437,339.9888,-2.8503754,8.723916,0.32798803
4,70,10,0.0051200003,0.17872283,0.036629178,0.08790682,0.054186832,0.09569375,-0.013890849,11.281841,-0.9831979,19.832987,3.7634761,0.1913875,-0.027781699,0.29649085,-0.0258388,0.23278065,0.04417209,253.43872,253.93951,339.31287,-2.7802782,8.723916,0.32184508
4,71,10,0.0051200003,0.17747866,0.03679235,0.09057552,0.05011079,0.09590666,-0.013814285,11.451809,-1.6470412,19.072464,2.2542386,0.19181332,-0.02762857,0.30095768,-0.04328485,0.2238544,0.026458105,253.49072,254.13344,339.82748,-0.6071974,8.723916,0.3296427
4,72,10,0.0051200003,0.20802899,0.059074037,0.093869895,0.05508505,0.12152576,-0.020801948,11.658209,-1.3559028,19.996689,3.6867046,0.24305151,-0.041603897,0.30638194,-0.03563361,0.23470205,0.043271016,253.5105,254.2478,340.36557,-2.330802,8.723916,0.32546765
4,73,10,0.0051200003,0.18365046,0.036025595,0.09467655,0.05294832,0.094902046,-0.011059008,11.708193,-0.8426877,19.605019,3.2933125,0.18980409,-0.022118015,0.30769554,-0.022146149,0.23010501,0.038653757,253.4687,254.12926,339.6396,-2.450625,8.725089,0.27808303
4,74,10,0.0051200003,0.18897107,0.03713282,0.1010145,0.050823756,0.09634939,-0.012935166,12.093738,-1.1949447,19.207666,2.1101756,0.19269878,-0.025870332,0.3178278,-0.03140356,0.22544125,0.024767233,253.44868,253.97386,339.9457,-0.9152309,8.725089,0.33894932
4,75,10,0.0051200003,0.20150003,0.050930463,0.09777913,0.05279044,0.112838894,-0.020117363,11.898486,-0.6258192,19.57577,3.7355824,0.22567779,-0.040234726,0.31269655,-0.016446745,0.2297617,0.043844696,253.42862,253.80382,340.03424,-3.1097631,8.725089,0.31964922
4,76,10,0.0051200003,0.1875648,0.034568384,0.099020846,0.053975563,0.092962876,-0.013171688,11.9738,-0.5000495,19.794287,3.6435466,0.18592575,-0.026343375,0.31467578,-0.013141478,0.23232642,0.04276448,253.41563,253.84268,339.3253,-3.143497,8.725089,0.3131024
4,77,10,0.0051200003,0.19152242,0.03949938,0.10347128,0.04855177,0.09937225,-0.012148351,12.239921,-0.7854343,18.773434,1.924104,0.1987445,-0.024296703,0.32166952,-0.020641482,0.22034466,0.022583304,253.4394,253.9775,339.66376,-1.1386697,8.726333,0.32576606
4,78,10,0.0051200003,0.20532925,0.05056988,0.10300335,0.051756028,0.11243874,-0.017363053,12.2122135,-0.5542202,19.38303,3.0652769,0.22487748,-0.034726106,0.32094136,-0.0145650925,0.22749951,0.035977293,253.46944,254.0865,340.1848,-2.5110567,8.726333,0.30394992
4,79,10,0.0051200003,0.18298858,0.034818143,0.09768604,0.0504844,0.0932981,-0.009259008,11.892821,-0.35753223,19.143433,2.805751,0.1865962,-0.018518016,0.31254765,-0.009396081,0.22468734,0.032931224,253.43817,254.00063,339.6684,-2.4482188,8.726333,0.2850206
4,80,10,0.0051200003,0.19595216,0.042769477,0.10212287,0.05105981,0.10340391,-0.010996123,12.1599045,-0.5413247,19.25222,1.8437352,0.20680782,-0.021992246,0.3195667,-0.01422621,0.22596417,0.021640012,253.41635,253.88329,339.5251,-1.3024106,8.726333,0.32643896
4,81,10,0.0051200003,0.21300212,0.056215584,0.10400565,0.052780874,0.11854913,-0.016822327,12.271484,0.040838994,19.573996,3.1198087,0.23709826,-0.033644654,0.32249907,0.0010732642,0.22974089,0.03661734,253.42975,253.92175,339.637,-3.1606476,8.727608,0.28566653
4,82,10,0.0051200003,0.19729961,0.036868222,0.104597986,0.055833418,0.0960055,-0.008603963,12.306379,0.070072986,20.132065,3.2658432,0.192011,-0.017207926,0.3234161,0.0018415354,0.23629096,0.03833135,253.4276,254.02,338.9445,-3.335916,8.727608,0.2701563
4,83,10,0.0051200003,0.18974823,0.03602766,0.104230344,0.049490236,0.094904765,-0.008507595,12.284734,-0.28742674,18.954004,1.6122732,0.18980953,-0.01701519,0.32284725,-0.0075536594,0.22246401,0.01892333,253.45001,254.08481,339.71185,-1.3248465,8.727608,0.2872112
4,84,10,0.0051200003,0.20406576,0.053685892,0.09900882,0.051371034,0.11585108,-0.016480925,11.973073,0.23924209,19.310804,3.2927008,0.23170216,-0.03296185,0.31465667,0.0062873675,0.22665179,0.03864658,253.42216,253.92226,340.2874,-3.5319428,8.727608,0.28549814
4,85,10,0.0051200003,0.18709736,0.036268797,0.10072625,0.050102305,0.09522184,-0.008403066,12.07647,0.87579113,19.07085,2.7183182,0.19044368,-0.016806131,0.317374,0.023016116,0.22383544,0.03190502,253.34485,253.59671,339.20352,-3.5941093,8.72893,0.26110625
4,86,10,0.0051200003,0.1899746,0.042469416,0.09781848,0.049686722,0.103040546,-0.011929641,11.900882,0.78109264,18.991592,1.1906701,0.20608109,-0.023859281,0.31275946,0.020527396,0.22290519,0.013974947,253.3346,253.47379,339.07156,-1.9717628,8.72893,0.3141361
4,87,10,0.0051200003,0.20686725,0.05464968,0.099026136,0.053191423,0.116886355,-0.017931232,11.974119,1.1195507,19.649975,3.3163729,0.23377271,-0.035862464,0.31468418,0.029422196,0.23063266,0.038924426,253.35347,253.54344,339.21085,-4.4359236,8.72893,0.31230265
4,88,10,0.0051200003,0.18755189,0.035146266,0.09956968,0.052835938,0.093736686,-0.010213481,12.006937,1.2514838,19.584206,2.5277023,0.18747337,-0.020426963,0.31554663,0.032889433,0.2298607,0.029667765,253.3661,253.66505,338.7838,-3.7791862,8.72893,0.30959025
4,89,10,0.0051200003,0.19476426,0.043495342,0.103353895,0.047915015,0.104277685,-0.0066593233,12.232976,1.0848117,18.649923,0.4772299,0.20855537,-0.013318647,0.321487,0.028509222,0.21889499,0.005601264,253.42424,253.84935,339.2959,-1.5620415,8.730262,0.2960422
4,90,10,0.0051200003,0.20502669,0.05337409,0.09952163,0.052130964,0.11551417,-0.013097304,12.004041,1.1652701,19.453112,1.9787852,0.23102833,-0.026194608,0.3154705,0.030623721,0.22832206,0.023225091,253.42772,253.74448,339.48706,-3.1440554,8.730262,0.24496683
4,91,10,0.0051200003,0.17947647,0.034542166,0.09551884,0.049415473,0.09292761,-0.005140071,11.7601595,1.1595981,18.939682,1.5730548,0.18585522,-0.010280142,0.30906123,0.030474646,0.22229591,0.018463006,253.41687,253.71362,338.9458,-2.732653,8.730262,0.21889316
4,92,10,0.0051200003,0.18404934,0.04034808,0.09640346,0.047297813,0.100434154,-0.0060075545,11.814489,0.4515501,18.529415,0.3250756,0.20086831,-0.012015109,0.31048906,0.011866897,0.2174806,0.003815427,253.46735,253.99138,339.39456,-0.7766257,8.730262,0.24398111
4,93,10,0.0051200003,0.18296008,0.051885106,0.0827037,0.048371267,0.11389151,-0.010279381,10.942868,0.93427664,18.738504,1.6873944,0.22778302,-0.020558761,0.28758252,0.024553135,0.21993469,0.019805025,253.49347,254.17993,339.8046,-2.621671,8.731512,0.19796376
4,94,10,0.0051200003,0.16222566,0.03240152,0.080887556,0.048936583,0.09000211,-0.0024706179,10.822049,1.3836275,18.847687,1.7554599,0.18000422,-0.0049412358,0.28440738,0.036362227,0.22121614,0.020603918,253.44781,254.01219,338.9813,-3.1390874,8.731512,0.20040625
4,95,10,0.0051200003,0.16899142,0.037447847,0.085023046,0.04652053,0.09675723,-0.003859228,11.095248,1.2773323,18.376532,0.46033448,0.19351447,-0.007718456,0.2915871,0.033568762,0.21568619,0.005402972,253.43637,253.87573,339.44263,-1.7376668,8.731512,0.20952165
4,96,10,0.0051200003,0.18860646,0.049640015,0.090429366,0.048537076,0.111400194,-0.00970463,11.442565,1.6381887,18.770594,1.8710663,0.22280039,-0.01940926,0.30071476,0.04305218,0.22031131,0.021960787,253.40428,253.67047,339.46475,-3.509255,8.731512,0.2250328
4,97,10,0.0051200003,0.16775733,0.032793965,0.08887239,0.046090975,0.09054552,-0.0009797922,11.343631,2.0814779,18.291494,1.2925638,0.18109104,-0.0019595844,0.29811472,0.054701988,0.21468809,0.015170875,253.33183,253.36923,338.55063,-3.3740416,8.732682,0.23527099
4,98,10,0.0051200003,0.17326581,0.035403933,0.09250009,0.045361787,0.094079666,-0.0027207145,11.572834,1.7715639,18.146225,-0.13776475,0.18815933,-0.005441429,0.30413827,0.046557333,0.21298307,-0.0016169518,253.33574,253.21655,338.73904,-1.6337991,8.732682,0.23797311
4,99,10,0.0051200003,0.18794356,0.05004477,0.09117363,0.046725173,0.11185344,-0.007950588,11.489557,1.774281,18.416904,1.0298094,0.22370689,-0.015901176,0.3019497,0.04662877,0.21616006,0.012086919,253.39082,253.37831,338.90735,-2.8040905,8.732682,0.2096282
4,100,10,0.0051200003,0.1709321,0.033510476,0.094075836,0.043345798,0.09152933,0.0007283613,11.670991,1.6052518,17.73841,0.6100893,0.18305866,0.0014567226,0.30671784,0.0421866,0.20819654,0.007160651,253.41678,253.55086,338.544,-2.215341,8.732682,0.19333458
5,1,10,0.0040960005,0.17191091,0.032961812,0.0959816,0.0429675,0.09077694,0.0013110343,11.788612,2.6886826,17.660835,1.2102735,0.18155389,0.0026220686,0.30980897,0.07065955,0.20728603,0.014205038,253.81453,254.87244,341.0886,-3.898956,8.73369,0.45933565
5,2,10,0.0040960005,0.17022699,0.03692053,0.093387544,0.039918922,0.096073575,0.0005400229,11.628218,2.4805515,17.022783,0.107391514,0.19214715,0.0010800458,0.30559376,0.06518978,0.1997972,0.0012604619,253.8389,254.91776,341.53516,-2.587943,8.73369,0.43245047
5,3,10,0.0040960005,0.17148978,0.046923622,0.08503585,0.039530303,0.108309306,-0.006290052,11.096083,2.8288414,16.939724,1.3350508,0.21661861,-0.012580104,0.29160908,0.07434298,0.19882229,0.01566955,253.82022,254.78816,341.79718,-4.1638923,8.73369,0.44975778
5,4,10,0.0040960005,0.1544545,0.030868776,0.0828716,0.04071412,0.08784756,0.0014033903,10.95397,3.1648195,17.1915,1.329854,0.17569512,0.0028067806,0.28787428,0.0831726,0.2017774,0.015608554,253.72423,254.44756,340.8114,-4.4946737,8.73369,0.4388257
5,5,10,0.0040960005,0.1441284,0.032286614,0.07547276,0.03636903,0.08984238,0.0016001632,10.45355,2.9274585,16.248266,-0.15661232,0.17968476,0.0032003263,0.27472305,0.07693466,0.19070666,-0.0018381668,253.70299,254.22934,341.23642,-2.7708461,8.7341,0.38140702
5,6,10,0.0040960005,0.15481672,0.049365174,0.06874101,0.03671053,0.111091375,-0.0039054889,9.976464,2.9926653,16.324375,1.1210654,0.22218275,-0.0078109778,0.26218507,0.07864833,0.19159992,0.013157995,253.70631,254.19626,341.34225,-4.1137304,8.7341,0.38365543
5,7,10,0.0040960005,0.13345301,0.027498739,0.06709967,0.038854603,0.08291372,0.003205763,9.856639,3.0790029,16.794321,0.7960463,0.16582744,0.006411526,0.25903603,0.08091731,0.1971157,0.009343231,253.66316,254.0713,340.50272,-3.875049,8.7341,0.38346112
5,8,10,0.0040960005,0.13357265,0.03095152,0.06670946,0.035911676,0.08796522,0.0028524017,9.827937,2.8139565,16.145779,-0.25145394,0.17593044,0.0057048034,0.25828174,0.07395178,0.18950376,-0.0029513247,253.66145,254.0583,340.86176,-2.5625026,8.7341,0.35626918
5,9,10,0.0040960005,0.1560868,0.047074866,0.070353165,0.038658764,0.10848372,-0.0021301068,10.0927725,2.6604695,16.751944,0.7465839,0.21696743,-0.0042602136,0.2652417,0.069918096,0.19661832,0.008762688,253.62567,253.9362,340.82486,-3.4070535,8.734162,0.33079553
5,10,10,0.0040960005,0.13907082,0.03017608,0.06928886,0.039605886,0.08685632,0.006031838,10.01614,3.088324,16.95591,0.8514789,0.17371264,0.012063676,0.26322776,0.08116227,0.19901228,0.009993846,253.52177,253.57106,339.68167,-3.939803,8.734162,0.34288028
5,11,10,0.0040960005,0.13295697,0.028102536,0.06774199,0.037112445,0.083819054,0.0036632803,9.903705,3.1644316,16.413492,-0.28408697,0.16763811,0.0073265606,0.26027292,0.083162405,0.1926459,-0.0033343392,253.42596,252.99866,339.78006,-2.8803446,8.734162,0.32048497
5,12,10,0.0040960005,0.15245411,0.043982897,0.06991855,0.03855266,0.1048605,-0.0029008724,10.061551,3.4111693,16.728937,1.0627098,0.209721,-0.0058017448,0.26442116,0.08964677,0.19634831,0.012473073,253.3412,252.55788,339.53763,-4.473879,8.734162,0.33582744
5,13,10,0.0040960005,0.14215517,0.02834855,0.074233696,0.039572928,0.08418514,0.005883718,10.367385,3.594975,16.948853,0.83829474,0.16837028,0.011767436,0.2724586,0.094477236,0.19892946,0.009839108,253.25397,252.27759,338.37097,-4.4332695,8.733952,0.33732358
5,14,10,0.0040960005,0.14066714,0.027947495,0.07556504,0.037154615,0.08358752,0.0039673215,10.459939,3.3571026,16.422815,-0.14901344,0.16717504,0.007934643,0.27489096,0.088225864,0.19275533,-0.0017489779,253.24893,252.13182,338.75092,-3.208089,8.733952,0.31581414
5,15,10,0.0040960005,0.15818062,0.04406554,0.0764312,0.037683886,0.10495897,-0.00018187318,10.519715,3.2059796,16.539373,0.58010125,0.20991793,-0.00036374637,0.27646193,0.084254295,0.19412337,0.006808675,253.27797,252.21846,339.11917,-3.7860808,8.733952,0.32922173
5,16,10,0.0040960005,0.15053856,0.028662456,0.08308985,0.038786247,0.08464995,0.0077313394,10.968385,3.217605,16.779543,-0.075465076,0.1692999,0.015462679,0.2882531,0.084559835,0.19694224,-0.0008857346,253.26581,252.27158,338.2597,-3.1421402,8.733952,0.33702475
5,17,10,0.0040960005,0.13356648,0.028970933,0.06872147,0.035874072,0.08510425,0.0070371977,9.975046,2.6692472,16.137325,-1.2534124,0.1702085,0.014074395,0.2621478,0.070148766,0.18940452,-0.0147113595,253.28119,252.29578,338.62042,-1.4158348,8.733477,0.28184593
5,18,10,0.0040960005,0.13057025,0.038201388,0.05542885,0.036940012,0.097725876,0.0014793623,8.958527,2.532563,16.375319,-0.150956,0.19545175,0.0029587245,0.23543333,0.06655667,0.19219784,-0.0017717785,253.30663,252.4183,339.02557,-2.381607,8.733477,0.2766993
5,19,10,0.0040960005,0.123037755,0.02599021,0.059263702,0.03778385,0.0806074,0.010334616,9.263244,2.6528203,16.561296,-0.74168044,0.1612148,0.020669231,0.24344137,0.06971707,0.19438069,-0.008705138,253.28732,252.40523,338.38782,-1.91114,8.733477,0.28752652
5,20,10,0.0040960005,0.122798994,0.028475612,0.05857259,0.035750795,0.08437359,0.008469424,9.209074,2.678845,16.109575,-1.506306,0.16874719,0.016938848,0.24201775,0.070401005,0.18907881,-0.017679578,253.25908,252.19861,338.58316,-1.1725389,8.733477,0.27896506
5,21,10,0.0040960005,0.14171875,0.041551057,0.06279764,0.037370045,0.10192038,0.004018062,9.535432,2.3192909,16.470356,-0.518049,0.20384076,0.008036124,0.2505946,0.060951803,0.19331333,-0.006080364,253.2326,252.10399,338.63022,-1.8012419,8.732752,0.2626584
5,22,10,0.0040960005,0.13864294,0.029794078,0.07112137,0.03772749,0.086304806,0.012364049,10.147725,2.3557777,16.54894,-0.8611965,0.17260961,0.024728099,0.2666859,0.06191069,0.19423565,-0.010107903,253.19485,252.0277,337.60828,-1.4945812,8.732752,0.2804428
5,23,10,0.0040960005,0.13441338,0.03003888,0.06720507,0.037169427,0.08665864,0.0111618815,9.864378,2.2047668,16.426086,-1.5640647,0.17331728,0.022323763,0.2592394,0.057942066,0.19279374,-0.018357499,253.22328,252.07532,337.8784,-0.640702,8.732752,0.2718798
5,24,10,0.0040960005,0.14484659,0.042784538,0.06308586,0.0389762,0.10342212,0.0054776007,9.557289,2.0489092,16.820578,-0.8049546,0.20684424,0.010955201,0.251169,0.05384608,0.1974239,-0.00944779,253.25876,252.1106,338.3556,-1.2439547,8.732752,0.26729536
5,25,10,0.0040960005,0.13031808,0.028913412,0.06246728,0.038937375,0.08501972,0.0133879315,9.510318,1.9900036,16.812199,-1.4045838,0.17003945,0.026775863,0.24993455,0.052298002,0.19732556,-0.016485667,253.23785,252.1688,337.95566,-0.5854198,8.731823,0.272687
5,26,10,0.0040960005,0.12783632,0.028495325,0.063750125,0.035590872,0.08440279,0.011315383,9.607473,1.7764137,16.073502,-2.048036,0.16880558,0.022630766,0.25248787,0.0466848,0.18865544,-0.024037894,253.22234,252.11115,338.15265,0.27162242,8.731823,0.2487728
5,27,10,0.0040960005,0.14396642,0.03973941,0.06581918,0.038407832,0.09967373,0.0060515753,9.762137,2.0226471,16.697487,-0.6526215,0.19934747,0.012103151,0.2565525,0.053155888,0.19597916,-0.0076598497,253.17384,251.85345,338.16254,-1.3700256,8.731823,0.27233037
5,28,10,0.0040960005,0.14014867,0.026641844,0.072894245,0.040612586,0.08161165,0.013899997,10.273426,2.3998876,17.17005,-1.4027929,0.1632233,0.027799994,0.26998934,0.06306991,0.20152564,-0.016464647,253.09187,251.49203,337.38028,-0.99709463,8.731823,0.3025819
5,29,10,0.0040960005,0.12996835,0.02850234,0.06461781,0.03684819,0.08441318,0.011220144,9.672635,2.0327325,16.354954,-1.9686632,0.16882636,0.022440288,0.25420034,0.05342095,0.19195883,-0.02310629,253.06522,251.32642,337.44168,-0.06406927,8.730763,0.25213882
5,30,10,0.0040960005,0.13908643,0.036630604,0.06400533,0.038450498,0.095695615,0.0057868157,9.626684,2.0623648,16.70676,-0.50906503,0.19139123,0.011573631,0.25299275,0.054199684,0.19608799,-0.00597492,253.04077,251.24527,337.32532,-1.5532998,8.730763,0.2561365
5,31,10,0.0040960005,0.13635801,0.028017832,0.06988125,0.038458925,0.08369264,0.0129922135,10.058865,2.0689983,16.70859,-1.1303618,0.16738528,0.025984427,0.26435062,0.05437402,0.19610947,-0.01326711,252.98651,251.0775,336.46542,-0.93863654,8.730763,0.27525184
5,32,10,0.0040960005,0.13211076,0.027976692,0.067675784,0.036458287,0.08363117,0.011092881,9.898864,2.0810857,16.268194,-2.1725185,0.16726235,0.022185761,0.2601457,0.054691676,0.19094053,-0.02549895,252.97836,250.95247,336.89694,0.09143281,8.730763,0.27575028
5,33,10,0.0040960005,0.13462062,0.034659017,0.060560837,0.039400775,0.09308466,0.0044960384,9.364069,1.9329726,16.911945,-0.5870488,0.18616933,0.008992077,0.24609111,0.050799225,0.19849628,-0.0068902234,252.92708,250.69247,337.04578,-1.3459237,8.729586,0.24569434
5,34,10,0.0040960005,0.13154617,0.026996711,0.064192064,0.0403574,0.08215338,0.01135135,9.640717,2.3118975,17.11602,-0.84302074,0.16430676,0.0227027,0.25336152,0.060757503,0.20089151,-0.009894577,252.83174,250.35071,336.11633,-1.4688768,8.729586,0.27771622
5,35,10,0.0040960005,0.12831862,0.028601866,0.06232043,0.037396327,0.08456043,0.009138898,9.499132,2.3857973,16.476147,-1.3941582,0.16912086,0.018277796,0.2496406,0.06269961,0.1933813,-0.0163633,252.76341,249.99992,336.00504,-0.991639,8.729586,0.25834262
5,36,10,0.0040960005,0.13475001,0.034973387,0.058796033,0.0409806,0.09350587,0.0039134435,9.226621,2.5337203,17.247665,-0.017374521,0.18701173,0.007826887,0.24247894,0.06658709,0.20243666,-0.00020392616,252.70119,249.72388,335.79868,-2.5163457,8.729586,0.27304313
5,37,10,0.0040960005,0.13135011,0.026109912,0.06329053,0.041949674,0.08079281,0.009838488,9.572781,2.3560436,17.450403,-0.70898855,0.16158561,0.019676976,0.2515761,0.061917666,0.20481619,-0.0083214305,252.63814,249.51381,334.90405,-1.647055,8.728372,0.2720512
5,38,10,0.0040960005,0.12852493,0.026828844,0.0628596,0.038836487,0.081897564,0.0081592975,9.540134,2.2770777,16.790405,-1.551661,0.16379513,0.016318595,0.25071818,0.059842426,0.19706975,-0.018211918,252.62599,249.43541,335.16815,-0.72541666,8.728372,0.26722896
5,39,10,0.0040960005,0.15147454,0.040321387,0.06912053,0.042032626,0.10040093,0.0043988684,10.003965,2.3209884,17.467651,0.07546442,0.20080186,0.008797737,0.26290783,0.060996406,0.2050186,0.00088573224,252.5932,249.30972,334.9802,-2.396453,8.728372,0.2775578
5,40,10,0.0040960005,0.14691141,0.030376287,0.07361551,0.042919625,0.08714397,0.01148708,10.324128,2.199014,17.650995,-0.75271815,0.17428795,0.02297416,0.27132177,0.05779089,0.20717052,-0.00883469,252.55255,249.24915,334.22733,-1.4462957,8.728372,0.26666227
5,41,10,0.0040960005,0.14014985,0.03104494,0.06961423,0.039490677,0.08809787,0.0077896058,10.039629,1.9913682,16.931229,-1.2102077,0.17619574,0.0155792115,0.2638451,0.05233386,0.19872262,-0.014204258,252.55127,249.21625,334.59833,-0.7811605,8.727179,0.2479386
5,42,10,0.0040960005,0.15156215,0.034831032,0.07256857,0.04416254,0.09331537,0.0043960446,10.250451,2.077527,17.904749,-0.05729244,0.18663074,0.008792089,0.26938555,0.054598156,0.21014886,-0.00067244156,252.52043,249.09915,334.5974,-2.0202346,8.727179,0.26638106
5,43,10,0.0040960005,0.1438073,0.029981703,0.0707619,0.043063708,0.08657613,0.011133203,10.122048,1.9817545,17.680595,-0.6697266,0.17315225,0.022266407,0.2660111,0.052081224,0.20751797,-0.007860614,252.46962,248.99933,333.8544,-1.3120279,8.727179,0.2766617
5,44,10,0.0040960005,0.13314754,0.030118871,0.06311114,0.03991752,0.08677395,0.008431682,9.559203,1.751089,17.022488,-1.2770002,0.1735479,0.016863365,0.2512193,0.046019256,0.1997937,-0.01498821,252.4544,248.94543,334.03394,-0.4740888,8.727179,0.25447467
5,45,10,0.0040960005,0.15226194,0.04225325,0.065501936,0.04450675,0.10277797,0.0026818793,9.738583,1.9352802,17.974388,0.59058905,0.20555595,0.0053637587,0.25593346,0.050859865,0.21096623,0.0069317734,252.4071,248.75478,334.01523,-2.5258694,8.726021,0.2563839
5,46,10,0.0040960005,0.15651876,0.03644297,0.073833846,0.04624194,0.09545021,0.008336516,10.339425,2.3324766,18.321424,-0.083747864,0.19090042,0.016673032,0.27172384,0.061298333,0.21503939,-0.0009829552,252.32088,248.40381,333.13538,-2.2487288,8.726021,0.27862415
5,47,10,0.0040960005,0.15048283,0.03553666,0.070015244,0.04493092,0.09425585,0.0057785586,10.068503,2.1466157,18.059841,-0.68064636,0.1885117,0.011557117,0.26460394,0.056413814,0.21196915,-0.007988782,252.30112,248.28583,333.4293,-1.4659693,8.726021,0.26162377
5,48,10,0.0040960005,0.16342111,0.040323418,0.07524561,0.047852084,0.10040346,0.0026113994,10.437807,2.34249,18.63767,0.67693305,0.20080692,0.005222799,0.27430934,0.06156148,0.21875119,0.007945198,252.28864,248.23738,333.43588,-3.019423,8.726021,0.27283055
5,49,10,0.0040960005,0.16428727,0.037205093,0.08202827,0.045053914,0.09644311,0.009179614,10.898091,2.1251643,18.084541,0.34629583,0.19288622,0.018359227,0.28640577,0.05585009,0.21225907,0.0040644915,252.2439,248.15536,332.4608,-2.47146,8.72493,0.26421177
5,50,10,0.0040960005,0.16138718,0.036738053,0.083603136,0.041045994,0.095835865,0.0067085577,11.002212,1.9257102,17.261423,-0.41536435,0.19167173,0.013417115,0.28914207,0.05060836,0.20259811,-0.004875148,252.241,248.16092,332.7253,-1.5103458,8.72493,0.25983232
5,51,10,0.0040960005,0.17003648,0.043929767,0.08197305,0.044133663,0.10479715,0.0036621576,10.894423,1.9669491,17.898893,0.8470939,0.2095943,0.007324315,0.28630936,0.051692136,0.21008013,0.009942378,252.24838,248.23486,332.74524,-2.814043,8.72493,0.26498103
5,52,10,0.0040960005,0.1670548,0.040754978,0.08205297,0.04424685,0.10093931,0.009839342,10.899733,1.7931072,17.921831,0.022714095,0.20187862,0.019678684,0.2864489,0.047123518,0.21034935,0.00026659772,252.2382,248.24709,332.2717,-1.8158213,8.72493,0.26198778
5,53,10,0.0040960005,0.15667307,0.040092275,0.07878094,0.037799865,0.10011528,0.006885678,10.680198,1.4691843,16.564806,-0.67231804,0.20023055,0.013771356,0.28067943,0.038610693,0.19442187,-0.007891027,252.25426,248.18864,332.6916,-0.79686624,8.723959,0.23085576
5,54,10,0.0040960005,0.16604453,0.043099813,0.08073049,0.042214226,0.10380247,0.0025346607,10.811538,1.7557417,17.505342,0.60320157,0.20760494,0.0050693215,0.2841311,0.04614151,0.20546101,0.0070798066,252.26453,248.18475,332.91864,-2.3589432,8.723959,0.23989783
5,55,10,0.0040960005,0.16663724,0.04124502,0.08261127,0.042780947,0.10154435,0.0071430146,10.93675,1.8224225,17.622454,-0.076759644,0.2030887,0.014286029,0.28742176,0.047893915,0.20683555,-0.0009009296,252.27174,248.34079,332.48978,-1.7456628,8.723959,0.25919807
5,56,10,0.0040960005,0.15720695,0.038877152,0.07730486,0.04102493,0.09858645,0.0060337805,10.579668,1.52573,17.256992,-0.7368469,0.1971729,0.012067561,0.27803752,0.04009674,0.20254612,-0.008648406,252.30981,248.53807,333.09378,-0.7888831,8.723959,0.24765274
5,57,10,0.0040960005,0.15853937,0.041909955,0.07168999,0.044939417,0.10235961,0.0022729128,10.1882105,1.4675456,18.061548,0.6417615,0.20471922,0.0045458255,0.26774988,0.038567625,0.2119892,0.0075323847,252.31837,248.58649,333.4087,-2.109307,8.723069,0.23432554
5,58,10,0.0040960005,0.15583739,0.04048106,0.07201504,0.04334128,0.10059953,0.0074133174,10.211281,1.5946065,17.737486,0.10146609,0.20119905,0.014826635,0.26835617,0.041906845,0.20818569,0.001190911,252.2814,248.46997,332.9216,-1.6960726,8.723069,0.2481938
5,59,10,0.0040960005,0.14933564,0.03877331,0.07085331,0.039709017,0.0984547,0.005324518,10.128585,1.4555391,16.977968,-0.31556755,0.1969094,0.010649036,0.26618284,0.038252097,0.19927122,-0.0037038296,252.23573,248.25577,333.16064,-1.1399715,8.723069,0.2333942
5,60,10,0.0040960005,0.16283974,0.043950316,0.0720159,0.04687353,0.10482165,0.0021867729,10.211343,1.7645067,18.446121,0.831372,0.2096433,0.0043735458,0.26835778,0.046371877,0.21650295,0.009757852,252.18872,248.065,332.9599,-2.5958786,8.723069,0.24186324
5,61,10,0.0040960005,0.17067441,0.041185986,0.08218627,0.04730216,0.101471655,0.008003469,10.908582,1.575448,18.530268,0.6677235,0.20294331,0.016006937,0.28668147,0.041403342,0.2174906,0.007837102,252.1368,248.0114,332.18643,-2.2431715,8.7222595,0.23398846
5,62,10,0.0040960005,0.17352504,0.042009857,0.087294616,0.044220567,0.10248153,0.0049533765,11.242487,1.523963,17.916508,-0.10428172,0.20496306,0.009906753,0.29545662,0.040050298,0.21028687,-0.0012239555,252.10495,247.86182,332.2705,-1.4196813,8.7222595,0.23522602
5,63,10,0.0040960005,0.18858993,0.048574276,0.09081001,0.04920565,0.110197864,0.0016316082,11.466622,1.6365639,18.89943,1.3746011,0.22039573,0.0032632165,0.301347,0.0430095,0.22182347,0.016133755,252.05902,247.67284,331.9974,-3.0111651,8.7222595,0.23176046
5,64,10,0.0040960005,0.18283841,0.045980915,0.089877725,0.046979766,0.10721581,0.008045206,11.407611,1.4493649,18.467012,0.92146915,0.21443161,0.016090412,0.29979613,0.038089834,0.21674816,0.010815327,252.04593,247.80049,331.13242,-2.370834,8.7222595,0.23817052
5,65,10,0.0040960005,0.16501272,0.045933835,0.07867971,0.040399175,0.1071609,0.0064248913,10.673333,1.0540149,17.124878,0.3059737,0.2143218,0.012849783,0.28049904,0.0276999,0.20099546,0.0035912285,252.07487,247.93594,331.48975,-1.3599887,8.721525,0.21666113
5,66,10,0.0040960005,0.16946134,0.051738933,0.07400278,0.043719616,0.11373097,0.0024207747,10.351248,1.3500428,17.814735,1.4586613,0.22746193,0.0048415493,0.27203453,0.03547961,0.20909236,0.017120376,252.08406,247.91035,331.82977,-2.8087041,8.721525,0.2278086
5,67,10,0.0040960005,0.1788932,0.049480297,0.082154825,0.047258068,0.11122084,0.0063965954,10.906495,1.3847568,18.52163,0.866011,0.22244167,0.012793191,0.28662664,0.03639192,0.21738921,0.01016441,252.0811,247.86667,331.3421,-2.2507677,8.721525,0.22994576
5,68,10,0.0040960005,0.17755571,0.048607677,0.08493683,0.0440112,0.11023574,0.0047422536,11.089621,1.4220476,17.874043,0.012827093,0.22047149,0.009484507,0.29143924,0.037371933,0.20978847,0.00015055531,252.12622,247.99348,332.0831,-1.4348747,8.721525,0.2353339
5,69,10,0.0040960005,0.18182948,0.05139551,0.08598633,0.04444765,0.11335289,0.00089685293,11.157924,1.5323187,17.962452,1.5056767,0.22670577,0.0017937059,0.29323426,0.040269896,0.21082611,0.017672196,252.12675,248.05855,332.34634,-3.0379953,8.720905,0.24595626
5,70,10,0.0040960005,0.18740855,0.046317432,0.09717973,0.043911386,0.107607424,0.005794384,11.861961,1.7326823,17.853764,1.1331673,0.21521485,0.011588768,0.31173664,0.04553552,0.20955044,0.01330003,252.06134,247.94424,331.61224,-2.8658495,8.720905,0.29101577
5,71,10,0.0040960005,0.19338769,0.04642904,0.105595164,0.041363485,0.107737,0.0031580266,12.364902,1.7748885,17.328054,0.5241229,0.215474,0.006316053,0.3249541,0.046644703,0.20338015,0.006151663,252.02928,247.7509,331.79306,-2.2990115,8.720905,0.30981034
5,72,10,0.0040960005,0.20707354,0.051045585,0.108016245,0.048011713,0.11296635,-0.00058974745,12.50585,2.048744,18.668732,1.7672528,0.2259327,-0.0011794949,0.32865825,0.053841718,0.21911575,0.020742336,252.03542,247.7935,331.83414,-3.8159966,8.720905,0.33093628
5,73,10,0.0040960005,0.18698196,0.04795384,0.09355206,0.045476068,0.109491825,0.005531783,11.638456,1.7704643,18.16907,1.0267065,0.21898365,0.011063566,0.3058628,0.046528433,0.21325119,0.012050505,252.0655,248.0539,331.65836,-2.7971706,8.720436,0.33335945
5,74,10,0.0040960005,0.18095505,0.046996545,0.094072744,0.039885767,0.10839343,0.0046680314,11.670797,1.344653,17.015715,0.28497753,0.21678686,0.009336063,0.3067128,0.03533796,0.19971421,0.0033447929,252.11455,248.27344,332.20218,-1.6296306,8.720436,0.31983393
5,75,10,0.0040960005,0.19630156,0.05077004,0.09854142,0.0469901,0.11266104,0.00038609208,11.9447775,1.6181391,18.469044,1.6008481,0.22532208,0.00077218417,0.31391308,0.042525277,0.216772,0.01878923,252.12256,248.31775,332.20438,-3.2189872,8.720436,0.3016158
5,76,10,0.0040960005,0.20425549,0.049484648,0.108508855,0.046262,0.111225724,0.0053685717,12.534333,1.5917137,18.325397,1.147473,0.22245145,0.010737143,0.32940683,0.041830804,0.21508603,0.013467942,252.12926,248.38705,331.81207,-2.7391868,8.720436,0.3101868
5,77,10,0.0040960005,0.18101318,0.04653661,0.09441767,0.040058896,0.10786173,0.003548276,11.692176,1.2742699,17.052603,0.35600382,0.21572345,0.007096552,0.30727458,0.03348829,0.20014718,0.004178431,252.17274,248.54062,332.5026,-1.6302738,8.720123,0.27136752
5,78,10,0.0040960005,0.18531081,0.051817507,0.090619214,0.042874094,0.1138173,0.00046564062,11.454571,1.4101254,17.641628,1.6910849,0.2276346,0.00093128125,0.30103025,0.03705861,0.2070606,0.019848345,252.178,248.56952,332.51465,-3.10121,8.720123,0.2845088
5,79,10,0.0040960005,0.19285098,0.050699394,0.09777712,0.04437446,0.11258263,0.005676703,11.898364,1.628862,17.947657,1.0331095,0.22516526,0.011353406,0.31269333,0.04280708,0.21065246,0.012125655,252.1426,248.41414,331.83612,-2.6619716,8.720123,0.30960113
5,80,10,0.0040960005,0.20176147,0.05355483,0.10524836,0.042958274,0.11570958,0.001992534,12.34458,1.5932539,17.658941,0.58449703,0.23141916,0.003985068,0.32442003,0.04187128,0.20726378,0.0068602664,252.15881,248.375,332.34418,-2.1777508,8.720123,0.28703734
5,81,10,0.0040960005,0.20302632,0.05355802,0.10336584,0.046102464,0.11571303,-0.002555685,12.233681,1.9832917,18.293772,2.234377,0.23142606,-0.00511137,0.32150558,0.05212162,0.21471484,0.026224982,252.16849,248.41924,332.44476,-4.2176685,8.7199745,0.2589033
5,82,10,0.0040960005,0.19377005,0.050215546,0.097358935,0.046195563,0.112044126,0.0030892715,11.872893,2.0167117,18.312235,1.6581143,0.22408825,0.006178543,0.31202394,0.05299992,0.21493153,0.019461364,252.151,248.40916,331.799,-3.6748261,8.7199745,0.27700758
5,83,10,0.0040960005,0.18539934,0.04823401,0.09448222,0.04268311,0.10981121,0.0019782004,11.69617,1.7597734,17.602293,0.64211494,0.21962242,0.003956401,0.3073796,0.046247467,0.20659891,0.0075365324,252.17593,248.41068,332.49557,-2.4018884,8.7199745,0.27609912
5,84,10,0.0040960005,0.18307368,0.05108405,0.087990895,0.043998737,0.1130089,-0.0012721895,11.287234,1.7703593,17.871513,1.2999442,0.2260178,-0.002544379,0.2966326,0.04652568,0.20975876,0.015257498,252.19583,248.51147,332.65186,-3.0703034,8.7199745,0.26294586
5,85,10,0.0040960005,0.16941598,0.04657059,0.08040716,0.042438246,0.107901104,0.0043939883,10.7898655,1.6275601,17.551731,0.7177167,0.21580221,0.008787977,0.28356156,0.042772874,0.20600545,0.008423872,252.18257,248.61894,332.02493,-2.3452768,8.7199335,0.26565015
5,86,10,0.0040960005,0.15885873,0.047741625,0.07255072,0.03856638,0.10924929,0.0028920884,10.249189,1.4206563,16.731915,0.074368216,0.21849857,0.0057841768,0.2693524,0.037335344,0.19638325,0.0008728643,252.20502,248.59738,332.38763,-1.4950246,8.7199335,0.25838688
5,87,10,0.0040960005,0.1772368,0.05337248,0.079705134,0.044159167,0.11551242,-0.00043684282,10.74266,1.6536285,17.904066,1.3614357,0.23102485,-0.00087368564,0.28232098,0.043457963,0.21014082,0.015979234,252.23221,248.73433,332.64316,-3.0150642,8.7199335,0.23316734
5,88,10,0.0040960005,0.17446929,0.045703825,0.08477817,0.04398731,0.106892265,0.0049293744,11.079258,1.6684253,17.869192,0.80171764,0.21378453,0.009858749,0.2911669,0.04384681,0.20973152,0.009409799,252.23302,248.77942,332.31735,-2.4701428,8.7199335,0.23814107
5,89,10,0.0040960005,0.16281436,0.04459022,0.07946219,0.03876195,0.105581984,0.002686618,10.7262745,1.4903702,16.774284,0.119760916,0.21116397,0.005373236,0.2818904,0.03916747,0.19688055,0.00140564,252.24292,248.84825,332.76413,-1.610131,8.720007,0.21554439
5,90,10,0.0040960005,0.16982448,0.0481841,0.07985049,0.041789893,0.10975438,-0.00057451834,10.752451,1.8217083,17.417141,1.3860412,0.21950877,-0.0011490367,0.2825783,0.04787516,0.20442577,0.016268032,252.2126,248.80739,332.94937,-3.2077494,8.720007,0.22866476
5,91,10,0.0040960005,0.17439617,0.04385694,0.09111811,0.039421126,0.10471024,0.004385188,11.486059,1.9672401,16.916313,1.0039299,0.20942049,0.008770376,0.30185777,0.05169979,0.19854754,0.011783176,252.12683,248.46188,332.11862,-2.97117,8.720007,0.2604621
5,92,10,0.0040960005,0.18117674,0.04506087,0.09622591,0.039889958,0.10613773,0.00066515565,11.803605,1.92099,17.016607,0.67226094,0.21227546,0.0013303113,0.31020302,0.050484315,0.1997247,0.007890355,252.11511,248.363,332.49744,-2.593251,8.720007,0.255725
5,93,10,0.0040960005,0.17809895,0.050481066,0.08693279,0.04068508,0.11233996,-0.0024095017,11.219165,2.012605,17.185366,1.7636318,0.22467992,-0.0048190034,0.29484367,0.05289196,0.20170543,0.020699829,252.14851,248.52077,332.80844,-3.7762368,8.720183,0.21193127
5,94,10,0.0040960005,0.17334257,0.04453759,0.08866978,0.04013521,0.10551965,0.005444401,11.330692,1.4964042,17.068838,0.5594558,0.2110393,0.010888802,0.2977747,0.039326046,0.20033774,0.006566365,252.1725,248.68752,332.09323,-2.05586,8.720183,0.19638023
5,95,10,0.0040960005,0.17954406,0.05290563,0.08700959,0.03962885,0.11500612,0.0042432975,11.224118,1.2190735,16.960825,-0.13847905,0.23001224,0.008486595,0.29497388,0.032037698,0.19906996,-0.0016253368,252.25671,248.87639,332.3429,-1.0805945,8.720183,0.18615316
5,96,10,0.0040960005,0.17785546,0.054560255,0.078942,0.044353195,0.11679068,-2.8506975e-5,10.691109,1.4358367,17.943356,0.9631115,0.23358136,-5.701395e-5,0.2809662,0.037734307,0.21060199,0.01130408,252.35439,249.26164,333.04324,-2.3989482,8.720183,0.18101984
5,97,10,0.0040960005,0.15829048,0.04473816,0.07247835,0.041073967,0.10575698,0.0053077624,10.244077,1.4603336,17.267305,0.6455772,0.21151397,0.010615525,0.26921803,0.038378093,0.20266713,0.00757717,252.33884,249.26703,332.90167,-2.1059108,8.720399,0.19832338
5,98,10,0.0040960005,0.14640504,0.039753582,0.06858931,0.03806215,0.0996915,0.0028423963,9.965449,1.2263137,16.622175,-0.4786779,0.199383,0.0056847925,0.2618956,0.032227967,0.19509524,-0.0056182644,252.32329,249.15236,333.63385,-0.74763584,8.720399,0.2000182
5,99,10,0.0040960005,0.15823448,0.046934474,0.070950136,0.040349875,0.10832183,-0.00071500224,10.135502,1.5378256,17.114426,0.48327273,0.21664366,-0.0014300045,0.26636466,0.040414616,0.20087278,0.0056721936,252.2815,249.00497,333.46497,-2.0210984,8.720399,0.20927502
5,100,10,0.0040960005,0.15882991,0.041204102,0.07823887,0.039386943,0.10149397,0.005170654,10.643389,1.4707307,16.908978,0.43529594,0.20298794,0.010341308,0.2797121,0.03865134,0.19846144,0.0051090885,252.2147,248.81598,332.46967,-1.9060266,8.720399,0.23180324
6,1,10,0.0032768005,0.18312728,0.033594493,0.10263619,0.04689661,0.091644004,0.0006871431,12.190428,-1.3252608,18.45066,3.034065,0.18328801,0.0013742863,0.32036883,-0.034828335,0.21655625,0.03561096,252.92647,252.26227,338.30606,-1.7088042,8.720691,0.51341087
6,2,10,0.0032768005,0.17257437,0.03767712,0.0990424,0.035854846,0.09705298,-0.0003111736,11.975102,-1.7893919,16.133001,1.9250624,0.19410595,-0.0006223472,0.31471002,-0.047025863,0.18935376,0.022594543,253.0017,252.5,339.15756,-0.13567054,8.720691,0.42948532
6,3,10,0.0032768005,0.18378747,0.04813972,0.0946967,0.040951036,0.10970383,-0.0075550443,11.709439,-1.6315701,17.241446,3.2010098,0.21940766,-0.0151100885,0.3077283,-0.042878266,0.20236363,0.037570402,253.07388,252.75694,339.87878,-1.5694396,8.720691,0.4319771
6,4,10,0.0032768005,0.17038195,0.034662087,0.092802055,0.042917807,0.09308878,0.0018252676,11.591708,-1.6406307,17.65062,2.5837078,0.18617757,0.0036505351,0.3046343,-0.04311637,0.20716614,0.03032509,253.09663,252.97455,339.26938,-0.9430771,8.720691,0.42265922
6,5,10,0.0032768005,0.17037648,0.03911737,0.09722565,0.03403346,0.09889056,0.0015214158,11.864764,-2.2868855,15.71789,1.1662574,0.19778112,0.0030428316,0.31181028,-0.060100194,0.18448159,0.013688412,253.13727,253.16,339.74323,1.1206281,8.720905,0.42563465
6,6,10,0.0032768005,0.1875259,0.049204513,0.09583103,0.042490356,0.11091045,-0.0064626853,11.779362,-1.8129814,17.562504,2.9630086,0.2218209,-0.012925371,0.30956587,-0.047645796,0.20613189,0.034776967,253.14157,253.17093,340.20068,-1.1500273,8.720905,0.4089901
6,7,10,0.0032768005,0.16964719,0.030197456,0.09345488,0.045994855,0.08688708,0.0007791995,11.63241,-1.4174525,18.272411,3.3102355,0.17377415,0.001558399,0.3057039,-0.03725117,0.21446411,0.03885239,253.08432,252.88301,339.41895,-1.892783,8.720905,0.45093873
6,8,10,0.0032768005,0.17048703,0.035881795,0.09378405,0.04082118,0.09471245,-0.0017415481,11.652876,-1.3761764,17.214088,2.362317,0.1894249,-0.0034830961,0.3062418,-0.03616642,0.20204252,0.027726632,253.07027,252.68852,339.53943,-0.9861407,8.720905,0.40273315
6,9,10,0.0032768005,0.1840448,0.047588613,0.095348224,0.04110795,0.10907407,-0.009254962,11.749652,-1.240917,17.274446,3.9449136,0.21814814,-0.018509924,0.30878508,-0.032611746,0.20275095,0.046301633,253.07532,252.64877,339.50916,-2.7039967,8.721047,0.396135
6,10,10,0.0032768005,0.1728132,0.033656944,0.09267112,0.04648514,0.09172914,-0.0018451569,11.583528,-0.86405814,18.369541,3.8541882,0.18345828,-0.0036903138,0.3044193,-0.022707744,0.21560413,0.04523679,253.06274,252.63405,338.7631,-2.99013,8.721047,0.43769905
6,11,10,0.0032768005,0.18778116,0.03964486,0.107510194,0.0406261,0.09955508,-0.0028450235,12.47652,-1.6075954,17.172903,2.6131694,0.19911017,-0.005690047,0.32788748,-0.042248182,0.20155917,0.030670883,253.11865,252.81311,339.30377,-1.005574,8.721047,0.42221153
6,12,10,0.0032768005,0.2065947,0.04711626,0.113979205,0.045499243,0.1085314,-0.010696028,12.846402,-1.2011675,18.173698,4.302947,0.2170628,-0.021392057,0.33760807,-0.031567108,0.21330552,0.050503884,253.16298,253.006,339.7021,-3.1017795,8.721047,0.43258947
6,13,10,0.0032768005,0.18129033,0.035282392,0.10259345,0.04341448,0.09391804,-0.0003844614,12.187889,-1.500042,17.752459,3.5840254,0.18783608,-0.0007689228,0.32030213,-0.03942164,0.20836142,0.04206587,253.16187,253.02707,339.03528,-2.0839834,8.721161,0.42753747
6,14,10,0.0032768005,0.1963909,0.041701037,0.11259709,0.042092767,0.10210416,-0.00012906964,12.768276,-2.3764951,17.480143,2.1066475,0.20420831,-0.00025813928,0.3355549,-0.062455148,0.20516522,0.024725815,253.20988,253.20871,339.25583,0.26984763,8.721161,0.4492426
6,15,10,0.0032768005,0.21110426,0.05727891,0.107263856,0.0465615,0.119665064,-0.0069278297,12.462217,-2.198873,18.384623,3.2303147,0.23933013,-0.013855659,0.3275116,-0.057787184,0.21578114,0.037914354,253.29372,253.51439,340.03787,-1.0314417,8.721161,0.4444859
6,16,10,0.0032768005,0.18590309,0.03557142,0.09847806,0.051853612,0.09430193,-2.8589759e-5,11.940938,-2.3504226,19.401297,3.8308961,0.18860386,-5.7179517e-5,0.31381214,-0.061769933,0.22771388,0.044963405,253.3033,253.6336,339.69528,-1.4804735,8.721161,0.48043758
6,17,10,0.0032768005,0.186959,0.036086693,0.10524612,0.045626186,0.09498249,-0.0001911247,12.344448,-2.6919513,18.199032,2.2599921,0.18996498,-0.0003822494,0.32441658,-0.070745446,0.21360287,0.026525628,253.29956,253.54526,340.1646,0.43195915,8.721226,0.43081182
6,18,10,0.0032768005,0.20122391,0.049399287,0.101590864,0.050233744,0.11112975,-0.008839413,12.12819,-1.8810277,19.09585,3.760374,0.2222595,-0.017678825,0.31873322,-0.04943407,0.22412886,0.04413569,253.27225,253.34636,340.3603,-1.8793464,8.721226,0.39143613
6,19,10,0.0032768005,0.19704567,0.03449009,0.10319334,0.059362233,0.09285754,-0.0025603147,12.223471,-1.4014404,20.758518,4.4623995,0.18571508,-0.0051206294,0.3212372,-0.036830366,0.24364366,0.052375384,253.21689,253.18718,339.4705,-3.060959,8.721226,0.38396648
6,20,10,0.0032768005,0.18951356,0.03850421,0.10395276,0.0470566,0.09811245,-0.005766176,12.268364,-1.6578275,18.482107,3.1643443,0.1962249,-0.011532352,0.32241705,-0.043568317,0.21692534,0.037140056,253.23907,253.1905,339.95526,-1.5065168,8.721226,0.3658933
6,21,10,0.0032768005,0.20640996,0.048809227,0.1103908,0.047209937,0.11046405,-0.012577743,12.642563,-1.6303958,18.512196,4.367186,0.2209281,-0.025155487,0.3322511,-0.04284739,0.21727848,0.051257852,253.26926,253.26901,340.11703,-2.7367902,8.721253,0.3494836
6,22,10,0.0032768005,0.20105976,0.03489767,0.1153631,0.050798986,0.09340459,-0.0058408794,12.924154,-1.4706686,19.202984,4.436605,0.18680918,-0.011681759,0.33965144,-0.03864971,0.2253863,0.052072637,253.23369,253.08643,339.12747,-2.9659364,8.721253,0.35808623
6,23,10,0.0032768005,0.20304555,0.038404435,0.11813505,0.04650606,0.097985245,-0.0063610617,13.078504,-2.0851967,18.373672,3.0631568,0.19597049,-0.012722123,0.3437078,-0.054799724,0.21565263,0.035952415,253.26572,253.10318,339.4637,-0.9779601,8.721253,0.4478537
6,24,10,0.0032768005,0.23656785,0.056700923,0.13273093,0.047136012,0.11905978,-0.010166253,13.862923,-2.0245767,18.497692,4.4382396,0.23811956,-0.020332506,0.36432257,-0.053206593,0.2171083,0.05209181,253.29716,253.18805,339.47726,-2.413663,8.721253,0.43860236
6,25,10,0.0032768005,0.21908477,0.037122868,0.13493837,0.047023535,0.09633648,-0.002953158,13.977722,-2.1221251,18.475613,4.294494,0.19267295,-0.005906316,0.36733958,-0.05577019,0.2168491,0.05040468,253.27115,253.19255,338.49814,-2.172369,8.721311,0.4232476
6,26,10,0.0032768005,0.21494612,0.03933461,0.13178273,0.043828778,0.09916478,-0.0044658794,13.813314,-2.3339813,17.836962,3.1265986,0.19832955,-0.008931759,0.3630189,-0.06133787,0.20935324,0.036697038,253.28204,253.17947,339.36584,-0.7926173,8.721311,0.41214672
6,27,10,0.0032768005,0.22010799,0.05320883,0.1176759,0.049223263,0.115335196,-0.012455333,13.053063,-1.5850672,18.902811,4.799731,0.23067039,-0.024910666,0.3430392,-0.04165612,0.22186317,0.05633467,253.26233,253.07251,339.7761,-3.2146635,8.721311,0.3642799
6,28,10,0.0032768005,0.19752198,0.03238758,0.11194382,0.05319058,0.08998275,-0.0059176125,12.731181,-1.4049032,19.649818,5.106221,0.1799655,-0.011835225,0.33458006,-0.036921367,0.23063083,0.05993195,253.2374,253.06844,338.99478,-3.701318,8.721311,0.38199633
6,29,10,0.0032768005,0.19913806,0.040660348,0.11517514,0.043302566,0.100822054,-0.007876388,12.913622,-2.1102707,17.729563,3.467281,0.20164411,-0.015752776,0.33937463,-0.055458676,0.20809269,0.040695634,253.30875,253.3292,339.50623,-1.3570104,8.721364,0.32286316
6,30,10,0.0032768005,0.2075525,0.057513293,0.10409753,0.04594167,0.119909644,-0.013921979,12.276904,-2.2120862,18.261845,4.432806,0.23981929,-0.027843958,0.3226415,-0.05813442,0.21434008,0.052028045,253.4109,253.7946,340.2092,-2.2207198,8.721364,0.3368429
6,31,10,0.0032768005,0.1797623,0.03391695,0.097700156,0.048145197,0.092082776,-0.0055790693,11.893682,-2.1716685,18.694664,4.032101,0.18416555,-0.0111581385,0.31257024,-0.05707224,0.21942014,0.047324955,253.45212,254.02002,339.90466,-1.8604326,8.721364,0.32321498
6,32,10,0.0032768005,0.18501997,0.037114944,0.10737896,0.040526062,0.096326195,-0.0063509853,12.468904,-2.9358609,17.151749,2.5342515,0.19265239,-0.0127019705,0.3276873,-0.077155486,0.20131086,0.02974462,253.51018,254.20695,340.3389,0.40160942,8.721364,0.32370862
6,33,10,0.0032768005,0.19718413,0.05069494,0.10301845,0.043470744,0.112577684,-0.012015017,12.213108,-3.1233885,17.76396,3.5916462,0.22515537,-0.024030033,0.32096487,-0.08208381,0.20849639,0.042155314,253.57793,254.48524,340.88876,-0.46825767,8.7214365,0.3321379
6,34,10,0.0032768005,0.17922229,0.032731704,0.10006021,0.04643038,0.090459526,-0.0037254826,12.036475,-2.9328053,18.358715,3.454178,0.18091905,-0.0074509652,0.31632295,-0.077075176,0.2154771,0.040541843,253.56194,254.5151,340.34232,-0.5213728,8.7214365,0.34930336
6,35,10,0.0032768005,0.19622771,0.045008056,0.10969336,0.041526306,0.10607551,-0.0058681457,12.602562,-3.2022998,17.362122,2.1906497,0.21215102,-0.011736291,0.33119988,-0.08415758,0.20378004,0.025711758,253.5314,254.3203,340.54056,1.0116501,8.7214365,0.36626393
6,36,10,0.0032768005,0.21588185,0.060543947,0.10890762,0.046430293,0.1230284,-0.011587244,12.557345,-2.639598,18.3587,3.731419,0.2460568,-0.023174489,0.33001155,-0.06936958,0.2154769,0.043795835,253.50969,254.16022,340.6141,-1.0918212,8.7214365,0.34657556
6,37,10,0.0032768005,0.18009554,0.033527147,0.10275281,0.043815583,0.0915521,-0.0046397788,12.197351,-2.4120944,17.834278,3.3113453,0.1831042,-0.0092795575,0.3205508,-0.06339069,0.20932172,0.038865414,253.46184,253.94713,339.74945,-0.899251,8.721566,0.317764
6,38,10,0.0032768005,0.19169603,0.041693095,0.10942091,0.04058203,0.102094434,-0.006736986,12.586902,-2.5630186,17.163588,2.245855,0.20418887,-0.013473972,0.3307883,-0.06735704,0.20144983,0.026359707,253.4456,253.76329,339.65598,0.31716347,8.721566,0.33062786
6,39,10,0.0032768005,0.20539555,0.056243077,0.10535559,0.04379688,0.11857811,-0.013655323,12.350866,-2.224804,17.83047,3.7267418,0.23715623,-0.027310645,0.32458526,-0.058468625,0.20927703,0.043740936,253.44109,253.67683,339.72363,-1.5019379,8.721566,0.31126633
6,40,10,0.0032768005,0.18764904,0.034745354,0.105825156,0.047078535,0.09320053,-0.007200321,12.378361,-2.1919503,18.486414,3.8501222,0.18640105,-0.014400642,0.3253078,-0.057605244,0.21697588,0.045189057,253.42688,253.6512,338.88528,-1.6581719,8.721566,0.3135766
6,41,10,0.0032768005,0.19143,0.04179225,0.10994779,0.03968996,0.10221577,-0.0064586704,12.617171,-2.751024,16.973898,2.0015593,0.20443153,-0.012917341,0.33158377,-0.07229791,0.1992234,0.023492394,253.51111,254.03735,339.68988,0.74946475,8.721744,0.29323763
6,42,10,0.0032768005,0.20401902,0.054747853,0.1060179,0.043253273,0.1169913,-0.012892703,12.389629,-2.9091983,17.71947,3.0912437,0.2339826,-0.025785405,0.3256039,-0.07645476,0.20797421,0.036282074,253.61636,254.56303,340.75757,-0.18204546,8.721744,0.3044784
6,43,10,0.0032768005,0.17456049,0.03496911,0.09267327,0.046918117,0.093500145,-0.0065312474,11.583663,-2.5854461,18.454893,2.9867678,0.18700029,-0.013062495,0.30442286,-0.067946464,0.2166059,0.035055824,253.60448,254.62627,340.36273,-0.40132165,8.721744,0.29551727
6,44,10,0.0032768005,0.17281614,0.038610414,0.09412069,0.04008503,0.09824766,-0.007911568,11.673771,-2.8606842,17.058165,1.5732706,0.19649532,-0.015823135,0.30679095,-0.075179815,0.20021246,0.01846555,253.61201,254.6438,340.70013,1.2874136,8.721744,0.29863387
6,45,10,0.0032768005,0.18860464,0.049920574,0.09863758,0.040046487,0.111714564,-0.012831712,11.950604,-2.5464873,17.049963,2.335901,0.22342913,-0.025663424,0.3140662,-0.06692262,0.20011619,0.027416574,253.59375,254.49521,340.6864,0.21058631,8.722025,0.2838557
6,46,10,0.0032768005,0.18236518,0.034116697,0.10490163,0.043346845,0.09235353,-0.0067814034,12.324229,-2.141556,17.738628,2.6936088,0.18470706,-0.013562807,0.3238852,-0.05628087,0.20819905,0.031615004,253.53648,254.27318,339.79294,-0.55205274,8.722025,0.2818788
6,47,10,0.0032768005,0.1835145,0.03989889,0.10685128,0.036764346,0.099873535,-0.008944788,12.43823,-2.4779139,16.336334,1.632974,0.19974707,-0.017889576,0.32688114,-0.065120466,0.1917403,0.019166293,253.56558,254.30328,340.18277,0.8449398,8.722025,0.29373142
6,48,10,0.0032768005,0.20035271,0.05041478,0.10887078,0.041067153,0.112266175,-0.012773461,12.555221,-2.6914682,17.265871,2.8828955,0.22453235,-0.025546921,0.32995573,-0.07073276,0.20265032,0.033836674,253.64856,254.66904,340.65045,-0.19142723,8.722025,0.2971767
6,49,10,0.0032768005,0.16749781,0.03453936,0.0951584,0.037800066,0.09292384,-0.006649794,11.737948,-2.55631,16.56485,2.252213,0.18584768,-0.013299588,0.30847755,-0.06718074,0.1944224,0.026434323,253.64384,254.7331,339.79892,0.30409694,8.722381,0.2594453
6,50,10,0.0032768005,0.16961297,0.040956445,0.093413815,0.035242703,0.101188496,-0.0070070988,11.629853,-2.8530118,15.99469,0.86362374,0.20237699,-0.0140141975,0.30563673,-0.074978195,0.1877304,0.010136391,253.66667,254.83562,340.44412,1.9893881,8.722381,0.3067396
6,51,10,0.0032768005,0.17861754,0.05325645,0.08745515,0.03790593,0.11538679,-0.01419873,11.252819,-2.599462,16.58803,2.2338173,0.23077358,-0.02839746,0.29572818,-0.06831479,0.19469446,0.026218422,253.67162,254.7541,340.91934,0.3656447,8.722381,0.28582188
6,52,10,0.0032768005,0.15912248,0.032538928,0.085021935,0.041561622,0.09019275,-0.007961137,11.095174,-1.9841481,17.369505,2.544902,0.1803855,-0.015922274,0.2915852,-0.052144118,0.20386668,0.029869633,253.6038,254.47972,340.30182,-0.56075394,8.722381,0.26063204
6,53,10,0.0032768005,0.16069429,0.03363036,0.089926995,0.03713693,0.09169291,-0.009596892,11.410737,-1.8738989,16.418907,0.98426265,0.18338582,-0.019193783,0.2998783,-0.04924673,0.19270945,0.011552333,253.55666,254.20769,340.40143,0.8896362,8.722821,0.2622139
6,54,10,0.0032768005,0.19484363,0.061147023,0.09485207,0.038844537,0.12363962,-0.016470512,11.719041,-1.7009244,16.792147,2.2694943,0.24727924,-0.032941025,0.30798063,-0.044700906,0.19709018,0.02663716,253.55376,254.21547,340.4624,-0.5685699,8.722821,0.27796352
6,55,10,0.0032768005,0.16182435,0.031581417,0.08883358,0.041409347,0.0888558,-0.00814247,11.341153,-1.7167938,17.337656,2.2384756,0.1777116,-0.01628494,0.29804963,-0.045117952,0.20349286,0.026273092,253.5214,254.24274,339.72885,-0.5216818,8.722821,0.2735072
6,56,10,0.0032768005,0.16100602,0.041940708,0.083834216,0.035231102,0.10239715,-0.010380785,11.017406,-2.0458941,15.992055,0.88917613,0.2047943,-0.02076157,0.2895414,-0.05376682,0.1876995,0.010436308,253.54343,254.26938,340.3208,1.156718,8.722821,0.3068231
6,57,10,0.0032768005,0.17437613,0.05003397,0.086277045,0.038065106,0.11184137,-0.014196997,11.176768,-1.8048637,16.622822,1.4126152,0.22368275,-0.028393993,0.29372954,-0.047432467,0.19510281,0.016579932,253.56143,254.29088,340.48285,0.3922485,8.723377,0.29584703
6,58,10,0.0032768005,0.16282168,0.03369278,0.091794156,0.03733474,0.091777965,-0.0056074946,11.52859,-1.9090819,16.462576,1.1712289,0.18355593,-0.011214989,0.3029755,-0.05017137,0.193222,0.013746767,253.53389,254.25668,339.46274,0.73785305,8.723377,0.27918926
6,59,10,0.0032768005,0.17158498,0.04131928,0.09601141,0.034254294,0.101635724,-0.0085360175,11.790442,-2.31738,15.768802,-0.03912215,0.20327145,-0.017072035,0.30985707,-0.060901575,0.18507916,-0.00045918155,253.5297,254.17613,339.76593,2.356502,8.723377,0.3372753
6,60,10,0.0032768005,0.18447912,0.058143593,0.08871536,0.03762016,0.120564915,-0.013756138,11.333606,-2.0169706,16.525385,1.3359454,0.24112983,-0.027512277,0.29785123,-0.05300671,0.19395918,0.015680052,253.52768,254.11826,340.08926,0.68102527,8.723377,0.29555634
6,61,10,0.0032768005,0.15741773,0.03420699,0.08577419,0.037436545,0.09247566,-0.0063290223,11.14415,-1.7158003,16.485004,0.7124218,0.18495132,-0.012658045,0.2928723,-0.045091864,0.19348526,0.008361729,253.51219,254.17436,339.6643,1.0033785,8.724011,0.24884251
6,62,10,0.0032768005,0.16912502,0.04439563,0.09024511,0.034484286,0.10535135,-0.0073700543,11.430902,-2.0780127,15.821652,-0.72983927,0.2107027,-0.0147401085,0.30040824,-0.054610938,0.18569945,-0.008566154,253.52223,254.20236,339.88965,2.807852,8.724011,0.29639506
6,63,10,0.0032768005,0.17370224,0.05622328,0.08169861,0.035780344,0.118557245,-0.013769316,10.876172,-1.6754719,16.11623,0.5402912,0.23711449,-0.027538631,0.2858297,-0.044032015,0.18915693,0.0063414252,253.5159,254.0973,340.119,1.1351807,8.724011,0.25667036
6,64,10,0.0032768005,0.13818042,0.033851806,0.06799039,0.03633823,0.0919943,-0.0060345465,9.921845,-1.2896467,16.241386,0.5248856,0.1839886,-0.012069093,0.26074967,-0.03389238,0.19062589,0.006160608,253.47328,253.94719,339.40634,0.76476115,8.724011,0.2094393
6,65,10,0.0032768005,0.14257753,0.039817385,0.07097662,0.031783525,0.09977147,-0.0064968555,10.137394,-1.4748957,15.189456,-1.0362508,0.19954294,-0.012993711,0.26641437,-0.03876079,0.17827934,-0.012162526,253.49335,253.94983,339.59305,2.5111465,8.724664,0.2615169
6,66,10,0.0032768005,0.15001693,0.046965465,0.07006713,0.032984346,0.108357586,-0.011240303,10.072235,-1.4813784,15.473736,0.038269795,0.21671517,-0.022480605,0.26470196,-0.03893116,0.18161593,0.00044917487,253.52817,254.04823,339.92917,1.4431087,8.724664,0.260467
6,67,10,0.0032768005,0.13007064,0.027645431,0.069140494,0.033284716,0.08313458,-0.0041127917,10.005411,-1.4273638,15.544032,-5.236539e-5,0.16626915,-0.0082255835,0.2629458,-0.037511643,0.182441,-6.117002e-7,253.50937,254.07837,339.39035,1.4274161,8.724664,0.2416006
6,68,10,0.0032768005,0.14393291,0.032338213,0.07868358,0.032911114,0.08991414,-0.0059782714,10.673594,-1.8591704,15.456549,-1.511238,0.17982829,-0.011956543,0.28050593,-0.048859682,0.1814142,-0.017737469,253.53596,254.13562,339.9907,3.3704085,8.724664,0.27899212
6,69,10,0.0032768005,0.17260763,0.05326877,0.08209952,0.03723935,0.11540014,-0.010771648,10.902823,-0.99918026,16.44153,-0.13735786,0.23080029,-0.021543296,0.28653014,-0.026258815,0.192975,-0.0016121737,253.54396,254.10034,340.14224,1.1365381,8.725342,0.22280818
6,70,10,0.0032768005,0.15232107,0.032447338,0.08280451,0.037069228,0.090065725,-0.0045178197,10.949535,-0.68405175,16.403933,-0.25810134,0.18013145,-0.009035639,0.28775772,-0.017977133,0.1925337,-0.0030293453,253.51442,253.98438,339.13803,0.9421531,8.725342,0.180466
6,71,10,0.0032768005,0.1548251,0.03923217,0.080379136,0.035213802,0.09903556,-0.004713871,10.787985,-1.1414036,15.98813,-1.7734381,0.19807112,-0.009427742,0.28351215,-0.029996485,0.18765341,-0.02081492,253.54454,254.10007,339.8089,2.9148417,8.725342,0.24655664
6,72,10,0.0032768005,0.15214907,0.05050261,0.065497465,0.036148995,0.11236393,-0.009790329,9.738251,-1.0137635,16.199041,-0.8139963,0.22472785,-0.019580659,0.25592473,-0.02664207,0.1901289,-0.009553908,253.55287,254.11414,340.27463,1.8277599,8.725342,0.23979099
6,73,10,0.0032768005,0.1314811,0.032690432,0.0648283,0.03396237,0.09040248,-0.0027093273,9.688376,-0.43634543,15.701466,-0.77026707,0.18080495,-0.0054186545,0.25461403,-0.01146731,0.18428881,-0.009040663,253.49919,253.92815,339.42715,1.2066125,8.726039,0.20958479
6,74,10,0.0032768005,0.13414001,0.03658877,0.06564914,0.031902112,0.09564096,-0.0032509107,9.749518,-0.98080033,15.217767,-1.8667115,0.19128191,-0.0065018213,0.25622088,-0.025775779,0.17861162,-0.021909675,253.51608,253.93796,339.59003,2.8475118,8.726039,0.25705224
6,75,10,0.0032768005,0.14501585,0.04899449,0.062416952,0.03360441,0.110673495,-0.008194601,9.506485,-0.7381644,15.6185,-0.844525,0.22134699,-0.016389202,0.24983385,-0.019399231,0.18331505,-0.009912227,253.53085,254.01878,339.8237,1.5826894,8.726039,0.23831575
6,76,10,0.0032768005,0.12394552,0.026048413,0.06528748,0.032609627,0.0806976,-0.0016718082,9.722627,-0.084435046,15.385591,-1.1464224,0.1613952,-0.0033436164,0.25551414,-0.002218981,0.18058136,-0.013455613,253.45766,253.70752,338.91016,1.2308574,8.726039,0.22757319
6,77,10,0.0032768005,0.13228661,0.0298177,0.069259584,0.03320932,0.08633901,-0.0038712244,10.014023,0.19179188,15.526415,-1.971291,0.17267802,-0.0077424487,0.26317215,0.005040354,0.18223424,-0.023137132,253.42471,253.45839,339.30548,1.779499,8.726764,0.26907352
6,78,10,0.0032768005,0.1441533,0.042238284,0.06703143,0.034883585,0.10275977,-0.009099878,9.8516245,0.6088138,15.91299,-0.7420117,0.20551954,-0.018199757,0.25890428,0.01599984,0.18677148,-0.0087090265,253.38324,253.21721,339.50427,0.1331979,8.726764,0.2655546
6,79,10,0.0032768005,0.1297524,0.026507363,0.071439385,0.03180565,0.08140541,-0.00224116,10.170388,0.6081608,15.194741,-0.909639,0.16281082,-0.00448232,0.26728147,0.015982684,0.17834139,-0.010676475,253.31871,252.98119,338.25696,0.3014782,8.726764,0.24812801
6,80,10,0.0032768005,0.12950145,0.030543907,0.06740328,0.031554263,0.087384075,-0.0033645993,9.878914,0.13147451,15.134573,-2.1686635,0.17476815,-0.0067291986,0.2596214,0.0034551886,0.1776352,-0.025453702,253.32469,252.95384,338.35748,2.037189,8.726764,0.24803971
6,81,10,0.0032768005,0.13973764,0.043011304,0.06326803,0.03345831,0.10369583,-0.006857985,9.571076,0.5643601,15.584512,-0.8854244,0.20739166,-0.01371597,0.25153136,0.014831588,0.18291613,-0.01039227,253.32698,252.88187,338.53195,0.3210643,8.727448,0.22323057
6,82,10,0.0032768005,0.11805081,0.027412549,0.06158202,0.029056242,0.08278368,-0.00057380483,9.442689,0.6378412,14.523152,-1.0015494,0.16556735,-0.0011476097,0.24815725,0.016762698,0.17045891,-0.011755228,253.32527,252.95656,337.84418,0.36370814,8.727448,0.20242272
6,83,10,0.0032768005,0.12550168,0.0344043,0.060911044,0.030186333,0.09274198,-0.001996483,9.391105,0.24629374,14.802887,-2.0516307,0.18548396,-0.003992966,0.24680163,0.006472691,0.17374215,-0.024080085,253.34464,253.0006,338.40182,1.805337,8.727448,0.22353244
6,84,10,0.0032768005,0.14004773,0.046459988,0.059866022,0.033721708,0.107772894,-0.006672573,9.310197,1.0213642,15.645736,-0.8445003,0.21554579,-0.013345146,0.24467534,0.02684182,0.18363471,-0.009911939,253.27962,252.61137,338.32532,-0.17686391,8.727448,0.23851441
6,85,10,0.0032768005,0.11832148,0.024491223,0.06307281,0.030757451,0.07824836,-0.00038853355,9.5563,1.8769243,14.942263,-1.2333571,0.15649672,-0.0007770671,0.251143,0.049326252,0.17537802,-0.014475968,253.19728,252.26257,337.52817,-0.6435672,8.728055,0.2613068
6,86,10,0.0032768005,0.123474285,0.032308567,0.05917583,0.03198989,0.08987292,-0.0020626634,9.256372,1.49638,15.2386875,-2.225298,0.17974584,-0.004125327,0.24326083,0.0393254,0.17885718,-0.02611842,253.19499,252.18994,337.87738,0.72891796,8.728055,0.27962488
6,87,10,0.0032768005,0.13268548,0.038081482,0.05961185,0.03499215,0.097572386,-0.0073305056,9.290411,1.4155785,15.937733,-1.0422343,0.19514477,-0.014661011,0.24415538,0.037201907,0.18706189,-0.012232752,253.1956,252.2128,337.94333,-0.37334418,8.728055,0.2565089
6,88,10,0.0032768005,0.12142961,0.02504261,0.0630377,0.033349294,0.07912429,0.00040772566,9.553639,1.7020485,15.559101,-1.5825858,0.15824857,0.0008154513,0.2510731,0.044730462,0.18261789,-0.01857488,253.1299,251.94475,337.10773,-0.11946273,8.728055,0.26801205
6,89,10,0.0032768005,0.12428033,0.031854652,0.061100826,0.03132486,0.08923936,-0.00037137358,9.405724,1.7135708,15.079461,-2.0961416,0.17847872,-0.00074274716,0.24718581,0.045033257,0.1769883,-0.024602504,253.09312,251.73727,337.20663,0.38257074,8.728599,0.25484696
6,90,10,0.0032768005,0.13331963,0.04012595,0.059647415,0.03354627,0.10015731,-0.0052130534,9.293183,1.873733,15.604983,-0.89391834,0.20031463,-0.010426107,0.2442282,0.049242377,0.1831564,-0.01049196,253.06357,251.61024,337.11346,-0.9798147,8.728599,0.25266266
6,91,10,0.0032768005,0.12565564,0.024459304,0.06805804,0.033138294,0.07819735,0.0018886229,9.926781,2.20488,15.509804,-1.1908113,0.1563947,0.0037772458,0.26087937,0.05794504,0.18203926,-0.0139766075,253.01204,251.45508,336.34366,-1.0140687,8.728599,0.2738715
6,92,10,0.0032768005,0.12579744,0.028190728,0.064035974,0.03357074,0.083950475,-0.0004586889,9.628989,2.2539136,15.610675,-1.846708,0.16790095,-0.0009173778,0.2530533,0.059233677,0.1832232,-0.021674896,252.98766,251.19078,336.56528,-0.40720558,8.728599,0.27944788
6,93,10,0.0032768005,0.1307752,0.03552231,0.06101819,0.034234706,0.09423681,-0.004532771,9.399361,2.6860185,15.764293,-0.3974133,0.18847363,-0.009065542,0.2470186,0.07058954,0.18502623,-0.004664458,252.9631,251.03282,336.60464,-2.2886052,8.729096,0.28053793
6,94,10,0.0032768005,0.124661714,0.026376845,0.064694636,0.033590235,0.08120475,0.0015245626,9.678383,2.8473577,15.615206,-1.0035495,0.1624095,0.0030491252,0.2543514,0.07482957,0.18327639,-0.011778708,252.91896,250.98302,335.85196,-1.8438083,8.729096,0.3140933
6,95,10,0.0032768005,0.13437212,0.039883632,0.061333504,0.033154987,0.09985443,-0.00034197833,9.423615,2.4354715,15.51371,-1.9284514,0.19970886,-0.00068395666,0.24765602,0.06400506,0.18208511,-0.022634327,252.92839,250.9695,336.26123,-0.5070201,8.729096,0.29752192
6,96,10,0.0032768005,0.12596329,0.031459842,0.058857374,0.035646066,0.08868461,-0.004887209,9.231433,2.4198558,16.085962,-0.91105527,0.17736922,-0.009774418,0.24260539,0.063594684,0.18880166,-0.0106930975,252.93857,250.94402,336.4667,-1.5088005,8.729096,0.26685345
6,97,10,0.0032768005,0.12931496,0.026361244,0.06830909,0.034644626,0.08118073,0.0030120818,9.945072,2.4735231,15.858392,-0.9133464,0.16236146,0.0060241637,0.26136008,0.06500508,0.18613067,-0.01071999,252.93852,250.96378,335.8431,-1.5601767,8.729536,0.26265246
6,98,10,0.0032768005,0.120152384,0.02873486,0.056973808,0.03444372,0.0847568,0.0019758993,9.082518,2.207997,15.812345,-1.8061854,0.1695136,0.0039517987,0.23869187,0.05802696,0.1855902,-0.021199282,252.96059,251.09679,336.1061,-0.40181172,8.729536,0.24963026
6,99,10,0.0032768005,0.120328315,0.033204705,0.051172797,0.035950817,0.09111079,-0.00074790436,8.607722,2.261256,16.154577,-0.78704655,0.18222158,-0.0014958087,0.22621405,0.059426617,0.18960701,-0.009237601,252.94356,251.07504,336.28937,-1.4742094,8.729536,0.2511431
6,100,10,0.0032768005,0.11700782,0.027253067,0.056559492,0.033195265,0.08254252,0.0051146,9.049435,2.1748729,15.5231285,-1.2506245,0.16508503,0.0102292,0.2378224,0.057156444,0.18219568,-0.014678635,252.90948,250.95352,335.6183,-0.92424834,8.729536,0.24972181
7,1,10,0.0026214404,0.14305544,0.031946275,0.076703794,0.034405366,0.089367606,0.007034144,10.53846,3.1443658,15.803538,0.12082083,0.17873521,0.014068288,0.2769545,0.08263508,0.18548684,0.00141808,252.22984,248.4719,332.6855,-3.2651865,8.729859,0.45107025
7,2,10,0.0026214404,0.14046139,0.03241989,0.07662819,0.03141331,0.09002762,0.0054223747,10.533264,3.2486615,15.100734,-0.47683337,0.18005525,0.010844749,0.27681798,0.085375994,0.177238,-0.005596615,252.14825,248.08997,332.74405,-2.7718282,8.729859,0.4354703
7,3,10,0.0026214404,0.15494919,0.03526004,0.0837593,0.03592984,0.09388828,0.0009423265,11.012481,3.7596288,16.149862,0.9891266,0.18777657,0.001884653,0.289412,0.09880441,0.18955168,0.011609423,252.07501,247.69894,332.57352,-4.7487555,8.729859,0.46854594
7,4,10,0.0026214404,0.15944134,0.033680487,0.087286286,0.03847456,0.091761224,0.00543535,11.241951,4.238125,16.711987,0.4829443,0.18352245,0.0108707,0.29544252,0.11137946,0.19614933,0.0056683384,252.01521,247.51117,331.90936,-4.7210693,8.729859,0.47154492
7,5,10,0.0026214404,0.15113612,0.034391776,0.08151552,0.035228815,0.0927251,0.0041959067,10.863976,3.83335,15.991538,0.03179292,0.1854502,0.008391813,0.28550923,0.10074181,0.1876934,0.00037315578,251.99503,247.43158,332.34564,-3.8651428,8.729951,0.44420794
7,6,10,0.0026214404,0.16665703,0.039137278,0.08706083,0.040458918,0.09891572,0.00067671295,11.227423,4.0433474,17.137535,1.4274898,0.19783144,0.0013534259,0.29506072,0.10626065,0.20114402,0.016754512,251.94302,247.24825,332.35788,-5.470837,8.729951,0.468962
7,7,10,0.0026214404,0.16510083,0.03548429,0.089833446,0.039783087,0.09418637,0.005820462,11.404801,3.9305975,16.993797,0.8110178,0.18837275,0.011640924,0.29972228,0.103297524,0.19945697,0.009518952,251.8926,247.13849,331.51318,-4.7416153,8.729951,0.44689888
7,8,10,0.0026214404,0.15759195,0.0354302,0.08763442,0.03452733,0.09411456,0.005373394,11.264347,3.4609616,15.831525,-0.23298499,0.18822911,0.010746788,0.29603112,0.09095531,0.18581532,-0.002734556,251.904,247.14642,331.706,-3.2279766,8.729951,0.43208826
7,9,10,0.0026214404,0.16782868,0.040511593,0.08984781,0.037469275,0.10063746,0.003944824,11.405711,3.2328522,16.49221,1.0264224,0.20127492,0.007889648,0.29974625,0.08496051,0.19356982,0.012047164,251.89148,247.16515,331.70193,-4.2592745,8.729845,0.38864356
7,10,10,0.0026214404,0.18015623,0.038457092,0.10364688,0.03805227,0.0980524,0.009404488,12.250301,3.2781277,16.62002,0.83318347,0.1961048,0.018808976,0.32194236,0.08615038,0.19506991,0.009779113,251.828,247.04362,330.80023,-4.111311,8.729845,0.37974676
7,11,10,0.0026214404,0.1746569,0.036411054,0.104258016,0.033987816,0.0954084,0.0073468997,12.2863655,3.3269389,15.707348,0.39106813,0.1908168,0.014693799,0.3228901,0.08743317,0.18435785,0.004589985,251.78226,246.78468,330.86664,-3.718007,8.729845,0.38302696
7,12,10,0.0026214404,0.17499834,0.039726134,0.09705612,0.03821608,0.09965708,0.0023786495,11.854415,3.8476918,16.655754,1.8585501,0.19931416,0.004757299,0.3115383,0.10111872,0.19548933,0.021813888,251.75339,246.63625,330.79697,-5.7062416,8.729845,0.4115306
7,13,10,0.0026214404,0.17803678,0.040282734,0.09894807,0.038805977,0.100352794,0.008708694,11.9693985,3.52934,16.78381,1.339125,0.20070559,0.017417388,0.31456012,0.09275233,0.19699232,0.015717374,251.73924,246.61316,330.29785,-4.868465,8.729587,0.37295046
7,14,10,0.0026214404,0.17583926,0.040531628,0.09917863,0.03612901,0.10066234,0.006481142,11.9833355,3.3469944,16.194563,0.67609924,0.20132469,0.012962284,0.3149264,0.08796022,0.19007632,0.007935408,251.78767,246.71887,330.91672,-4.0230937,8.729587,0.37275457
7,15,10,0.0026214404,0.17510813,0.045281943,0.08997955,0.039846648,0.10639777,0.002739628,11.41407,3.6616156,17.007368,1.8355392,0.21279554,0.005479256,0.29996592,0.09622857,0.19961625,0.021543806,251.81436,246.81787,331.26846,-5.4971547,8.729587,0.3819674
7,16,10,0.0026214404,0.1727906,0.040803455,0.091451235,0.040535912,0.100999326,0.00855754,11.507035,3.7282753,17.153833,1.2085646,0.20199865,0.01711508,0.30240905,0.09798041,0.20133533,0.014184977,251.79483,246.7979,330.65674,-4.93684,8.729587,0.3739111
7,17,10,0.0026214404,0.17057806,0.04268865,0.09261573,0.03527369,0.10330616,0.008652436,11.580066,3.038344,16.00172,0.7455035,0.20661232,0.017304871,0.30432832,0.079848774,0.18781291,0.0087500075,251.81093,246.80086,330.8662,-3.7838473,8.729186,0.3449621
7,18,10,0.0026214404,0.16952631,0.04363803,0.085435554,0.040452715,0.10444859,0.0044334303,11.12213,3.5752556,17.136219,1.6652225,0.20889717,0.0088668605,0.2922936,0.093958996,0.2011286,0.019544791,251.77318,246.61028,331.0044,-5.240478,8.729186,0.37038657
7,19,10,0.0026214404,0.16519094,0.03963515,0.08493634,0.040619437,0.09954289,0.008819784,11.089588,3.7384605,17.171497,1.2790291,0.19908579,0.017639568,0.2914384,0.09824809,0.20154265,0.015012021,251.68596,246.33197,330.26904,-5.0174894,8.729186,0.3541285
7,20,10,0.0026214404,0.16332471,0.03868406,0.08954971,0.03509093,0.098341316,0.006884382,11.386776,3.853986,15.960213,0.9448851,0.19668263,0.013768764,0.29924858,0.10128413,0.18732573,0.011090163,251.62462,245.9497,330.2647,-4.798871,8.729186,0.3500179
7,21,10,0.0026214404,0.16957161,0.041511707,0.09010042,0.037959483,0.10187211,0.0048588887,11.421735,3.7907956,16.599743,2.324116,0.20374422,0.009717777,0.30016732,0.09962347,0.19483194,0.027278258,251.5778,245.81215,330.1054,-6.1149116,8.728634,0.35010633
7,22,10,0.0026214404,0.17317036,0.042242575,0.09155542,0.039372377,0.102764994,0.010775025,11.513588,3.7343035,16.90585,1.7085749,0.20552999,0.02155005,0.30258125,0.098138854,0.19842474,0.020053621,251.55559,245.85446,329.5694,-5.4428782,8.728634,0.3422596
7,23,10,0.0026214404,0.16922656,0.041994654,0.09327497,0.033956934,0.102462985,0.008530244,11.621206,3.479183,15.700209,1.3563106,0.20492597,0.017060488,0.30540952,0.09143417,0.18427408,0.01591908,251.56802,245.84132,329.85663,-4.8354936,8.728634,0.31962374
7,24,10,0.0026214404,0.1768471,0.045449838,0.09191158,0.039485693,0.10659484,0.005476209,11.535961,3.6933162,16.93016,2.499895,0.21318968,0.010952418,0.30316922,0.097061686,0.19871007,0.029341385,251.605,245.96051,330.1054,-6.1932116,8.728634,0.3519401
7,25,10,0.0026214404,0.17496884,0.046865862,0.088940434,0.03916255,0.10824262,0.01155075,11.347973,3.0224748,16.860743,1.5404882,0.21648525,0.0231015,0.29822883,0.079431735,0.1978953,0.018080778,251.65327,246.3164,329.73962,-4.562963,8.727981,0.3167836
7,26,10,0.0026214404,0.16620424,0.047118265,0.086808376,0.0322776,0.10853371,0.010720158,11.211132,2.5565965,15.307062,0.80482316,0.21706742,0.021440316,0.2946326,0.067188285,0.17965968,0.009446246,251.72226,246.67378,330.43552,-3.3614197,8.727981,0.28605828
7,27,10,0.0026214404,0.17875215,0.051838167,0.09021783,0.036696166,0.113839984,0.0074738404,11.429173,2.6408997,16.32118,2.042827,0.22767997,0.014947681,0.30036283,0.06940379,0.19156243,0.023976753,251.72487,246.72328,330.44424,-4.6837263,8.727981,0.29837495
7,28,10,0.0026214404,0.19002551,0.052044228,0.09987652,0.03810476,0.11406602,0.012137201,12.025423,2.8371234,16.631477,1.2924504,0.22813204,0.024274401,0.31603247,0.07456064,0.1952044,0.015169548,251.71019,246.66069,329.9588,-4.129574,8.727981,0.3024055
7,29,10,0.0026214404,0.17601049,0.046961527,0.09684873,0.032200236,0.10835304,0.008972595,11.841743,2.6587064,15.288706,0.7588683,0.21670608,0.01794519,0.3112053,0.06987176,0.17944424,0.008906873,251.75006,246.71935,330.63925,-3.4175746,8.727249,0.28358036
7,30,10,0.0026214404,0.18143792,0.051038906,0.09505179,0.035347242,0.11295896,0.0055189026,11.731372,2.9763823,16.018394,2.0930667,0.22591792,0.011037805,0.3083047,0.078220405,0.18800862,0.024566421,251.75316,246.73042,330.58453,-5.069449,8.727249,0.3034265
7,31,10,0.0026214404,0.19124255,0.055093944,0.099842,0.036306612,0.117360495,0.011702453,12.023346,2.8585353,16.234318,1.4435388,0.23472099,0.023404906,0.31597784,0.07512335,0.19054294,0.016942875,251.73384,246.69922,329.77448,-4.302074,8.727249,0.30411458
7,32,10,0.0026214404,0.18532816,0.05310041,0.09880686,0.033420883,0.11521763,0.010164605,11.960854,2.3066647,15.575793,0.80577236,0.23043527,0.02032921,0.31433558,0.06062,0.1828138,0.009457384,251.79443,246.92964,330.21988,-3.112437,8.727249,0.27101472
7,33,10,0.0026214404,0.17500785,0.05324151,0.08607766,0.035688676,0.11537061,0.008754225,11.163848,2.1185226,16.095573,1.6732502,0.23074122,0.01750845,0.29338995,0.055675536,0.18891446,0.01963901,251.82413,247.16512,330.5434,-3.7917728,8.7264385,0.26899496
7,34,10,0.0026214404,0.17927521,0.05234136,0.09154154,0.035392318,0.11439117,0.013994044,11.512715,2.2992098,16.028605,1.2283221,0.22878234,0.027988087,0.30255833,0.06042407,0.18812846,0.014416875,251.77325,247.06427,329.92447,-3.527532,8.7264385,0.29083198
7,35,10,0.0026214404,0.1848983,0.048305456,0.103292435,0.033300415,0.10989251,0.011664942,12.229338,2.4975255,15.547696,0.5696573,0.21978502,0.023329884,0.3213914,0.06563586,0.18248402,0.0066860938,251.73856,246.73914,330.24673,-3.0671828,8.7264385,0.274291
7,36,10,0.0026214404,0.19979662,0.05345374,0.11180546,0.03453742,0.115600325,0.0083547225,12.723312,2.8169384,15.8338375,1.8651708,0.23120065,0.016709445,0.33437324,0.07403017,0.18584245,0.021891596,251.72783,246.57988,330.2131,-4.6821094,8.7264385,0.28810638
7,37,10,0.0026214404,0.19169433,0.05396259,0.104610994,0.03312075,0.11614925,0.013094681,12.307147,2.394385,15.505696,1.2711846,0.2322985,0.026189363,0.32343623,0.0629253,0.18199107,0.014919956,251.73927,246.75615,329.65588,-3.6655698,8.725632,0.27174202
7,38,10,0.0026214404,0.16960858,0.047231868,0.09094279,0.031433925,0.10866447,0.011623266,11.475003,2.0453312,15.105687,0.54762435,0.21732894,0.023246532,0.30156723,0.05375205,0.17729615,0.006427493,251.78685,246.91653,330.34515,-2.5929556,8.725632,0.24640648
7,39,10,0.0026214404,0.1715335,0.048382968,0.09225248,0.030898042,0.10998064,0.007975498,11.557334,2.207561,14.976374,1.5899048,0.21996129,0.015950996,0.30373093,0.058015507,0.17577839,0.018660782,251.79816,246.91534,330.53406,-3.7974658,8.725632,0.2612439
7,40,10,0.0026214404,0.16581586,0.045092646,0.09074205,0.029981172,0.10617515,0.013082772,11.462332,2.3815143,14.752496,0.8940861,0.2123503,0.026165543,0.30123422,0.06258704,0.17315072,0.010493927,251.75534,246.76427,330.01254,-3.2756004,8.725632,0.27619538
7,41,10,0.0026214404,0.1641377,0.045516733,0.08944233,0.029178647,0.106673256,0.007930995,11.379946,2.6125185,14.553713,0.6124183,0.21334651,0.01586199,0.2990691,0.06865793,0.17081758,0.007187977,251.72643,246.55356,330.5152,-3.224937,8.724839,0.27945027
7,42,10,0.0026214404,0.17346661,0.047186874,0.09304295,0.03323679,0.1086127,0.0026497673,11.606745,3.2358723,15.532837,2.073063,0.2172254,0.0052995346,0.30502942,0.0850399,0.1823096,0.024331635,251.69147,246.36127,330.66513,-5.308935,8.724839,0.31729317
7,43,10,0.0026214404,0.16874632,0.04127203,0.095679104,0.03179518,0.101577595,0.00792076,11.7700205,3.3530052,15.192242,1.3516709,0.20315519,0.01584152,0.3093204,0.088118196,0.17831203,0.01586462,251.6514,246.26056,330.24854,-4.704676,8.724839,0.3220757
7,44,10,0.0026214404,0.16523513,0.043367714,0.09115993,0.030707484,0.10412458,0.005931153,11.488694,3.1711133,14.930121,0.55881894,0.20824917,0.011862306,0.30192703,0.08333801,0.17523551,0.0065588853,251.65625,246.29999,330.743,-3.7299323,8.724839,0.3078706
7,45,10,0.0026214404,0.18137094,0.05078582,0.09614088,0.034444246,0.11267855,0.0004335154,11.7983885,3.2617106,15.812464,2.0257492,0.2253571,0.0008670308,0.31006593,0.08571892,0.18559161,0.023776315,251.66165,246.36542,330.8136,-5.28746,8.724085,0.3128694
7,46,10,0.0026214404,0.1778198,0.04548937,0.097137764,0.035192665,0.10664119,0.007715578,11.8594,3.2184076,15.983331,1.255035,0.21328238,0.015431156,0.31166932,0.08458091,0.18759708,0.014730408,251.63765,246.39172,330.16666,-4.4734426,8.724085,0.34468192
7,47,10,0.0026214404,0.16810498,0.041387953,0.092839375,0.03387764,0.10172015,0.0060389014,11.59404,2.8129075,15.681869,0.2651703,0.2034403,0.012077803,0.30469555,0.07392423,0.1840588,0.003112318,251.64615,246.40356,330.4536,-3.0780778,8.724085,0.29397678
7,48,10,0.0026214404,0.17510352,0.045700278,0.09287581,0.036527425,0.106888115,0.0036981371,11.596314,2.629506,16.283611,1.177182,0.21377623,0.0073962742,0.30475533,0.06910438,0.19112149,0.01381664,251.68016,246.61028,330.7033,-3.806688,8.724085,0.28871337
7,49,10,0.0026214404,0.15952335,0.041648928,0.08459635,0.033278078,0.10204034,0.009042707,11.067372,2.2027755,15.5424795,0.12465721,0.20408069,0.018085415,0.2908545,0.057889737,0.1824228,0.0014631116,251.67274,246.74718,330.09747,-2.3274326,8.723416,0.30013633
7,50,10,0.0026214404,0.15126222,0.04189008,0.07764872,0.03172342,0.102335334,0.008317889,10.603172,2.0524287,15.17509,-0.74710315,0.20467067,0.016635777,0.2786552,0.053938553,0.1781107,-0.008768782,251.6895,246.83427,330.6364,-1.3053255,8.723416,0.2849562
7,51,10,0.0026214404,0.1674827,0.04509096,0.08513864,0.037253104,0.10617316,0.0037799438,11.102787,2.552764,16.444567,0.668035,0.21234632,0.0075598876,0.29178527,0.067087546,0.19301063,0.007840756,251.69,246.80797,330.97876,-3.220799,8.723416,0.31745574
7,52,10,0.0026214404,0.16861531,0.041547198,0.09185831,0.0352098,0.10191565,0.008219278,11.532618,2.40776,15.987224,0.07197201,0.2038313,0.016438557,0.30308136,0.06327679,0.18764275,0.0008447369,251.65926,246.64331,330.30316,-2.479732,8.723416,0.3386198
7,53,10,0.0026214404,0.15929145,0.04120901,0.086153395,0.031929053,0.10150001,0.0055934093,11.168757,2.0054362,15.224192,-0.609074,0.20300002,0.011186819,0.293519,0.052703593,0.17868702,-0.007148727,251.70813,246.82616,331.0248,-1.3963622,8.72282,0.31189257
7,54,10,0.0026214404,0.17253539,0.044756774,0.09132753,0.036451086,0.105778985,0.0030915479,11.49925,1.9526535,16.266588,0.32861668,0.21155797,0.0061830957,0.30220446,0.05131644,0.19092168,0.0038569937,251.76056,247.15504,331.4135,-2.2812703,8.72282,0.31104183
7,55,10,0.0026214404,0.16872577,0.039603617,0.095667504,0.03345466,0.099503286,0.009643287,11.769307,1.7821082,15.583663,-0.28309017,0.19900657,0.019286575,0.30930164,0.046834435,0.18290615,-0.0033226446,251.73984,247.22992,331.03116,-1.499018,8.72282,0.34139192
7,56,10,0.0026214404,0.16546315,0.038602427,0.09636371,0.030497016,0.0982375,0.0067738667,11.812055,1.6762847,14.878868,-0.71609366,0.196475,0.013547733,0.31042504,0.044053376,0.17463395,-0.008404821,251.72304,247.07225,331.52005,-0.960191,8.72282,0.33309168
7,57,10,0.0026214404,0.17017499,0.042310417,0.09483615,0.03302842,0.10284748,0.0017565005,11.718057,1.8290863,15.48407,0.5259252,0.20569496,0.003513001,0.3079548,0.04806905,0.18173723,0.0061728028,251.73682,247.167,331.6352,-2.3550115,8.722324,0.32098845
7,58,10,0.0026214404,0.16656102,0.042741053,0.09160011,0.032219853,0.10336955,0.008765892,11.516398,1.4216318,15.293364,-0.30635843,0.2067391,0.017531784,0.3026551,0.037360985,0.1794989,-0.0035957436,251.7412,247.27124,330.95453,-1.1152734,8.722324,0.31840724
7,59,10,0.0026214404,0.15906471,0.04148577,0.08620526,0.031373676,0.10184028,0.005999777,11.172119,1.2059215,15.091204,-1.0306509,0.20368056,0.011999554,0.29360732,0.03169206,0.17712615,-0.0120967915,251.77777,247.28838,331.5988,-0.17527068,8.722324,0.3118281
7,60,10,0.0026214404,0.1647357,0.043928392,0.086062394,0.03474492,0.10479551,0.00047136814,11.162857,1.6152977,15.881329,0.2954604,0.20959102,0.0009427363,0.29336393,0.042450614,0.18639989,0.0034678362,251.84047,247.46954,332.0453,-1.910758,8.722324,0.2969942
7,61,10,0.0026214404,0.16132334,0.039413996,0.08955524,0.03235411,0.09926479,0.0069341585,11.387128,1.4787097,15.325194,-0.39121085,0.19852959,0.013868317,0.2992578,0.03886101,0.17987248,-0.004591657,251.83989,247.48102,331.5233,-1.0874989,8.721925,0.2960801
7,62,10,0.0026214404,0.15403509,0.039118547,0.08519763,0.029718922,0.09889205,0.005691392,11.106633,0.98391414,14.687835,-1.3288139,0.1977841,0.011382784,0.29188633,0.025857624,0.17239177,-0.015596353,251.86324,247.49327,332.1946,0.34489977,8.721925,0.2697267
7,63,10,0.0026214404,0.15737481,0.038620666,0.08640569,0.032348473,0.09826071,0.0004021003,11.1851,1.5101923,15.323857,-0.29117545,0.19652142,0.0008042006,0.29394844,0.039688397,0.1798568,-0.0034175364,251.87015,247.48834,332.6025,-1.2190168,8.721925,0.29944107
7,64,10,0.0026214404,0.15957743,0.036947623,0.09070257,0.03192722,0.096108824,0.006928647,11.459838,1.6188885,15.223753,-0.41786388,0.19221765,0.013857294,0.30116868,0.042544954,0.1786819,-0.0049044876,251.83733,247.42108,331.94327,-1.2010247,8.721925,0.3225812
7,65,10,0.0026214404,0.14187804,0.03702865,0.07505357,0.029795816,0.09621415,0.0036619082,10.42448,1.4364624,14.706822,-0.85861236,0.1924283,0.0073238164,0.27395907,0.037750743,0.17261465,-0.010077572,251.81554,247.25768,332.27252,-0.57785004,8.721677,0.27651867
7,66,10,0.0026214404,0.13976397,0.040121596,0.06569194,0.033950433,0.10015188,-0.0015213259,9.752697,1.5479157,15.698706,0.14832833,0.20030376,-0.0030426518,0.25630438,0.04067978,0.18425643,0.0017409391,251.81017,247.27588,332.3054,-1.696244,8.721677,0.2718395
7,67,10,0.0026214404,0.13515393,0.033943623,0.06924703,0.031963285,0.09211898,0.0057595656,10.013116,1.5355607,15.23235,-0.4380602,0.18423796,0.011519131,0.2631483,0.040355105,0.17878279,-0.005141534,251.77867,247.16144,331.4001,-1.0975006,8.721677,0.29129654
7,68,10,0.0026214404,0.13971269,0.036692783,0.071608596,0.03141132,0.095776804,0.0036893997,10.182425,1.1628113,15.100255,-1.0424898,0.19155361,0.0073787994,0.26759782,0.030559106,0.17723238,-0.012235748,251.81514,247.2086,332.03458,-0.12032151,8.721677,0.2704371
7,69,10,0.0026214404,0.14446215,0.04148197,0.07003851,0.032941673,0.101835616,-0.0015014512,10.070178,1.1585808,15.463721,0.20390964,0.20367123,-0.0030029025,0.2646479,0.030447926,0.18149841,0.0023932916,251.8954,247.5524,332.55655,-1.3624904,8.721544,0.22508436
7,70,10,0.0026214404,0.136597,0.0354096,0.06836991,0.03281748,0.09408719,0.006946215,9.949498,0.7426265,15.434545,-0.64920384,0.18817438,0.01389243,0.2614764,0.019516494,0.18115595,-0.0076197297,251.93344,247.88533,332.14694,-0.09342265,8.721544,0.24642625
7,71,10,0.0026214404,0.13332558,0.034173183,0.06986313,0.029289257,0.09242995,0.0047828546,10.057562,0.308729,14.581271,-1.4920763,0.1848599,0.009565709,0.26431635,0.008113512,0.17114104,-0.01751257,251.99213,248.15329,333.04678,1.1833472,8.721544,0.26376474
7,72,10,0.0026214404,0.14341106,0.042304832,0.07021171,0.030894516,0.10284069,-0.0008739909,10.082622,0.8035615,14.97552,-0.11713386,0.20568138,-0.0017479818,0.26497492,0.021117885,0.17576836,-0.0013748113,252.00214,248.10791,333.47092,-0.68642765,8.721544,0.25905445
7,73,10,0.0026214404,0.14347671,0.03552762,0.077148065,0.030801026,0.09424386,0.0043106005,10.568934,0.836467,14.952845,-0.12800436,0.18848772,0.008621201,0.2777554,0.02198266,0.17550221,-0.0015023928,252.0157,248.21155,332.76276,-0.70846266,8.721539,0.2119731
7,74,10,0.0026214404,0.14202052,0.037375424,0.07770233,0.026942777,0.096663624,0.003117133,10.6068325,0.004363012,13.984998,-1.0095966,0.19332725,0.006234266,0.27875137,0.00011466489,0.16414255,-0.011849679,252.12863,248.63307,333.48883,1.0052335,8.721539,0.19105934
7,75,10,0.0026214404,0.14146964,0.043433473,0.06894153,0.029094638,0.10420349,-0.0002689865,9.991004,-0.18944982,14.532744,-0.27920642,0.20840698,-0.000537973,0.2625672,-0.004978811,0.1705715,-0.0032770592,252.2199,249.02902,334.0711,0.46865624,8.721539,0.15671268
7,76,10,0.0026214404,0.13544722,0.034107238,0.07026163,0.031078355,0.09234072,0.006133141,10.086205,-0.49107152,15.02001,-1.0998262,0.18468145,0.012266282,0.2650691,-0.012905535,0.17629054,-0.012908712,252.25801,249.23384,333.65128,1.5908978,8.721539,0.17372721
7,77,10,0.0026214404,0.13302968,0.037378065,0.06810265,0.027548963,0.09666704,0.0033353104,9.930032,-0.60635895,14.141447,-1.3875958,0.19333407,0.0066706208,0.26096484,-0.01593533,0.1659788,-0.016286276,252.30554,249.32639,334.19144,1.9939547,8.721622,0.18089883
7,78,10,0.0026214404,0.13857624,0.03880533,0.06877464,0.03099627,0.09849534,-0.0025795607,9.978904,0.04888469,15.000163,0.4147878,0.19699068,-0.0051591215,0.2622492,0.0012847101,0.17605758,0.0048683775,252.32887,249.32751,334.6105,-0.4636725,8.721622,0.18626344
7,79,10,0.0026214404,0.11948359,0.030355562,0.060862746,0.028265284,0.08711424,0.004551612,9.387381,0.04696979,14.324119,-0.052938364,0.17422847,0.009103224,0.24670376,0.0012343869,0.16812283,-0.0006213393,252.30283,249.28673,334.04404,0.0059685744,8.721622,0.18613769
7,80,10,0.0026214404,0.115424916,0.03238816,0.05753969,0.025497068,0.08998355,0.0039740973,9.127513,-0.21308906,13.604619,-1.1506662,0.1799671,0.007948195,0.23987432,-0.0056000575,0.15967801,-0.0135054225,252.29407,249.25789,334.52194,1.3637553,8.721622,0.17684814
7,81,10,0.0026214404,0.12486598,0.04008563,0.05643268,0.028347671,0.10010698,-0.0030015889,9.039283,0.21907082,14.344978,0.23719038,0.20021395,-0.0060031777,0.23755564,0.0057572597,0.16836767,0.002783911,252.25706,249.01544,334.80453,-0.45626122,8.721764,0.15906502
7,82,10,0.0026214404,0.12481239,0.030197948,0.06549678,0.02911766,0.086887784,0.0018193815,9.7382,0.55186224,14.538496,0.19916777,0.17377557,0.003638763,0.2559234,0.014503137,0.17063898,0.002337641,252.19034,248.73676,333.8823,-0.75103,8.721764,0.17201786
7,83,10,0.0026214404,0.12583081,0.03034904,0.0674168,0.028064974,0.08710488,-0.0006292167,9.879905,0.19480167,14.273272,-0.12939125,0.17420976,-0.0012584334,0.25964746,0.005119456,0.16752604,-0.0015186715,252.20403,248.68446,334.24652,-0.06541042,8.721764,0.18362208
7,84,10,0.0026214404,0.1295828,0.038583063,0.06137386,0.029625881,0.09821286,-0.0050652944,9.426716,0.034637567,14.664825,0.7302202,0.19642572,-0.010130589,0.24773748,0.0009102845,0.1721217,0.008570625,252.26508,248.9746,334.6231,-0.76485777,8.721764,0.16676319
7,85,10,0.0026214404,0.1342644,0.030303208,0.074213915,0.029747264,0.08703908,0.0017752417,10.366005,0.071529545,14.694838,0.33729228,0.17407817,0.0035504834,0.2724223,0.0018798221,0.17247395,0.0039588166,252.30737,249.22191,334.2223,-0.40882182,8.722003,0.19264673
7,86,10,0.0026214404,0.12543842,0.032400973,0.06570861,0.027328843,0.09000135,-0.00011610323,9.753934,-0.3788308,14.084837,-0.7336981,0.1800027,-0.00023220645,0.2563369,-0.0099558085,0.16531438,-0.008611443,252.38712,249.45049,335.2497,1.1125289,8.722003,0.19068804
7,87,10,0.0026214404,0.1295838,0.036486965,0.06360154,0.029495297,0.09550781,-0.006676657,9.596271,-0.062300786,14.632468,0.7679858,0.19101562,-0.013353314,0.25219345,-0.0016372902,0.17174195,0.009013891,252.45569,249.65182,335.728,-0.705685,8.722003,0.1842948
7,88,10,0.0026214404,0.12026565,0.028725414,0.061983686,0.029556554,0.08474287,0.00039296228,9.4734335,-0.077687584,14.6476555,0.40024066,0.16948573,0.00078592455,0.24896523,-0.0020416584,0.1719202,0.0046976386,252.4656,249.7965,335.13565,-0.32255307,8.722003,0.2563412
7,89,10,0.0026214404,0.124719314,0.032509577,0.06498402,0.02722571,0.09015206,-0.00017619826,9.7000065,-0.5543144,14.058236,-1.1202083,0.18030412,-0.0003523965,0.25491965,-0.01456758,0.16500215,-0.013147935,252.49658,249.87668,335.8054,1.6745226,8.722321,0.21333395
7,90,10,0.0026214404,0.13416766,0.043625325,0.062435925,0.028106403,0.10443338,-0.004224574,9.50793,-0.34077445,14.283802,0.1625315,0.20886676,-0.008449148,0.24987182,-0.008955675,0.16764964,0.0019076412,252.5204,249.9241,336.23227,0.17824295,8.722321,0.19068176
7,91,10,0.0026214404,0.12351748,0.02850585,0.06664086,0.028370768,0.08441838,0.002454278,9.822884,-0.4422649,14.350821,0.15219891,0.16883676,0.004908556,0.2581489,-0.01162288,0.16843624,0.001786365,252.51414,249.98994,335.36176,0.290066,8.722321,0.22199507
7,92,10,0.0026214404,0.124220364,0.032788742,0.062077012,0.02935461,0.09053831,0.0018444844,9.480562,-0.9999285,14.59753,-0.92369294,0.18107662,0.0036889687,0.24915259,-0.02627848,0.17133187,-0.010841422,252.56787,250.26346,335.85208,1.9236214,8.722321,0.23939973
7,93,10,0.0026214404,0.12977801,0.04023499,0.056249026,0.033293992,0.10029331,-0.0035564892,9.024563,-1.2201506,15.546198,0.3852223,0.20058662,-0.0071129785,0.23716877,-0.032066002,0.18246642,0.004521372,252.60545,250.46815,336.3537,0.8349283,8.72266,0.22033118
7,94,10,0.0026214404,0.12077012,0.028171347,0.06052672,0.032072052,0.08392161,0.0015280608,9.36143,-0.75021607,15.258245,0.19673215,0.16784322,0.0030561215,0.24602179,-0.01971595,0.17908671,0.0023090562,252.54405,250.25252,335.77518,0.5534839,8.72266,0.21308573
7,95,10,0.0026214404,0.1201528,0.02984118,0.061978552,0.028333072,0.086373,0.00015765609,9.473041,-0.95421046,14.341285,-0.5705141,0.172746,0.00031531218,0.24895492,-0.025076998,0.1683243,-0.0066961464,252.50352,249.93486,336.0378,1.5247245,8.72266,0.2524432
7,96,10,0.0026214404,0.1411221,0.040246546,0.0690417,0.031833857,0.10030771,-0.007970862,9.99826,-0.5328857,15.20148,0.83335686,0.20061542,-0.015941724,0.26275787,-0.014004428,0.17842045,0.0097811455,252.50533,249.8651,336.26196,-0.3004712,8.72266,0.26241574
7,97,10,0.0026214404,0.12788238,0.027041074,0.068741195,0.032100115,0.08222085,-0.0017360557,9.976478,-0.53516537,15.26492,0.90859663,0.1644417,-0.0034721114,0.26218542,-0.014064341,0.17916505,0.010664245,252.51746,249.99052,335.5814,-0.37343127,8.723013,0.2614128
7,98,10,0.0026214404,0.13386707,0.028937023,0.07483879,0.030091258,0.08505443,-0.0024977508,10.409552,-1.2059133,14.779556,-0.45922086,0.17010885,-0.0049955016,0.27356678,-0.03169184,0.17346832,-0.005389896,252.60791,250.3142,336.45847,1.6651342,8.723013,0.2866695
7,99,10,0.0026214404,0.14897203,0.0405492,0.07763633,0.030786492,0.10068416,-0.0077856723,10.602326,-1.1082973,14.949316,0.9366726,0.20136832,-0.015571345,0.27863297,-0.029126462,0.1754608,0.010993769,252.66312,250.532,337.0193,0.17162472,8.723013,0.28232482
7,100,10,0.0026214404,0.14247802,0.02711117,0.08282989,0.032536946,0.08232735,-0.0027208768,10.951214,-0.75498146,15.368433,1.2625829,0.1646547,-0.0054417537,0.28780183,-0.019841185,0.18038,0.014818992,252.6527,250.52417,336.29736,-0.50760144,8.723013,0.308582
8,1,10,0.0020971524,0.15072472,0.032868084,0.086024754,0.03183189,0.09064779,-0.0005053625,11.160416,0.87203765,15.20101,2.7172828,0.18129557,-0.001010725,0.29329976,0.022917453,0.17841494,0.031892866,252.1986,248.23557,332.22766,-3.5893204,8.723376,0.43931112
8,2,10,0.0020971524,0.15680915,0.037097197,0.08954136,0.030170584,0.096303165,-0.0030657246,11.386247,0.9420824,14.799026,2.31061,0.19260633,-0.0061314492,0.29923463,0.024758263,0.17369682,0.027119735,252.20049,248.16771,332.46365,-3.2526925,8.723376,0.4444496
8,3,10,0.0020971524,0.16478088,0.04155552,0.08967932,0.03354605,0.10192586,-0.007271934,11.395013,1.193019,15.604933,3.7685513,0.20385171,-0.014543868,0.29946506,0.03135296,0.1831558,0.04423166,252.17546,248.08801,332.39774,-4.9615703,8.723376,0.45561272
8,4,10,0.0020971524,0.15018767,0.034692273,0.082605205,0.032890193,0.09312931,-0.003082798,10.93635,1.4853661,15.451635,3.507341,0.18625861,-0.006165596,0.2874112,0.03903596,0.18135653,0.041165814,252.1368,247.9998,331.99353,-4.9927073,8.723376,0.42417657
8,5,10,0.0020971524,0.14922146,0.038755827,0.080225706,0.030239938,0.098432496,-0.0038638907,10.777684,0.8590944,14.816024,2.593728,0.19686499,-0.0077277813,0.28324142,0.022577312,0.17389634,0.030442707,252.14397,248.01447,332.52612,-3.4528224,8.723554,0.37626034
8,6,10,0.0020971524,0.15225267,0.043639973,0.07619592,0.03241679,0.10445091,-0.0069594583,10.503511,0.62021476,15.340031,3.3088894,0.20890182,-0.013918917,0.27603608,0.01629947,0.18004663,0.038836583,252.18016,248.21281,332.75076,-3.929104,8.723554,0.40034944
8,7,10,0.0020971524,0.14926365,0.03716804,0.08132828,0.030767325,0.096395075,-0.00055079133,10.851493,0.27623796,14.94466,2.5024807,0.19279015,-0.0011015827,0.28518113,0.0072596315,0.17540617,0.029371724,252.21283,248.491,332.52832,-2.7787187,8.723554,0.38970345
8,8,10,0.0020971524,0.13774702,0.038756542,0.07059835,0.028392132,0.098433405,-0.0017378548,10.110344,-0.070082925,14.356223,1.8128116,0.19686681,-0.0034757096,0.2657035,-0.0018418076,0.16849965,0.02127705,252.24503,248.60114,333.18167,-1.7427287,8.723554,0.3752685
8,9,10,0.0020971524,0.13712442,0.041271117,0.06486617,0.030987136,0.10157647,-0.0056859218,9.691206,0.35444233,14.9979515,2.5424533,0.20315294,-0.0113718435,0.25468838,0.0093148695,0.17603163,0.02984089,252.19159,248.377,333.28662,-2.8968956,8.723655,0.33493608
8,10,10,0.0020971524,0.14483541,0.033754382,0.07969295,0.03138807,0.09186183,-0.001488219,10.741838,0.84821403,15.0946665,2.3917596,0.18372366,-0.002976438,0.2822994,0.02229138,0.17716679,0.028072193,252.07356,247.93715,332.3365,-3.2399735,8.723655,0.32211366
8,11,10,0.0020971524,0.15115064,0.03610669,0.085177116,0.02986684,0.095008805,-0.0039082374,11.105297,0.83818734,14.7243395,2.0837214,0.19001761,-0.007816475,0.2918512,0.022027861,0.17282026,0.024456738,251.98982,247.49124,332.29395,-2.9219089,8.723655,0.31904817
8,12,10,0.0020971524,0.15316413,0.041509453,0.07778301,0.03387167,0.101869345,-0.008017883,10.612338,1.150219,15.680486,3.3859823,0.20373869,-0.016035765,0.27889606,0.030228185,0.18404257,0.03974143,251.94624,247.35579,332.11862,-4.5362015,8.723655,0.33326924
8,13,10,0.0020971524,0.14258927,0.034473706,0.0754371,0.032678474,0.09283548,-0.0018814608,10.451079,0.81601554,15.401822,2.4938564,0.18567096,-0.0037629216,0.27465814,0.021445194,0.18077189,0.029270507,251.94173,247.51878,331.55307,-3.309872,8.72371,0.264209
8,14,10,0.0020971524,0.14830776,0.03878106,0.07835752,0.031169182,0.09846454,-0.0030897802,10.651456,0.42848822,15.041944,1.8904281,0.19692908,-0.0061795604,0.27992412,0.01126083,0.17654796,0.022188041,251.96729,247.6208,332.0547,-2.3189163,8.72371,0.2568996
8,15,10,0.0020971524,0.15671809,0.04290718,0.079730056,0.03408085,0.10357024,-0.0067040245,10.744339,0.80808514,15.72883,2.8431933,0.20714048,-0.013408049,0.2823651,0.021236787,0.18461,0.03337068,251.9709,247.57213,332.36633,-3.6512785,8.72371,0.30601498
8,16,10,0.0020971524,0.14296943,0.039238293,0.07309649,0.030634638,0.09904329,-0.0020137124,10.287669,0.79861313,14.912402,2.4313333,0.19808657,-0.004027425,0.27036363,0.020987839,0.17502753,0.028536674,251.93726,247.49623,331.63367,-3.2299464,8.72371,0.28091046
8,17,10,0.0020971524,0.13875008,0.037240807,0.07207017,0.029439105,0.096489385,-0.0022973174,10.21519,0.37096104,14.618524,1.6662941,0.19297877,-0.0045946348,0.26845887,0.009749003,0.17157827,0.01955737,251.89919,247.32616,331.72964,-2.037255,8.723726,0.25804627
8,18,10,0.0020971524,0.15807372,0.042051665,0.082091905,0.033930156,0.10253251,-0.0055517806,10.902318,0.62496656,15.694019,2.7305589,0.20506503,-0.011103561,0.28651685,0.01642435,0.1842014,0.03204869,251.86617,247.1462,331.72586,-3.3555255,8.723726,0.28956735
8,19,10,0.0020971524,0.15498325,0.036067933,0.086340226,0.032575086,0.0949578,-0.00079321186,11.180862,0.6517639,15.377438,2.0084174,0.1899156,-0.0015864237,0.29383707,0.0171286,0.1804857,0.023572883,251.86198,247.13129,331.22916,-2.6601813,8.723726,0.31480888
8,20,10,0.0020971524,0.15319583,0.039594192,0.083817616,0.029784027,0.09949145,-0.0020767106,11.0163145,0.32178712,14.703916,1.4290693,0.1989829,-0.004153421,0.28951272,0.008456683,0.1725805,0.016773054,251.87875,247.2391,331.49628,-1.7508564,8.723726,0.2697272
8,21,10,0.0020971524,0.15842423,0.04247466,0.0829477,0.033001866,0.10304691,-0.004301322,10.958997,0.42162332,15.477843,2.521733,0.20609382,-0.008602644,0.28800642,0.0110804085,0.18166415,0.029597692,251.83723,247.19176,331.30753,-2.9433563,8.723712,0.24472311
8,22,10,0.0020971524,0.15038317,0.03799005,0.07949832,0.0328948,0.09745518,0.00097429386,10.728714,0.52863336,15.452718,2.0336313,0.19491036,0.0019485877,0.28195447,0.013892682,0.18136925,0.023868822,251.75923,246.89816,330.26913,-2.5622647,8.723712,0.21757254
8,23,10,0.0020971524,0.161322,0.04207338,0.08766336,0.031585254,0.102558985,-0.0018661603,11.266208,0.41295493,15.142005,1.7321355,0.20511797,-0.0037323206,0.29608,0.010852607,0.17772241,0.020330155,251.79306,246.92155,330.8312,-2.1450906,8.723712,0.2199172
8,24,10,0.0020971524,0.1672595,0.048207477,0.08596071,0.033091318,0.109781004,-0.0067025498,11.156262,0.7658941,15.498806,3.148189,0.21956201,-0.0134050995,0.29319057,0.02012798,0.18191019,0.036950435,251.81975,246.99751,330.87418,-3.9140832,8.723712,0.24643962
8,25,10,0.0020971524,0.15959059,0.042389754,0.08713024,0.030070594,0.10294386,-0.00080856425,11.231898,0.47014633,14.774481,2.128381,0.20588772,-0.0016171285,0.29517832,0.01235561,0.17340875,0.0249809,251.82637,247.14575,330.33273,-2.5985274,8.723683,0.18982407
8,26,10,0.0020971524,0.16218501,0.04405519,0.087521814,0.030608015,0.10494664,-0.0034855863,11.257108,0.43921262,14.905919,1.7526467,0.20989329,-0.0069711725,0.29584086,0.011542663,0.17495146,0.020570893,251.87299,247.21802,330.81183,-2.1918592,8.723683,0.18858802
8,27,10,0.0020971524,0.16171692,0.046135373,0.08220238,0.033379167,0.10739573,-0.0072077573,10.909652,0.6027441,15.56607,2.7434568,0.21479146,-0.014415515,0.28670958,0.015840333,0.18269967,0.03220008,251.93797,247.41183,331.33768,-3.346201,8.723683,0.1974577
8,28,10,0.0020971524,0.14492875,0.039568145,0.076303974,0.029056642,0.09945872,-0.0014426796,10.510957,0.33864787,14.523254,1.674518,0.19891743,-0.002885359,0.27623174,0.008899784,0.17046009,0.019653896,251.97389,247.70146,331.5067,-2.013166,8.723683,0.15252922
8,29,10,0.0020971524,0.1389537,0.041425444,0.07067106,0.0268572,0.10176621,-0.000823853,10.11555,-0.1472858,13.962769,0.7912582,0.20353241,-0.001647706,0.2658403,-0.0038707268,0.16388166,0.009287034,252.00328,247.9423,332.2911,-0.6439724,8.7236395,0.14361314
8,30,10,0.0020971524,0.14008595,0.043651756,0.0677952,0.028638989,0.104465015,-0.005214064,9.907593,0.31956628,14.4185,2.008927,0.20893003,-0.010428128,0.2603751,0.008398316,0.16923058,0.023578867,251.97585,247.81561,332.44595,-2.3284934,8.7236395,0.16297667
8,31,10,0.0020971524,0.1417864,0.037725233,0.076374784,0.027686376,0.09711492,-0.00095426734,10.515833,0.48879272,14.17667,1.6268228,0.19422984,-0.0019085347,0.2763599,0.012845651,0.16639224,0.019094093,251.91588,247.57591,331.62927,-2.1156156,8.7236395,0.17079096
8,32,10,0.0020971524,0.15401962,0.041786447,0.08370223,0.028530959,0.10220867,-0.002299438,11.008729,0.090980686,14.391279,1.2512807,0.20441733,-0.004598876,0.28931338,0.0023910012,0.1689111,0.014686335,251.96184,247.7696,332.04678,-1.3422613,8.7236395,0.16900685
8,33,10,0.0020971524,0.14884222,0.04413786,0.07600915,0.028695216,0.105045065,-0.0052480083,10.49063,-0.1529749,14.432647,2.0948792,0.21009013,-0.010496017,0.27569756,-0.0040202453,0.16939662,0.024587689,252.03181,248.12042,332.46674,-1.9419043,8.723628,0.18952613
8,34,10,0.0020971524,0.14433378,0.037195794,0.079898365,0.027239619,0.096431054,0.001367177,10.755673,-0.48448005,14.061827,1.2557231,0.19286211,0.002734354,0.282663,-0.012732311,0.1650443,0.014738481,252.08115,248.44736,332.1067,-0.7712431,8.723628,0.20450675
8,35,10,0.0020971524,0.14527711,0.041290995,0.07769509,0.026291031,0.10160093,0.0011029448,10.606337,-0.7267111,13.814815,0.2717699,0.20320186,0.0022058897,0.27873838,-0.019098235,0.1621451,0.003189776,252.14708,248.57416,332.88345,0.45494118,8.723628,0.17767145
8,36,10,0.0020971524,0.14254266,0.04625421,0.06923962,0.027048837,0.10753396,-0.0036843854,10.012579,-0.31371638,14.012497,1.1213537,0.21506792,-0.007368771,0.2631342,-0.008244584,0.16446531,0.013161383,252.14938,248.51024,333.1953,-0.80763733,8.723628,0.18943085
8,37,10,0.0020971524,0.13162811,0.037961505,0.067112684,0.026553925,0.09741856,0.001566799,9.8575945,-0.0822263,13.883711,0.79402137,0.19483712,0.003133598,0.25906116,-0.0021609322,0.16295375,0.009319465,252.12135,248.4035,332.50876,-0.7117951,8.723669,0.20037875
8,38,10,0.0020971524,0.117171526,0.03649721,0.054284073,0.02639024,0.09552121,-0.0010548795,8.865534,-0.42395136,13.840854,-0.26334286,0.19104242,-0.002109759,0.23298943,-0.011141596,0.16245073,-0.0030908675,252.14967,248.42984,333.15222,0.68729424,8.723669,0.2153834
8,39,10,0.0020971524,0.12833083,0.045449164,0.055755813,0.02712585,0.10659405,-0.004194434,8.98491,-0.44220394,14.032432,0.9513021,0.2131881,-0.008388868,0.23612669,-0.011621273,0.16469927,0.011165476,252.15523,248.58008,333.43207,-0.5090982,8.723669,0.22543526
8,40,10,0.0020971524,0.11453422,0.031112341,0.05773312,0.025688762,0.088193454,0.0017213388,9.142842,-0.30636796,13.655665,0.44600084,0.17638691,0.0034426777,0.24027717,-0.008051465,0.16027714,0.005234731,252.08504,248.36348,332.76486,-0.13963288,8.723669,0.23047765
8,41,10,0.0020971524,0.11227521,0.034800544,0.052250266,0.025224399,0.09327452,3.7062426e-5,8.69787,-0.44638208,13.531676,-0.42885223,0.18654904,7.412485e-5,0.22858317,-0.011731074,0.15882191,-0.005033457,252.03908,248.0483,333.17084,0.8752343,8.723753,0.23166409
8,42,10,0.0020971524,0.12660907,0.043789342,0.05644212,0.026377615,0.10462952,-0.004958438,9.04004,-0.29228818,13.8375435,0.63207936,0.20925903,-0.009916876,0.2375755,-0.0076814336,0.16241187,0.0074187443,252.01361,247.98006,333.20273,-0.33979118,8.723753,0.2247088
8,43,10,0.0020971524,0.117101714,0.03089164,0.05953355,0.026676524,0.08788009,0.0016837084,9.2843075,-0.5766305,13.915725,-0.5152065,0.17576018,0.0033674168,0.24399498,-0.015154058,0.1633295,-0.0060470025,251.99176,247.97783,332.5105,1.0918369,8.723753,0.23236164
8,44,10,0.0020971524,0.12101799,0.03375884,0.06070118,0.02655797,0.091867894,0.00012535007,9.374912,-0.9519864,13.884769,-0.8783245,0.18373579,0.00025070013,0.2463761,-0.025018545,0.16296616,-0.010308936,252.00706,248.06224,332.88232,1.8303108,8.723753,0.2555467
8,45,10,0.0020971524,0.1385571,0.038863227,0.06947347,0.030220408,0.09856879,-0.00091276685,10.029475,-0.66822493,14.81124,0.24380994,0.19713758,-0.0018255337,0.2635782,-0.017561195,0.17384018,0.002861607,252.0051,248.07855,332.94736,0.424415,8.723877,0.22765075
8,46,10,0.0020971524,0.14072444,0.03429691,0.07771908,0.02870844,0.09259713,0.001880209,10.607974,-0.58672494,14.43597,0.26660812,0.18519425,0.003760418,0.2787814,-0.0154193435,0.16943565,0.0031291929,251.97905,248.04028,332.11313,0.32011682,8.723877,0.23047411
8,47,10,0.0020971524,0.1289656,0.033469897,0.06747541,0.028020287,0.0914739,-6.265382e-5,9.884198,-0.7166309,14.261903,-0.41431218,0.1829478,-0.00012530763,0.2597603,-0.018833311,0.16739261,-0.0048628,252.03831,248.22813,332.869,1.1309431,8.723877,0.23634626
8,48,10,0.0020971524,0.15419436,0.050314445,0.07327946,0.03060044,0.11215441,-0.0036526504,10.300536,-0.54965216,14.904078,0.46370134,0.22430882,-0.007305301,0.2707018,-0.014445057,0.17492981,0.0054424834,252.10965,248.52644,333.5385,0.08595082,8.723877,0.21396111
8,49,10,0.0020971524,0.13470213,0.037977092,0.06781302,0.028912019,0.09743856,0.0022282002,9.908894,-0.4396834,14.487064,-0.40154004,0.19487712,0.0044564004,0.26040933,-0.011555038,0.17003535,-0.004712895,252.14272,248.68427,333.08643,0.8412235,8.724038,0.21256721
8,50,10,0.0020971524,0.120777726,0.038504515,0.05465431,0.027618902,0.09811284,-0.0005958816,8.895716,-0.45606652,14.159387,-1.2249129,0.19622567,-0.0011917632,0.23378262,-0.011985591,0.16618936,-0.014376857,252.19241,248.73457,333.75696,1.6809794,8.724038,0.2276731
8,51,10,0.0020971524,0.13825442,0.041927226,0.06845149,0.027875701,0.10238069,-0.004308478,9.955432,-0.2791909,14.2250595,-0.035779316,0.20476139,-0.008616956,0.26163235,-0.0073372307,0.16696018,-0.000419943,252.19551,248.64244,333.82965,0.31497023,8.724038,0.21893881
8,52,10,0.0020971524,0.13744354,0.034010243,0.0757601,0.027673202,0.09220933,0.0028118973,10.473429,-0.44652596,14.173297,-0.48300394,0.18441866,0.0056237946,0.27524552,-0.011734865,0.16635264,-0.005669039,252.15012,248.533,332.86258,0.9295299,8.724038,0.22272475
8,53,10,0.0020971524,0.13519654,0.036673356,0.07265913,0.025864057,0.09575144,0.0021401297,10.2568445,-0.5913478,13.702174,-0.97701526,0.19150288,0.0042802594,0.26955357,-0.015540829,0.16082306,-0.011467271,252.1809,248.70003,333.35995,1.5683631,8.724245,0.21042944
8,54,10,0.0020971524,0.14922523,0.04227124,0.07790089,0.029053107,0.102799855,-0.0033974617,10.620376,-0.3169724,14.52237,0.54367393,0.20559971,-0.0067949235,0.2791073,-0.008330145,0.17044972,0.0063811275,252.21318,248.81104,333.64368,-0.22670153,8.724245,0.20885707
8,55,10,0.0020971524,0.13599806,0.032150507,0.07848881,0.025358742,0.089652814,0.0034953777,10.6603775,-0.58335304,13.567663,-0.29828405,0.17930563,0.0069907554,0.28015855,-0.015330727,0.15924428,-0.0035009705,252.21913,248.88672,332.98636,0.8816371,8.724245,0.20766513
8,56,10,0.0020971524,0.1296421,0.035837345,0.06965138,0.024153369,0.09465377,0.0014824104,10.042308,-0.7974435,13.2412815,-0.87644774,0.18930754,0.0029648207,0.26391548,-0.020957103,0.15541354,-0.010286908,252.27438,249.0953,333.85315,1.6738913,8.724245,0.21015635
8,57,10,0.0020971524,0.1282268,0.039160617,0.061498202,0.027567986,0.09894521,-0.00232455,9.43626,-0.761978,14.146328,-0.24576102,0.19789042,-0.0046491,0.24798831,-0.020025054,0.1660361,-0.0028845102,252.36533,249.50667,334.50858,1.007739,8.724473,0.1916568
8,58,10,0.0020971524,0.13151439,0.03342265,0.07210393,0.02598781,0.09140931,0.0027869716,10.217584,-0.86009276,13.734917,-0.6648933,0.18281862,0.0055739433,0.26852176,-0.022603545,0.16120735,-0.0078038806,252.39323,249.67409,334.06107,1.524986,8.724473,0.21341692
8,59,10,0.0020971524,0.12377547,0.033262316,0.06597949,0.02453366,0.091189794,-0.0012034486,9.774018,-0.7865511,13.345117,-0.99384016,0.18237959,-0.0024068973,0.25686473,-0.020670842,0.15663224,-0.0116647445,252.44942,249.68375,334.92447,1.7803912,8.724473,0.19474104
8,60,10,0.0020971524,0.13595147,0.049117956,0.06053439,0.026299126,0.11081286,-0.0058833724,9.362024,-0.63597834,13.816941,0.020744864,0.22162572,-0.011766745,0.24603738,-0.016713738,0.16217005,0.00024348166,252.52577,249.94774,335.39642,0.6152335,8.724473,0.16424859
8,61,10,0.0020971524,0.11606176,0.031176217,0.060855687,0.024029855,0.08828394,0.0020876075,9.386837,-0.775001,13.207382,-0.8423559,0.17656788,0.004175215,0.24668945,-0.02036731,0.15501566,-0.009886771,252.53725,250.08028,334.67062,1.6173569,8.72475,0.14802857
8,62,10,0.0020971524,0.12653773,0.03492449,0.0672514,0.024361834,0.09344047,0.0010693601,9.867777,-1.0403973,13.298303,-1.644284,0.18688095,0.0021387201,0.25932875,-0.027342018,0.15608278,-0.01929904,252.58064,250.26811,335.46466,2.6846814,8.72475,0.17600799
8,63,10,0.0020971524,0.13453667,0.042269625,0.06347904,0.028787995,0.10279789,-0.0027406367,9.587025,-0.9172374,14.455959,-0.5412128,0.20559578,-0.0054812734,0.25195047,-0.024105325,0.16967025,-0.0063522416,252.58136,250.2564,335.60638,1.4584502,8.72475,0.16347864
8,64,10,0.0020971524,0.13023067,0.031872246,0.07107171,0.027286716,0.089264,0.0026777366,10.144182,-0.91548187,14.073976,-0.64417404,0.178528,0.005355473,0.26659277,-0.024059203,0.16518691,-0.007560701,252.55035,250.25438,334.83215,1.5596559,8.72475,0.17426902
8,65,10,0.0020971524,0.12844011,0.03514164,0.06793871,0.025359772,0.09373052,0.0009240297,9.918074,-1.2000514,13.567938,-1.4738259,0.18746103,0.0018480594,0.26065055,-0.03153779,0.15924752,-0.017298363,252.60216,250.47398,335.57956,2.6738772,8.725084,0.1871992
8,66,10,0.0020971524,0.14564948,0.04958733,0.07014927,0.025912868,0.11134107,-0.0040296535,10.078137,-1.3968208,13.715098,-0.6222562,0.22268213,-0.008059307,0.26485708,-0.03670896,0.16097474,-0.0073034503,252.65976,250.70833,336.13092,2.019077,8.725084,0.19195516
8,67,10,0.0020971524,0.132947,0.03066239,0.07693438,0.025350224,0.0875534,0.0022806625,10.554288,-1.233231,13.565385,-0.7933644,0.1751068,0.004561325,0.27737048,-0.032409754,0.15921754,-0.009311751,252.67389,250.73686,335.66644,2.0265954,8.725084,0.17773423
8,68,10,0.0020971524,0.1314332,0.03595492,0.06926549,0.026212802,0.094808914,-0.00044732864,10.014451,-1.4714121,13.794246,-1.237584,0.18961783,-0.0008946573,0.2631834,-0.038669236,0.16190368,-0.014525581,252.76274,250.96452,336.47464,2.708996,8.725084,0.17527401
8,69,10,0.0020971524,0.12829135,0.043453313,0.05744614,0.027391898,0.10422729,-0.005784368,9.12009,-0.95802444,14.101075,-0.421398,0.20845458,-0.011568736,0.23967925,-0.02517723,0.16550498,-0.0049459687,252.83505,251.15874,337.0031,1.3794224,8.725493,0.14554356
8,70,10,0.0020971524,0.10623262,0.028829787,0.051046588,0.026356244,0.08489668,0.00042012695,8.597101,-1.1339481,13.831937,-0.9115548,0.16979337,0.0008402539,0.22593492,-0.02980057,0.16234607,-0.01069896,252.8519,251.36858,336.59998,2.045503,8.725493,0.16519795
8,71,10,0.0020971524,0.10374257,0.02915128,0.051099304,0.023491982,0.08536873,-0.0008287577,8.60154,-1.8459398,13.058732,-1.8368545,0.17073746,-0.0016575154,0.22605155,-0.04851196,0.15327094,-0.021559248,252.87784,251.49416,337.28256,3.682794,8.725493,0.21303855
8,72,10,0.0020971524,0.11574884,0.0374593,0.05079466,0.02749488,0.09677202,-0.0056773666,8.575861,-1.6309519,14.127558,-1.0113299,0.19354405,-0.011354733,0.22537671,-0.042861998,0.1658158,-0.011870023,252.89587,251.51012,337.60828,2.6422818,8.725493,0.19010879
8,73,10,0.0020971524,0.10125662,0.025288543,0.048081532,0.02788654,0.07951186,-0.0006540559,8.343683,-1.3955585,14.227826,-1.227302,0.15902372,-0.0013081118,0.21927501,-0.036675785,0.16699263,-0.014404904,252.87343,251.55086,337.19073,2.6228604,8.725956,0.19113253
8,74,10,0.0020971524,0.10253193,0.028586073,0.04894489,0.025000965,0.08453708,-0.0015666464,8.418261,-1.8906509,13.471612,-1.8430429,0.16907416,-0.0031332928,0.22123492,-0.049686987,0.15811694,-0.02163188,252.87091,251.51709,337.52454,3.7336936,8.725956,0.22337648
8,75,10,0.0020971524,0.121750966,0.04172176,0.053101607,0.026927594,0.10212953,-0.005901674,8.768444,-1.6844486,13.981056,-0.7172931,0.20425905,-0.011803348,0.23043786,-0.044267915,0.1640963,-0.0084189065,252.86542,251.4641,337.72095,2.4017417,8.725956,0.19195713
8,76,10,0.0020971524,0.10454083,0.026431335,0.052262068,0.02584743,0.08128858,-0.0008366553,8.6988535,-1.4087142,13.697769,-0.5835867,0.16257717,-0.0016733106,0.22860898,-0.03702152,0.16077136,-0.0068495814,252.80084,251.27632,337.00867,1.9923009,8.725956,0.19174685
8,77,10,0.0020971524,0.10113767,0.028748604,0.047549795,0.024839267,0.084777065,-0.0021247626,8.297419,-1.5617318,13.427978,-1.7128755,0.16955413,-0.0042495253,0.21805915,-0.041042868,0.15760478,-0.020104097,252.78654,251.159,337.3415,3.2746072,8.726468,0.21256183
8,78,10,0.0020971524,0.124853864,0.047231074,0.04998021,0.027642578,0.10866356,-0.008333131,8.506829,-1.322937,14.165454,-0.49793282,0.21732712,-0.016666261,0.22356254,-0.03476727,0.16626057,-0.005844263,252.78233,251.1324,337.5868,1.8208698,8.726468,0.18933685
8,79,10,0.0020971524,0.10735661,0.025173817,0.054008484,0.028174313,0.07933129,-0.0012653455,8.843,-0.97313327,14.301049,-0.85006,0.15866259,-0.002530691,0.23239726,-0.025574291,0.16785206,-0.009977194,252.7467,251.06985,336.89093,1.8231933,8.726468,0.18801606
8,80,10,0.0020971524,0.10565224,0.027559897,0.052882224,0.025210116,0.08300587,-0.0028782093,8.750312,-1.2784996,13.527845,-1.6367849,0.16601174,-0.0057564187,0.22996135,-0.033599433,0.15877694,-0.019211018,252.77505,251.10196,337.4736,2.9152846,8.726468,0.21768886
8,81,10,0.0020971524,0.120563656,0.040915623,0.052634817,0.027013216,0.101138055,-0.009233449,8.729819,-0.9935987,14.003266,-0.3091996,0.20227611,-0.018466897,0.2294228,-0.026112135,0.16435698,-0.0036290884,252.81818,251.28009,337.96252,1.3027983,8.727035,0.19614719
8,82,10,0.0020971524,0.10937906,0.024923457,0.05557118,0.028884424,0.078935824,-0.0029695372,8.970021,-1.0348643,14.48015,-0.5492831,0.15787165,-0.0059390743,0.2357354,-0.027196605,0.16995418,-0.006446958,252.82632,251.45638,337.436,1.5841475,8.727035,0.19875917
8,83,10,0.0020971524,0.11050527,0.030176269,0.05311956,0.027209437,0.08685659,-0.0045316117,8.769925,-1.6362468,14.054034,-1.4205675,0.17371318,-0.009063223,0.23047681,-0.043001164,0.16495283,-0.016673265,252.9049,251.79282,338.33246,3.0568142,8.727035,0.22760029
8,84,10,0.0020971524,0.124708444,0.039572056,0.056149863,0.028986529,0.099463634,-0.009400202,9.016603,-1.342332,14.50572,-0.18024696,0.19892727,-0.018800404,0.23695962,-0.035276968,0.1702543,-0.0021155614,252.92926,251.83241,338.72916,1.522579,8.727035,0.18884586
8,85,10,0.0020971524,0.1150362,0.026565863,0.059718963,0.028751371,0.08149519,-0.0032472587,9.298754,-1.0474792,14.446762,-0.21242832,0.16299038,-0.0064945174,0.24437463,-0.027528128,0.1695623,-0.0024932816,252.89284,251.7085,337.87033,1.2599075,8.727649,0.20729285
8,86,10,0.0020971524,0.122399196,0.031128481,0.0655454,0.025725316,0.08821633,-0.0027192798,9.741813,-1.8496016,13.665377,-1.1427087,0.17643265,-0.0054385597,0.25601837,-0.048608202,0.16039114,-0.013412023,252.93742,251.88394,338.25885,2.9923103,8.727649,0.25384524
8,87,10,0.0020971524,0.13355197,0.03940497,0.06629219,0.027854811,0.09925342,-0.0077629876,9.797152,-1.8935504,14.219728,-0.3317632,0.19850685,-0.015525975,0.2574727,-0.049763173,0.16689761,-0.0038939223,252.99286,252.07329,338.7614,2.2253137,8.727649,0.24190883
8,88,10,0.0020971524,0.12503183,0.02844021,0.06491395,0.031677667,0.08432113,-0.0028741944,9.694775,-1.7704977,15.164142,-0.17116612,0.16864225,-0.005748389,0.25478217,-0.046529315,0.17798221,-0.0020089848,253.00568,252.14743,338.26578,1.9416637,8.727649,0.28374875
8,89,10,0.0020971524,0.13542141,0.03469235,0.074663684,0.026065385,0.09312941,-0.0040146117,10.397367,-1.9527413,13.7554,-0.9166423,0.18625882,-0.008029223,0.27324656,-0.051318746,0.16144778,-0.010758677,253.09596,252.41385,338.95282,2.8693836,8.728275,0.30947915
8,90,10,0.0020971524,0.14467256,0.047570236,0.06961926,0.027483055,0.10905301,-0.0095005315,10.039991,-1.6892953,14.124521,0.13034123,0.21810602,-0.019001063,0.26385462,-0.044395294,0.16578014,0.0015298219,253.1465,252.51993,339.2983,1.558954,8.728275,0.2957876
8,91,10,0.0020971524,0.13621378,0.028851349,0.07797103,0.029391404,0.08492842,-0.0023678672,10.625155,-1.6900856,14.606675,0.15262161,0.16985685,-0.0047357343,0.27923292,-0.044416066,0.17143922,0.0017913257,253.14868,252.63484,338.5151,1.537464,8.728275,0.33675855
8,92,10,0.0020971524,0.139968,0.0303419,0.08340497,0.026221124,0.087094635,-0.00308209,10.989165,-2.1479805,13.796436,-0.75745875,0.17418927,-0.00616418,0.2887992,-0.056449696,0.16192938,-0.008890324,253.18474,252.73221,339.07205,2.9054391,8.728275,0.33960629
8,93,10,0.0020971524,0.14217845,0.04283348,0.070887804,0.02845716,0.103481255,-0.009067383,10.13105,-1.6287924,14.372655,0.62842697,0.20696251,-0.018134765,0.26624763,-0.042805247,0.1686925,0.007375879,253.21042,252.75366,339.52408,1.0003655,8.7289,0.29763338
8,94,10,0.0020971524,0.13205667,0.02934866,0.07086335,0.03184466,0.085657254,-0.003376197,10.129302,-1.2976906,15.204057,0.8133518,0.17131451,-0.006752394,0.2662017,-0.034103777,0.17845072,0.00954635,253.21193,252.89125,339.1141,0.48433882,8.7289,0.2835426
8,95,10,0.0020971524,0.1431396,0.032413494,0.084454045,0.026272058,0.09001874,-0.003789958,11.058058,-2.0316792,13.809829,-0.32812932,0.18003748,-0.007579916,0.29060978,-0.05339326,0.16208658,-0.003851273,253.27191,253.14745,339.7101,2.3598084,8.7289,0.3042635
8,96,10,0.0020971524,0.14723295,0.040891152,0.07459266,0.03174914,0.101107806,-0.0125584975,10.392421,-1.5508276,15.181237,1.3043259,0.20221561,-0.025116995,0.27311656,-0.04075631,0.17818289,0.015308926,253.2917,253.16043,340.10724,0.24650168,8.7289,0.27664435
8,97,10,0.0020971524,0.13635723,0.026525192,0.07141345,0.03841859,0.08143278,-0.0056841853,10.168542,-1.3614918,16.699825,1.3413148,0.16286556,-0.011368371,0.26723295,-0.035780497,0.19600661,0.015743073,253.30066,253.26129,339.48596,0.020177007,8.729561,0.27882063
8,98,10,0.0020971524,0.1386703,0.03028593,0.0812713,0.02711307,0.087014265,-0.0066282237,10.84769,-1.8270249,14.029124,0.49104416,0.17402853,-0.013256447,0.2850812,-0.04801487,0.16466047,0.005763408,253.35345,253.34293,340.0056,1.3359808,8.729561,0.30792633
8,99,10,0.0020971524,0.14566144,0.039497692,0.07723332,0.028930428,0.09937013,-0.011410947,10.574772,-1.8055731,14.491676,1.6639,0.19874026,-0.022821894,0.27790883,-0.047451116,0.17008947,0.01952927,253.41615,253.49231,340.57013,0.14167309,8.729561,0.33927333
8,100,10,0.0020971524,0.14109606,0.031641204,0.07424571,0.03520914,0.088939875,-0.003861228,10.368224,-1.734005,15.987072,1.4754642,0.17787975,-0.007722456,0.27248067,-0.045570277,0.187641,0.017317591,253.43991,253.73155,340.34348,0.25854075,8.729561,0.3666873
9,1,10,0.001677722,0.1638234,0.035464518,0.0935714,0.03478747,0.094160125,-0.004140587,11.639658,-1.8982303,15.89105,2.8848815,0.18832025,-0.008281174,0.30589443,-0.049886174,0.18651399,0.033859987,253.74062,254.95595,341.05847,-0.9866512,8.730245,0.5024957
9,2,10,0.001677722,0.1521562,0.039302215,0.082755566,0.030098429,0.09912393,-0.005573517,10.946298,-2.3645382,14.781317,2.0858696,0.19824786,-0.011147034,0.28767267,-0.062140904,0.17348899,0.024481954,253.77142,255.04755,341.53693,0.27866864,8.730245,0.4825756
9,3,10,0.001677722,0.15610352,0.042543378,0.08270063,0.030859513,0.10313023,-0.010261852,10.942665,-1.9725564,14.967032,2.7802715,0.20626046,-0.020523705,0.28757718,-0.05183949,0.17566876,0.032632172,253.72014,254.73045,341.4401,-0.8077152,8.730245,0.47655308
9,4,10,0.001677722,0.13213551,0.03034025,0.07009078,0.031704493,0.087092265,-0.0054927533,10.073935,-1.5115268,15.17056,2.738493,0.17418453,-0.010985507,0.26474664,-0.039723467,0.17805755,0.032141812,253.6025,254.28746,340.2299,-1.2269661,8.730245,0.4767898
9,5,10,0.001677722,0.119766176,0.031385086,0.06037467,0.02800642,0.088579185,-0.005088108,9.349666,-1.4606527,14.258374,1.8390607,0.17715837,-0.010176216,0.24571258,-0.03838649,0.16735119,0.021585139,253.52808,253.9289,340.4694,-0.37840796,8.730709,0.37250343
9,6,10,0.001677722,0.12402881,0.04035676,0.054216966,0.02945509,0.10044496,-0.011925672,8.860051,-1.0114158,14.622492,3.1961923,0.20088992,-0.023851344,0.23284537,-0.026580356,0.17162485,0.037513852,253.43166,253.41635,340.29065,-2.1847763,8.730709,0.38242167
9,7,10,0.001677722,0.10912046,0.026030662,0.054113958,0.028975833,0.0806701,-0.006866625,8.851632,-0.4631152,14.503045,3.2030735,0.1613402,-0.01373325,0.23262407,-0.012170833,0.1702229,0.03759462,253.30844,252.86928,339.17184,-2.7399583,8.730709,0.37621263
9,8,10,0.001677722,0.11143058,0.029492665,0.056667857,0.025270054,0.085867144,-0.008437943,9.0581,-0.47644722,13.543918,2.6048996,0.17173429,-0.016875885,0.23805012,-0.012521194,0.15896557,0.030573826,253.26036,252.55402,339.23447,-2.1284523,8.730709,0.35533667
9,9,10,0.001677722,0.11843858,0.03617489,0.054936476,0.027327217,0.09509849,-0.012477899,8.918649,-0.35808817,14.084418,3.2969747,0.19019698,-0.024955798,0.23438531,-0.009410687,0.16530946,0.038696744,253.22198,252.36348,339.34888,-2.9388864,8.731085,0.30812508
9,10,10,0.001677722,0.10952616,0.02615206,0.056052852,0.027321251,0.08085799,-0.0067927777,9.008812,-0.10360941,14.082881,3.17044,0.16171598,-0.013585555,0.23675483,-0.0027228943,0.16529141,0.037211597,253.15152,252.11697,338.24222,-3.0668306,8.731085,0.29863435
9,11,10,0.001677722,0.110947646,0.029804671,0.056503966,0.024639012,0.08632015,-0.0064135217,9.044991,-0.46699587,13.37374,1.9235041,0.1726403,-0.012827043,0.23770563,-0.012272818,0.15696819,0.022576258,253.18233,252.1931,338.70984,-1.4565083,8.731085,0.29972723
9,12,10,0.001677722,0.11881757,0.040024605,0.054551203,0.02424176,0.10003075,-0.009841514,8.88732,-0.7992093,13.265491,2.5648212,0.2000615,-0.019683028,0.233562,-0.02100351,0.15569766,0.03010342,253.22028,252.36517,339.3381,-1.7656119,8.731085,0.3172228
9,13,10,0.001677722,0.0992233,0.025843322,0.049169324,0.024210658,0.08037929,-0.002653779,8.43754,-0.7348276,13.256977,2.2492676,0.16075858,-0.005307558,0.22174157,-0.019311542,0.15559775,0.026399758,253.1804,252.35466,338.5989,-1.5144401,8.731381,0.2641921
9,14,10,0.001677722,0.09679977,0.026528226,0.047658496,0.022613047,0.08143744,-0.003383324,8.306897,-0.8157854,12.812113,1.4733171,0.16287488,-0.006766648,0.21830826,-0.021439133,0.15037635,0.01729239,253.14835,252.15141,338.7051,-0.65753174,8.731381,0.23959911
9,15,10,0.001677722,0.11541751,0.03869133,0.05225408,0.024472104,0.09835056,-0.009081646,8.698188,-0.53610855,13.328364,2.4618492,0.19670112,-0.018163292,0.22859152,-0.014089129,0.15643562,0.028894842,253.13423,251.99489,338.68616,-1.9257407,8.731381,0.2632445
9,16,10,0.001677722,0.09927601,0.025181903,0.05094155,0.023152562,0.079344034,-0.0024447495,8.588251,-0.57024163,12.964051,2.0183442,0.15868807,-0.004889499,0.22570235,-0.014986152,0.15215966,0.023689399,253.10101,251.92212,337.94043,-1.4481025,8.731381,0.24585293
9,17,10,0.001677722,0.094621964,0.026749335,0.046721704,0.021150924,0.08177612,-0.0028327114,8.224851,-0.99472964,12.390986,1.0470718,0.16355224,-0.005665423,0.21615204,-0.026141856,0.14543357,0.0122895315,253.1265,252.00229,338.44467,-0.052342176,8.7316065,0.19426282
9,18,10,0.001677722,0.110207826,0.036811937,0.04932762,0.024068266,0.095932186,-0.006862418,8.45111,-1.1388062,13.217936,1.581202,0.19186437,-0.013724836,0.22209822,-0.029928239,0.1551395,0.01855864,253.13405,252.04195,338.54807,-0.4423958,8.7316065,0.21427053
9,19,10,0.001677722,0.09783043,0.023947472,0.050423864,0.023459088,0.07737485,-0.00062081637,8.544502,-1.0120533,13.049586,1.3526253,0.1547497,-0.0012416327,0.22455259,-0.026597127,0.1531636,0.015875826,253.08438,251.87709,337.62973,-0.340572,8.7316065,0.21480545
9,20,10,0.001677722,0.09742573,0.025370218,0.0493621,0.022693414,0.07964016,-0.0024201027,8.454063,-0.9850719,12.83486,0.8271311,0.15928032,-0.0048402054,0.22217584,-0.025888046,0.15064333,0.009708073,253.07303,251.80252,337.74612,0.1579408,8.7316065,0.20253395
9,21,10,0.001677722,0.103299715,0.03434442,0.045808848,0.023146445,0.09266124,-0.006344045,8.144105,-0.74439794,12.962339,1.7192234,0.18532248,-0.01268809,0.21403001,-0.019563051,0.15213956,0.020178603,253.01938,251.53575,337.75925,-0.97482544,8.731769,0.19057816
9,22,10,0.001677722,0.095915,0.02338817,0.04909831,0.023428524,0.07646596,-0.0016990608,8.431444,-0.18170087,13.041083,1.7150928,0.15293191,-0.0033981216,0.22158138,-0.004775164,0.15306379,0.02013012,252.86879,250.855,336.4959,-1.533392,8.731769,0.17840992
9,23,10,0.001677722,0.096187815,0.02693523,0.046841387,0.022411197,0.08205978,-0.0035318485,8.235378,-0.03195202,12.754803,1.1601493,0.16411956,-0.007063697,0.21642871,-0.00083971024,0.1497037,0.013616725,252.78784,250.47395,336.41733,-1.1281973,8.731769,0.15244469
9,24,10,0.001677722,0.107878566,0.035249665,0.04885272,0.02377618,0.09387447,-0.009126097,8.410331,-0.1493884,13.137485,2.0782452,0.18774894,-0.018252194,0.22102651,-0.0039259824,0.15419526,0.024392458,252.77272,250.42136,336.4648,-1.9288567,8.731769,0.17973779
9,25,10,0.001677722,0.09519781,0.024271064,0.04771052,0.023216233,0.077895865,-0.0012585064,8.31143,-0.26228756,12.981863,1.4223212,0.15579173,-0.0025170129,0.21842737,-0.006893012,0.15236874,0.01669385,252.76642,250.4132,335.7287,-1.1600337,8.731879,0.15170342
9,26,10,0.001677722,0.08955693,0.024609003,0.042679988,0.02226794,0.078436285,-0.0021886777,7.861055,-0.5544115,12.713971,0.5841077,0.15687257,-0.0043773553,0.20659135,-0.01457013,0.14922446,0.006855699,252.79822,250.4819,336.23703,-0.029696226,8.731879,0.14771512
9,27,10,0.001677722,0.09934681,0.034346566,0.04143369,0.023566552,0.09266413,-0.0061280304,7.745429,-0.5775781,13.079442,1.2808164,0.18532826,-0.012256061,0.20355266,-0.015178963,0.15351401,0.015033002,252.80807,250.51878,336.62814,-0.7032383,8.731879,0.18033074
9,28,10,0.001677722,0.08582394,0.021985432,0.039990738,0.02384777,0.07413743,7.6323595e-5,7.609365,-0.39714506,13.157249,1.0699993,0.14827485,0.00015264719,0.19997685,-0.010437115,0.15442723,0.012558632,252.77028,250.4826,335.9487,-0.6728543,8.731879,0.1690592
9,29,10,0.001677722,0.08222986,0.023505798,0.036807608,0.021916455,0.076658,6.5982495e-5,7.300246,-0.21581513,12.61323,0.30684483,0.153316,0.00013196499,0.19185309,-0.0056717005,0.14804207,0.0036014516,252.70975,250.1663,336.0741,-0.0910297,8.73193,0.13310234
9,30,10,0.001677722,0.09000663,0.02883409,0.03668147,0.024491064,0.08490302,-0.005104938,7.287726,-0.02174759,13.333527,1.1607931,0.16980603,-0.010209876,0.19152407,-0.00057153567,0.15649621,0.013624281,252.63863,249.8409,335.8761,-1.1390455,8.73193,0.1509045
9,31,10,0.001677722,0.09346192,0.023760783,0.04606796,0.023633184,0.077072665,0.0010637263,8.167106,0.01234463,13.09792,0.92688286,0.15414533,0.0021274525,0.21463448,0.00032441545,0.15373088,0.010878867,252.55363,249.56895,334.76343,-0.9392275,8.73193,0.14198577
9,32,10,0.001677722,0.0943793,0.02459226,0.04845845,0.021328589,0.0784096,0.00010457349,8.376325,-0.23310272,12.442919,0.07771698,0.1568192,0.00020914698,0.2201328,-0.006126025,0.1460431,0.00091216736,252.51907,249.3643,334.82666,0.15538575,8.73193,0.1275919
9,33,10,0.001677722,0.10861273,0.035053816,0.04938228,0.024176639,0.09361332,-0.0044578486,8.4557905,0.016496254,13.24766,1.2850825,0.18722664,-0.008915697,0.22222124,0.00043352807,0.15548839,0.015083072,252.49095,249.17233,334.70532,-1.3015788,8.731926,0.15495177
9,34,10,0.001677722,0.10091142,0.021880873,0.05547828,0.02355227,0.07396092,0.00016710143,8.962521,0.26238874,13.075478,0.86661583,0.14792185,0.00033420286,0.23553827,0.0068956804,0.15346749,0.0101715075,252.45995,249.0403,334.13004,-1.1290046,8.731926,0.14420846
9,35,10,0.001677722,0.09616072,0.02342872,0.049930565,0.022801435,0.076532215,-0.0009145099,8.502604,0.09997227,12.865371,0.12880972,0.15306443,-0.0018290197,0.22345148,0.0026273066,0.15100144,0.0015118447,252.46849,249.07314,334.6041,-0.228782,8.731926,0.14067744
9,36,10,0.001677722,0.10456645,0.033590328,0.044746675,0.02622945,0.09163832,-0.0054360796,8.049131,0.45891455,13.798625,1.2446336,0.18327664,-0.010872159,0.2115341,0.012060438,0.16195509,0.014608321,252.45041,249.06822,334.80164,-1.7035481,8.731926,0.15999699
9,37,10,0.001677722,0.08865555,0.022930339,0.0410767,0.0246485,0.075713836,0.0008058148,7.7119904,0.4859776,13.376314,0.47121283,0.15142767,0.0016116296,0.20267388,0.012771667,0.15699841,0.0055306465,252.39792,248.94357,334.19476,-0.9571904,8.7318945,0.18046351
9,38,10,0.001677722,0.0897035,0.024186103,0.041579533,0.023937866,0.07775941,-0.0008020142,7.7590494,0.5330857,13.182078,-0.09594892,0.15551881,-0.0016040284,0.2039106,0.014009682,0.15471867,-0.0011261563,252.37317,248.76985,334.46042,-0.43713677,8.7318945,0.16566934
9,39,10,0.001677722,0.1032048,0.031395257,0.045155257,0.026654284,0.088593535,-0.005407957,8.085797,0.6605595,13.909923,1.187994,0.17718707,-0.010815914,0.21249767,0.017359735,0.1632614,0.01394354,252.34447,248.66125,334.2612,-1.8485534,8.7318945,0.17974195
9,40,10,0.001677722,0.09776655,0.024188511,0.0475272,0.026050832,0.07776328,-0.0005660482,8.295445,0.7688755,13.751561,0.782053,0.15552656,-0.0011320964,0.21800734,0.02020633,0.1614027,0.009178992,252.27348,248.41635,333.28674,-1.5509285,8.7318945,0.17139235
9,41,10,0.001677722,0.0994331,0.026845522,0.04770985,0.024877736,0.081923015,0.00026451453,8.311372,0.38725686,13.438372,-0.16499737,0.16384603,0.00052902906,0.21842584,0.01017725,0.15772678,-0.0019365823,252.26799,248.39021,333.6257,-0.22225949,8.731831,0.16937
9,42,10,0.001677722,0.116457395,0.034156125,0.055305835,0.026995433,0.09240688,-0.004480741,8.948582,0.46543267,13.998657,1.1247877,0.18481375,-0.008961482,0.23517193,0.012231742,0.16430287,0.013201685,252.24176,248.34525,333.55106,-1.5902203,8.731831,0.1792658
9,43,10,0.001677722,0.11334572,0.026774254,0.060643107,0.025928356,0.0818142,0.00048061725,9.370428,0.56205255,13.719197,0.56891155,0.1636284,0.0009612345,0.24625821,0.014770944,0.16102284,0.00667734,252.18611,248.1845,332.6748,-1.130964,8.731831,0.16605224
9,44,10,0.001677722,0.113857165,0.028299062,0.059992354,0.025565755,0.08411162,-0.00013179558,9.320015,0.4276832,13.622931,-0.070379235,0.16822325,-0.00026359115,0.24493337,0.011239668,0.15989295,-0.0008260446,252.17227,248.05417,332.86984,-0.35730398,8.731831,0.17389509
9,45,10,0.001677722,0.12773718,0.039134104,0.060864832,0.027738245,0.09891171,-0.0046858178,9.387542,0.7299425,14.189946,1.2583551,0.19782342,-0.0093716355,0.24670799,0.019183153,0.16654803,0.014769371,252.20233,248.11926,332.9098,-1.9882977,8.731747,0.18364821
9,46,10,0.001677722,0.116431236,0.027388237,0.063319415,0.025723586,0.08274696,0.0014750658,9.574964,0.5905578,13.664916,0.53445363,0.16549392,0.0029501317,0.2516335,0.015520072,0.16038574,0.006272906,252.236,248.30563,332.4782,-1.1250114,8.731747,0.17677836
9,47,10,0.001677722,0.11619402,0.031120637,0.060884405,0.024188971,0.08820521,0.0017376193,9.3890505,0.27193204,13.251039,-0.5621298,0.17641042,0.0034752386,0.24674766,0.007146479,0.15552804,-0.0065977434,252.27315,248.45847,333.03824,0.29019776,8.731747,0.19043833
9,48,10,0.001677722,0.12513815,0.0390741,0.05959042,0.026473626,0.09883585,-0.0014442482,9.288741,0.5200854,13.862704,0.44367418,0.1976717,-0.0028884965,0.2441115,0.013668029,0.16270718,0.005207424,252.26567,248.49664,333.38077,-0.96375954,8.731747,0.2011903
9,49,10,0.001677722,0.11960685,0.03272574,0.061693057,0.02518806,0.090451285,0.0030776423,9.451196,0.55778056,13.521927,-0.051001057,0.18090257,0.0061552846,0.24838087,0.014658675,0.15870747,-0.00059860165,252.23793,248.541,332.8136,-0.5067795,8.73166,0.20818757
9,50,10,0.001677722,0.1149209,0.030443622,0.061457437,0.023019841,0.0872405,0.002172049,9.433131,0.2669308,12.926839,-0.56578404,0.174481,0.004344098,0.2479061,0.007015033,0.15172291,-0.006640634,252.23166,248.49341,333.1571,0.29885325,8.73166,0.2148843
9,51,10,0.001677722,0.12333803,0.037909735,0.059793767,0.02563453,0.09735211,-0.0023881844,9.304577,0.47039664,13.641241,0.42551044,0.19470422,-0.004776369,0.24452764,0.012362192,0.16010787,0.004994236,252.23328,248.54472,333.24338,-0.89590704,8.73166,0.24717101
9,52,10,0.001677722,0.115024716,0.03162557,0.057523154,0.025875993,0.088917896,0.002879967,9.126201,0.5798892,13.705337,-0.13662836,0.17783579,0.005759934,0.23983985,0.015239698,0.16086017,-0.0016036124,252.19879,248.49524,332.6145,-0.44326082,8.73166,0.23022744
9,53,10,0.001677722,0.11088422,0.031076537,0.054877877,0.024929805,0.08814269,0.0009898393,8.913891,0.51916003,13.452428,-0.8273474,0.17628539,0.0019796786,0.23426028,0.0136437155,0.15789175,-0.009710613,252.17795,248.37248,332.95706,0.30818737,8.731586,0.28221205
9,54,10,0.001677722,0.12644432,0.03931032,0.058914267,0.028219733,0.099134155,-0.0030335137,9.235893,0.91288,14.312573,0.27966493,0.19826831,-0.0060670273,0.24272262,0.023990814,0.1679873,0.0032824404,252.14543,248.20512,332.94742,-1.1925449,8.731586,0.21792188
9,55,10,0.001677722,0.12977731,0.031653907,0.0701677,0.027955715,0.08895773,0.00164451,10.07946,0.9451591,14.2454605,-0.092326075,0.17791545,0.00328902,0.26489186,0.02483912,0.16719963,-0.0010836347,252.11322,248.1345,332.3109,-0.85283303,8.731586,0.22796099
9,56,10,0.001677722,0.12613542,0.032149408,0.06842115,0.025564859,0.08965128,0.0009829005,9.953225,0.7213537,13.622692,-0.7153792,0.17930256,0.001965801,0.26157436,0.018957432,0.15989015,-0.008396438,252.09647,248.08817,332.5738,-0.005974531,8.731586,0.23938894
9,57,10,0.001677722,0.13429496,0.039446685,0.06753731,0.027310971,0.09930595,-0.002269335,9.888729,1.0819169,14.080232,0.49347258,0.1986119,-0.00453867,0.2598794,0.028433181,0.16526031,0.0057919105,252.04471,247.9225,332.28488,-1.5753895,8.7315445,0.25628832
9,58,10,0.001677722,0.13935627,0.0369933,0.073790684,0.028572287,0.09616821,0.0032787577,10.336405,0.84955883,14.401699,-0.03238885,0.19233643,0.0065575154,0.2716444,0.022326717,0.1690334,-0.0003801494,252.02606,248.0105,331.51755,-0.81716996,8.7315445,0.26827902
9,59,10,0.001677722,0.13728416,0.037727084,0.07275757,0.026799506,0.097117305,0.002243966,10.263791,0.64761,13.947764,-0.5103433,0.19423461,0.004487932,0.2697361,0.01701943,0.16370554,-0.0059899236,252.06474,248.07942,332.14606,-0.1372667,8.7315445,0.25896904
9,60,10,0.001677722,0.14535199,0.044123802,0.0724632,0.028764993,0.10502833,-0.0022493743,10.243007,0.97901684,14.450183,0.41384777,0.21005666,-0.0044987486,0.2691899,0.02572893,0.16960245,0.0048573497,252.09174,248.1862,332.49323,-1.3928646,8.7315445,0.26485878
9,61,10,0.001677722,0.141729,0.037240088,0.07640721,0.028081696,0.09648845,0.0024239402,10.518065,1.130616,14.277524,-0.110545725,0.1929769,0.0048478805,0.27641854,0.029712996,0.16757594,-0.0012974796,252.06407,248.1158,331.988,-1.0200702,8.731545,0.26001012
9,62,10,0.001677722,0.14182176,0.034569837,0.081852615,0.025399307,0.09296483,0.0006291359,10.886416,1.1563797,13.57851,-0.54517645,0.18592966,0.0012582717,0.28609896,0.030390074,0.1593716,-0.0063987607,252.03564,247.96768,332.47348,-0.61120325,8.731545,0.26972032
9,63,10,0.001677722,0.15958816,0.04151887,0.09125858,0.026810708,0.1018809,-0.0024560895,11.494907,1.7579882,13.950679,0.49663255,0.2037618,-0.004912179,0.30209035,0.04620057,0.16373976,0.0058289994,251.9428,247.54143,332.0734,-2.2546208,8.731545,0.2980882
9,64,10,0.001677722,0.15790579,0.035304274,0.094746925,0.027854593,0.09394716,0.0017535917,11.7125435,1.9276128,14.219674,0.02343668,0.18789431,0.0035071834,0.3078099,0.05065837,0.16689695,0.0002750792,251.86707,247.26414,330.9987,-1.9510494,8.731545,0.323845
9,65,10,0.001677722,0.15477435,0.036413617,0.091784276,0.026576454,0.09541176,0.00089877256,11.52797,1.7426164,13.8896,-0.33272734,0.19082353,0.0017975451,0.3029592,0.045796588,0.16302286,-0.0039052356,251.89873,247.32173,331.2819,-1.4098891,8.731605,0.32334635
9,66,10,0.001677722,0.15852278,0.042618334,0.08541578,0.030488664,0.103221044,-0.0022849606,11.120842,1.8897508,14.876831,0.4479189,0.20644209,-0.004569921,0.29225978,0.04966335,0.17461003,0.005257246,251.96793,247.65504,331.753,-2.3376698,8.731605,0.3375519
9,67,10,0.001677722,0.15767603,0.040416867,0.087784804,0.029474366,0.10051973,0.0022150173,11.27401,1.6039312,14.627277,0.058428235,0.20103946,0.0044300347,0.296285,0.042151894,0.171681,0.00068577373,251.98862,247.95135,331.3458,-1.6623595,8.731605,0.31904402
9,68,10,0.001677722,0.15420006,0.03970271,0.088234805,0.026262553,0.099627696,0.0012754989,11.302868,1.2923056,13.80733,-0.4333009,0.19925539,0.0025509978,0.29704344,0.033962253,0.16205725,-0.005085672,252.0264,248.03235,331.64154,-0.8590047,8.731605,0.29287094
9,69,10,0.001677722,0.16047107,0.04654971,0.083865374,0.03005599,0.10787691,-0.0009236669,11.019452,1.3459958,14.770892,0.2726694,0.21575382,-0.0018473339,0.2895952,0.035373263,0.17336664,0.0032003336,252.07294,248.17093,331.74673,-1.6186652,8.731694,0.27230603
9,70,10,0.001677722,0.16153105,0.04300383,0.08841533,0.03011188,0.103686824,0.0024986763,11.314424,1.1363968,14.78462,-0.17868,0.20737365,0.0049973526,0.29734716,0.029864918,0.17352775,-0.0020971743,252.1219,248.46547,331.66687,-0.95771676,8.731694,0.27182654
9,71,10,0.001677722,0.15226161,0.04269177,0.08417183,0.02539802,0.10330994,0.0011405873,11.039568,0.9258691,13.578166,-0.59723115,0.20661987,0.0022811745,0.29012382,0.024332175,0.15936756,-0.007009728,252.16547,248.66556,332.28284,-0.32863796,8.731694,0.2747923
9,72,10,0.001677722,0.1623764,0.049196918,0.08485487,0.028324615,0.11090189,-0.0010156797,11.08427,0.78636307,14.339145,-0.089644425,0.22180378,-0.0020313594,0.2912986,0.020665914,0.16829918,-0.0010521613,252.1982,248.86093,332.47827,-0.69671863,8.731694,0.29752222
9,73,10,0.001677722,0.15346651,0.042900484,0.0832949,0.027271127,0.10356216,0.0038744435,10.98191,0.78846157,14.069958,-0.90500325,0.20712432,0.007748887,0.28860855,0.020721048,0.16513972,-0.0106220655,252.19539,248.92334,331.95834,0.11654168,8.731834,0.30898905
9,74,10,0.001677722,0.15064435,0.04425859,0.07999802,0.026387736,0.10518863,0.0011577413,10.76238,1.0088906,13.840198,-1.1145034,0.21037726,0.0023154826,0.2828392,0.026514005,0.16244303,-0.013080975,252.21425,248.83,332.46817,0.105612755,8.731834,0.2933755
9,75,10,0.001677722,0.14767782,0.04507886,0.07457345,0.02802552,0.10615891,-0.0024522117,10.391083,1.30387,14.263236,0.1417135,0.21231782,-0.0049044234,0.2730814,0.034266174,0.16740824,0.0016632978,252.23619,248.92381,332.74554,-1.4455835,8.731834,0.2974564
9,76,10,0.001677722,0.14535604,0.04352442,0.07322181,0.028609816,0.10431254,0.0031227898,10.296483,0.9708121,14.411154,-0.64602745,0.20862508,0.0062455796,0.27059528,0.025513288,0.16914436,-0.007582455,252.23796,249.13048,332.09082,-0.32478464,8.731834,0.30766487
9,77,10,0.001677722,0.14710507,0.046668988,0.07131653,0.029119559,0.10801503,0.003204396,10.161638,0.50893396,14.538968,-1.6162974,0.21603006,0.006408792,0.26705155,0.013374967,0.17064454,-0.018970557,252.28058,249.2732,332.6389,1.1073635,8.732027,0.28310868
9,78,10,0.001677722,0.16006596,0.047744595,0.081845246,0.030476123,0.109252684,-0.00017633899,10.885925,1.0042835,14.873771,-0.6035139,0.21850537,-0.00035267798,0.28608608,0.026392939,0.17457412,-0.007083471,252.31238,249.23604,332.9068,-0.40076965,8.732027,0.29234678
9,79,10,0.001677722,0.15931354,0.044438947,0.084678575,0.030196022,0.10540274,0.0028084053,11.072748,0.83657485,14.805261,-0.8415734,0.21080548,0.0056168106,0.29099584,0.021985495,0.17377003,-0.009877588,252.32657,249.38533,332.3638,0.0049985647,8.732027,0.3031391
9,80,10,0.001677722,0.15191783,0.044702813,0.07979987,0.027415149,0.1057152,0.0035195074,10.749042,0.6673042,14.1070595,-1.5817022,0.2114304,0.0070390147,0.2824887,0.017536988,0.1655752,-0.01856451,252.32927,249.4707,332.92654,0.914398,8.732027,0.3283335
9,81,10,0.001677722,0.15027227,0.046999793,0.07534131,0.027931165,0.10839718,0.0005535547,10.444441,0.9740446,14.239205,-0.36605844,0.21679436,0.0011071094,0.2744837,0.025598245,0.1671262,-0.004296445,252.29393,249.41663,332.99472,-0.6079862,8.732279,0.33660284
9,82,10,0.001677722,0.14698207,0.03906106,0.07994415,0.027976876,0.09881935,0.0049698483,10.758754,1.1379367,14.250852,-1.0594318,0.1976387,0.009939697,0.28274396,0.0299054,0.1672629,-0.012434601,252.25716,249.27153,332.19696,-0.07850492,8.732279,0.35825753
9,83,10,0.001677722,0.15624593,0.043380767,0.08478733,0.02807783,0.10414025,0.003803508,11.079857,1.0855054,14.27654,-1.5924339,0.2082805,0.007607016,0.29118264,0.028527474,0.1675644,-0.018690469,252.29521,249.37476,332.73938,0.50692856,8.732279,0.33605832
9,84,10,0.001677722,0.15897237,0.04749843,0.083421454,0.028052477,0.10897067,-0.0009787229,10.99025,1.6634309,14.270094,-0.23177537,0.21794134,-0.0019574459,0.28882772,0.043715574,0.16748874,-0.0027203583,252.28125,249.25284,332.7978,-1.4316555,8.732279,0.33883762
9,85,10,0.001677722,0.15147865,0.038944174,0.08396324,0.02857124,0.09867139,0.002855892,11.025881,2.1524186,14.401435,-0.7565723,0.19734278,0.005711784,0.2897641,0.056566324,0.1690303,-0.008879925,252.22656,248.97948,332.11508,-1.3958464,8.732611,0.33904085
9,86,10,0.001677722,0.15739699,0.040768918,0.09043881,0.026189255,0.100956574,0.0022936866,11.443163,2.085343,13.788048,-1.0739077,0.20191315,0.004587373,0.30073047,0.054803558,0.16183095,-0.012604501,252.22984,248.9274,332.64914,-1.0114352,8.732611,0.34268492
9,87,10,0.001677722,0.15591848,0.044977732,0.08467446,0.026266271,0.10603977,-0.001288306,11.07248,2.530489,13.808308,-0.08627809,0.21207954,-0.002576612,0.29098877,0.066502154,0.16206872,-0.0010126495,252.212,248.81668,332.87982,-2.4442108,8.732611,0.35405254
9,88,10,0.001677722,0.14588492,0.03642385,0.08429446,0.025166601,0.095425166,0.0035335973,11.047606,2.5001042,13.516165,-0.6302022,0.19085033,0.0070671947,0.2903351,0.065703645,0.15863985,-0.007396714,252.16206,248.68408,332.19382,-1.869902,8.732611,0.38469517
9,89,10,0.001677722,0.14815655,0.037156966,0.086367406,0.024632184,0.09638071,0.0019788076,11.182621,2.5026536,13.371885,-0.95391905,0.19276142,0.0039576152,0.29388332,0.06577063,0.15694644,-0.01119619,252.14485,248.60365,332.5876,-1.5487345,8.732995,0.36426222
9,90,10,0.001677722,0.15970577,0.046066444,0.087925576,0.025713751,0.10731547,-0.0032630246,11.283044,2.7548225,13.662304,0.19483948,0.21463095,-0.006526049,0.29652247,0.07239773,0.16035508,0.0022868377,252.13368,248.52849,332.68143,-2.949662,8.732995,0.36587995
9,91,10,0.001677722,0.15087382,0.037960313,0.087364964,0.025548546,0.097417034,0.0014916689,11.247016,2.5885623,13.618343,-0.6949421,0.19483407,0.0029833377,0.29557565,0.06802836,0.15983912,-0.008156563,252.13313,248.60579,332.30255,-1.8936201,8.732995,0.37973034
9,92,10,0.001677722,0.14984737,0.040391915,0.083651766,0.025803696,0.1004887,8.067154e-5,11.005411,2.343938,13.686176,-1.5260415,0.2009774,0.00016134308,0.28922614,0.061599523,0.16063529,-0.01791122,252.18361,248.77875,333.13605,-0.8178966,8.732995,0.37512636
9,93,10,0.001677722,0.15868948,0.04722872,0.08435465,0.027106121,0.10866085,-0.0027057284,11.051549,2.1826797,14.027328,-0.6477996,0.2173217,-0.005411457,0.2904387,0.057361614,0.16463937,-0.0076032514,252.2492,249.20845,333.57947,-1.53488,8.73343,0.3296606
9,94,10,0.001677722,0.14752103,0.03682471,0.08481493,0.025881397,0.09594883,0.003299077,11.081659,1.7996942,13.706767,-1.4654977,0.19189766,0.006598154,0.29123002,0.047296617,0.16087696,-0.017200617,252.28548,249.45372,333.13574,-0.33419645,8.73343,0.34324682
9,95,10,0.001677722,0.14608797,0.04041611,0.07958844,0.026083432,0.10051879,0.004055354,10.734793,1.5856072,13.760164,-2.0147264,0.20103759,0.008110708,0.28211424,0.041670334,0.16150366,-0.023646938,252.35428,249.67982,333.64758,0.42911923,8.73343,0.3111358
9,96,10,0.001677722,0.1490276,0.044112947,0.07863697,0.026277686,0.10501541,0.0003567315,10.670433,1.864202,13.811307,-0.8312713,0.21003082,0.000713463,0.28042284,0.04899189,0.16210394,-0.0097566685,252.32993,249.64622,333.73828,-1.0329307,8.73343,0.30734622
9,97,10,0.001677722,0.13535786,0.033575803,0.07696316,0.024818901,0.09161851,0.0057103885,10.556262,2.1515005,13.422471,-1.4341041,0.18323702,0.011420777,0.27742234,0.056542203,0.15754016,-0.016832143,252.21303,249.18951,332.80316,-0.7173964,8.733897,0.3157972
9,98,10,0.001677722,0.13073292,0.03495955,0.07153877,0.024234606,0.09348737,0.003479556,10.177461,2.149825,13.263534,-1.8493847,0.18697473,0.006959112,0.26746732,0.05649818,0.15567468,-0.021706311,252.17772,248.87634,333.06528,-0.30044043,8.733897,0.32346892
9,99,10,0.001677722,0.13968185,0.043937556,0.069547065,0.026197229,0.10480644,0.00033784567,10.034784,2.3365958,13.790147,-0.7276754,0.20961288,0.00067569135,0.26371777,0.061406594,0.16185558,-0.008540759,252.1865,248.87062,333.022,-1.6089203,8.733897,0.30466828
9,100,10,0.001677722,0.13971567,0.034510173,0.078680046,0.026525449,0.09288457,0.0047325655,10.673355,2.0320356,13.876266,-1.1824977,0.18576914,0.009465131,0.28049964,0.053402625,0.16286635,-0.013879028,252.21654,249.11888,332.59103,-0.84953785,8.733897,0.30728737
10,1,10,0.0013421776,0.15556537,0.030784573,0.08972499,0.0350558,0.087727666,-0.00159588,11.397914,0.33052757,15.952221,3.6416638,0.17545533,-0.00319176,0.2995413,0.008686389,0.18723194,0.04274237,253.41559,253.83649,339.99435,-3.9721913,8.73437,0.3528488
10,2,10,0.0013421776,0.16603628,0.037173502,0.09744099,0.031421773,0.09640215,-0.002396053,11.877896,-0.24125256,15.102767,2.488684,0.1928043,-0.004792106,0.3121554,-0.0063402,0.17726187,0.029209796,253.44745,253.93979,339.9921,-2.2474313,8.73437,0.35029992
10,3,10,0.0013421776,0.18053344,0.05275387,0.09355631,0.034223255,0.11484105,-0.009163335,11.6387205,-0.007847487,15.761657,3.8064635,0.2296821,-0.01832667,0.30586976,-0.00020623929,0.18499528,0.04467663,253.47958,254.03212,340.3548,-3.798616,8.73437,0.33367297
10,4,10,0.0013421776,0.16241279,0.03313234,0.09241659,0.036863856,0.09101146,-0.0045367177,11.567611,0.26899597,16.358429,3.9302897,0.18202291,-0.009073435,0.30400097,0.0070693037,0.19199963,0.046129998,253.45493,254.00685,339.9411,-4.1992855,8.73437,0.3683251
10,5,10,0.0013421776,0.17176819,0.0379142,0.10394115,0.029912837,0.09735785,-0.004190504,12.267678,-0.3598784,14.735675,2.7797391,0.1947157,-0.008381008,0.32239905,-0.009457742,0.17295328,0.032625932,253.47072,254.01053,340.36462,-2.4198608,8.734715,0.35847694
10,6,10,0.0013421776,0.18637854,0.047429755,0.10330375,0.035645038,0.10889187,-0.010424568,12.230008,-0.02874386,16.08573,4.3181863,0.21778373,-0.020849137,0.32140902,-0.00075539673,0.18879893,0.050682746,253.49496,254.05989,340.8343,-4.2894425,8.734715,0.37946817
10,7,10,0.0013421776,0.16960296,0.031950798,0.100474454,0.037177708,0.08937393,-0.0035506538,12.061366,-0.06596852,16.427917,4.132103,0.17874786,-0.0071013076,0.31697705,-0.0017336499,0.19281521,0.048498683,253.4988,254.10957,340.31738,-4.0661345,8.734715,0.44782573
10,8,10,0.0013421776,0.18624263,0.042265244,0.11062141,0.03335597,0.10279256,-0.004242075,12.655761,-0.6154329,15.56066,2.7383714,0.20558512,-0.00848415,0.33259797,-0.016173776,0.18263617,0.032140393,253.5411,254.26643,340.38123,-2.1229384,8.734715,0.37962446
10,9,10,0.0013421776,0.19442663,0.046213616,0.11328871,0.034924306,0.10748676,-0.008700766,12.807428,-0.77294767,15.922276,3.6162276,0.21497352,-0.017401531,0.33658388,-0.02031334,0.18688045,0.042443823,253.6289,254.69054,341.10318,-2.8432798,8.735032,0.4407639
10,10,10,0.0013421776,0.18609837,0.036950454,0.11048245,0.038665473,0.096112505,-0.0023251825,12.647809,-0.8567545,16.753395,3.0782337,0.19222501,-0.004650365,0.332389,-0.022515826,0.19663538,0.036129367,253.69421,255.02621,340.9781,-2.2214792,8.735032,0.47469258
10,11,10,0.0013421776,0.19071634,0.040091075,0.11702945,0.03359581,0.10011378,-0.0033145447,13.01716,-1.2187501,15.616502,1.9619193,0.20022756,-0.0066290894,0.34209567,-0.032029204,0.1832916,0.02302714,253.73773,255.08438,341.22046,-0.7431692,8.735032,0.4712693
10,12,10,0.0013421776,0.20802416,0.054936312,0.11788459,0.03520326,0.117192484,-0.008394648,13.064633,-1.0496832,15.985737,3.4753914,0.23438497,-0.016789297,0.34334326,-0.027586035,0.18762532,0.040790834,253.74796,255.07758,341.3583,-2.4257083,8.735032,0.4583373
10,13,10,0.0013421776,0.18528636,0.032316938,0.11299563,0.039973784,0.089884564,-0.0021156087,12.790852,-0.7884506,17.034477,3.366781,0.17976913,-0.0042312173,0.33614823,-0.020720746,0.19993445,0.039516065,253.7036,254.97644,340.47403,-2.5783305,8.735311,0.457921
10,14,10,0.0013421776,0.18035117,0.036311425,0.11023537,0.033804365,0.095277786,-0.0020563037,12.63366,-1.3170133,15.664899,1.8832752,0.19055557,-0.0041126073,0.33201712,-0.034611575,0.18385963,0.022104084,253.73761,255.08168,340.75568,-0.5662619,8.735311,0.43784502
10,15,10,0.0013421776,0.20272994,0.056021903,0.110794365,0.035913672,0.11834473,-0.008288589,12.66565,-1.3708526,16.146229,3.3394852,0.23668946,-0.016577179,0.33285788,-0.03602648,0.18950903,0.03919569,253.8018,255.37843,341.48273,-1.9686326,8.735311,0.46782807
10,16,10,0.0013421776,0.18142252,0.03623878,0.10482451,0.04035923,0.095182426,-0.0013805442,12.319699,-1.5038246,17.116407,3.0539007,0.19036485,-0.0027610883,0.32376614,-0.039521053,0.20089607,0.03584377,253.82516,255.60014,341.26593,-1.5500761,8.735311,0.4769424
10,17,10,0.0013421776,0.18094678,0.037693933,0.10904152,0.034211323,0.09707463,-0.0019653724,12.565062,-2.072916,15.758907,1.8883256,0.19414926,-0.0039307447,0.33021435,-0.05447698,0.18496303,0.022163361,253.87218,255.72751,341.67258,0.18459046,8.7355585,0.4735092
10,18,10,0.0013421776,0.19475174,0.048937723,0.11242343,0.033390585,0.11060936,-0.0055646915,12.758425,-2.0993662,15.568731,3.0373375,0.22121872,-0.011129383,0.33529603,-0.05517213,0.18273091,0.035649367,253.90392,255.90373,342.11508,-0.93797135,8.7355585,0.4712194
10,19,10,0.0013421776,0.19230294,0.0382701,0.112984754,0.041048072,0.097813725,-0.00041468878,12.7902355,-1.8620578,17.26186,2.96652,0.19562745,-0.00082937756,0.33613205,-0.048935547,0.20260324,0.034818184,253.85991,255.80319,341.47006,-1.1044623,8.7355585,0.50359654
10,20,10,0.0013421776,0.18128942,0.03752095,0.11087017,0.032898307,0.096851625,-0.00105163,12.669984,-2.221135,15.453542,1.8805777,0.19370325,-0.00210326,0.33297172,-0.058372214,0.1813789,0.022072425,253.83424,255.61409,341.67465,0.34055722,8.7355585,0.45663178
10,21,10,0.0013421776,0.20247453,0.05986384,0.10637221,0.036238495,0.12233544,-0.0084324535,12.410313,-1.8962455,16.219084,3.4998116,0.24467088,-0.016864907,0.32614753,-0.049834024,0.19036411,0.041077446,253.83002,255.56924,341.93225,-1.6035662,8.735765,0.4429977
10,22,10,0.0013421776,0.17199707,0.03221161,0.09834924,0.041436218,0.08973797,-0.0035212124,11.9331255,-1.5566263,17.343283,3.2250075,0.17947593,-0.0070424248,0.31360683,-0.04090872,0.20355888,0.037852068,253.80167,255.48547,341.31668,-1.6683812,8.735765,0.4497068
10,23,10,0.0013421776,0.18715377,0.03705114,0.114509605,0.035593014,0.09624337,-0.0038729364,12.876257,-1.7757877,16.073988,2.1568081,0.19248673,-0.0077458727,0.33839267,-0.046668354,0.18866111,0.025314558,253.77864,255.26988,341.34036,-0.38102043,8.735765,0.42634678
10,24,10,0.0013421776,0.22196731,0.0552442,0.12763956,0.039083533,0.11752042,-0.009497914,13.59444,-1.4016199,16.843725,3.602883,0.23504084,-0.018995829,0.35726678,-0.03683508,0.19769555,0.0422872,253.73462,255.06128,341.18628,-2.2012632,8.735765,0.4355463
10,25,10,0.0013421776,0.20053786,0.037553877,0.119217075,0.04376691,0.096894115,-0.0041872687,13.138261,-1.2390959,17.824368,3.5051272,0.19378823,-0.008374537,0.34527826,-0.032563865,0.20920542,0.041139834,253.65067,254.78886,340.1891,-2.2660313,8.735971,0.41207948
10,26,10,0.0013421776,0.18809178,0.040729802,0.1130083,0.034353696,0.10090813,-0.003718779,12.791569,-1.6627157,15.791665,2.3080685,0.20181626,-0.007437558,0.33616707,-0.04369676,0.1853475,0.027089914,253.66014,254.76918,340.71347,-0.64535284,8.735971,0.4341649
10,27,10,0.0013421776,0.20957528,0.054768976,0.11639445,0.038411852,0.117013864,-0.008048385,12.981797,-1.6353242,16.69836,3.351169,0.23402773,-0.01609677,0.34116632,-0.0429769,0.19598942,0.039332822,253.69017,254.88852,341.12988,-1.7158449,8.735971,0.37899452
10,28,10,0.0013421776,0.18513288,0.03500976,0.10878208,0.04134104,0.093554474,-0.0032469302,12.550105,-1.5421312,17.323349,3.18438,0.18710895,-0.0064938604,0.3298213,-0.040527757,0.20332496,0.037375208,253.68353,254.90085,340.61823,-1.6422489,8.735971,0.3969667
10,29,10,0.0013421776,0.17630187,0.039522666,0.104213566,0.032565635,0.09940154,-0.0035559072,12.283746,-1.9535044,15.375207,2.0483139,0.19880308,-0.0071118143,0.32282126,-0.05133879,0.18045951,0.024041153,253.69093,254.88872,340.91138,-0.09480941,8.736176,0.3787922
10,30,10,0.0013421776,0.18147592,0.047196995,0.09770593,0.03657299,0.10862435,-0.0090586245,11.8940325,-1.2930267,16.293766,3.0937185,0.2172487,-0.018117249,0.31257948,-0.03398122,0.19124065,0.036311116,253.68932,254.88371,341.20532,-1.8006918,8.736176,0.35289145
10,31,10,0.0013421776,0.17191131,0.03436028,0.096659295,0.040891733,0.09268263,-0.0033487016,11.830156,-0.96270597,17.228958,3.4282024,0.18536526,-0.0066974033,0.31090078,-0.025300257,0.20221704,0.040236972,253.63007,254.72069,340.39038,-2.4654965,8.736176,0.3631187
10,32,10,0.0013421776,0.17032066,0.036818143,0.10070183,0.032800697,0.09594027,-0.0034828545,12.0750065,-1.4131008,15.430596,2.0426953,0.19188054,-0.006965709,0.31733552,-0.0371368,0.18110962,0.023975208,253.61636,254.6248,340.38513,-0.62959445,8.736176,0.32763138
10,33,10,0.0013421776,0.189164,0.052703105,0.10157286,0.034888044,0.11478578,-0.009672995,12.127115,-1.4953113,15.914008,3.3234599,0.22957157,-0.01934599,0.31870496,-0.039297324,0.18678342,0.039007597,253.62962,254.69437,340.71835,-1.8281486,8.736378,0.30848086
10,34,10,0.0013421776,0.16410246,0.032136858,0.093323894,0.03864172,0.08963378,-0.0037890992,11.624254,-1.253036,16.74825,3.3693519,0.17926756,-0.0075781983,0.3054896,-0.03293021,0.19657497,0.039546236,253.60258,254.61319,340.33286,-2.1163158,8.736378,0.30967647
10,35,10,0.0013421776,0.17479865,0.041447677,0.1003402,0.033010766,0.10179351,-0.0044337497,12.053307,-1.7730577,15.479931,2.2257144,0.20358703,-0.008867499,0.31676522,-0.04659658,0.18168865,0.026123311,253.62239,254.65968,340.68198,-0.45265675,8.736378,0.32392517
10,36,10,0.0013421776,0.19206926,0.052340917,0.10384011,0.03588823,0.114390686,-0.009343366,12.261715,-1.6172794,16.14051,3.2686105,0.22878137,-0.018686732,0.32224232,-0.042502664,0.18944189,0.03836382,253.6423,254.66011,340.835,-1.6513311,8.736378,0.312035
10,37,10,0.0013421776,0.1732409,0.03424513,0.09910609,0.039889682,0.092527196,-0.0032874334,11.978953,-1.8414675,17.01655,3.28159,0.18505439,-0.006574867,0.3148112,-0.04839443,0.19972402,0.038516175,253.62788,254.708,340.20703,-1.4401225,8.736596,0.3218535
10,38,10,0.0013421776,0.17483325,0.04048681,0.102411576,0.031934876,0.10060667,-0.0028178038,12.177081,-2.2214968,15.22558,1.7508649,0.20121334,-0.0056356075,0.32001808,-0.058381755,0.17870332,0.020549983,253.66603,254.78085,340.92844,0.47063196,8.736596,0.3166559
10,39,10,0.0013421776,0.19513977,0.052414574,0.108730935,0.033994257,0.114471145,-0.0076937587,12.5471525,-2.0795147,15.708836,2.861731,0.22894229,-0.015387517,0.32974374,-0.054650385,0.18437532,0.033588268,253.6932,254.82118,341.268,-0.7822163,8.736596,0.3145118
10,40,10,0.0013421776,0.17701055,0.03478923,0.10563012,0.036591206,0.09325936,-0.002338011,12.36695,-1.8779035,16.297823,2.881874,0.18651871,-0.004676022,0.3250079,-0.049351986,0.19128828,0.03382469,253.69107,254.82579,340.53128,-1.0039706,8.736596,0.31990236
10,41,10,0.0013421776,0.17314184,0.041996937,0.10271602,0.028428888,0.10246577,-0.0012112536,12.195168,-2.5035446,14.365512,1.5239584,0.20493154,-0.0024225072,0.3204934,-0.06579405,0.16860868,0.017886769,253.74953,255.00801,341.01492,0.9795861,8.73681,0.3241598
10,42,10,0.0013421776,0.18055163,0.04974282,0.09986691,0.030941905,0.11151549,-0.005045455,12.024845,-2.647301,14.987,2.2823374,0.22303098,-0.01009091,0.31601727,-0.069572024,0.17590311,0.0267879,253.82242,255.37326,341.3128,0.36496353,8.73681,0.31436446
10,43,10,0.0013421776,0.16791807,0.038589537,0.09509266,0.034235876,0.0982211,0.0005697587,11.733894,-2.5462067,15.764564,2.4304252,0.1964422,0.0011395174,0.30837098,-0.06691526,0.18502939,0.02852601,253.80334,255.40822,340.6408,0.115781546,8.73681,0.33429378
10,44,10,0.0013421776,0.15655677,0.03718045,0.08962557,0.02975075,0.09641116,0.00021807714,11.391596,-2.553911,14.695697,1.0994822,0.19282232,0.00043615428,0.2993753,-0.06711771,0.17248406,0.012904669,253.79303,255.3018,341.26843,1.4544288,8.73681,0.31806746
10,45,10,0.0013421776,0.16466793,0.04821816,0.08483487,0.031614896,0.10979317,-0.0051178075,11.082963,-2.1030102,15.149109,2.1678839,0.21958634,-0.010235615,0.29126427,-0.055267863,0.17780578,0.025444554,253.74649,255.05118,341.50522,-0.064873695,8.737004,0.30827603
10,46,10,0.0013421776,0.15321758,0.031220477,0.08853153,0.03346558,0.088346586,-0.00069568015,11.321856,-1.5916896,15.586205,2.3521683,0.17669317,-0.0013913603,0.29754248,-0.04183019,0.182936,0.027607508,253.64546,254.657,340.55035,-0.76047873,8.737004,0.2926443
10,47,10,0.0013421776,0.16029842,0.037524596,0.09345955,0.02931428,0.09685633,-0.0029614433,11.6327,-1.5575882,14.5875,1.3930362,0.19371267,-0.0059228865,0.30571154,-0.04093397,0.17121413,0.016350128,253.58183,254.23796,340.53717,0.16455197,8.737004,0.285731
10,48,10,0.0013421776,0.16988161,0.043853607,0.09493107,0.03109694,0.104706265,-0.008017962,11.72392,-1.1788924,15.0245,2.5008426,0.20941253,-0.016035924,0.30810887,-0.030981705,0.17634325,0.029352507,253.54568,254.02878,340.55106,-1.3219502,8.737004,0.27082002
10,49,10,0.0013421776,0.15244041,0.031847738,0.08830718,0.0322855,0.08922967,-0.0024648097,11.307501,-0.867825,15.308934,2.3157656,0.17845935,-0.0049296194,0.29716524,-0.022806754,0.17968166,0.027180247,253.47688,253.86415,339.53763,-1.4479406,8.73719,0.26002336
10,50,10,0.0013421776,0.15177134,0.0377901,0.08650771,0.027473526,0.09719838,-0.0027757422,11.1917,-1.1444564,14.122072,1.1960664,0.19439676,-0.0055514844,0.29412192,-0.030076744,0.1657514,0.014038282,253.47711,253.81854,339.80075,-0.051609993,8.73719,0.2864802
10,51,10,0.0013421776,0.15763277,0.04293272,0.08703896,0.027661087,0.10360106,-0.008096614,11.226012,-1.0624541,14.170196,2.220192,0.20720212,-0.016193228,0.29502365,-0.027921682,0.16631623,0.026058488,253.49376,253.76834,339.97263,-1.1577379,8.73719,0.247977
10,52,10,0.0013421776,0.14348923,0.031739492,0.083324194,0.028425546,0.089077905,-0.0010538534,10.983841,-1.2016401,14.364669,2.1113474,0.17815581,-0.0021077069,0.2886593,-0.031579543,0.16859877,0.02478098,253.48163,253.74352,339.2301,-0.9097073,8.73719,0.24096541
10,53,10,0.0013421776,0.13815928,0.03338568,0.08052719,0.024246406,0.09135874,-0.00033631665,10.797916,-1.5546234,13.266761,0.58498496,0.18271749,-0.0006726333,0.28377312,-0.040856063,0.15571257,0.006865995,253.49272,253.7148,339.8097,0.9696384,8.737356,0.24230707
10,54,10,0.0013421776,0.15016775,0.04622941,0.07831142,0.025626909,0.10750513,-0.0059092524,10.648323,-1.1357236,13.639214,1.7700675,0.21501026,-0.011818505,0.27984178,-0.029847227,0.16008407,0.02077536,253.47717,253.61916,339.86893,-0.63434386,8.737356,0.21956497
10,55,10,0.0013421776,0.13197023,0.027673312,0.077912934,0.026383976,0.083176486,-0.0006114046,10.621197,-0.93457663,13.839212,1.6967964,0.16635297,-0.0012228092,0.27912888,-0.02456101,0.16243145,0.019915378,253.43951,253.50519,339.04736,-0.7622198,8.737356,0.21678017
10,56,10,0.0013421776,0.12885927,0.03310973,0.07185565,0.023893898,0.090980396,-0.0011721347,10.199976,-1.4493667,13.169969,0.44112223,0.18196079,-0.0023442693,0.26805905,-0.03808988,0.15457651,0.0051774695,253.47404,253.58238,339.69824,1.0082445,8.737356,0.22461513
10,57,10,0.0013421776,0.13578591,0.045103572,0.066576466,0.02410587,0.10618801,-0.004159431,9.818135,-1.2937733,13.228258,1.1478796,0.21237601,-0.008318862,0.25802416,-0.03400083,0.15526065,0.013472718,253.51921,253.74234,340.24573,0.1458937,8.737495,0.21294186
10,58,10,0.0013421776,0.11848861,0.029871084,0.06450642,0.024111103,0.08641627,0.00036174819,9.664294,-1.2785112,13.229693,0.7400571,0.17283253,0.00072349637,0.25398114,-0.033599727,0.1552775,0.0086860815,253.5141,253.83865,339.47687,0.53845406,8.737495,0.17384711
10,59,10,0.0013421776,0.118161924,0.031847484,0.063738704,0.022575734,0.089229316,0.00081411604,9.606613,-1.8599164,12.801538,-0.5965748,0.17845863,0.0016282321,0.25246525,-0.048879277,0.15025224,-0.0070020226,253.54944,253.9496,340.11682,2.4564912,8.737495,0.22350489
10,60,10,0.0013421776,0.12824981,0.04238349,0.061898317,0.023967998,0.10293625,-0.0042819693,9.466907,-1.5501019,13.190373,0.80122906,0.2058725,-0.008563939,0.24879372,-0.040737238,0.15481602,0.00940406,253.53902,253.85571,340.22668,0.7488728,8.737495,0.21605837
10,61,10,0.0013421776,0.11469568,0.028196098,0.062496133,0.024003455,0.08395847,0.002856716,9.512513,-1.1211915,13.200127,0.46358854,0.16791694,0.005713432,0.24999227,-0.029465307,0.15493049,0.00544116,253.4823,253.61859,339.48666,0.65760297,8.73759,0.1810395
10,62,10,0.0013421776,0.12018057,0.03222209,0.06502536,0.02293312,0.08975256,0.0022901848,9.70309,-1.4360346,12.902468,-0.42038843,0.17950512,0.0045803697,0.2550007,-0.03773951,0.15143685,-0.0049341153,253.49522,253.59828,339.6999,1.856423,8.73759,0.2225389
10,63,10,0.0013421776,0.13624549,0.047233388,0.06511927,0.023892833,0.10866622,-0.004038619,9.710094,-1.2518426,13.169674,0.61489403,0.21733244,-0.008077238,0.25518477,-0.032898884,0.15457307,0.007217041,253.48323,253.5369,339.60956,0.6369486,8.73759,0.215745
10,64,10,0.0013421776,0.11460242,0.026989704,0.06387327,0.023739444,0.08214272,0.002984309,9.616749,-0.94733936,13.127333,0.49575284,0.16428544,0.005968618,0.25273162,-0.024896426,0.1540761,0.0058186725,253.42099,253.3692,338.77664,0.4515865,8.73759,0.21648622
10,65,10,0.0013421776,0.11497618,0.030051176,0.0609268,0.023998206,0.086676374,0.0021116864,9.39232,-1.0102528,13.198683,-0.52603304,0.17335275,0.004223373,0.24683355,-0.026549805,0.15491354,-0.0061740708,253.36826,253.07253,339.15186,1.5362859,8.737657,0.24926151
10,66,10,0.0013421776,0.112048335,0.033006277,0.055464085,0.023577973,0.09083815,-0.003133339,8.961374,-0.61548114,13.082611,0.63434947,0.1816763,-0.006266678,0.23550814,-0.016175065,0.1535512,0.007445391,253.30872,252.76405,339.149,-0.018868327,8.737657,0.2348328
10,67,10,0.0013421776,0.105463274,0.024403047,0.057843447,0.023216778,0.07810737,0.0023210214,9.151574,-0.22000584,12.982017,0.43218312,0.15621474,0.004642043,0.24050665,-0.005781836,0.15237053,0.005072554,253.22563,252.43951,338.18552,-0.21217728,8.737657,0.22529453
10,68,10,0.0013421776,0.108455084,0.026858361,0.0587591,0.022837626,0.0819426,-0.00041331426,9.223722,-0.36716515,12.875576,-0.5712098,0.1638852,-0.00082662853,0.24240276,-0.009649228,0.15112123,-0.0067043146,253.18263,252.13895,338.3287,0.93837494,8.737657,0.25846985
10,69,10,0.0013421776,0.12155879,0.041375853,0.057353243,0.022829695,0.101705275,-0.0044553676,9.112712,-0.24984048,12.873341,0.04499832,0.20341055,-0.008910735,0.23948537,-0.0065659033,0.15109499,0.00052814715,253.1826,252.13068,338.25906,0.20484217,8.737704,0.22224192
10,70,10,0.0013421776,0.102109805,0.023533313,0.05617855,0.022397943,0.076702856,0.0027087228,9.018908,-0.27460086,12.75103,-0.22132874,0.15340571,0.0054174457,0.23702015,-0.0072166077,0.14965943,-0.002597749,253.19223,252.29073,337.7016,0.4959296,8.737704,0.20959301
10,71,10,0.0013421776,0.10819669,0.027329912,0.058049377,0.022817403,0.082658805,0.0025317208,9.16785,-0.6203706,12.869874,-1.1731616,0.16531761,0.0050634416,0.24093439,-0.016303563,0.15105431,-0.013769451,253.24199,252.41177,338.15326,1.7935323,8.737704,0.22889607
10,72,10,0.0013421776,0.11039417,0.031892333,0.056356005,0.02214583,0.089292124,-0.0010596842,9.03314,-0.8215232,12.679064,-0.41573888,0.17858425,-0.0021193684,0.2373942,-0.021589939,0.14881475,-0.004879547,253.28278,252.52965,338.67468,1.237262,8.737704,0.20658351
10,73,10,0.0013421776,0.10897837,0.02672301,0.05934138,0.02291398,0.08173587,0.0047146594,9.269312,-0.7174169,12.897081,-0.36269102,0.16347174,0.009429319,0.24360086,-0.018853968,0.15137364,-0.0042569214,253.25316,252.5093,337.84662,1.0801079,8.737709,0.17057075
10,74,10,0.0013421776,0.106542796,0.027419906,0.05558462,0.02353827,0.082794785,0.0039751064,8.971106,-0.6548154,13.07159,-1.2642838,0.16558957,0.007950213,0.2357639,-0.017208787,0.15342186,-0.014838959,253.2416,252.39108,338.0641,1.9190991,8.737709,0.19636346
10,75,10,0.0013421776,0.11386691,0.03689925,0.05276242,0.024205238,0.09604589,-0.0017226972,8.740394,-0.36069357,13.255493,-0.24136084,0.19209178,-0.0034453943,0.22970071,-0.009479156,0.15558033,-0.0028328619,253.1852,252.06564,338.07498,0.6020544,8.737709,0.16172013
10,76,10,0.0013421776,0.10056074,0.025319267,0.05225445,0.022987021,0.079560146,0.0037638946,8.698219,-0.08645614,12.917622,-0.5555244,0.15912029,0.007527789,0.22859232,-0.0022721014,0.15161471,-0.006520216,253.12457,251.76738,337.1591,0.6419805,8.737709,0.14917326
10,77,10,0.0013421776,0.09421181,0.02656173,0.045697346,0.021952735,0.08148885,0.0018252683,8.134187,-0.4815953,12.623668,-1.76615,0.1629777,0.0036505365,0.21376938,-0.012656496,0.14816456,-0.02072938,253.17035,251.96204,337.689,2.2477453,8.737697,0.18740423
10,78,10,0.0013421776,0.09749662,0.034003705,0.041667085,0.021825828,0.092200466,-0.00084830355,7.767213,-0.81797785,12.587126,-1.0666311,0.18440093,-0.0016966071,0.20412517,-0.021496756,0.14773567,-0.0125191,253.20312,252.1833,338.1068,1.884609,8.737697,0.1778701
10,79,10,0.0013421776,0.08902326,0.022891266,0.043985896,0.022146096,0.0756493,0.005379524,7.9804134,-0.62258184,12.679139,-1.3401691,0.1512986,0.010759048,0.20972815,-0.01636168,0.14881565,-0.015729625,253.15846,252.12152,337.30612,1.9627509,8.737697,0.15966018
10,80,10,0.0013421776,0.093498945,0.025923854,0.044230115,0.023344982,0.08050443,0.0038889435,8.002537,-0.663449,13.017812,-2.0614743,0.16100886,0.007777887,0.21030957,-0.017435681,0.15279065,-0.024195619,253.13893,251.98041,337.6068,2.7249234,8.737697,0.18233483
10,81,10,0.0013421776,0.10079004,0.03167307,0.046287764,0.022829205,0.088984646,-0.0009856863,8.186567,-0.3025114,12.873201,-1.0334752,0.17796929,-0.0019713726,0.21514592,-0.0079501085,0.15109336,-0.012129948,253.10202,251.73714,337.47412,1.3359866,8.737653,0.16249718
10,82,10,0.0013421776,0.098208636,0.02285536,0.052698985,0.022654291,0.07558995,0.0043320446,8.735138,0.0020374337,12.823792,-1.0715902,0.1511799,0.008664089,0.2295626,5.3546646e-5,0.15051343,-0.012577303,253.04611,251.48012,336.52603,1.0695528,8.737653,0.1279663
10,83,10,0.0013421776,0.092022136,0.02445456,0.045011867,0.022555705,0.07818977,0.003369512,8.072949,0.0311949,12.795858,-2.0192595,0.15637954,0.006739024,0.21216,0.00081981614,0.15018557,-0.023700137,253.02628,251.3243,336.99353,1.9880645,8.737653,0.17022684
10,84,10,0.0013421776,0.09665896,0.03293251,0.040988605,0.022737842,0.09073658,-0.00072276697,7.703716,0.017300442,12.847418,-1.0805988,0.18147317,-0.0014455339,0.20245643,0.00045466304,0.15079072,-0.012683038,252.9916,251.22987,337.0434,1.0632983,8.737653,0.16430667
10,85,10,0.0013421776,0.08459228,0.020602105,0.04173258,0.0222576,0.071767166,0.004256212,7.773316,0.28563312,12.7110195,-1.6935534,0.14353433,0.008512424,0.20428553,0.007506539,0.14918981,-0.019877313,252.9229,251.02237,336.17636,1.4079204,8.737589,0.1625214
10,86,10,0.0013421776,0.08415442,0.023432031,0.036527332,0.024195056,0.076537624,0.0032242073,7.2723985,0.12156438,13.252706,-2.5369866,0.15307525,0.0064484146,0.19112125,0.0031947542,0.1555476,-0.029776728,252.90219,250.9292,336.31717,2.4154222,8.737589,0.18246116
10,87,10,0.0013421776,0.093730114,0.0317062,0.037130486,0.024893425,0.089031175,-0.0010436728,7.332195,0.4463619,13.442609,-1.2320491,0.17806235,-0.0020873456,0.19269273,0.011730553,0.1577765,-0.014460618,252.83444,250.61794,336.21835,0.7856872,8.737589,0.17862023
10,88,10,0.0013421776,0.08368759,0.021900702,0.03748289,0.024303993,0.07399443,0.0038984579,7.366908,0.7655059,13.282506,-1.4648881,0.14798886,0.0077969157,0.19360499,0.02011777,0.15589738,-0.01719346,252.7279,250.18999,335.2002,0.6993822,8.737589,0.17327146
10,89,10,0.0013421776,0.0824272,0.021514047,0.036229778,0.02468338,0.07333834,0.001221742,7.2427173,1.0374584,13.385775,-1.9333434,0.14667667,0.002443484,0.19034122,0.027264783,0.15710945,-0.022691738,252.67583,249.91563,335.26538,0.895885,8.737507,0.19680245
10,90,10,0.0013421776,0.0953023,0.029092895,0.040463503,0.025745895,0.0852832,-0.002238611,7.654211,1.1706153,13.67084,-0.638523,0.1705664,-0.004477222,0.20115542,0.030764194,0.16045527,-0.0074943737,252.64697,249.7978,335.2863,-0.53209233,8.737507,0.18312891
10,91,10,0.0013421776,0.09336512,0.021521557,0.045819275,0.026024282,0.07335114,0.004128503,8.145032,1.3490536,13.744551,-0.8430797,0.14670227,0.008257006,0.21405438,0.035453618,0.16132043,-0.009895264,252.59166,249.66312,334.3793,-0.50597394,8.737507,0.1966384
10,92,10,0.0013421776,0.09344517,0.023960553,0.045833874,0.023650736,0.07739598,0.003759482,8.146329,1.0964166,13.102783,-1.7034955,0.15479197,0.007518964,0.21408847,0.028814219,0.15378796,-0.019994004,252.5505,249.4538,334.3556,0.6070789,8.737507,0.19877435
10,93,10,0.0013421776,0.10185586,0.027841285,0.04999136,0.024023212,0.08342854,-0.0001440259,8.507778,1.303222,13.205559,-0.6876868,0.16685708,-0.0002880518,0.22358748,0.034249138,0.15499423,-0.008071411,252.50015,249.1661,334.25308,-0.61553514,8.737395,0.19761726
10,94,10,0.0013421776,0.1023289,0.023187434,0.0552737,0.023867762,0.0761371,0.0047400054,8.945981,1.329867,13.162763,-1.2271552,0.1522742,0.009480011,0.23510359,0.03494939,0.15449195,-0.014403177,252.46078,249.00714,333.5299,-0.1027118,8.737395,0.20817424
10,95,10,0.0013421776,0.10146454,0.022808388,0.055070106,0.02358605,0.07551223,0.002158464,8.929489,1.2214564,13.084852,-1.7505289,0.15102446,0.004316928,0.2346702,0.03210031,0.1535775,-0.020546036,252.49078,249.05272,333.88336,0.5290725,8.737395,0.23010036
10,96,10,0.0013421776,0.10740931,0.027116235,0.054715656,0.02557743,0.08233504,-0.001495102,8.900706,1.1829548,13.6260395,-0.41274336,0.16467008,-0.002990204,0.23391378,0.03108847,0.15992945,-0.0048443875,252.51898,249.23068,334.09683,-0.77021146,8.737395,0.22250211
10,97,10,0.0013421776,0.10701936,0.026612379,0.0557014,0.024705583,0.081566505,0.0033380766,8.980526,1.063695,13.391794,-0.9035452,0.16313301,0.0066761533,0.23601145,0.02795429,0.1571801,-0.0106049515,252.51282,249.34213,333.64185,-0.16014975,8.737238,0.1997965
10,98,10,0.0013421776,0.104179256,0.024384037,0.055439644,0.024355577,0.078076944,0.0020999417,8.959399,0.852216,13.296595,-1.4028025,0.15615389,0.0041998834,0.23545624,0.02239654,0.15606274,-0.016464759,252.51767,249.369,334.11124,0.55058646,8.737238,0.20890884
10,99,10,0.0013421776,0.10806227,0.029634986,0.052876472,0.025550812,0.08607408,-0.00058130606,8.749836,0.8582451,13.618948,-0.71661097,0.17214815,-0.0011626121,0.22994885,0.022554995,0.15984622,-0.008410894,252.49976,249.38333,334.30215,-0.1416341,8.737238,0.19714878
10,100,10,0.0013421776,0.1077053,0.024466828,0.057469185,0.025769288,0.07820938,0.004247556,9.121919,1.0363858,13.67705,-1.124641,0.15641876,0.008495112,0.23972732,0.027236592,0.16052815,-0.01319996,252.43916,249.17683,333.68198,0.08825517,8.737238,0.20212214
