ic,traj,n_steps,eta,loss_total,loss_T,loss_olw,loss_slwd,rmse_T,bias_T,rmse_olw,bias_olw,rmse_slwd,bias_slwd,nrmse_T,nbias_T,nrmse_olw,nbias_olw,nrmse_slwd,nbias_slwd,mean_T,mean_olw,mean_slwd,bias_C,pnorm,gnorm
1,1,10,0.01,2.8794105,0.24880287,0.8684869,1.7621207,0.24940072,0.03233281,35.460945,-7.51929,113.099075,80.26528,0.49880144,0.06466562,0.9319264,-0.19760959,1.327449,0.94207716,252.26073,248.5709,332.51633,-72.745995,8.897788,4.7776885
1,2,10,0.01,2.9044244,0.25398645,0.8519876,1.7984504,0.25198534,0.030767359,35.12249,-7.7041254,114.25901,82.100426,0.5039707,0.061534718,0.92303175,-0.20246717,1.3410631,0.9636164,252.1992,248.24219,332.40903,-74.3963,8.897788,4.9030585
1,3,10,0.01,2.9031105,0.25638565,0.8263295,1.8203954,0.2531727,0.025829267,34.58958,-7.229602,114.95399,81.23403,0.5063454,0.051658534,0.9090267,-0.18999659,1.3492203,0.95344746,252.13222,247.94975,332.31287,-74.00443,8.897788,4.680564
1,4,10,0.01,2.9142818,0.24818005,0.86795723,1.7981447,0.24908836,0.02913872,35.45013,-7.354862,114.2493,82.07508,0.49817672,0.05827744,0.93164223,-0.19328842,1.3409492,0.9633189,252.07927,247.7753,331.5556,-74.720215,8.897788,4.8517337
1,5,10,0.01,2.463154,0.22157905,0.7357679,1.5058072,0.23536092,0.027197646,32.639168,-5.480713,104.55045,73.67717,0.47072184,0.054395292,0.85776913,-0.14403513,1.2271134,0.8647524,252.05147,247.58623,331.75314,-68.19646,8.88884,4.1740503
1,6,10,0.01,2.4615912,0.22842954,0.71870947,1.5144521,0.23897152,0.022383165,32.25859,-5.0196652,104.85012,72.40846,0.47794303,0.04476633,0.84776735,-0.13191862,1.2306308,0.84986144,252.01897,247.52878,331.92337,-67.388794,8.88884,4.113424
1,7,10,0.01,2.457265,0.2254125,0.7449604,1.486892,0.23738813,0.026442418,32.84243,-5.1220937,103.89171,73.00333,0.47477627,0.052884836,0.8631109,-0.13461047,1.2193818,0.8568433,251.95691,247.36429,331.3289,-67.88123,8.88884,4.094434
1,8,10,0.01,2.4929793,0.23521528,0.74293023,1.5148338,0.24249499,0.024799353,32.79765,-5.1802287,104.86336,73.61247,0.48498997,0.049598705,0.861934,-0.13613823,1.2307858,0.8639929,251.95079,247.28433,331.69382,-68.43224,8.88884,4.155956
1,9,10,0.01,2.126892,0.21044034,0.6380406,1.2784113,0.22936888,0.021195378,30.394342,-3.3851762,96.33332,64.78215,0.45873776,0.042390756,0.7987744,-0.08896368,1.1306685,0.7603512,251.92105,247.15909,331.89072,-61.396973,8.882527,3.6147573
1,10,10,0.01,2.1088562,0.20104614,0.65015435,1.2576556,0.22419085,0.026642626,30.681522,-3.7925434,95.54811,65.465004,0.4483817,0.053285252,0.8063215,-0.09966942,1.1214525,0.76836574,251.8907,247.18964,331.3462,-61.672462,8.882527,3.5623825
1,11,10,0.01,2.1554117,0.21272086,0.6535084,1.2891825,0.23060836,0.025400681,30.760563,-3.927292,96.738304,66.254776,0.46121672,0.050801363,0.80839866,-0.10321059,1.1354218,0.77763534,251.8666,247.06316,331.54025,-62.327484,8.882527,3.6255076
1,12,10,0.01,2.1697254,0.21950042,0.64357555,1.3066496,0.23425436,0.020266095,30.525896,-3.5081441,97.39144,65.34309,0.46850872,0.04053219,0.8022316,-0.09219529,1.1430877,0.76693463,251.82814,246.93076,331.5993,-61.83494,8.882527,3.646153
1,13,10,0.01,1.8498988,0.18101764,0.58975095,1.0791302,0.21273084,0.022645567,29.221535,-2.473487,88.5071,58.686016,0.42546168,0.045291133,0.76795244,-0.0650041,1.0388119,0.6888005,251.78645,246.86952,331.05295,-56.21253,8.879846,3.153233
1,14,10,0.01,1.8709472,0.18748882,0.5806721,1.1027863,0.2164999,0.024227208,28.995735,-2.3369424,89.471954,59.5675,0.4329998,0.048454415,0.76201844,-0.06141569,1.0501363,0.69914657,251.76985,246.7719,331.27786,-57.23056,8.879846,3.2192445
1,15,10,0.01,1.892128,0.19875659,0.5652754,1.128096,0.22291063,0.022562662,28.60874,-2.004833,90.49284,59.452366,0.44582126,0.045125324,0.751848,-0.052687712,1.0621186,0.69779515,251.71179,246.5844,331.20627,-57.447533,8.879846,3.270228
1,16,10,0.01,1.8942088,0.18649805,0.59295845,1.1147523,0.2159271,0.023730097,29.30089,-1.9829191,89.95605,60.047745,0.4318542,0.047460195,0.77003795,-0.05211182,1.0558183,0.7047832,251.63853,246.3779,330.3019,-58.064827,8.879846,3.2016098
1,17,10,0.01,1.665186,0.1796439,0.53168356,0.9538586,0.2119221,0.022401068,27.745676,-0.5328782,83.21147,54.066456,0.4238442,0.044802137,0.7291663,-0.014004245,0.97665685,0.6345805,251.63788,246.24348,330.22427,-53.533577,8.880757,2.9035606
1,18,10,0.01,1.6581216,0.18102367,0.51040286,0.96669513,0.21273439,0.020570178,27.184742,-0.5492193,83.76951,54.003155,0.42546877,0.041140355,0.71442485,-0.014433736,0.98320657,0.63383746,251.67389,246.40558,330.4229,-53.453934,8.880757,2.9354773
1,19,10,0.01,1.6589626,0.17997204,0.52622455,0.952766,0.21211556,0.026702497,27.602873,-0.7167164,83.1638,54.57859,0.4242311,0.053404994,0.7254134,-0.018835574,0.97609735,0.6405914,251.65025,246.49791,330.0138,-53.861874,8.880757,2.882092
1,20,10,0.01,1.6564558,0.18050726,0.51967484,0.9562737,0.21243073,0.024548838,27.430552,-0.5065197,83.31674,54.657482,0.42486146,0.049097676,0.72088474,-0.013311497,0.97789246,0.6415173,251.625,246.35127,330.4561,-54.150963,8.880757,2.9009953
1,21,10,0.01,1.4363946,0.1680895,0.46080163,0.80750346,0.20499359,0.020292982,25.830076,1.077232,76.56202,47.85735,0.40998718,0.040585965,0.6788237,0.02831002,0.89861196,0.56170374,251.56427,246.07457,330.3989,-48.93458,8.883946,2.5593808
1,22,10,0.01,1.4263449,0.15808964,0.47862354,0.7896318,0.19880244,0.021247255,26.324837,0.910176,75.71004,48.247654,0.39760488,0.04249451,0.6918262,0.023919785,0.8886123,0.56628484,251.48386,245.78645,329.6571,-49.15783,8.883946,2.513229
1,23,10,0.01,1.4613525,0.16818085,0.48647738,0.80669427,0.20504929,0.018527336,26.539942,1.1323236,76.52365,48.568897,0.41009858,0.037054673,0.6974793,0.029757831,0.8981616,0.5700553,251.44179,245.53473,329.8091,-49.70122,8.883946,2.5766222
1,24,10,0.01,1.4696583,0.16876331,0.477246,0.8236489,0.20540406,0.015810128,26.286926,1.752858,77.32365,48.645657,0.41080812,0.031620257,0.69082993,0.046065774,0.90755105,0.5709563,251.40213,245.38422,329.71378,-50.398514,8.883946,2.5974894
1,25,10,0.01,1.2524645,0.15526272,0.430087,0.6671148,0.19701695,0.01830203,24.95438,2.6306293,69.58915,42.69837,0.3940339,0.03660406,0.6558102,0.06913392,0.816771,0.5011527,251.37224,245.34642,329.18073,-45.329002,8.888962,2.1969104
1,26,10,0.01,1.2690332,0.15829352,0.4282062,0.6825335,0.19893059,0.017759567,24.89976,2.5299196,70.38874,42.69632,0.39786118,0.035519134,0.65437466,0.066487186,0.82615584,0.5011286,251.37373,245.38492,329.44574,-45.22624,8.888962,2.2357929
1,27,10,0.01,1.2955377,0.16066827,0.4299916,0.70487785,0.20041724,0.016804121,24.951612,2.5101361,71.53163,42.857594,0.40083447,0.033608243,0.65573746,0.06596729,0.83957005,0.50302154,251.38387,245.43152,329.42593,-45.36773,8.888962,2.296832
1,28,10,0.01,1.2829328,0.15616849,0.4393421,0.68742216,0.1975908,0.019107122,25.221453,1.9396845,70.64037,43.437183,0.3951816,0.038214244,0.66282886,0.050975583,0.82910925,0.5098241,251.41597,245.63701,328.94748,-45.37687,8.888962,2.2519388
1,29,10,0.01,1.0973032,0.1442551,0.3845162,0.5685318,0.18990465,0.017290186,23.595327,2.136101,64.241936,36.74035,0.3798093,0.034580372,0.6200937,0.05613748,0.7540105,0.43122315,251.50795,245.96112,329.7668,-38.87645,8.895808,1.9231881
1,30,10,0.01,1.0946236,0.1470348,0.37430182,0.573287,0.19172558,0.016169827,23.279823,2.0643854,64.51003,36.278282,0.38345116,0.032339655,0.6118021,0.054252755,0.7571572,0.4257998,251.58807,246.34262,330.09915,-38.342667,8.895808,1.9329937
1,31,10,0.01,1.0797412,0.14246008,0.3793093,0.5579718,0.18871942,0.018985378,23.435026,1.793536,63.642513,36.96957,0.37743884,0.037970755,0.6158809,0.047134772,0.74697506,0.4339135,251.60365,246.52762,329.6616,-38.763107,8.895808,1.8785355
1,32,10,0.01,1.0990195,0.14874144,0.38801906,0.5622591,0.19283506,0.018496245,23.702557,1.8956883,63.88655,36.50665,0.38567013,0.03699249,0.62291175,0.049819335,0.74983937,0.4284802,251.61838,246.48578,330.31946,-38.402336,8.895808,1.8958058
1,33,10,0.01,0.9644561,0.14043225,0.34904617,0.47497764,0.18737146,0.013670416,22.480715,2.9767406,58.718884,31.013144,0.37474293,0.027340831,0.5908013,0.07822983,0.6891862,0.36400273,251.61865,246.45918,330.47992,-33.989883,8.903591,1.6575686
1,34,10,0.01,0.95653546,0.13675478,0.35013035,0.4696503,0.18490185,0.016833706,22.515602,3.1369963,58.38866,31.395153,0.3698037,0.03366741,0.59171814,0.08244142,0.68531036,0.36848634,251.62627,246.66656,330.1144,-34.53215,8.903591,1.6237069
1,35,10,0.01,0.9570035,0.13946389,0.34402907,0.47351053,0.18672432,0.015657628,22.318563,2.895726,58.628128,30.291824,0.37344864,0.031315256,0.5865399,0.076100744,0.688121,0.3555365,251.66483,246.71489,330.92218,-33.18755,8.903591,1.6330794
1,36,10,0.01,0.9879892,0.14140818,0.35600972,0.49057126,0.18802139,0.013843585,22.703856,2.6064873,59.674976,30.05339,0.37604278,0.02768717,0.5966655,0.06849944,0.7004079,0.35273805,251.67654,246.71457,331.12134,-32.659878,8.903591,1.6531435
1,37,10,0.01,0.8524957,0.13182347,0.31565616,0.4050161,0.18153751,0.014384531,21.378431,3.0075061,54.22223,25.142988,0.36307502,0.028769063,0.56183285,0.079038344,0.63640875,0.2951044,251.65692,246.71658,330.47534,-28.150494,8.912666,1.3518487
1,38,10,0.01,0.8634523,0.13782483,0.31257206,0.41305542,0.18562384,0.014816232,21.273735,3.0628443,54.75772,25.13776,0.37124768,0.029632464,0.55908144,0.080492646,0.6426939,0.29504305,251.6138,246.55139,330.3998,-28.200603,8.912666,1.3768704
1,39,10,0.01,0.88212913,0.14892757,0.30808488,0.4251167,0.19295567,0.014260385,21.120483,3.1622648,55.551437,25.457699,0.38591135,0.02852077,0.55505395,0.08310545,0.6520097,0.2987982,251.59901,246.63414,330.45303,-28.619965,8.912666,1.415598
1,40,10,0.01,0.8646395,0.13823748,0.30925876,0.41714332,0.18590151,0.019143842,21.160683,3.1301992,55.02802,25.772013,0.37180302,0.038287684,0.5561104,0.082262754,0.64586633,0.30248722,251.59895,246.68991,330.09283,-28.902212,8.912666,1.3909338
1,41,10,0.01,0.76554346,0.13089539,0.27420658,0.36044148,0.18089734,0.01345274,19.925425,3.6390116,51.151524,19.487913,0.36179468,0.02690548,0.52364737,0.09563455,0.6003678,0.22873051,251.64864,246.76584,330.86002,-23.126925,8.922933,1.1620848
1,42,10,0.01,0.7562325,0.13082622,0.26364666,0.36175963,0.18084954,0.011471386,19.537985,3.313644,51.244972,19.910517,0.36169907,0.022942772,0.51346534,0.08708378,0.60146457,0.23369065,251.69295,246.90518,331.026,-23.224161,8.922933,1.1741819
1,43,10,0.01,0.7427435,0.12244151,0.2664551,0.35384688,0.17495821,0.014810257,19.641777,3.1048546,50.68144,20.399757,0.34991643,0.029620513,0.5161929,0.08159668,0.5948503,0.23943287,251.70029,246.9536,330.62766,-23.504612,8.922933,1.1394222
1,44,10,0.01,0.7536732,0.12510023,0.27119544,0.35737756,0.17684755,0.011569357,19.815722,2.7781038,50.933655,19.197462,0.3536951,0.023138713,0.5207643,0.07300959,0.5978106,0.22532149,251.75197,247.12653,331.4357,-21.975567,8.922933,1.1406052
1,45,10,0.01,0.6728846,0.1242411,0.23923859,0.30940488,0.17623925,0.006613253,18.611624,2.927905,47.391975,14.400723,0.3524785,0.013226506,0.48912022,0.076946385,0.55624175,0.16902195,251.79498,247.25262,331.82343,-17.328629,8.934235,0.9764511
1,46,10,0.01,0.6402619,0.11347994,0.2297708,0.2970111,0.16843392,0.010417346,18.239632,3.3761923,46.43309,14.4540205,0.33686784,0.020834692,0.47934413,0.08872756,0.54498726,0.16964753,251.8067,247.24657,331.37354,-17.830214,8.934235,0.94600165
1,47,10,0.01,0.64072764,0.11873086,0.23176554,0.2902312,0.17228672,0.007708103,18.318634,3.3472462,45.900063,13.729236,0.34457344,0.015416206,0.48142034,0.08796686,0.5387311,0.16114065,251.85924,247.40187,331.78464,-17.07648,8.934235,0.9310036
1,48,10,0.01,0.6641027,0.12729613,0.2399238,0.29688275,0.17839292,0.0069868085,18.63826,3.2128024,46.423054,13.864679,0.35678583,0.013973617,0.48982018,0.084433585,0.5448695,0.1627304,251.88605,247.62378,332.05127,-17.077482,8.934235,0.92657125
1,49,10,0.01,0.59253997,0.111604035,0.21525934,0.2656766,0.16703595,0.008336977,17.654266,3.5353622,43.915504,10.04324,0.3340719,0.016673954,0.4639605,0.09291056,0.51543826,0.11787799,251.84105,247.51483,331.2912,-13.578602,8.945842,0.8058345
1,50,10,0.01,0.5863359,0.117149375,0.20069656,0.26848996,0.17113546,0.008023528,17.046635,3.5292482,44.147408,9.135366,0.3422709,0.016047057,0.4479917,0.092749916,0.51816016,0.1072222,251.8503,247.46492,331.62405,-12.664615,8.945842,0.8299464
1,51,10,0.01,0.59104884,0.11988824,0.20255978,0.2686008,0.1731244,0.0029004493,17.12558,3.4827547,44.15652,9.563989,0.3462488,0.0058008987,0.45006642,0.091528036,0.5182671,0.112252936,251.88084,247.5709,331.97208,-13.046743,8.945842,0.82733893
1,52,10,0.01,0.59538066,0.10799909,0.22201775,0.2653638,0.16431607,0.0057205963,17.929268,3.4140594,43.889645,9.710785,0.32863215,0.011441193,0.4711876,0.08972272,0.51513475,0.11397589,251.85164,247.4424,331.4577,-13.124845,8.945842,0.8254371
1,53,10,0.01,0.5596559,0.10624037,0.20838185,0.24503365,0.16297267,0.0006920382,17.369951,3.1530502,42.174904,5.019946,0.32594535,0.0013840764,0.4564886,0.08286328,0.49500874,0.058919314,251.88135,247.46127,332.03073,-8.1729965,8.957674,0.73781365
1,54,10,0.01,0.55944735,0.11404842,0.19788006,0.24751885,0.16885528,-0.0026110809,16.926598,3.0026844,42.388237,5.601451,0.33771056,-0.0052221618,0.44483712,0.07891162,0.49751267,0.06574447,251.91327,247.65869,332.28046,-8.6041355,8.957674,0.7377139
1,55,10,0.01,0.54302293,0.10039782,0.2026283,0.2399968,0.15842807,0.0013708936,17.128475,3.0085924,41.73918,5.926789,0.31685615,0.0027417871,0.45014253,0.079066925,0.4898947,0.069562994,251.89374,247.5736,331.7236,-8.935381,8.957674,0.7406467
1,56,10,0.01,0.5591813,0.10522224,0.20419031,0.24976873,0.16218989,-0.0007639741,17.194368,2.8559349,42.58045,4.8013363,0.32437977,-0.0015279482,0.45187423,0.075055,0.49976867,0.056353524,251.91824,247.64635,332.43048,-7.6572714,8.957674,0.7463142
1,57,10,0.01,0.5323812,0.106798194,0.1907027,0.23488027,0.16339996,-0.004097031,16.616789,2.7354934,41.291866,2.373011,0.32679993,-0.008194062,0.43669522,0.07188977,0.48464447,0.027852122,251.9528,247.77281,332.72714,-5.1085043,8.969226,0.6833951
1,58,10,0.01,0.53192234,0.10776118,0.19343208,0.23072907,0.164135,0.0025216371,16.735277,2.4920986,40.925343,2.3406954,0.32827,0.0050432743,0.43980914,0.06549326,0.48034266,0.02747285,252.00446,248.10574,332.21866,-4.832794,8.969226,0.6992148
1,59,10,0.01,0.55769455,0.11635562,0.20256801,0.23877092,0.1705547,0.0033697016,17.125927,2.162048,41.632446,0.6871566,0.3411094,0.006739403,0.45007557,0.05681942,0.48864192,0.00806519,252.11064,248.54095,333.0698,-2.8492048,8.969226,0.719601
1,60,10,0.01,0.54350126,0.117186286,0.19174115,0.23457384,0.17116241,-0.0004095345,16.66197,1.8217615,41.26492,1.1725637,0.34232482,-0.000819069,0.43788257,0.047876533,0.48432824,0.013762421,252.21672,248.97495,333.6983,-2.9943252,8.969226,0.6988209
1,61,10,0.01,0.4925946,0.09835326,0.17528485,0.21895652,0.15680662,0.0032453528,15.93092,1.6248394,39.867607,-1.286479,0.31361324,0.0064907055,0.41867033,0.042701356,0.4679279,-0.015099453,252.27548,249.31581,333.48865,-0.33836043,8.980023,0.6513383
1,62,10,0.01,0.4985454,0.10767828,0.16873369,0.22213344,0.16407184,0.0023182558,15.63038,1.3768194,40.155792,-3.1058443,0.3281437,0.0046365117,0.41077206,0.036183298,0.47131035,-0.036453426,252.36707,249.68568,334.49918,1.7290249,8.980023,0.6767968
1,63,10,0.01,0.48369473,0.1180786,0.15081951,0.21479663,0.17181283,-0.0020195115,14.777379,1.3132524,39.487072,-2.154725,0.34362566,-0.004039023,0.38835487,0.03451277,0.46346158,-0.025290094,252.40033,249.73598,334.96133,0.8414726,8.980023,0.6308469
1,64,10,0.01,0.46149787,0.09726748,0.155878,0.20835239,0.15593867,0.002007898,15.023154,1.8091353,38.89022,-1.8418046,0.31187734,0.004015796,0.3948139,0.047544725,0.45645633,-0.02161735,252.37552,249.61746,334.44043,0.032669306,8.980023,0.62451196
1,65,10,0.01,0.45182133,0.099053144,0.14395641,0.20881177,0.15736355,0.0003454541,14.43724,1.3523388,38.93307,-5.603754,0.3147271,0.0006909082,0.37941587,0.03553997,0.45695928,-0.06577152,252.40302,249.73982,335.02185,4.2514153,8.990157,0.62608117
1,66,10,0.01,0.46314442,0.10886543,0.14270362,0.21157536,0.16497381,-0.0026793529,14.374284,1.3719214,39.189865,-4.875418,0.32994762,-0.0053587058,0.37776133,0.036054604,0.45997322,-0.05722303,252.41122,249.80402,335.2229,3.5034966,8.990157,0.6199323
1,67,10,0.01,0.46282214,0.10371204,0.14946218,0.20964794,0.16102177,0.0036514474,14.710734,1.2461239,39.010952,-4.7258987,0.32204354,0.0073028947,0.3866034,0.032748576,0.45787328,-0.055468094,252.38863,249.81,334.71893,3.479775,8.990157,0.65839946
1,68,10,0.01,0.48856354,0.1036475,0.15904407,0.22587197,0.16097166,0.0022995514,15.174955,1.2798531,40.492294,-6.3002996,0.3219433,0.004599103,0.3988033,0.03363502,0.4752599,-0.073946916,252.39903,249.83473,335.42688,5.020447,8.990157,0.70154035
1,69,10,0.01,0.46091402,0.11258435,0.1355153,0.21281436,0.16776796,-0.0029093612,14.007572,1.1518358,39.304443,-7.7582254,0.3355359,-0.0058187223,0.36812404,0.03027065,0.46131808,-0.09105866,252.42654,249.8969,335.95667,6.6063895,8.999743,0.65685624
1,70,10,0.01,0.44321823,0.09087062,0.14818335,0.20416427,0.15072377,-0.00031445242,14.647664,0.8928765,38.49737,-7.0263944,0.30144754,-0.00062890485,0.3849459,0.023465127,0.4518454,-0.08246915,252.41481,249.94348,335.33545,6.1335177,8.999743,0.63899666
1,71,10,0.01,0.45199147,0.09263752,0.15225723,0.20709673,0.15218206,-0.00091212144,14.847648,0.8511932,38.772858,-7.8499026,0.30436411,-0.0018242429,0.39020154,0.022369659,0.4550788,-0.09213467,252.45845,250.12836,335.69736,6.9987097,8.999743,0.65989923
1,72,10,0.01,0.46402842,0.11483176,0.14419067,0.20500599,0.16943417,-0.0040618693,14.448981,0.7140426,38.57665,-7.1791906,0.33886835,-0.008123739,0.37972447,0.018765315,0.45277587,-0.0842625,252.54411,250.53662,336.21365,6.465148,8.999743,0.65060705
1,73,10,0.01,0.4159696,0.09491286,0.12886965,0.19218712,0.15403965,0.00029680706,13.659789,0.42770803,37.351093,-8.654671,0.3080793,0.0005936141,0.3589842,0.011240323,0.4383915,-0.10158026,252.5994,250.77606,336.00955,8.226963,9.00851,0.60065305
1,74,10,0.01,0.42348373,0.09230305,0.13208546,0.19909522,0.15190709,-0.0009873853,13.829172,0.15397598,38.016457,-9.941063,0.30381417,-0.0019747706,0.36343563,0.004046541,0.44620088,-0.11667872,252.66292,250.90749,336.762,9.7870865,9.00851,0.61376023
1,75,10,0.01,0.44915873,0.10673151,0.14443201,0.19799522,0.16334894,-0.0032590984,14.461069,0.28157276,37.911285,-8.949504,0.3266979,-0.006518197,0.3800421,0.0073998095,0.44496652,-0.10504072,252.68631,250.94221,336.95566,8.667932,9.00851,0.6288344
1,76,10,0.01,0.44312817,0.088977255,0.1523695,0.20178142,0.14914528,0.0024089403,14.853122,-0.18088631,38.272057,-8.852333,0.29829055,0.0048178807,0.39034536,-0.004753768,0.44920087,-0.103900254,252.65144,250.92236,336.11743,9.033219,9.00851,0.6788846
1,77,10,0.01,0.42709404,0.08714319,0.141812,0.19813888,0.14760013,0.0010212233,14.329307,-0.06710538,37.925045,-10.733323,0.29520026,0.0020424465,0.37657934,-0.0017635557,0.44512793,-0.1259775,252.66106,250.8799,336.61728,10.800428,9.016281,0.6772826
1,78,10,0.01,0.42431396,0.101567514,0.13655566,0.18619077,0.1593483,-0.006602986,14.061238,0.2395149,36.763794,-9.559749,0.3186966,-0.013205972,0.36953437,0.006294554,0.4314983,-0.11220321,252.70099,250.94101,337.05554,9.320233,9.016281,0.6697925
1,79,10,0.01,0.42243207,0.09246366,0.14146554,0.18850285,0.15203919,0.00023261826,14.311791,-0.304712,36.99135,-9.551981,0.30407837,0.00046523652,0.37611905,-0.00800795,0.43416914,-0.112112045,252.70486,251.03314,336.48193,9.856693,9.016281,0.642782
1,80,10,0.01,0.42480904,0.092458546,0.13836339,0.1939871,0.15203498,-0.00027250944,14.154002,-0.5338813,37.5256,-11.144282,0.30406997,-0.0005450189,0.3719723,-0.014030596,0.44043967,-0.13080093,252.76898,251.2739,337.37738,11.678164,9.016281,0.69559515
1,81,10,0.01,0.40279287,0.09704624,0.12818612,0.1775605,0.15576123,-0.0072358022,13.623514,-0.51508707,35.901646,-10.29245,0.31152245,-0.0144716045,0.3580309,-0.01353668,0.42137927,-0.12080295,252.83514,251.52829,337.7099,10.807537,9.02296,0.64786744
1,82,10,0.01,0.4052974,0.085919194,0.14331222,0.176066,0.14655988,-0.00057927886,14.404901,-0.82550895,35.75024,-9.882677,0.29311976,-0.0011585577,0.378566,-0.021694655,0.4196022,-0.115993425,252.84645,251.60902,337.09293,10.708186,9.02296,0.6445172
1,83,10,0.01,0.419739,0.08531351,0.15344818,0.18097731,0.14604238,-5.6178884e-5,14.905602,-1.1503758,36.245434,-11.803405,0.29208475,-0.00011235777,0.39172462,-0.030232284,0.4254143,-0.13853712,252.88324,251.69739,337.64087,12.953781,9.02296,0.708762
1,84,10,0.01,0.41013712,0.10055316,0.13568714,0.17389682,0.15855059,-0.007849409,14.01645,-0.45890298,35.52933,-10.379493,0.31710118,-0.015698818,0.36835736,-0.0120601365,0.41700938,-0.12182459,252.88396,251.59106,337.85977,10.838396,9.02296,0.7408007
1,85,10,0.01,0.35936016,0.07178312,0.12105088,0.16652615,0.13396186,-0.0026684036,13.238924,-0.40568775,34.76822,-10.724999,0.2679237,-0.005336807,0.34792367,-0.010661607,0.40807617,-0.1258798,252.85687,251.52444,337.21054,11.130687,9.02858,0.62071186
1,86,10,0.01,0.38592973,0.07470325,0.13505201,0.17617448,0.13665947,-0.003403457,13.983607,-0.8693712,35.76125,-12.633447,0.27331895,-0.006806914,0.36749423,-0.022847397,0.41973144,-0.14827934,252.89734,251.6349,337.77582,13.502818,9.02858,0.70675963
1,87,10,0.01,0.40598476,0.09005128,0.14447781,0.17145568,0.15004273,-0.008012701,14.463361,-0.9823772,35.27907,-11.516515,0.30008546,-0.016025402,0.38010237,-0.025817197,0.41407207,-0.13516986,252.95802,251.81755,338.28473,12.498892,9.02858,0.7288399
1,88,10,0.01,0.39326197,0.080004156,0.14173473,0.17152308,0.14142503,-0.00026789578,14.3254,-1.2921941,35.286007,-11.064373,0.28285006,-0.00053579157,0.37647673,-0.033959318,0.41415346,-0.12986304,252.97325,252.02109,337.76666,12.356567,9.02858,0.7097015
1,89,10,0.01,0.38763642,0.07773858,0.13790604,0.17199178,0.1394082,-0.001515536,14.130591,-1.5786244,35.334183,-12.754305,0.2788164,-0.003031072,0.37135702,-0.0414868,0.41471893,-0.14969784,252.98753,252.11726,338.0947,14.33293,9.033225,0.7043807
1,90,10,0.01,0.3883772,0.10011625,0.12530974,0.16295119,0.15820576,-0.0055779787,13.469797,-0.8198282,34.392994,-11.573486,0.31641153,-0.011155957,0.35399115,-0.0215454,0.40367213,-0.13583854,253.01329,252.11397,338.519,12.393314,9.033225,0.6778582
1,91,10,0.01,0.38159782,0.07694649,0.14208236,0.16256897,0.13869615,-0.00032573155,14.342958,-1.2821738,34.352634,-11.284298,0.2773923,-0.0006514631,0.37693813,-0.033695992,0.40319842,-0.1324443,253.02614,252.18105,337.8838,12.566472,9.033225,0.68152255
1,92,10,0.01,0.40405113,0.0797068,0.15475152,0.16959281,0.14116196,0.0011735486,14.968771,-1.5996578,35.08689,-12.852005,0.28232393,0.0023470973,0.3933847,-0.042039603,0.41181648,-0.1508446,253.07672,252.36249,338.5086,14.451663,9.033225,0.73559475
1,93,10,0.01,0.36761934,0.088430345,0.12909244,0.15009654,0.1486862,-0.0041883695,13.67159,-1.1640824,33.00856,-11.950785,0.2973724,-0.008376739,0.35929435,-0.03059249,0.38742295,-0.1402669,253.09418,252.38052,338.95416,13.114867,9.037316,0.6796669
1,94,10,0.01,0.34617674,0.07039266,0.123788215,0.15199588,0.13265808,0.0005716254,13.387772,-1.4927115,33.21675,-11.829608,0.26531616,0.0011432508,0.3518355,-0.03922901,0.3898665,-0.13884465,253.07956,252.42114,338.4859,13.322319,9.037316,0.6209595
1,95,10,0.01,0.36869225,0.07339192,0.1364278,0.15887251,0.13545471,0.000563415,14.054653,-1.5842568,33.95984,-13.368906,0.27090943,0.00112683,0.36936134,-0.04163482,0.39858815,-0.15691146,253.10677,252.49452,338.875,14.953163,9.037316,0.6635364
1,96,10,0.01,0.3705021,0.08453211,0.13563274,0.15033726,0.14537203,-0.005064993,14.013639,-1.1543099,33.03502,-12.288462,0.29074407,-0.010129986,0.3682835,-0.030335672,0.3877335,-0.14423022,253.12157,252.48363,339.0629,13.442772,9.037316,0.6707778
1,97,10,0.01,0.3273713,0.06577672,0.122065976,0.13952862,0.12823486,-0.00047861808,13.294315,-1.5221729,31.825325,-11.996259,0.25646973,-0.00095723616,0.34937942,-0.040003248,0.3735353,-0.14080064,253.09904,252.47557,338.16232,13.518432,9.041343,0.6039785
1,98,10,0.01,0.34047243,0.06700553,0.12592761,0.14753929,0.12942713,-1.5571864e-5,13.502965,-1.6523705,32.72616,-13.452297,0.25885427,-3.114373e-5,0.3548628,-0.0434249,0.38410842,-0.15789023,253.12762,252.53442,338.80612,15.104668,9.041343,0.6384912
1,99,10,0.01,0.34843534,0.081427954,0.12634788,0.14065951,0.14267792,-0.0064408905,13.525478,-0.9981184,31.954042,-11.996683,0.28535584,-0.012881781,0.35545447,-0.026230918,0.375046,-0.14080559,253.10149,252.3203,338.95947,12.9948015,9.041343,0.6306237
1,100,10,0.01,0.34486988,0.0623406,0.13731964,0.14520964,0.1248405,-0.0013942996,14.100515,-1.6611942,32.46676,-11.512549,0.249681,-0.002788599,0.37056664,-0.043656792,0.38106382,-0.13512333,253.09741,252.35004,338.27313,13.173743,9.041343,0.6035423
2,1,10,0.008,0.34853476,0.057457056,0.17186917,0.119208515,0.11985101,-0.006389039,15.77494,2.8059232,29.416761,-9.185725,0.23970202,-0.012778078,0.41457108,0.07374068,0.34526587,-0.10781327,252.23134,248.25395,332.85565,6.3798018,9.045257,0.5795005
2,2,10,0.008,0.34579158,0.060724877,0.16474882,0.12031787,0.12321209,-0.007752829,15.444712,2.6874676,29.55332,-10.485579,0.24642418,-0.015505658,0.4058926,0.070627615,0.34686866,-0.12306972,252.2222,248.18279,333.25754,7.798111,9.045257,0.57725775
2,3,10,0.008,0.33771223,0.0685824,0.15335245,0.11577737,0.13094121,-0.012424428,14.900952,3.1322222,28.990328,-9.319529,0.26188242,-0.024848856,0.39160243,0.082315914,0.34026074,-0.109383725,252.18517,248.03381,333.244,6.1873064,9.045257,0.5736675
2,4,10,0.008,0.32065824,0.055889122,0.14871345,0.116055675,0.1182044,-0.0073750643,14.6738405,2.690521,29.025146,-8.847914,0.2364088,-0.014750129,0.38563383,0.07070786,0.34066945,-0.10384837,252.14926,247.9505,332.46957,6.1573925,9.045257,0.53766483
2,5,10,0.008,0.30567512,0.05817552,0.13547085,0.11202875,0.12059801,-0.00798468,14.005274,2.3958158,28.517141,-10.322912,0.24119602,-0.01596936,0.36806366,0.0629629,0.33470696,-0.121160485,252.14798,247.95624,332.8354,7.9270964,9.048036,0.5240717
2,6,10,0.008,0.31302226,0.07008987,0.13727349,0.105658896,0.13237245,-0.013016116,14.098147,2.942326,27.694542,-8.843486,0.2647449,-0.026032232,0.37050438,0.0773254,0.32505214,-0.1037964,252.0973,247.74239,332.6662,5.90116,9.048036,0.5171764
2,7,10,0.008,0.30122766,0.05798486,0.13438395,0.108858846,0.12040023,-0.008420808,13.948977,2.6989703,28.11079,-8.708396,0.24080046,-0.016841616,0.36658415,0.070929915,0.32993764,-0.10221084,252.0304,247.48514,331.9073,6.0094256,9.048036,0.50146323
2,8,10,0.008,0.2912994,0.05918156,0.12150366,0.110614195,0.1216363,-0.00947836,13.263659,2.5891483,28.336527,-9.933359,0.2432726,-0.01895672,0.34857374,0.06804377,0.33258712,-0.11658829,252.02632,247.38329,332.3454,7.3442106,9.048036,0.5103218
2,9,10,0.008,0.2781222,0.064120986,0.11158118,0.10242004,0.1266106,-0.012859287,12.710545,2.788363,27.266768,-8.2840805,0.2532212,-0.025718573,0.3340377,0.07327917,0.32003132,-0.09723062,252.0326,247.4388,332.63614,5.4957175,9.05041,0.47015172
2,10,10,0.008,0.2709772,0.05434675,0.1094244,0.10720606,0.11656195,-0.006662952,12.587102,2.109871,27.896576,-8.4436865,0.2331239,-0.013325904,0.3307936,0.055448167,0.32742336,-0.099103935,252.0218,247.5051,332.085,6.3338156,9.05041,0.4495477
2,11,10,0.008,0.2647955,0.057804167,0.101111084,0.10588025,0.12021249,-0.006674734,12.099518,1.9978459,27.723541,-9.641454,0.24042498,-0.013349468,0.3179797,0.052504107,0.32539245,-0.11316217,252.02592,247.514,332.38644,7.643608,9.05041,0.45285663
2,12,10,0.008,0.26263165,0.067536876,0.095410645,0.09968412,0.12993929,-0.011757257,11.753496,2.5088575,26.90012,-8.210937,0.25987858,-0.023514515,0.30888614,0.06593368,0.31572792,-0.096372135,251.99919,247.36353,332.3743,5.702079,9.05041,0.44168973
2,13,10,0.008,0.24904501,0.054535933,0.091820575,0.10268851,0.11676465,-0.0065769637,11.530249,2.0495136,27.302485,-8.083954,0.2335293,-0.013153927,0.3030191,0.053861957,0.32045048,-0.094881736,251.96536,247.27959,331.7274,6.03444,9.0523615,0.4200869
2,14,10,0.008,0.24587977,0.05731461,0.08751326,0.101051904,0.11970235,-0.007905667,11.256557,2.379023,27.084042,-8.695059,0.2394047,-0.015811333,0.2958264,0.06252158,0.31788662,-0.10205429,251.96445,247.31075,332.01868,6.3160357,9.0523615,0.42550373
2,15,10,0.008,0.2472279,0.064286105,0.085291535,0.09765025,0.12677352,-0.010753785,11.112752,3.0430558,26.62428,-7.660639,0.25354704,-0.02150757,0.29204714,0.0799726,0.3124904,-0.08991328,251.94934,247.24228,332.31622,4.6175833,9.0523615,0.42421496
2,16,10,0.008,0.24100322,0.054155827,0.08444084,0.10240654,0.11635702,-0.0059375623,11.057195,2.7897968,27.264973,-7.7462354,0.23271404,-0.011875125,0.29058707,0.07331685,0.32001022,-0.09091794,251.87236,246.94188,331.6067,4.9564385,9.0523615,0.4238505
2,17,10,0.008,0.23707332,0.055548653,0.085354105,0.09617056,0.11784381,-0.0058986996,11.116828,2.7776434,26.421795,-8.045419,0.23568761,-0.011797399,0.29215425,0.07299748,0.3101138,-0.094429456,251.814,246.69337,331.7874,5.2677755,9.053826,0.42671403
2,18,10,0.008,0.25461358,0.06700899,0.09291069,0.094693914,0.12943047,-0.010908257,11.598491,3.29826,26.21816,-6.8288884,0.25886095,-0.021816514,0.30481255,0.08667946,0.30772376,-0.08015096,251.75604,246.49153,331.71732,3.5306284,9.053826,0.43789265
2,19,10,0.008,0.2510179,0.051181514,0.09884683,0.10098956,0.11311666,-0.004536424,11.963273,3.0340831,27.075686,-6.614131,0.22623332,-0.009072848,0.31439915,0.0797368,0.31778854,-0.07763036,251.68549,246.2067,330.81454,3.5800478,9.053826,0.4401952
2,20,10,0.008,0.24648204,0.053231347,0.09230084,0.10094986,0.1153596,-0.007096775,11.560364,2.9364212,27.07036,-7.8612022,0.2307192,-0.01419355,0.30381054,0.0771702,0.31772608,-0.092267275,251.69614,246.21579,330.88162,4.924781,9.053826,0.44217825
2,21,10,0.008,0.24716952,0.05879899,0.09363545,0.09473508,0.121242516,-0.008439933,11.643642,3.1358047,26.223862,-6.0296,0.24248503,-0.016879866,0.3059991,0.08241008,0.30779064,-0.0707697,251.70952,246.40152,330.85303,2.8937955,9.054832,0.4180106
2,22,10,0.008,0.2456357,0.051712308,0.09423406,0.099689335,0.1137017,-0.0019542438,11.6808,2.7004256,26.900824,-6.3429255,0.2274034,-0.0039084875,0.30697566,0.070968166,0.31573617,-0.07444721,251.66983,246.36185,330.0882,3.6425,9.054832,0.4342445
2,23,10,0.008,0.25323322,0.058031507,0.099843144,0.09535859,0.12044865,-0.003966379,12.023414,2.378299,26.310019,-7.285725,0.2408973,-0.007932758,0.31597966,0.062502556,0.30880186,-0.08551289,251.67961,246.34848,330.32285,4.907426,9.054832,0.45785108
2,24,10,0.008,0.2602989,0.06492484,0.10162945,0.093744606,0.12740177,-0.008585963,12.130493,2.4545622,26.086414,-5.9509487,0.25480354,-0.017171927,0.31879374,0.06450677,0.3061774,-0.069846556,251.71506,246.51625,330.55667,3.4963865,9.054832,0.40980837
2,25,10,0.008,0.24766514,0.053807355,0.10055433,0.09330345,0.11598206,-0.0025755407,12.06616,1.6231575,26.02496,-5.414747,0.23196413,-0.0051510814,0.31710303,0.042657167,0.30545613,-0.06355315,251.71965,246.65724,330.0363,3.7915897,9.05538,0.3829723
2,26,10,0.008,0.2382226,0.05986619,0.08805222,0.090304196,0.12233784,-0.0033194488,11.291167,1.2961028,25.603254,-6.6819777,0.24467568,-0.0066388976,0.29673594,0.034062058,0.30050656,-0.078426674,251.74799,246.7208,330.62476,5.3858747,9.05538,0.34831285
2,27,10,0.008,0.24120286,0.0665808,0.08913777,0.0854843,0.12901628,-0.0071952944,11.360555,1.6112372,24.910616,-5.402664,0.25803256,-0.014390589,0.2985595,0.042343907,0.292377,-0.06341131,251.76482,246.69707,330.85983,3.7914271,9.05538,0.32153022
2,28,10,0.008,0.2407681,0.058175106,0.092352785,0.09024021,0.12059758,-0.002740783,11.563617,1.1815802,25.594181,-5.809215,0.24119516,-0.005481566,0.303896,0.031052353,0.30040008,-0.06818302,251.76424,246.71928,330.36487,4.627635,9.05538,0.34403813
2,29,10,0.008,0.23161364,0.05981854,0.08745609,0.084339015,0.12228914,-0.0020009184,11.252879,1.118877,24.743174,-6.064415,0.24457829,-0.0040018368,0.29572976,0.029404476,0.2904118,-0.07117831,251.78436,246.66765,330.79153,4.945538,9.055374,0.34744763
2,30,10,0.008,0.23750012,0.06683806,0.08959868,0.081063375,0.1292653,-0.0041001723,11.38989,1.4681879,24.25792,-4.8143167,0.2585306,-0.008200345,0.29933038,0.038584515,0.2847163,-0.05650586,251.78212,246.64577,330.8872,3.346129,9.055374,0.33296594
2,31,10,0.008,0.23772587,0.0566372,0.09527282,0.08581585,0.11899286,0.0016936846,11.745005,1.1481186,24.958874,-4.7618413,0.23798572,0.0033873692,0.30866295,0.03017297,0.29294342,-0.055889957,251.7601,246.67694,330.0897,3.6137228,9.055374,0.34111783
2,32,10,0.008,0.2347761,0.0628054,0.08906155,0.08290915,0.12530503,0.0015014784,11.355698,0.7342126,24.532537,-6.260251,0.25061005,0.0030029567,0.2984318,0.019295374,0.2879395,-0.07347684,251.7822,246.76491,330.21725,5.5260386,9.055374,0.3540273
2,33,10,0.008,0.24964839,0.06650036,0.10208185,0.08106619,0.12893832,-0.0018688404,12.157462,0.9858565,24.25834,-3.9500291,0.25787663,-0.0037376808,0.3195025,0.025908658,0.28472126,-0.046361674,251.80583,246.93224,330.451,2.9641726,9.054797,0.3609289
2,34,10,0.008,0.24692675,0.056993287,0.10383047,0.086102985,0.11936633,0.0020316467,12.261147,0.97197884,25.000591,-3.7489877,0.23873267,0.0040632933,0.32222736,0.02554394,0.2934331,-0.04400204,251.73538,246.60257,329.88272,2.7770088,9.054797,0.34295636
2,35,10,0.008,0.23274595,0.06115042,0.0895475,0.082048036,0.123643056,0.0001922581,11.386636,0.9106774,24.404802,-4.462641,0.24728611,0.0003845162,0.29924488,0.023932943,0.28644028,-0.052378222,251.69217,246.40388,330.04703,3.5519633,9.054797,0.33250627
2,36,10,0.008,0.23410302,0.06660278,0.08777903,0.079721205,0.12903757,-0.005023407,11.273637,1.4335867,24.056263,-3.1881325,0.25807515,-0.010046814,0.29627526,0.037675176,0.28234944,-0.03741926,251.64836,246.27959,330.0847,1.7545458,9.054797,0.3265045
2,37,10,0.008,0.23121852,0.056567397,0.09123132,0.0834198,0.11891951,-0.000105172694,11.493193,0.91123164,24.60797,-2.9260914,0.23783901,-0.00021034539,0.30204523,0.023947494,0.28882486,-0.034343667,251.60791,246.09912,329.49673,2.0148597,9.0538025,0.3148932
2,38,10,0.008,0.22566761,0.06218846,0.08607843,0.07740073,0.124688074,-0.0009141703,11.1638975,0.7001101,23.70357,-3.7870018,0.24937615,-0.0018283406,0.29339126,0.018399138,0.27820987,-0.044448208,251.6448,246.189,330.05716,3.0868917,9.0538025,0.32523757
2,39,10,0.008,0.24216853,0.07085656,0.09325754,0.07805444,0.13309447,-0.006138199,11.62012,1.1198462,23.803461,-2.7061508,0.26618895,-0.012276398,0.30538097,0.029429965,0.27938226,-0.031762216,251.69774,246.41173,330.3335,1.5863045,9.0538025,0.3300372
2,40,10,0.008,0.23900399,0.05697287,0.09859361,0.08343751,0.11934495,-2.6325986e-5,11.947941,0.8960955,24.610582,-2.9132903,0.2386899,-5.2651973e-5,0.3139962,0.023549711,0.28885552,-0.034193415,251.68745,246.40059,329.81158,2.0171947,9.0538025,0.38534176
2,41,10,0.008,0.2286734,0.059809167,0.090831846,0.0780324,0.12227956,9.9202596e-5,11.468001,0.8256836,23.800097,-3.4412928,0.24455912,0.00019840519,0.30138323,0.021699259,0.2793428,-0.04039061,251.68793,246.34671,330.39835,2.6156092,9.052462,0.3365304
2,42,10,0.008,0.23297304,0.064328834,0.091230005,0.07741419,0.12681565,-0.004122592,11.493108,1.3791484,23.705631,-2.136514,0.2536313,-0.008245184,0.30204305,0.03624454,0.27823406,-0.025076365,251.64307,246.20099,330.53445,0.7573656,9.052462,0.3564232
2,43,10,0.008,0.23685431,0.054549605,0.09851835,0.08378637,0.11677928,0.0028815365,11.943379,1.0542883,24.661978,-2.2647588,0.23355857,0.005763073,0.31387633,0.02770706,0.28945875,-0.026581576,251.58673,246.0273,329.70886,1.2104706,9.052462,0.36280248
2,44,10,0.008,0.23208243,0.06004087,0.092060484,0.079981074,0.12251619,0.00016168151,11.545302,1.0938748,24.095438,-3.0317373,0.24503238,0.00032336303,0.3034147,0.028747419,0.28280926,-0.03558365,251.5792,245.93254,329.887,1.9378625,9.052462,0.38302097
2,45,10,0.008,0.23855677,0.06571284,0.096370846,0.076473095,0.12817258,-0.0046752687,11.812491,1.5833613,23.561098,-1.0887775,0.25634515,-0.009350537,0.31043655,0.04161132,0.2765377,-0.012779029,251.55965,245.90294,329.82205,-0.49458373,9.050926,0.38210845
2,46,10,0.008,0.24984252,0.05978908,0.10637437,0.08367907,0.12225903,0.0010763298,12.4104395,1.1024494,24.646183,-1.3071837,0.24451806,0.0021526597,0.32615083,0.028972771,0.28927335,-0.015342474,251.53491,245.93372,329.28214,0.20473433,9.050926,0.40345648
2,47,10,0.008,0.25030404,0.060393177,0.1100818,0.07982905,0.12287512,-0.0008128761,12.624856,1.1443266,24.072527,-2.1646461,0.24575023,-0.0016257522,0.33178577,0.030073296,0.28254035,-0.025406552,251.54419,245.85925,329.73294,1.0203196,9.050926,0.42023113
2,48,10,0.008,0.25229034,0.070102,0.10661778,0.07557056,0.13238391,-0.005846918,12.424631,1.5187051,23.421652,-0.85121685,0.26476783,-0.011693836,0.32652378,0.039912123,0.274901,-0.009990771,251.58763,245.9949,329.90466,-0.6674883,9.050926,0.3969826
2,49,10,0.008,0.24164924,0.062944934,0.10038271,0.07832161,0.12544414,-0.00058189424,12.055858,0.40846053,23.84416,-0.8250287,0.2508883,-0.0011637885,0.3168323,0.0107345,0.27986,-0.0096833985,251.63025,246.2529,329.4185,0.4165682,9.049411,0.3656053
2,50,10,0.008,0.2191102,0.05704544,0.09029268,0.07177208,0.11942094,-0.001317625,11.433914,-0.22158197,22.825428,-2.367925,0.23884188,-0.00263525,0.3004874,-0.0058232415,0.26790312,-0.027792443,251.74304,246.7558,330.6137,2.5895069,9.049411,0.35622907
2,51,10,0.008,0.23057346,0.06842074,0.09310857,0.06904416,0.13078679,-0.005268701,11.610836,0.036851823,22.387455,-1.5952435,0.26157358,-0.010537402,0.30513698,0.0009684611,0.26276255,-0.018723441,251.80788,247.12865,331.2105,1.5583916,9.049411,0.35072377
2,52,10,0.008,0.24219128,0.057927478,0.10753807,0.076725736,0.12034064,0.0013820631,12.478139,-0.21292175,23.599987,-1.9155843,0.24068128,0.0027641263,0.32792997,-0.005595655,0.2769941,-0.022483297,251.78867,247.00793,330.73657,2.1285062,9.049411,0.36688465
2,53,10,0.008,0.2422967,0.062072124,0.104719505,0.07550507,0.12457139,-0.00017541106,12.313526,-0.33293384,23.4115,-1.9680451,0.24914278,-0.0003508221,0.32360393,-0.00874962,0.27478185,-0.023099033,251.80464,246.9828,331.02838,2.300979,9.047921,0.32661742
2,54,10,0.008,0.2345689,0.06990251,0.093928926,0.07073745,0.13219541,-0.003177207,11.661875,0.1612424,22.660315,-0.4133289,0.26439083,-0.006354414,0.30647826,0.0042375023,0.26596513,-0.0048512607,251.7894,246.98462,331.20175,0.2520865,9.047921,0.3165394
2,55,10,0.008,0.22298668,0.057725478,0.089164406,0.0760968,0.120130636,0.002277662,11.362253,-0.383155,23.503061,-0.25142947,0.24026127,0.004555324,0.2986041,-0.010069437,0.2758565,-0.0029510404,251.73943,246.94293,330.30066,0.6345844,9.047921,0.34708548
2,56,10,0.008,0.21025318,0.058516487,0.080382854,0.071353845,0.12095091,-0.0004377377,10.788235,-0.17366152,22.758827,-1.7179025,0.24190181,-0.0008754754,0.2835187,-0.0045638904,0.2671214,-0.0201631,251.75595,246.85017,330.71436,1.891564,9.047921,0.34414387
2,57,10,0.008,0.21507457,0.06430605,0.08046103,0.0703075,0.12679319,-0.006462255,10.79348,0.399876,22.591341,0.14866634,0.25358638,-0.01292451,0.28365654,0.010508889,0.2651556,0.0017449075,251.80704,247.0487,331.09122,-0.5485423,9.046571,0.287263
2,58,10,0.008,0.21450658,0.053416092,0.08676278,0.07432771,0.11555961,-0.00060268363,11.208187,-0.14252464,23.228254,-0.14660478,0.23111922,-0.0012053673,0.29455522,-0.0037456136,0.27263108,-0.0017207084,251.8114,247.12602,330.69073,0.28912944,9.046571,0.310616
2,59,10,0.008,0.2118512,0.056960434,0.08445372,0.070437044,0.119331926,-0.001793552,11.058038,-0.30301303,22.612144,-1.5913523,0.23866385,-0.003587104,0.2906092,-0.007963301,0.26539978,-0.018677779,251.81245,247.07509,331.23383,1.8943653,9.046571,0.30131084
2,60,10,0.008,0.21628526,0.06427272,0.084125824,0.0678867,0.12676032,-0.006154418,11.03655,0.42164335,22.199007,0.084211715,0.25352064,-0.012308836,0.29004452,0.011080954,0.26055077,0.000988397,251.78871,246.95947,331.1655,-0.5058551,9.046571,0.3026279
2,61,10,0.008,0.21064177,0.053758636,0.08666338,0.07021976,0.115929544,-0.00060540135,11.201765,0.18855764,22.577244,0.46194947,0.23185909,-0.0012108027,0.29438645,0.004955354,0.26499012,0.0054219216,251.76729,246.95476,330.69702,-0.6505071,9.045395,0.3009502
2,62,10,0.008,0.2002689,0.055920895,0.0769789,0.067369096,0.118237995,-0.002660041,10.55734,-0.068573155,22.114218,-0.80074733,0.23647599,-0.005320082,0.2774507,-0.0018021314,0.25955558,-0.009398405,251.76123,246.93695,331.3079,0.8693205,9.045395,0.29853415
2,63,10,0.008,0.2014744,0.065298215,0.07130204,0.06487414,0.12776758,-0.00816689,10.160607,0.65560836,21.700863,0.5472556,0.25553516,-0.01633378,0.26702443,0.017229617,0.25470403,0.0064231646,251.77028,246.96208,331.55896,-1.2028639,9.045395,0.285662
2,64,10,0.008,0.20892599,0.055228453,0.08226899,0.07142855,0.11750367,-0.0023585148,10.91407,-0.17940944,22.77074,0.024009204,0.23500735,-0.0047170296,0.28682572,-0.0047149346,0.2672612,0.0002817969,251.75795,246.95688,331.0424,0.15540025,9.045395,0.28462723
2,65,10,0.008,0.19850515,0.052658875,0.08014833,0.06569794,0.11473761,-0.0050883247,10.772486,-0.42832416,21.838213,-0.6205858,0.22947522,-0.010176649,0.2831048,-0.011256514,0.2563161,-0.007283843,251.82327,247.17554,331.7635,1.0489099,9.044427,0.21168934
2,66,10,0.008,0.20032102,0.06539313,0.073246434,0.061681457,0.1278604,-0.010359049,10.298215,0.4115018,21.16014,0.6028497,0.2557208,-0.020718098,0.2706408,0.010814413,0.24835752,0.0070756795,251.88213,247.46466,332.11664,-1.0143515,9.044427,0.21642976
2,67,10,0.008,0.19260517,0.050995193,0.073715724,0.06789425,0.112910576,-0.0031277074,10.331151,-0.23591699,22.200241,0.40007102,0.22582115,-0.006255415,0.2715064,-0.0061999834,0.26056525,0.0046956516,251.90019,247.65363,331.6529,-0.16415404,9.044427,0.2551223
2,68,10,0.008,0.19539666,0.055285912,0.07349302,0.066617735,0.11756478,-0.005764807,10.315535,-0.23700614,21.990555,-0.5007283,0.23512957,-0.011529614,0.27109596,-0.0062286058,0.25810412,-0.0058770687,251.90063,247.5006,332.35223,0.73773444,9.044427,0.24922583
2,69,10,0.008,0.19919348,0.06238803,0.071837835,0.06496762,0.12488798,-0.010976021,10.198711,0.387398,21.716496,1.4253529,0.24977596,-0.021952042,0.26802582,0.010180954,0.25488746,0.016729431,251.91043,247.48473,332.57346,-1.8127509,9.043671,0.19797598
2,70,10,0.008,0.20013382,0.04942248,0.0822044,0.06850694,0.11115584,-0.0030449256,10.909784,-0.20595686,22.300186,1.1299294,0.22231168,-0.0060898513,0.2867131,-0.005412618,0.2617383,0.013262034,251.91547,247.58693,331.82315,-0.92397255,9.043671,0.20853525
2,71,10,0.008,0.19536725,0.05221282,0.07804445,0.06510996,0.11425062,-0.0039607044,10.630158,-0.56118435,21.740269,-0.769564,0.22850125,-0.007921409,0.27936438,-0.014748121,0.25516653,-0.009032409,251.97617,247.73247,332.5224,1.3307483,9.043671,0.20853288
2,72,10,0.008,0.18620414,0.05901116,0.06336196,0.06383101,0.12146106,-0.007373314,9.578179,-0.017151881,21.52569,0.15710026,0.24292213,-0.014746628,0.251718,-0.0004507532,0.252648,0.001843886,252.0182,247.81013,332.8773,-0.13994838,9.043671,0.21224509
2,73,10,0.008,0.18307424,0.04762801,0.07023498,0.06521126,0.109119214,-0.00094567885,10.0842905,-0.35761473,21.757174,0.8341937,0.21823843,-0.0018913577,0.26501882,-0.009398243,0.25536495,0.009790968,251.98875,247.87398,332.1564,-0.47657898,9.043002,0.21671604
2,74,10,0.008,0.18426561,0.051430024,0.07155672,0.06127887,0.113390945,-0.0012269838,10.178737,-0.41245103,21.090971,0.2517442,0.22678189,-0.0024539677,0.26750088,-0.010839359,0.24754569,0.0029547336,251.94855,247.72035,332.39166,0.16070682,9.043002,0.19419257
2,75,10,0.008,0.18618062,0.060501173,0.06512579,0.060553648,0.12298493,-0.004815218,9.71058,0.2166512,20.965796,1.5435992,0.24596986,-0.009630436,0.25519755,0.0056936727,0.24607651,0.018117294,251.94284,247.70856,332.5005,-1.7602504,9.043002,0.2001158
2,76,10,0.008,0.18805003,0.04887154,0.074328326,0.064850174,0.11053454,-0.0006463684,10.37399,-0.41705385,21.696854,1.2409004,0.22106908,-0.0012927369,0.2726322,-0.010960325,0.25465697,0.014564505,251.98485,247.85149,331.94238,-0.8238466,9.043002,0.19302192
2,77,10,0.008,0.17626876,0.04641904,0.07286934,0.05698038,0.10772539,-0.0022860705,10.27167,-0.8470909,20.337795,0.062373616,0.21545078,-0.004572141,0.2699432,-0.022261858,0.23870564,0.0007320775,252.10579,248.27129,333.24228,0.78471726,9.0423355,0.21212265
2,78,10,0.008,0.18101487,0.053776596,0.066914305,0.060323965,0.11594891,-0.006686769,9.843016,-0.7086937,20.925997,1.4848391,0.23189782,-0.013373538,0.258678,-0.018624723,0.24560937,0.017427627,252.1822,248.71855,333.95746,-0.7761454,9.0423355,0.23021643
2,79,10,0.008,0.19087285,0.047727007,0.07719302,0.06595282,0.10923256,-0.0011797289,10.572014,-0.98764044,21.880531,1.8748405,0.21846512,-0.0023594578,0.27783632,-0.025955547,0.2568128,0.022005087,252.17764,248.71767,333.3392,-0.88720006,9.0423355,0.21915095
2,80,10,0.008,0.18476859,0.045720946,0.0788327,0.060214933,0.106912285,-0.0026961337,10.683705,-1.2515652,20.907078,-0.2249577,0.21382457,-0.0053922674,0.2807716,-0.032891586,0.24538732,-0.0026403365,252.25122,248.86952,334.17993,1.4765229,9.0423355,0.21512772
2,81,10,0.008,0.19477664,0.062379792,0.07135203,0.06104483,0.12487973,-0.007445901,10.164168,-0.50088805,21.050655,1.2647139,0.24975947,-0.014891802,0.267118,-0.013163517,0.24707252,0.014844008,252.31535,249.09189,334.67554,-0.76382583,9.041488,0.25519943
2,82,10,0.008,0.17853034,0.043272797,0.07073048,0.06452706,0.104010575,-0.0010255864,10.119801,-1.1561213,21.642733,1.0572371,0.20802115,-0.0020511728,0.26595202,-0.030383281,0.25402176,0.01240884,252.32523,249.23053,334.22934,0.098884106,9.041488,0.22171646
2,83,10,0.008,0.17250916,0.048597682,0.064601146,0.05931034,0.11022441,-0.0014970483,9.671387,-1.3138374,20.749441,-0.26823974,0.22044882,-0.0029940966,0.25416756,-0.034528114,0.24353714,-0.0031483355,252.36969,249.43454,334.84964,1.5820771,9.041488,0.21743202
2,84,10,0.008,0.18700792,0.05888536,0.06575268,0.062369883,0.12133153,-0.0063207075,9.757203,-0.79898655,21.277897,1.2751329,0.24266306,-0.012641415,0.25642285,-0.020997655,0.24973963,0.014966288,252.43051,249.70358,335.13647,-0.47614634,9.041488,0.24927533
2,85,10,0.008,0.1902672,0.046613216,0.07963015,0.06402384,0.10795047,-0.00015294431,10.737605,-1.4051723,21.558176,1.3051099,0.21590094,-0.00030588862,0.28218815,-0.036928434,0.25302932,0.015318135,252.43541,249.77928,334.5866,0.10006249,9.040448,0.2753406
2,86,10,0.008,0.19136293,0.050234266,0.07948503,0.06164365,0.11206501,-0.00078614673,10.727818,-1.4868817,21.153652,-0.1080219,0.22413002,-0.0015722935,0.2819309,-0.0390758,0.24828139,-0.001267857,252.46394,249.86253,335.2953,1.5949036,9.040448,0.3136791
2,87,10,0.008,0.1836948,0.056160893,0.067325786,0.060208112,0.11849145,-0.006370764,9.873234,-0.43076918,20.905891,1.4044498,0.2369829,-0.012741528,0.25947213,-0.011320767,0.24537341,0.016484093,252.47911,249.8697,335.64355,-0.9736806,9.040448,0.3103212
2,88,10,0.008,0.17991602,0.042679913,0.07177149,0.065464616,0.10329559,-0.0014055077,10.194,-0.99142236,21.799397,1.1201807,0.20659117,-0.0028110154,0.26790202,-0.026054947,0.25586054,0.013147609,252.44736,249.80934,335.04095,-0.12875837,9.040448,0.28882512
2,89,10,0.008,0.1815564,0.046842434,0.07267642,0.06203755,0.10821556,-0.00384091,10.258064,-1.164465,21.221132,-0.16365537,0.21643113,-0.00768182,0.26958564,-0.030602556,0.24907339,-0.0019208362,252.45494,249.8175,335.67172,1.3281204,9.039091,0.29023072
2,90,10,0.008,0.1860562,0.05638905,0.06620509,0.063462056,0.11873189,-0.007443023,9.790713,-0.5063122,21.46339,1.2685521,0.23746379,-0.014886046,0.2573035,-0.013306064,0.25191677,0.014889055,252.47052,249.8172,335.92953,-0.7622399,9.039091,0.30376908
2,91,10,0.008,0.1803701,0.04311512,0.070667066,0.066587925,0.103820905,-0.0016112208,10.115264,-1.2354872,21.985632,1.4248978,0.20764181,-0.0032224415,0.26583278,-0.03246905,0.25804636,0.016724087,252.47699,249.97385,335.18655,-0.18941057,9.039091,0.3216091
2,92,10,0.008,0.18817714,0.049753714,0.0767351,0.061688326,0.1115277,-0.0005830069,10.540608,-1.6041647,21.16132,0.2624712,0.2230554,-0.0011660138,0.277011,-0.04215803,0.24837135,0.0030806365,252.51254,250.19289,335.68665,1.3416935,9.039091,0.34710974
2,93,10,0.008,0.19198461,0.060628936,0.07084057,0.06051511,0.12311472,-0.0051042526,10.127673,-0.88512135,20.959124,1.5945344,0.24622944,-0.010208505,0.2661589,-0.02326131,0.24599819,0.018715117,252.52403,250.13152,336.12634,-0.70941305,9.037453,0.3398715
2,94,10,0.008,0.17431876,0.041128363,0.06937662,0.06381377,0.10140064,-0.0003717355,10.02248,-1.3557191,21.522781,1.8735155,0.20280129,-0.000743471,0.26339442,-0.035628784,0.25261387,0.021989532,252.47061,249.94974,335.31982,-0.5177964,9.037453,0.3089205
2,95,10,0.008,0.18014343,0.045564707,0.07239664,0.062182087,0.106729455,-0.0027508205,10.238301,-1.3242047,21.245838,0.48262778,0.21345891,-0.005501641,0.26906624,-0.03480057,0.24936336,0.0056646266,252.4602,249.79932,335.75174,0.84157693,9.037453,0.33200216
2,96,10,0.008,0.19932473,0.05691684,0.07807577,0.06433213,0.119286254,-0.009075152,10.63229,-0.700838,21.610022,1.9395931,0.23857251,-0.018150304,0.2794204,-0.018418273,0.2536378,0.022765093,252.48671,249.89919,335.91916,-1.238755,9.037453,0.35802346
2,97,10,0.008,0.19479005,0.042553175,0.084389396,0.067847475,0.103142105,-0.0034907695,11.053824,-1.1305068,22.192595,2.5249844,0.20628421,-0.006981539,0.29049852,-0.029710123,0.2604755,0.029635858,252.48491,249.95395,335.23038,-1.3944776,9.03554,0.3342629
2,98,10,0.008,0.19388291,0.047503065,0.08599124,0.060388613,0.10897599,-0.004658716,11.158241,-1.5784969,20.937206,0.48080415,0.21795198,-0.009317432,0.29324263,-0.04148346,0.24574095,0.0056432122,252.52702,250.03796,335.91196,1.0976927,9.03554,0.36318982
2,99,10,0.008,0.19992572,0.056160435,0.08496104,0.05880425,0.118490964,-0.009130574,11.091201,-0.76335686,20.660725,1.7422765,0.23698193,-0.018261148,0.29148078,-0.02006129,0.24249588,0.02044918,252.53134,249.97261,336.2244,-0.9789197,9.03554,0.35394332
2,100,10,0.008,0.20976019,0.043330286,0.100470014,0.06595988,0.10407964,-0.0034422392,12.0611,-1.3805485,21.881704,2.0807629,0.20815928,-0.0068844785,0.31697005,-0.036281306,0.25682655,0.024422007,252.51958,250.02689,335.5172,-0.7002144,9.03554,0.3813618
3,1,10,0.0064000003,0.1892831,0.04835091,0.08574862,0.055183575,0.1099442,-0.004441536,11.142489,-0.25863424,20.014565,2.343905,0.2198884,-0.008883072,0.29282865,-0.006797004,0.23491184,0.027510514,251.67825,247.50604,331.44122,-2.0852706,9.033353,0.28842685
3,2,10,0.0064000003,0.18118797,0.05283439,0.078536175,0.0498174,0.11492866,-0.0043918076,10.663593,-0.5430321,19.01655,0.51771367,0.22985733,-0.008783615,0.28024307,-0.014271081,0.22319812,0.00607643,251.74846,247.79466,332.43625,0.025318444,9.033353,0.29787254
3,3,10,0.0064000003,0.17108515,0.048575435,0.07239565,0.050114073,0.110199176,-0.0071763806,10.238231,0.4391945,19.073092,1.9190427,0.22039835,-0.014352761,0.2690644,0.011542193,0.22386172,0.022523891,251.74142,247.79979,332.65182,-2.3582373,9.033353,0.3003966
3,4,10,0.0064000003,0.17061321,0.040857177,0.07575775,0.05399829,0.10106579,-0.0031365976,10.473267,-0.123514384,19.798454,1.7907604,0.20213158,-0.006273195,0.27524126,-0.0032460028,0.23237532,0.021018237,251.71109,247.66663,332.19263,-1.667246,9.033353,0.2710487
3,5,10,0.0064000003,0.1732302,0.04609126,0.07665798,0.050480958,0.107344374,-0.005264062,10.535312,-0.75791377,19.14278,0.10669824,0.21468875,-0.010528124,0.27687177,-0.01991825,0.22467968,0.0012523213,251.73557,247.66946,332.83792,0.65121555,9.031352,0.24767554
3,6,10,0.0064000003,0.18067259,0.053700518,0.07506999,0.051902078,0.11586686,-0.008555481,10.42562,-0.10397593,19.41036,1.7949835,0.23173372,-0.017110962,0.27398902,-0.0027325177,0.22782028,0.021067802,251.7182,247.58972,332.89166,-1.6910076,9.031352,0.2521873
3,7,10,0.0064000003,0.17346065,0.044516724,0.075918116,0.053025816,0.10549493,-0.0052007944,10.484348,-0.52857625,19.619364,1.8238548,0.21098986,-0.010401589,0.27553242,-0.013891172,0.23027335,0.02140667,251.68152,247.58183,332.1538,-1.2952785,9.031352,0.22471625
3,8,10,0.0064000003,0.16857117,0.046392355,0.072280385,0.049898423,0.107694425,-0.006650086,10.230076,-0.86966187,19.03201,0.36271077,0.21538885,-0.013300172,0.26885012,-0.022855029,0.22337955,0.004257152,251.6778,247.50827,332.7018,0.5069511,9.031352,0.21699145
3,9,10,0.0064000003,0.17127723,0.049560618,0.07066078,0.05105584,0.11131107,-0.009162097,10.114814,-0.14044435,19.251469,1.480757,0.22262214,-0.018324194,0.26582095,-0.003690934,0.2259554,0.017379712,251.66098,247.36171,332.89557,-1.3403126,9.029263,0.1922225
3,10,10,0.0064000003,0.1640749,0.038549885,0.07293638,0.052588634,0.09817062,-0.004583827,10.276394,-0.49429107,19.538317,1.7332517,0.19634125,-0.009167654,0.27006736,-0.012990154,0.22932212,0.020343253,251.61153,247.2232,332.24634,-1.2389606,9.029263,0.19292192
3,11,10,0.0064000003,0.16839677,0.04537678,0.074883975,0.048136003,0.106509134,-0.0067735356,10.412695,-0.88277197,18.692879,0.6694409,0.21301827,-0.013547071,0.27364936,-0.023199568,0.21939918,0.0078572575,251.62828,247.29814,332.76068,0.21333104,9.029263,0.18813248
3,12,10,0.0064000003,0.17995663,0.053401332,0.07343078,0.053124513,0.11554364,-0.010281789,10.311165,0.1066105,19.637611,1.8867229,0.23108728,-0.020563578,0.27098113,0.002801765,0.23048756,0.02214455,251.6532,247.26562,332.8856,-1.9933335,9.029263,0.18672857
3,13,10,0.0064000003,0.17437041,0.039616503,0.0791872,0.055566706,0.09951948,-0.0044018296,10.7077,-0.57909864,20.083923,1.4530625,0.19903895,-0.008803659,0.2814022,-0.015218913,0.23572591,0.017054662,251.68785,247.48471,332.38898,-0.8739639,9.02728,0.21202937
3,14,10,0.0064000003,0.17314142,0.04529277,0.07733017,0.050518483,0.10641049,-0.0061316914,10.581401,-1.2585106,19.14989,-0.13500103,0.21282098,-0.012263383,0.27808303,-0.03307412,0.22476317,-0.001584513,251.78891,247.87413,333.44342,1.3935117,9.02728,0.21661147
3,15,10,0.0064000003,0.17352574,0.055986837,0.06955637,0.047982533,0.11830769,-0.0069727995,10.035456,-0.89706737,18.663057,1.1533576,0.23661537,-0.013945599,0.2637354,-0.023575248,0.21904916,0.013537009,251.87828,248.2455,333.91525,-0.25629026,9.02728,0.20459764
3,16,10,0.0064000003,0.18772289,0.042333335,0.09014766,0.055241894,0.10287533,-0.003483647,11.424729,-1.4059162,20.025137,1.5369221,0.20575066,-0.006967294,0.300246,-0.036947977,0.23503594,0.018038923,251.90868,248.37851,333.43536,-0.13100588,9.02728,0.26981938
3,17,10,0.0064000003,0.17907274,0.047155533,0.084753715,0.047163483,0.108576626,-0.007191997,11.077661,-1.5986539,18.503084,-0.56540066,0.21715325,-0.014383994,0.2911249,-0.0420132,0.21717155,-0.006636133,251.97395,248.38396,334.21198,2.1640546,9.025318,0.27394846
3,18,10,0.0064000003,0.16516936,0.051939674,0.066831484,0.046398196,0.113951385,-0.009098788,9.836923,-1.1673533,18.352354,0.26587772,0.22790277,-0.018197576,0.25851786,-0.030678464,0.21540241,0.0031206193,252.0629,248.69196,334.88284,0.90147555,9.025318,0.24351555
3,19,10,0.0064000003,0.1548948,0.035659783,0.06973937,0.049495645,0.09441899,-0.002111406,10.048649,-1.7734748,18.955042,0.019203253,0.18883798,-0.004222812,0.26408213,-0.046607565,0.22247617,0.00022538925,252.1138,249.06494,334.65366,1.7542715,9.025318,0.2725455
3,20,10,0.0064000003,0.15574244,0.040696356,0.06642944,0.04861664,0.10086669,-0.003915357,9.80729,-2.2019024,18.785973,-1.6649327,0.20173338,-0.007830714,0.2577391,-0.057866786,0.22049181,-0.019541387,252.20557,249.53598,335.5233,3.866835,9.025318,0.26983973
3,21,10,0.0064000003,0.15669622,0.048166763,0.060827333,0.047702122,0.10973464,-0.0057966127,9.38465,-1.3709306,18.608444,-0.23093896,0.21946928,-0.011593225,0.24663198,-0.03602856,0.21840815,-0.0027105408,252.22795,249.65553,335.7684,1.6018695,9.02332,0.20831983
3,22,10,0.0064000003,0.16096666,0.037420403,0.07309617,0.050450094,0.09672177,-0.0022273087,10.287645,-1.4232674,19.136927,0.50292474,0.19344354,-0.0044546174,0.27036303,-0.037403982,0.22461098,0.00590285,252.15059,249.37134,334.81815,0.9203426,9.02332,0.20653498
3,23,10,0.0064000003,0.16733925,0.04152637,0.0751756,0.050637282,0.1018901,-0.0034095102,10.43295,-1.5934037,19.172398,-1.0124176,0.2037802,-0.0068190205,0.2741817,-0.04187523,0.2250273,-0.01188279,252.13947,249.19646,335.09256,2.6058211,9.02332,0.23939407
3,24,10,0.0064000003,0.16891043,0.05057712,0.07031617,0.048017137,0.112446785,-0.0072266767,10.090119,-1.0621865,18.669785,0.142658,0.22489357,-0.014453353,0.26517197,-0.02791464,0.21912813,0.0016743818,252.15187,249.17644,335.23438,0.9195285,9.02332,0.20719825
3,25,10,0.0064000003,0.15337068,0.034312394,0.06823174,0.050826546,0.092618026,-0.0022937397,9.93944,-1.0650792,19.208193,0.66302353,0.18523605,-0.0045874794,0.26121205,-0.027990667,0.22544743,0.007781939,252.11906,249.11482,334.57205,0.40205568,9.021403,0.29042816
3,26,10,0.0064000003,0.16837005,0.0407727,0.077712215,0.04988514,0.10096125,-0.004626227,10.607506,-1.5970936,19.029472,-0.95940614,0.2019225,-0.009252454,0.2787691,-0.041972198,0.22334981,-0.011260591,252.1338,249.10245,335.231,2.5564997,9.021403,0.27169913
3,27,10,0.0064000003,0.18128993,0.05239135,0.077515125,0.05138345,0.11444578,-0.007910322,10.594046,-0.96899754,19.313139,0.4272713,0.22889157,-0.015820645,0.27841538,-0.025465606,0.22667918,0.005014904,252.1584,249.06885,335.4617,0.54172623,9.021403,0.23524939
3,28,10,0.0064000003,0.17613748,0.03662734,0.085332654,0.054177485,0.09569135,-0.002529532,11.115431,-1.6006377,19.831276,1.0843645,0.1913827,-0.005059064,0.29211754,-0.042065352,0.23276058,0.012727235,252.19879,249.3933,334.73486,0.51627314,9.021403,0.27272418
3,29,10,0.0064000003,0.18115672,0.04219847,0.089324005,0.04963425,0.102711335,-0.0034208538,11.372417,-1.7162987,18.981562,-0.43082806,0.20542267,-0.0068417075,0.29887122,-0.045104947,0.22278745,-0.0050566485,252.26009,249.64468,335.35034,2.1471267,9.019522,0.260885
3,30,10,0.0064000003,0.17503834,0.053970262,0.07373443,0.047333635,0.1161575,-0.0062761074,10.332462,-1.1067369,18.536432,0.2209752,0.232315,-0.012552215,0.27154085,-0.02908545,0.21756294,0.0025935955,252.32637,249.85507,336.0824,0.8857617,9.019522,0.22334136
3,31,10,0.0064000003,0.16195337,0.037271876,0.0743882,0.050293297,0.096529625,-0.0013787156,10.378169,-1.6116092,19.107166,0.56082934,0.19305925,-0.0027574312,0.272742,-0.042353664,0.22426167,0.00658248,252.32126,249.91122,335.67993,1.0507798,9.019522,0.24503787
3,32,10,0.0064000003,0.17398342,0.038379457,0.0848101,0.050793864,0.09795338,-0.002685299,11.081345,-1.9592396,19.202013,-1.12552,0.19590676,-0.005370598,0.29122174,-0.051489506,0.22537494,-0.013210277,252.35764,249.98141,336.332,3.0847597,9.019522,0.290759
3,33,10,0.0064000003,0.17039932,0.046187915,0.07687506,0.047336344,0.10745687,-0.007201862,10.550217,-1.1623447,18.536963,0.07934231,0.21491374,-0.014403724,0.27726352,-0.030546835,0.21756917,0.00093124673,252.40344,250.16757,336.99432,1.0830023,9.017658,0.2370301
3,34,10,0.0064000003,0.16160215,0.03562871,0.07461181,0.05136163,0.094377846,0.00047746452,10.393755,-1.3054132,19.309038,0.7352955,0.18875569,0.00095492904,0.27315164,-0.034306735,0.22663105,0.008630196,252.38863,250.21466,336.38495,0.5701178,9.017658,0.25913957
3,35,10,0.0064000003,0.16811354,0.039089408,0.08044338,0.048580747,0.098855205,-0.00289989,10.792296,-1.7255545,18.779037,-1.3441792,0.19771041,-0.00579978,0.28362542,-0.04534819,0.2204104,-0.01577669,252.42969,250.31107,336.9465,3.0697336,9.017658,0.28880733
3,36,10,0.0064000003,0.176209,0.044857547,0.0804149,0.05093655,0.105898,-0.005967035,10.790384,-1.4342726,19.228968,-0.18196823,0.211796,-0.01193407,0.2835752,-0.037693202,0.22569127,-0.00213577,252.51604,250.68695,337.33286,1.6162409,9.017658,0.25728312
3,37,10,0.0064000003,0.1616041,0.035098035,0.075139344,0.05136673,0.09367235,0.0010452921,10.430434,-1.6586624,19.309994,0.21077451,0.1873447,0.0020905843,0.27411556,-0.043590236,0.2266423,0.002473869,252.57541,251.12299,337.09753,1.4478879,9.015827,0.2707459
3,38,10,0.0064000003,0.16951412,0.03935971,0.08039065,0.04976376,0.09919641,0.0006553212,10.788758,-2.0810065,19.00631,-1.5747955,0.19839282,0.0013106423,0.28353244,-0.05468961,0.22307792,-0.018483447,252.6463,251.45293,337.92932,3.655802,9.015827,0.31274343
3,39,10,0.0064000003,0.19146213,0.053915653,0.0847077,0.052838773,0.116098724,-0.0057648136,11.074653,-1.5653703,19.58473,-0.22800142,0.23219745,-0.011529627,0.29104587,-0.041138504,0.22986686,-0.0026760623,252.67499,251.48672,338.24808,1.7933717,9.015827,0.27646044
3,40,10,0.0064000003,0.17190298,0.035233483,0.08357284,0.053096656,0.09385292,0.0010136125,11.000217,-2.0006216,19.632465,0.17024691,0.18770584,0.002027225,0.28908968,-0.05257704,0.23042712,0.0019981945,252.70569,251.60838,337.78183,1.8303746,9.015827,0.29669604
3,41,10,0.0064000003,0.17486745,0.040180232,0.08366006,0.051027164,0.10022504,0.0012511364,11.005955,-2.385296,19.246063,-1.5330334,0.20045008,0.0025022728,0.28924048,-0.062686436,0.22589193,-0.017993284,252.76932,251.87181,338.11987,3.9183295,9.0140505,0.32319903
3,42,10,0.0064000003,0.18626209,0.049677577,0.08711495,0.049469564,0.111442335,-0.0030573655,11.230912,-1.9184506,18.950045,-0.52063984,0.22288467,-0.006114731,0.29515243,-0.050417583,0.22241755,-0.0061107706,252.81026,251.98642,338.46375,2.4390905,9.0140505,0.29417735
3,43,10,0.0064000003,0.17863594,0.041711595,0.086734444,0.050189897,0.102117084,0.003132748,11.206357,-2.0350637,19.087515,0.32306486,0.20423417,0.006265496,0.29450712,-0.05348221,0.22403102,0.0037918277,252.81592,251.95499,337.74997,1.7119989,9.0140505,0.29285437
3,44,10,0.0064000003,0.17710298,0.04374161,0.08644541,0.04691596,0.104572475,0.0012269682,11.18767,-2.3356814,18.454466,-1.7552408,0.20914495,0.0024539365,0.294016,-0.061382543,0.21660092,-0.020601338,252.89125,252.14725,338.26828,4.0909224,9.0140505,0.3126483
3,45,10,0.0064000003,0.19115652,0.054487694,0.08804394,0.048624884,0.116712995,-0.0034238931,11.290634,-1.9013681,18.787563,-0.55554444,0.23342599,-0.0068477863,0.296722,-0.04996864,0.22051051,-0.0065204496,252.97614,252.51765,338.86838,2.4569125,9.012284,0.2924653
3,46,10,0.0064000003,0.1845762,0.042776965,0.09202421,0.049775023,0.10341296,0.0020971925,11.543028,-2.1139545,19.00846,0.28228322,0.20682593,0.004194385,0.30335492,-0.055555478,0.22310317,0.0033131705,252.95998,252.60709,338.22278,1.8316714,9.012284,0.32078865
3,47,10,0.0064000003,0.18114734,0.045277826,0.091952205,0.043917306,0.106392935,0.0006195042,11.538509,-2.131156,17.854969,-1.3803113,0.21278587,0.0012390084,0.30323622,-0.056007534,0.20956457,-0.016200775,252.95541,252.51266,338.82202,3.5114672,9.012284,0.33736783
3,48,10,0.0064000003,0.19585262,0.05502485,0.09381548,0.047012284,0.11728688,-0.006134175,11.65483,-1.1779841,18.4734,0.37549126,0.23457377,-0.01226835,0.30629313,-0.03095783,0.21682316,0.0044071567,252.91595,252.22702,338.98065,0.80249286,9.012284,0.30613318
3,49,10,0.0064000003,0.18890461,0.03872978,0.09750201,0.052672826,0.098399416,0.00041007032,11.881615,-0.97728413,19.553953,1.4538333,0.19679883,0.00082014065,0.31225312,-0.02568336,0.22950561,0.017063709,252.85239,252.00935,338.05453,-0.4765492,9.010558,0.31488088
3,50,10,0.0064000003,0.1945157,0.04284361,0.10509863,0.046573456,0.10349349,-0.0021174075,12.335795,-1.1946063,18.38698,-0.26092005,0.20698698,-0.004234815,0.3241892,-0.031394675,0.21580884,-0.003062435,252.85992,251.91676,338.5681,1.4555264,9.010558,0.32083905
3,51,10,0.0064000003,0.20526129,0.051063202,0.105774224,0.048423856,0.11298584,-0.007600032,12.375381,-0.5311848,18.74869,1.3489488,0.22597168,-0.015200064,0.3252295,-0.013959731,0.22005421,0.015832674,252.89366,252.03685,338.976,-0.81776404,9.010558,0.31163642
3,52,10,0.0064000003,0.20201169,0.040466268,0.10951144,0.052033976,0.10058115,-0.0022886533,12.592107,-0.93297833,19.435009,1.9499663,0.2011623,-0.0045773066,0.33092514,-0.024519,0.22810957,0.022886844,252.88876,252.09235,338.33105,-1.016988,9.010558,0.33473766
3,53,10,0.0064000003,0.20844036,0.04509109,0.116825,0.046524268,0.106173314,-0.002727352,13.005786,-1.2508857,18.37727,0.097635984,0.21234663,-0.005454704,0.34179673,-0.032873724,0.21569484,0.0011459595,252.97551,252.35965,338.91437,1.1532497,9.008864,0.3707757
3,54,10,0.0064000003,0.21289785,0.050159063,0.11396398,0.048774805,0.111981094,-0.007984725,12.845543,-1.189663,18.816507,1.1128113,0.22396219,-0.01596945,0.3375855,-0.03126478,0.22085018,0.013061119,253.03395,252.60637,339.52786,0.076851726,9.008864,0.3314853
3,55,10,0.0064000003,0.19788893,0.03957721,0.10697016,0.051341552,0.09947011,-0.000910311,12.445147,-1.2383523,19.305265,1.9658399,0.19894022,-0.001820622,0.32706293,-0.032544322,0.22658674,0.02307315,253.0009,252.49309,338.85114,-0.72748756,9.008864,0.3112339
3,56,10,0.0064000003,0.21137203,0.04066686,0.12084112,0.049864054,0.10083013,-0.0019941162,13.2274475,-1.4367898,19.025452,0.5254703,0.20166026,-0.0039882325,0.3476221,-0.037759352,0.2233026,0.0061674686,253.02283,252.5221,339.08908,0.91131943,9.008864,0.33245713
3,57,10,0.0064000003,0.22546132,0.053700373,0.12189411,0.04986684,0.115866706,-0.007994735,13.284955,-0.70209295,19.025986,1.5973525,0.23173341,-0.01598947,0.34913337,-0.018451296,0.22330885,0.0187482,253.0749,252.7259,339.55997,-0.89525956,9.00724,0.3242322
3,58,10,0.0064000003,0.21436286,0.040732298,0.12330945,0.050321117,0.10091122,-0.0023977347,13.361857,-1.211614,19.11245,1.8872956,0.20182244,-0.0047954693,0.35115445,-0.03184163,0.22432369,0.022151273,253.10484,252.98235,339.01105,-0.6756816,9.00724,0.34892836
3,59,10,0.0064000003,0.22648078,0.046693977,0.13205162,0.04773518,0.10804395,-0.0039636004,13.827402,-1.5617396,18.614891,0.05217065,0.2160879,-0.007927201,0.36338907,-0.041043088,0.21848382,0.00061233,253.16951,253.21121,339.59668,1.5095689,9.00724,0.37945798
3,60,10,0.0064000003,0.24058074,0.060187638,0.12954979,0.050843317,0.122665845,-0.008610077,13.695787,-0.98728836,19.21136,1.4867828,0.24533169,-0.017220154,0.35993025,-0.025946304,0.22548462,0.017450437,253.23149,253.47372,340.21902,-0.49949443,9.00724,0.39812377
3,61,10,0.0064000003,0.21657886,0.041103605,0.120262094,0.05521315,0.10137012,-0.0025106487,13.19572,-0.7821646,20.019924,2.4907048,0.20274024,-0.0050212974,0.34678826,-0.020555548,0.23497479,0.029233513,253.22542,253.56511,339.7747,-1.7085402,9.005794,0.38152084
3,62,10,0.0064000003,0.22794154,0.044998687,0.13271485,0.050227992,0.10606447,-0.0047823093,13.862081,-0.9589767,19.094757,0.7589539,0.21212894,-0.009564619,0.3643005,-0.02520225,0.22411603,0.008907876,253.23592,253.52533,340.23407,0.20002276,9.005794,0.37077704
3,63,10,0.0064000003,0.24527594,0.04957335,0.14334719,0.052355405,0.11132537,-0.011378552,14.406657,-0.5404071,19.494946,2.1230145,0.22265074,-0.022757104,0.3786122,-0.014202118,0.22881304,0.024917917,253.2665,253.5208,340.44016,-1.5826073,9.005794,0.39244038
3,64,10,0.0064000003,0.24130799,0.043077845,0.1463085,0.051921654,0.103776015,-0.0024357492,14.554706,-1.0137634,19.41402,2.087383,0.20755203,-0.0048714983,0.38250294,-0.026642049,0.22786324,0.024499705,253.3083,253.80453,339.90878,-1.0736196,9.005794,0.43323293
3,65,10,0.0064000003,0.24234912,0.048281886,0.1454617,0.048605535,0.109865695,-0.003140216,14.512525,-1.2315073,18.783827,0.4228954,0.21973139,-0.006280432,0.38139442,-0.03236446,0.22046663,0.0049635447,253.36781,253.98268,340.4191,0.80861187,9.004692,0.4522676
3,66,10,0.0064000003,0.26654044,0.05811216,0.15766335,0.050764926,0.12053232,-0.011052536,15.108943,-0.81827646,19.196547,1.9084872,0.24106464,-0.022105072,0.39706844,-0.021504605,0.22531073,0.0224,253.39525,253.97992,340.6845,-1.0902107,9.004692,0.43132707
3,67,10,0.0064000003,0.2450961,0.04188492,0.15297422,0.05023695,0.10232903,-0.0029431232,14.882565,-0.8846694,19.096458,2.34427,0.20465806,-0.0058862465,0.39111918,-0.023249453,0.22413601,0.027514804,253.37152,253.93687,340.16193,-1.4596006,9.004692,0.44124407
3,68,10,0.0064000003,0.24643466,0.045333847,0.15162373,0.04947708,0.10645873,-0.0037588151,14.816727,-0.66740185,18.951485,0.89844096,0.21291746,-0.0075176302,0.38938892,-0.017539565,0.22243445,0.010545041,253.3531,253.7795,340.2497,-0.2310391,9.004692,0.4384007
3,69,10,0.0064000003,0.25757444,0.063095234,0.14348494,0.050994266,0.12559383,-0.011032076,14.413578,0.17807315,19.239859,1.924712,0.25118765,-0.022064151,0.37879404,0.004679805,0.2258191,0.022590434,253.36957,253.84111,340.44568,-2.102785,9.003991,0.41148025
3,70,10,0.0064000003,0.24108751,0.044632867,0.14329648,0.053158164,0.10563246,-0.0034389845,14.40411,-0.074009754,19.643833,2.7007496,0.21126492,-0.006877969,0.37854522,-0.0019449947,0.23056054,0.031698823,253.35231,253.8576,339.76468,-2.62674,9.003991,0.44592604
3,71,10,0.0064000003,0.2479114,0.048939325,0.14916152,0.049810555,0.11061117,-0.0051793256,14.6959305,-0.46634868,19.015244,0.8682584,0.22122234,-0.010358651,0.38621435,-0.012255833,0.22318278,0.010190788,253.4064,253.99544,340.30002,-0.40190974,9.003991,0.44867632
3,72,10,0.0064000003,0.25423184,0.05737694,0.1480137,0.048841197,0.11976742,-0.01239235,14.639277,0.04956486,18.829308,2.092012,0.23953484,-0.0247847,0.38472548,0.001302565,0.22100045,0.024554044,253.44667,254.0977,340.86298,-2.1415768,9.003991,0.4473512
3,73,10,0.0064000003,0.24158153,0.04357225,0.14599867,0.05201062,0.104369834,-0.0058332006,14.539288,0.11794767,19.430647,2.7198093,0.20873967,-0.011666401,0.38209772,0.0030997111,0.22805837,0.03192253,253.42462,254.05688,340.12067,-2.8377569,9.003825,0.43936488
3,74,10,0.0064000003,0.2522092,0.044425048,0.16137174,0.046412397,0.10538625,-0.0055576395,15.285598,-0.27929965,18.355164,0.9701535,0.2107725,-0.011115279,0.40171102,-0.0073400843,0.21543537,0.011386735,253.44661,254.07915,340.58508,-0.69085383,9.003825,0.44544777
3,75,10,0.0064000003,0.2757319,0.05588888,0.17094098,0.048902024,0.11820415,-0.013698286,15.732283,0.131241,18.841028,2.4832156,0.2364083,-0.027396573,0.4134501,0.0034490547,0.22113802,0.02914562,253.46039,254.01295,340.84067,-2.6144567,9.003825,0.47684082
3,76,10,0.0064000003,0.26581255,0.04737238,0.17033795,0.048102222,0.10882598,-0.0052500204,15.70451,0.044387046,18.686321,2.835044,0.21765196,-0.010500041,0.41272017,0.0011665075,0.21932219,0.033275034,253.47037,254.093,339.92953,-2.879431,9.003825,0.492449
3,77,10,0.0064000003,0.24997708,0.049643565,0.15649304,0.043840483,0.11140418,-0.0053671696,15.052761,-0.35985526,17.839344,0.98531395,0.22280836,-0.010734339,0.395592,-0.009457126,0.2093812,0.0115646785,253.53978,254.36514,340.44962,-0.6254587,9.004127,0.45839784
3,78,10,0.0064000003,0.267903,0.06314326,0.15734322,0.0474165,0.12564161,-0.013117613,15.093595,0.069771506,18.55265,2.142308,0.25128323,-0.026235227,0.39666513,0.0018336171,0.2177533,0.02514437,253.57288,254.57414,340.9407,-2.2120795,9.004127,0.47527978
3,79,10,0.0064000003,0.25966606,0.04799459,0.15683155,0.054839917,0.10953834,-0.006213011,15.069034,0.0989124,19.952147,3.2284,0.21907668,-0.012426022,0.39601964,0.0025994657,0.23417924,0.03789188,253.53342,254.55934,340.40625,-3.3273125,9.004127,0.5186742
3,80,10,0.0064000003,0.27034602,0.051619314,0.16982459,0.048902135,0.11359942,-0.0076553863,15.680825,-0.096270934,18.84105,1.7643203,0.22719884,-0.015310773,0.41209778,-0.0025300304,0.22113827,0.020707905,253.53024,254.46005,340.79333,-1.6680493,9.004127,0.5334103
3,81,10,0.0064000003,0.27211064,0.056650165,0.16509241,0.05036808,0.11900648,-0.013637929,15.460808,0.5463365,19.121367,2.8223085,0.23801295,-0.027275858,0.40631565,0.014357942,0.22442834,0.033125564,253.53426,254.34761,340.81076,-3.368645,9.004884,0.51756144
3,82,10,0.0064000003,0.26791716,0.044962388,0.16927885,0.053675916,0.10602168,-0.006123356,15.655608,0.5260839,19.739264,2.7641037,0.21204336,-0.012246712,0.4114351,0.013825638,0.23168063,0.032442406,253.50902,254.2168,339.96313,-3.2901876,9.004884,0.53871155
3,83,10,0.0064000003,0.27762917,0.057055812,0.17161077,0.048962582,0.11943179,-0.0060817846,15.763076,0.27962518,18.852692,1.052212,0.23886359,-0.012163569,0.4142593,0.007348658,0.2212749,0.012349867,253.5619,254.30074,340.01544,-1.3318372,9.004884,0.5178808
3,84,10,0.0064000003,0.28379822,0.063915364,0.17167243,0.048210412,0.12640744,-0.012629238,15.765907,0.26555905,18.707323,1.7678056,0.2528149,-0.025258476,0.41433373,0.00697896,0.2195687,0.020748815,253.65569,254.71559,340.49918,-2.0333645,9.004884,0.52474684
3,85,10,0.0064000003,0.25753784,0.048695486,0.15420943,0.054632924,0.11033527,-0.0053501213,14.942531,0.3007726,19.914457,2.5082476,0.22067054,-0.010700243,0.3926951,0.007904419,0.23373687,0.029439416,253.65225,254.7799,340.00656,-2.8090203,9.006028,0.49196202
3,86,10,0.0064000003,0.25793105,0.05089615,0.15881348,0.048221428,0.112800874,-0.006488671,15.16395,-0.075394444,18.709461,0.94330573,0.22560175,-0.012977342,0.3985141,-0.001981398,0.21959378,0.011071621,253.66273,254.7631,340.48953,-0.8679113,9.006028,0.5033515
3,87,10,0.0064000003,0.27919278,0.06422967,0.16446039,0.05050271,0.12671787,-0.013895326,15.431186,0.35142595,19.146904,2.5956333,0.25343573,-0.027790653,0.40553716,0.009235594,0.22472808,0.030465066,253.65994,254.72615,340.63998,-2.9470592,9.006028,0.5257101
3,88,10,0.0064000003,0.26661843,0.049914062,0.16367278,0.053031582,0.11170728,-0.0066598104,15.394192,0.4407133,19.62043,3.278273,0.22341456,-0.013319621,0.40456492,0.011582095,0.23028587,0.038477242,253.65826,254.80319,339.75354,-3.7189865,9.006028,0.55327386
3,89,10,0.0064000003,0.23542762,0.05379427,0.13861497,0.043018393,0.11596796,-0.0062102675,14.166863,0.19429001,17.671291,0.9476201,0.23193592,-0.012420535,0.3723103,0.005106001,0.20740876,0.011122258,253.74965,255.06885,340.46695,-1.1419101,9.007426,0.47308448
3,90,10,0.0064000003,0.2523172,0.060341116,0.14529443,0.046681654,0.12282214,-0.012494997,14.504179,0.4703067,18.408327,1.7138921,0.24564429,-0.024989994,0.38117507,0.012359841,0.21605937,0.020116031,253.81346,255.27791,340.70554,-2.1841989,9.007426,0.46905458
3,91,10,0.0064000003,0.23977757,0.04885718,0.1436029,0.047317486,0.1105183,-0.0030201746,14.419501,0.4252535,18.533268,1.8282125,0.2210366,-0.006040349,0.37894973,0.011175821,0.21752582,0.021457812,253.81982,255.39795,339.9771,-2.2534661,9.007426,0.4690486
3,92,10,0.0064000003,0.22867547,0.04993963,0.13523628,0.043499563,0.11173588,-0.0045496575,13.993144,0.14313053,17.769846,-0.086081766,0.22347176,-0.009099315,0.36774486,0.0037614938,0.20856549,-0.001010346,253.8773,255.6063,340.65973,-0.05704876,9.007426,0.5038077
3,93,10,0.0064000003,0.22468533,0.062167715,0.11902387,0.043493744,0.12466727,-0.012493887,13.127612,0.9719765,17.768656,1.1765122,0.24933454,-0.024987774,0.34499836,0.025543878,0.20855154,0.013808778,253.90468,255.72661,341.2699,-2.1484888,9.009045,0.43078932
3,94,10,0.0064000003,0.21049497,0.044770304,0.12059901,0.045125656,0.10579497,-0.0022474083,13.21419,0.83303356,18.098934,1.5850862,0.21158995,-0.0044948165,0.34727368,0.02189246,0.212428,0.018604228,253.87535,255.64725,340.92523,-2.41812,9.009045,0.44767871
3,95,10,0.0064000003,0.22464547,0.05093127,0.1299177,0.04379649,0.11283979,-0.0041446723,13.715221,0.8037723,17.83039,0.3229942,0.22567958,-0.008289345,0.36044097,0.021123419,0.20927611,0.0037909993,253.84866,255.4421,341.0096,-1.1267664,9.009045,0.44986647
3,96,10,0.0064000003,0.24872878,0.06225444,0.14036481,0.046109527,0.1247542,-0.011100626,14.256005,1.5315056,18.295174,1.5575647,0.2495084,-0.022201251,0.37465292,0.040248506,0.21473129,0.018281212,253.79494,255.08142,340.87018,-3.0890703,9.009045,0.45739534
3,97,10,0.0064000003,0.21612957,0.046755467,0.12258874,0.046785373,0.10811506,-0.0023917002,13.322753,2.05074,18.428766,1.6626055,0.21623012,-0.0047834003,0.35012674,0.053894177,0.21629927,0.019514078,253.71413,254.83311,339.70016,-3.7133455,9.010763,0.40867904
3,98,10,0.0064000003,0.2113639,0.048350845,0.11913119,0.04388186,0.10994413,-0.0046206582,13.133529,1.7635078,17.847761,-0.12087851,0.21988826,-0.0092413165,0.34515387,0.046345625,0.20947997,-0.0014187574,253.73189,254.92397,340.1369,-1.6426294,9.010763,0.40804031
3,99,10,0.0064000003,0.23603098,0.069010705,0.122782186,0.04423809,0.13134944,-0.011855698,13.33326,2.1323514,17.920057,1.3806578,0.2626989,-0.023711396,0.3504029,0.056038957,0.21032853,0.016204845,253.7655,255.0953,340.46375,-3.513009,9.010763,0.40783668
3,100,10,0.0064000003,0.2171103,0.04847451,0.12031351,0.048322298,0.11008464,-0.0034551325,13.19854,1.8606148,18.729017,1.7247466,0.22016928,-0.006910265,0.34686238,0.048897643,0.21982333,0.020243429,253.7622,255.11801,340.08563,-3.5853615,9.010763,0.4192774
4,1,10,0.0051200003,0.18332213,0.041151,0.097404286,0.04476685,0.101428546,-0.008046141,11.875659,1.8322289,18.026834,2.7742875,0.20285709,-0.016092282,0.3120966,0.04815163,0.21158178,0.032561935,253.53235,253.89441,340.47208,-4.6065164,9.012484,0.32313734
4,2,10,0.0051200003,0.17638537,0.049144626,0.087622106,0.03961864,0.110842936,-0.009036364,11.2635565,1.4295633,16.95864,1.0021603,0.22168587,-0.018072728,0.29601032,0.03756944,0.19904432,0.0117624,253.52896,253.85437,340.87576,-2.4317236,9.012484,0.27417192
4,3,10,0.0051200003,0.19081292,0.05534488,0.09374517,0.041722868,0.117627464,-0.01652881,11.65046,2.1429293,17.403168,2.2386875,0.23525493,-0.03305762,0.30617833,0.056316968,0.20426176,0.026275577,253.48073,253.64883,341.03882,-4.3816166,9.012484,0.3322502
4,4,10,0.0051200003,0.1711396,0.041456245,0.08676027,0.042923085,0.10180403,-0.009524101,11.208024,2.3476708,17.651705,2.997915,0.20360807,-0.019048203,0.29455096,0.06169763,0.20717888,0.035186667,253.37524,253.21782,339.9562,-5.345586,9.012484,0.32969388
4,5,10,0.0051200003,0.16009943,0.045221385,0.078670636,0.036207404,0.1063266,-0.010497292,10.672717,2.1747706,16.212124,0.92464733,0.2126532,-0.020994583,0.28048286,0.05715375,0.19028243,0.010852626,253.34158,252.95413,340.05777,-3.099418,9.0134945,0.26730806
4,6,10,0.0051200003,0.16916889,0.05143682,0.08077556,0.03695651,0.11339843,-0.016948013,10.814555,2.8673093,16.378973,1.7183391,0.22679687,-0.033896025,0.2842104,0.075353935,0.19224076,0.020168222,253.34428,252.91447,340.05978,-4.5856485,9.0134945,0.32009202
4,7,10,0.0051200003,0.15644717,0.039942056,0.078449644,0.03805547,0.099927545,-0.008102178,10.657717,2.8216143,16.620716,1.8682414,0.19985509,-0.016204355,0.28008863,0.07415305,0.1950781,0.021927634,253.31357,252.90523,339.37338,-4.6898556,9.0134945,0.31539658
4,8,10,0.0051200003,0.15231039,0.04291123,0.07515341,0.034245744,0.10357513,-0.009507722,10.431409,2.4875653,15.766835,0.5046602,0.20715027,-0.019015444,0.27414122,0.065374106,0.18505606,0.0059232214,253.30379,252.84665,339.6351,-2.9922254,9.0134945,0.27833548
4,9,10,0.0051200003,0.17333722,0.054202523,0.083638676,0.03549603,0.11640718,-0.013699771,11.00455,3.2234404,16.052073,1.2524688,0.23281436,-0.027399542,0.28920352,0.08471317,0.1884039,0.014700282,253.28893,252.66623,339.82135,-4.475909,9.014095,0.33953887
4,10,10,0.0051200003,0.16170643,0.03748863,0.08695283,0.03726497,0.0968099,-0.0064067226,11.220456,3.1652982,16.447187,1.6497004,0.1936198,-0.012813445,0.29487765,0.08318517,0.19304137,0.019362608,253.2549,252.54053,339.02072,-4.8149986,9.014095,0.34627572
4,11,10,0.0051200003,0.15377748,0.0438252,0.07532277,0.03462951,0.10467235,-0.008965586,10.443157,2.629831,15.854931,0.019219927,0.2093447,-0.017931173,0.27444994,0.06911291,0.18609005,0.00022558476,253.28879,252.65141,339.39148,-2.649051,9.014095,0.28957635
4,12,10,0.0051200003,0.17083818,0.052068032,0.082631215,0.036138926,0.114092104,-0.01398893,10.938072,3.0614579,16.196785,1.1092907,0.22818421,-0.02797786,0.28745645,0.08045622,0.19010241,0.013019796,253.31816,252.7842,339.67648,-4.1707487,9.014095,0.33828375
4,13,10,0.0051200003,0.15639222,0.039626665,0.07948076,0.037284788,0.09953224,-0.004790214,10.727528,3.1164246,16.451557,1.0535434,0.19906448,-0.009580428,0.28192332,0.08190078,0.19309269,0.012365488,253.28986,252.69843,339.05627,-4.169968,9.014192,0.3290132
4,14,10,0.0051200003,0.15050304,0.042803653,0.07334163,0.034357756,0.10344522,-0.0070699686,10.304903,2.5673254,15.792599,-0.5748127,0.20689043,-0.014139937,0.2708166,0.06747024,0.18535845,-0.006746602,253.28224,252.62242,339.4555,-1.9925127,9.014192,0.30011007
4,15,10,0.0051200003,0.17121798,0.05147277,0.084562734,0.03518248,0.113438055,-0.011630765,11.065173,3.3381212,15.98102,0.4602634,0.22687611,-0.02326153,0.29079673,0.08772702,0.18756993,0.005402133,253.22914,252.35423,339.41516,-3.7983847,9.014192,0.37440994
4,16,10,0.0051200003,0.15729804,0.036664993,0.083805054,0.036827996,0.09574053,-0.005583998,11.01549,3.697735,16.350471,0.956428,0.19148105,-0.011167996,0.28949103,0.09717781,0.19190621,0.011225642,253.11928,251.89954,338.22296,-4.654163,9.014192,0.37793314
4,17,10,0.0051200003,0.14415637,0.040611986,0.07126232,0.03228205,0.10076208,-0.0067321253,10.157778,3.2710161,15.308117,-0.53401834,0.20152415,-0.013464251,0.26695004,0.08596347,0.17967206,-0.006267799,253.07283,251.64903,338.34735,-2.7369978,9.01373,0.31390995
4,18,10,0.0051200003,0.16001303,0.04802434,0.08110878,0.03087991,0.109572284,-0.012028465,10.836838,3.8111854,14.971979,0.4000772,0.21914457,-0.02405693,0.28479603,0.100159325,0.1757268,0.0046957238,253.0423,251.4795,338.36816,-4.2112627,9.01373,0.36316994
4,19,10,0.0051200003,0.15519129,0.038690165,0.08461847,0.031882647,0.09834908,-0.004771718,11.068817,3.9975827,15.213124,0.8072856,0.19669816,-0.009543436,0.29089254,0.10505792,0.17855713,0.009475147,252.97672,251.23416,337.46133,-4.804868,9.01373,0.37445107
4,20,10,0.0051200003,0.14997417,0.04154554,0.0771529,0.03127573,0.101913616,-0.0064915433,10.569266,3.3959374,15.06763,-0.9893685,0.20382723,-0.0129830865,0.2777641,0.08924646,0.17684945,-0.011612263,252.98767,251.20995,337.87442,-2.406569,9.01373,0.33479762
4,21,10,0.0051200003,0.16033421,0.045818128,0.0820444,0.03247169,0.10702585,-0.010265293,10.899163,3.6021488,15.353016,-0.65933985,0.2140517,-0.020530585,0.28643394,0.094665766,0.18019903,-0.007738702,252.99629,251.24825,338.00806,-2.9428089,9.012794,0.37456983
4,22,10,0.0051200003,0.15144256,0.036652748,0.08141402,0.033375792,0.09572454,-0.0026877276,10.857212,3.6159766,15.565281,0.0055201366,0.19144908,-0.005375455,0.28533143,0.09502917,0.18269043,6.479025e-5,252.93526,251.12128,337.29877,-3.6214967,9.012794,0.38828772
4,23,10,0.0051200003,0.14291468,0.040911146,0.07025335,0.03175018,0.10113252,-0.0049366783,10.085612,3.2475,15.181488,-1.2591738,0.20226504,-0.009873357,0.26505348,0.08534548,0.1781858,-0.01477898,252.90929,250.9575,337.64087,-1.9883262,9.012794,0.3589867
4,24,10,0.0051200003,0.15408647,0.047071785,0.07541808,0.031596605,0.10848016,-0.010396584,10.449762,3.9395092,15.144726,-0.14217791,0.21696033,-0.020793168,0.2746235,0.10353173,0.17775434,-0.0016687487,252.84377,250.6822,337.55634,-3.7973313,9.012794,0.39149606
4,25,10,0.0051200003,0.14239803,0.033764474,0.07656132,0.03207223,0.09187556,-0.003003454,10.5286665,3.9132564,15.258287,-0.18318066,0.18375112,-0.006006908,0.27669716,0.10284181,0.17908722,-0.002150001,252.76765,250.3837,336.73312,-3.7300758,9.011407,0.39335096
4,26,10,0.0051200003,0.14312044,0.03855979,0.07344872,0.031111926,0.09818324,-0.0042838743,10.312425,3.3726673,15.028119,-1.357015,0.19636647,-0.008567749,0.27101424,0.088634916,0.17638573,-0.015927346,252.75957,250.30173,336.8843,-2.0156522,9.011407,0.37519422
4,27,10,0.0051200003,0.15738408,0.043432508,0.081584185,0.03236739,0.10420234,-0.0088996915,10.868551,3.5792723,15.328337,-0.3528686,0.20840468,-0.017799383,0.28562945,0.09406458,0.1799094,-0.0041416343,252.75948,250.29922,336.96274,-3.2264037,9.011407,0.39801314
4,28,10,0.0051200003,0.14747718,0.033142354,0.08165354,0.032681286,0.09102521,-0.002710243,10.87317,3.4954474,15.402485,0.13010518,0.18205042,-0.005420486,0.28575084,0.091861606,0.18077967,0.0015270509,252.70099,250.12141,336.13748,-3.6255527,9.011407,0.4017328
4,29,10,0.0051200003,0.14548552,0.03869599,0.074507244,0.032282285,0.098356485,-0.0023680094,10.386469,2.9504418,15.308172,-1.1794709,0.19671297,-0.004736019,0.27296016,0.07753868,0.17967272,-0.013843505,252.65881,249.88452,336.30783,-1.770971,9.009639,0.36473015
4,30,10,0.0051200003,0.15613618,0.041723296,0.08175501,0.032657873,0.102131404,-0.007403053,10.879924,3.6428015,15.396966,-0.40612307,0.20426281,-0.014806106,0.28592834,0.09573416,0.18071489,-0.0047666854,252.60425,249.65094,336.2604,-3.2366784,9.009639,0.40628877
4,31,10,0.0051200003,0.15313661,0.033622567,0.085774854,0.033739194,0.091682285,-0.0015490759,11.144194,3.6981897,15.649793,-0.32302663,0.18336457,-0.0030981519,0.29287344,0.09718977,0.18368232,-0.0037913786,252.52853,249.37212,335.30817,-3.375163,9.009639,0.43836552
4,32,10,0.0051200003,0.15332161,0.03539082,0.08295168,0.0349791,0.09406224,-0.00395476,10.959261,3.1164749,15.934762,-1.7454159,0.18812448,-0.00790952,0.28801334,0.08190207,0.187027,-0.020486023,252.52565,249.30501,335.56393,-1.371059,9.009639,0.4317549
4,33,10,0.0051200003,0.16364965,0.042750616,0.087843955,0.03305509,0.10338111,-0.006311402,11.277807,2.9816165,15.490318,-0.75611585,0.20676222,-0.012622804,0.2963848,0.07835796,0.18181059,-0.008874567,252.53996,249.39838,335.7621,-2.2255006,9.007544,0.43449983
4,34,10,0.0051200003,0.15365824,0.032849047,0.088133015,0.032676168,0.09062153,0.0009597835,11.296348,2.5115197,15.401279,-0.53802973,0.18124306,0.001919567,0.29687205,0.06600364,0.18076551,-0.006314881,252.52486,249.33607,335.181,-1.97349,9.007544,0.4407208
4,35,10,0.0051200003,0.14661743,0.034724567,0.07783693,0.034055937,0.09317265,-0.0012565923,10.616014,2.3009126,15.72308,-2.1171641,0.1863453,-0.0025131847,0.2789927,0.06046882,0.1845425,-0.02484925,252.54521,249.34608,335.53668,-0.18374848,9.007544,0.42364225
4,36,10,0.0051200003,0.15284288,0.037647307,0.08046696,0.034728613,0.09701457,-0.0065513887,10.793877,2.9840329,15.877604,-1.1840316,0.19402914,-0.013102777,0.283667,0.07842147,0.18635614,-0.013897033,252.5408,249.40518,335.78473,-1.8000013,9.007544,0.43066663
4,37,10,0.0051200003,0.14737926,0.03256463,0.08076262,0.03405201,0.090228364,0.0020964025,10.813688,2.6246073,15.722175,-0.90876806,0.18045673,0.004192805,0.28418764,0.06897561,0.18453187,-0.010666251,252.44934,249.08238,334.87067,-1.7158393,9.005133,0.4275881
4,38,10,0.0051200003,0.15566629,0.03400733,0.08644019,0.035218768,0.09220538,-0.0011802153,11.187332,2.2988431,15.989259,-1.9795868,0.18441077,-0.0023604305,0.29400712,0.06041441,0.18766664,-0.023234501,252.406,248.80737,334.85654,-0.3192563,9.005133,0.45261526
4,39,10,0.0051200003,0.16640197,0.03723238,0.09377543,0.035394166,0.09647847,-0.0049115163,11.652341,2.6082098,16.029022,-0.6456337,0.19295694,-0.009823033,0.30622774,0.06854468,0.18813337,-0.0075778323,252.40811,248.85094,334.73853,-1.9625762,9.005133,0.46714425
4,40,10,0.0051200003,0.157318,0.033410236,0.087582834,0.036324922,0.09139234,0.0014282657,11.261032,2.1864133,16.238413,-0.41420737,0.18278468,0.0028565314,0.29594398,0.057459734,0.19059098,-0.0048615714,252.3863,248.83263,334.00336,-1.772206,9.005133,0.4466628
4,41,10,0.0051200003,0.14501889,0.033791605,0.0743003,0.03692699,0.09191246,0.0006679658,10.372034,1.8221604,16.37243,-2.1016078,0.18382493,0.0013359316,0.2725808,0.047887024,0.19216396,-0.024666663,252.38112,248.73671,334.4378,0.27944744,9.002522,0.4109037
4,42,10,0.0051200003,0.15056288,0.035794668,0.07784171,0.036926508,0.09459739,-0.0026839273,10.61634,2.5398169,16.372324,-1.2053508,0.18919478,-0.0053678546,0.27900127,0.066747315,0.1921627,-0.0141472565,252.33609,248.59656,334.64694,-1.3344661,9.002522,0.42191473
4,43,10,0.0051200003,0.15616038,0.036487915,0.08333068,0.036341794,0.09550905,0.00240565,10.984267,2.3524592,16.242184,-0.9126101,0.1910181,0.0048113,0.28867054,0.061823484,0.19063523,-0.010711345,252.24136,248.2861,333.68893,-1.4398491,9.002522,0.44777334
4,44,10,0.0051200003,0.16586687,0.037971772,0.089841485,0.038053617,0.097431734,-0.0004571857,11.405311,2.0927846,16.620312,-1.8459736,0.19486347,-0.0009143714,0.2997357,0.05499913,0.19507337,-0.021666277,252.21404,248.1035,333.7392,-0.24681103,9.002522,0.46083134
4,45,10,0.0051200003,0.16303784,0.037359305,0.08811796,0.03756059,0.09664278,-0.00092380034,11.295382,2.177945,16.512293,-0.9030167,0.19328555,-0.0018476007,0.2968467,0.05723718,0.19380555,-0.010598746,252.24503,248.21413,333.81927,-1.2749282,8.999797,0.4126216
4,46,10,0.0051200003,0.15572405,0.03509149,0.08316392,0.03746865,0.09366361,0.0055090315,10.973271,1.7096422,16.492071,-1.1058035,0.18732722,0.011018063,0.28838155,0.044930026,0.1935682,-0.012978863,252.26076,248.38766,333.52145,-0.6038387,8.999797,0.4102619
4,47,10,0.0051200003,0.15517713,0.035489053,0.08111511,0.038572967,0.09419269,0.0037681526,10.837262,1.3440138,16.733345,-2.2494912,0.18838538,0.007536305,0.28480715,0.035321176,0.19640002,-0.02640238,252.28745,248.51823,333.92957,0.9054774,8.999797,0.405408
4,48,10,0.0051200003,0.1646216,0.03910058,0.087294385,0.038226653,0.09886933,0.000458155,11.242472,1.9696808,16.658058,-1.3642267,0.19773866,0.00091631,0.29545623,0.051763926,0.19551638,-0.016011992,252.27654,248.51515,333.96454,-0.6054541,8.999797,0.41405082
4,49,10,0.0051200003,0.1653148,0.036328495,0.0905184,0.0384679,0.095300175,0.0074152974,11.448195,1.1746825,16.710539,-1.3001262,0.19060035,0.014830595,0.30086276,0.030871103,0.19613235,-0.015259639,252.24585,248.40805,333.2174,0.1254437,8.996935,0.38048938
4,50,10,0.0051200003,0.17931056,0.038844146,0.09989756,0.040568862,0.09854459,0.0062533533,12.02669,0.9059935,17.160803,-2.1351936,0.19708918,0.012506707,0.31606576,0.023809833,0.20141713,-0.025060866,252.26814,248.44667,333.50742,1.2292001,8.996935,0.3993658
4,51,10,0.0051200003,0.17936152,0.040768996,0.09932609,0.039266437,0.10095667,0.0032910241,11.99224,1.5846535,16.883091,-1.0021619,0.20191334,0.0065820483,0.31516042,0.041645266,0.19815761,-0.011762421,252.29292,248.5775,333.83255,-0.58249164,8.996935,0.41325682
4,52,10,0.0051200003,0.16806494,0.03797517,0.09158826,0.03850152,0.09743609,0.008088462,11.515654,1.2174336,16.717838,-1.2301595,0.19487219,0.016176924,0.30263552,0.031994592,0.19621804,-0.014438439,252.25925,248.54822,333.30707,0.012725949,8.996935,0.40535587
4,53,10,0.0051200003,0.16837925,0.041781347,0.08703155,0.039566357,0.10220243,0.0072291354,11.225535,0.598588,16.947443,-2.31868,0.20440486,0.014458271,0.2950111,0.015731107,0.19891293,-0.02721445,252.21803,248.30083,333.27368,1.720092,8.993955,0.36266392
4,54,10,0.0051200003,0.16845948,0.043807212,0.08354898,0.041103296,0.10465086,0.0046720584,10.998647,1.142,17.273468,-1.4190805,0.20930173,0.009344117,0.2890484,0.03001217,0.20273948,-0.016655814,252.20433,248.22063,333.19815,0.27708054,8.993955,0.36283702
4,55,10,0.0051200003,0.164387,0.04194217,0.0819149,0.040529933,0.10239894,0.008704618,10.890558,0.78451383,17.152569,-1.150224,0.20479788,0.017409235,0.2862078,0.020617321,0.20132047,-0.01350023,252.1487,248.13579,332.49902,0.36571014,8.993955,0.35471806
4,56,10,0.0051200003,0.18203314,0.041853834,0.098634996,0.0415443,0.10229105,0.0073869727,11.950446,0.72639185,17.365885,-1.7625573,0.2045821,0.014773945,0.3140621,0.019089868,0.20382419,-0.020687217,252.09471,247.9032,332.42465,1.0361655,8.993955,0.38691756
4,57,10,0.0051200003,0.1792359,0.04242644,0.09515847,0.041650996,0.1029884,0.005707956,11.737954,1.1258607,17.38817,-0.5094675,0.2059768,0.011415912,0.30847767,0.029588034,0.20408575,-0.0059796446,252.04915,247.69034,332.25668,-0.6163932,8.990952,0.36163136
4,58,10,0.0051200003,0.17725077,0.043504275,0.091708146,0.04203835,0.10428839,0.010070345,11.523187,0.85306,17.468842,-0.4164977,0.20857678,0.02014069,0.30283353,0.02241872,0.20503256,-0.004888454,251.98119,247.4435,331.4984,-0.4365623,8.990952,0.37043744
4,59,10,0.0051200003,0.18709256,0.044489004,0.100093774,0.042509776,0.10546208,0.007687332,12.038493,0.55394137,17.566517,-1.1451578,0.21092416,0.015374664,0.316376,0.014557781,0.206179,-0.013440772,251.96638,247.31714,331.647,0.59121644,8.990952,0.374564
4,60,10,0.0051200003,0.18377556,0.045307174,0.09739294,0.041075457,0.10642741,0.003965709,11.874967,1.0050968,17.267616,-0.39536893,0.21285482,0.007931418,0.31207842,0.026414312,0.20267081,-0.0046404623,251.98695,247.35458,331.6956,-0.60972786,8.990952,0.36156023
4,61,10,0.0051200003,0.17127073,0.04486941,0.08452329,0.041878022,0.10591201,0.010907917,11.062592,-0.27100518,17.435495,-0.7280295,0.21182401,0.021815835,0.2907289,-0.007122112,0.20464121,-0.008544919,252.02013,247.57106,331.60757,0.99903464,8.987999,0.32889482
4,62,10,0.0051200003,0.17565039,0.047302328,0.08595072,0.042397358,0.10874549,0.00852655,11.155613,-0.594483,17.543272,-1.8512859,0.21749099,0.0170531,0.29317352,-0.015623217,0.20590618,-0.021728631,252.08484,247.77592,332.49496,2.4457688,8.987999,0.32880774
4,63,10,0.0051200003,0.17921884,0.04699323,0.088791944,0.04343367,0.10838961,0.005448236,11.338496,-0.08608485,17.756382,-1.0273226,0.21677922,0.010896472,0.29797977,-0.0022623274,0.20840746,-0.012057731,252.12376,248.0086,332.80002,1.1134075,8.987999,0.3180836
4,64,10,0.0051200003,0.17715108,0.043717116,0.08888539,0.044548575,0.104543194,0.011720629,11.344462,-0.5554193,17.982834,-1.0157772,0.20908639,0.023441259,0.29813653,-0.014596607,0.21106534,-0.011922223,252.13199,248.21425,332.46616,1.5711966,8.987999,0.6932439
4,65,10,0.0051200003,0.1749596,0.042971466,0.08821227,0.043775868,0.1036478,0.011545964,11.301423,-0.68920976,17.826193,-1.4783994,0.2072956,0.023091927,0.2970055,-0.01811269,0.20922683,-0.017352043,252.09477,248.01355,332.68073,2.1676092,8.985064,0.3206954
4,66,10,0.0051200003,0.1836659,0.045517445,0.09497377,0.04317468,0.10667409,0.0073585785,11.726557,0.117759936,17.703362,-0.48439166,0.21334818,0.014717157,0.30817816,0.0030947647,0.20778517,-0.005685328,252.0494,247.7217,332.52466,0.36663172,8.985064,0.3173854
4,67,10,0.0051200003,0.19401553,0.045198623,0.104409635,0.04440727,0.10629984,0.013126727,12.295294,-0.2864839,17.95429,-0.4232533,0.21259968,0.026253454,0.3231248,-0.0075288974,0.21073033,-0.0049677463,252.01326,247.66078,331.64807,0.7097372,8.985064,0.3340392
4,68,10,0.0051200003,0.20474133,0.046769034,0.110357545,0.047614746,0.108130746,0.011357564,12.64066,-0.35910603,18.591394,-1.0488113,0.21626149,0.022715127,0.33220106,-0.00943745,0.21820803,-0.012309946,252.00984,247.61804,331.85684,1.4079174,8.985064,0.35595033
4,69,10,0.0051200003,0.19907269,0.04681877,0.10558792,0.04666599,0.10818823,0.007946509,12.364478,-0.13218983,18.405237,0.13918003,0.21637645,0.015893018,0.32494295,-0.0034739948,0.21602312,0.0016335623,252.00734,247.6202,331.83374,-0.006990209,8.982169,0.30926937
4,70,10,0.0051200003,0.20002806,0.046040993,0.10640051,0.047586553,0.10728583,0.013085182,12.411965,-0.49167457,18.58589,0.14999822,0.21457165,0.026170364,0.32619092,-0.012921382,0.21814342,0.0017605394,251.97952,247.60258,331.3103,0.34167635,8.982169,0.34103447
4,71,10,0.0051200003,0.20236613,0.048893746,0.10778087,0.045691516,0.11055965,0.010478389,12.492217,-0.58384013,18.212057,-0.9888851,0.2211193,0.020956779,0.32829997,-0.015343522,0.21375574,-0.011606597,251.98526,247.6859,331.694,1.5727253,8.982169,0.48714072
4,72,10,0.0051200003,0.21359436,0.052086,0.11265898,0.048849393,0.11411179,0.0074664587,12.771785,-0.073420666,18.830887,0.1344421,0.22822358,0.014932917,0.3356471,-0.0019295143,0.22101898,0.0015779578,252.00096,247.86476,331.68655,-0.06102144,8.982169,0.35997787
4,73,10,0.0051200003,0.21341285,0.054455202,0.11191269,0.047044966,0.11667819,0.0120429825,12.729412,-0.8840545,18.47982,0.06596598,0.23335639,0.024085965,0.33453354,-0.023233274,0.21689852,0.00077424507,252.04155,248.10062,331.10565,0.81808853,8.97943,0.34312323
4,74,10,0.0051200003,0.21828613,0.056676473,0.1162402,0.045369443,0.119034104,0.01050021,12.973191,-1.1729916,18.147757,-0.7742952,0.23806821,0.02100042,0.34094018,-0.030826645,0.21300104,-0.009087935,252.12372,248.40633,331.8357,1.9472868,8.97943,0.36320245
4,75,10,0.0051200003,0.21505831,0.055632383,0.11359345,0.04583247,0.11793259,0.007601048,12.824643,-0.6924554,18.240126,0.07953204,0.23586518,0.015202096,0.33703628,-0.018197974,0.21408519,0.00093347137,252.12985,248.45503,331.9267,0.6129234,8.97943,0.33194515
4,76,10,0.0051200003,0.21199915,0.05438818,0.11001192,0.047599047,0.11660637,0.012445064,12.620849,-0.7943895,18.588327,0.082649305,0.23321274,0.024890129,0.33168045,-0.020876842,0.21817206,0.00097005896,252.09349,248.32579,331.40665,0.7117402,8.97943,0.342558
4,77,10,0.0051200003,0.21040687,0.05845575,0.104817145,0.04713398,0.12088812,0.008230814,12.319266,-0.6280021,18.497297,-0.8238613,0.24177624,0.016461628,0.32375476,-0.016504118,0.21710362,-0.009669694,252.12967,248.38673,332.11285,1.4518634,8.976851,0.318169
4,78,10,0.0051200003,0.19853286,0.05473183,0.096673824,0.0471272,0.116974175,0.0034645398,11.831046,0.069279835,18.495966,-0.011465208,0.23394835,0.0069290795,0.31092414,0.0018206751,0.217088,-0.00013456802,252.14879,248.40475,332.55795,-0.057814628,8.976851,0.29095477
4,79,10,0.0051200003,0.1999169,0.054910142,0.09769601,0.047310762,0.11716457,0.008931461,11.893429,-0.499469,18.531954,-0.06727091,0.23432913,0.017862922,0.3125636,-0.01312622,0.21751037,-0.00078956166,252.10681,248.29088,331.80026,0.5667399,8.976851,0.31855428
4,80,10,0.0051200003,0.2086007,0.05848976,0.1024947,0.047616247,0.12092328,0.00637877,12.182021,-0.84170085,18.591686,-0.8491359,0.24184656,0.01275754,0.32014793,-0.022120206,0.21821147,-0.009966348,252.10345,248.26366,332.0079,1.6908367,8.976851,0.35578847
4,81,10,0.0051200003,0.21547258,0.05367621,0.1118359,0.049960464,0.115840636,0.0016035107,12.725043,0.07861575,19.043833,0.5827108,0.23168127,0.0032070214,0.33441874,0.0020660632,0.22351837,0.006839304,252.09404,248.15921,332.16016,-0.6613265,8.974405,0.29641148
4,82,10,0.0051200003,0.20826939,0.051153943,0.10889454,0.048220903,0.11308619,0.0070142965,12.55659,-0.27436614,18.709358,0.31764174,0.22617237,0.014028593,0.32999173,-0.007210433,0.21959259,0.0037281741,252.07332,248.13072,331.54913,-0.043275595,8.974405,0.30501541
4,83,10,0.0051200003,0.20983037,0.052311208,0.10862903,0.048890125,0.11435822,0.004142222,12.541273,-0.60989875,18.838737,-0.6343371,0.22871643,0.008284444,0.3295892,-0.016028361,0.22111112,-0.0074452464,252.0786,248.2086,332.21997,1.2442359,8.974405,0.33225152
4,84,10,0.0051200003,0.2138372,0.052443955,0.11182049,0.04957276,0.11450323,0.00023062482,12.724167,-0.03946601,18.9698,0.5727832,0.22900645,0.00046124964,0.3343957,-0.0010371835,0.22264941,0.0067227827,252.0608,248.23193,332.3751,-0.53331715,8.974405,0.33115745
4,85,10,0.0051200003,0.20410374,0.050835676,0.10496934,0.04829872,0.11273384,0.0040801633,12.328206,-0.14063008,18.72445,0.20378174,0.22546768,0.008160327,0.32398972,-0.0036958107,0.2197697,0.0023917912,252.03247,248.13019,331.57062,-0.06315166,8.972065,0.32071412
4,86,10,0.0051200003,0.20984748,0.053132385,0.10897282,0.047742285,0.115252316,0.0019236334,12.561103,-0.17771804,18.616276,-0.63390094,0.23050463,0.0038472668,0.3301103,-0.004670485,0.21850008,-0.0074401204,252.07011,248.16823,331.89014,0.811619,8.972065,0.2992038
4,87,10,0.0051200003,0.2110312,0.055434108,0.10781743,0.047779664,0.11772224,-0.0017101199,12.494335,0.7967155,18.62356,0.5070725,0.23544449,-0.0034202398,0.32835564,0.020937972,0.2185856,0.00595153,252.08733,248.26454,332.12387,-1.303788,8.972065,0.30440953
4,88,10,0.0051200003,0.2012883,0.05046423,0.10128507,0.049539004,0.11232123,0.0031205453,12.109923,0.3196189,18.96334,0.14768335,0.22464246,0.0062410906,0.31825316,0.008399679,0.2225736,0.0017333705,252.07593,248.3479,331.67426,-0.46730226,8.972065,0.339825
4,89,10,0.0051200003,0.20007244,0.055656537,0.097283036,0.047132872,0.11795819,-0.0021146266,11.868265,0.043439306,18.49708,-0.88263434,0.23591638,-0.004229253,0.31190228,0.0011416011,0.21710107,-0.010359518,252.08807,248.41798,332.29184,0.839195,8.96993,0.31506747
4,90,10,0.0051200003,0.19795382,0.050854392,0.10001012,0.04708931,0.11275459,-0.0042191986,12.033463,0.8649942,18.48853,0.27535734,0.22550918,-0.008438397,0.31624377,0.022732364,0.21700071,0.0032318868,252.03206,248.1322,332.40866,-1.1403515,8.96993,0.29622874
4,91,10,0.0051200003,0.20502912,0.05348143,0.1061249,0.04542278,0.11563026,0.0011840998,12.395879,0.67427635,18.15842,0.43141913,0.23126052,0.0023681996,0.32576817,0.017720217,0.21312621,0.0050635906,251.97285,247.90846,331.34387,-1.1056955,8.96993,0.33772177
4,92,10,0.0051200003,0.199695,0.055135872,0.0986321,0.045927037,0.11740515,-0.0017037838,11.950273,0.41958,18.258934,-0.5877972,0.2348103,-0.0034075675,0.31405747,0.011026715,0.21430594,-0.0068990015,251.98079,247.90475,331.54498,0.16821721,8.96993,0.3397041
4,93,10,0.0051200003,0.19984329,0.05918121,0.09580935,0.04485273,0.12163594,-0.007131025,11.778028,1.2631488,18.044117,0.4269417,0.24327189,-0.01426205,0.30953085,0.033196032,0.21178463,0.005011037,252.03543,248.0698,332.03622,-1.6900904,8.968021,0.30457088
4,94,10,0.0051200003,0.18153566,0.04886161,0.08758562,0.045088425,0.11052331,-0.000860841,11.26121,0.440217,18.091467,-0.23579207,0.22104663,-0.001721682,0.29594868,0.011569055,0.21234035,-0.0027675014,252.10378,248.36006,331.6855,-0.20442492,8.968021,0.28551078
4,95,10,0.0051200003,0.17054626,0.049467046,0.077852964,0.043226257,0.11120594,-0.0026320773,10.617108,-0.18425573,17.713934,-1.3724663,0.22241189,-0.0052641546,0.27902144,-0.00484231,0.20790926,-0.016108705,252.2021,248.8086,332.42795,1.556722,8.968021,0.29542696
4,96,10,0.0051200003,0.17271394,0.054893907,0.07473036,0.043089665,0.117147245,-0.0064505134,10.402009,0.29041466,17.685926,-0.5671626,0.23429449,-0.012901027,0.27336854,0.0076322025,0.2075805,-0.0066568106,252.26756,249.16283,333.01572,0.2767479,8.968021,0.2903021
4,97,10,0.0051200003,0.17441164,0.047779135,0.08316077,0.043471735,0.109292194,-0.0010830766,10.973064,0.3539088,17.76416,-0.61074734,0.21858439,-0.0021661532,0.2883761,0.009300858,0.20849876,-0.0071683726,252.24194,249.12836,332.61905,0.25683853,8.966343,0.28614643
4,98,10,0.0051200003,0.16906658,0.046805557,0.07904547,0.043215554,0.10817296,-0.0033121675,10.6981125,0.54291195,17.71174,-1.6195195,0.21634592,-0.006624335,0.28115025,0.014267929,0.2078835,-0.019008372,252.21422,248.92638,333.08066,1.0766075,8.966343,0.3124467
4,99,10,0.0051200003,0.16284838,0.05121698,0.070745885,0.04088553,0.11315584,-0.0074491045,10.120903,1.233051,17.22765,-0.2775441,0.22631168,-0.014898209,0.265981,0.03240502,0.20220171,-0.003257548,252.16368,248.80736,333.03503,-0.9555068,8.966343,0.29950306
4,100,10,0.0051200003,0.15920736,0.04507568,0.07217583,0.041955844,0.10615517,-0.001725109,10.222675,0.42869428,17.451687,-0.68071324,0.21231034,-0.003450218,0.2686556,0.011266248,0.20483126,-0.007989556,252.12573,248.71445,332.224,0.25201896,8.966343,0.3029658
5,1,10,0.0040960005,0.2012012,0.0478996,0.11539268,0.037908934,0.10942989,-0.002504663,12.925811,-3.2756512,16.588684,0.22693194,0.21885978,-0.005009326,0.33969498,-0.08608529,0.19470216,0.0026635113,253.51306,254.41402,340.48007,3.0487192,8.96484,0.4767017
5,2,10,0.0040960005,0.20326667,0.048976,0.11946021,0.03483045,0.11065261,-0.0021102729,13.151653,-3.641693,15.900865,-1.0299494,0.22130522,-0.0042205458,0.34563017,-0.095705,0.18662918,-0.012088558,253.53168,254.3962,340.5793,4.6716423,8.96484,0.5139669
5,3,10,0.0040960005,0.22142409,0.06864962,0.11609619,0.03667827,0.13100536,-0.01126594,12.965153,-2.908077,16.3172,0.24353105,0.26201072,-0.02253188,0.3407289,-0.07642529,0.19151571,0.0028583389,253.54997,254.52687,341.021,2.664546,8.96484,0.5022711
5,4,10,0.0040960005,0.20492132,0.048227575,0.11563719,0.041056562,0.109803885,-0.0043852353,12.939498,-2.8297596,17.263647,0.59172475,0.21960777,-0.0087704705,0.3400547,-0.074367136,0.20262419,0.0069450983,253.5338,254.5314,340.54578,2.2380347,8.96484,0.48838913
5,5,10,0.0040960005,0.2124973,0.050726086,0.12583911,0.0359321,0.11261226,-0.00520917,13.498221,-3.2698903,16.150372,-0.6745466,0.22522452,-0.01041834,0.3547381,-0.08593391,0.18955764,-0.007917186,253.58116,254.63577,340.87045,3.944437,8.963319,0.55363256
5,6,10,0.0040960005,0.23451692,0.06766955,0.13100322,0.03584414,0.13006686,-0.011923646,13.772402,-2.6301281,16.13059,0.25775054,0.2601337,-0.023847291,0.36194366,-0.0691207,0.18932548,0.0030252284,253.61456,254.70941,341.12253,2.3723776,8.963319,0.5524553
5,7,10,0.0040960005,0.22283381,0.04742954,0.13736252,0.038041748,0.10889162,-0.004081222,14.102717,-2.5865903,16.61772,0.42040014,0.21778324,-0.008162444,0.3706245,-0.06797656,0.19504294,0.004934254,253.58937,254.60742,340.3012,2.1661901,8.963319,0.564254
5,8,10,0.0040960005,0.23131748,0.05179425,0.14424102,0.03528221,0.11379175,-0.0029790208,14.451505,-2.8046079,16.003653,-0.6818459,0.2275835,-0.0059580416,0.37979075,-0.073706105,0.18783559,-0.00800286,253.60152,254.56187,340.43988,3.4864538,8.963319,0.609234
5,9,10,0.0040960005,0.24401987,0.062178105,0.14551322,0.036328543,0.12467769,-0.011404873,14.515095,-2.186014,16.239222,0.38933378,0.24935538,-0.022809746,0.38146195,-0.057449225,0.19060048,0.004569629,253.60776,254.54335,340.7642,1.7966802,8.961453,0.5852996
5,10,10,0.0040960005,0.24306238,0.05418396,0.14795837,0.040920056,0.11638724,-0.004162135,14.63654,-2.3703382,17.234922,0.93392205,0.23277448,-0.00832427,0.38465357,-0.062293362,0.20228706,0.010961488,253.54971,254.37602,339.88345,1.4364161,8.961453,0.5821451
5,11,10,0.0040960005,0.23181167,0.053715706,0.14296453,0.035131443,0.115883246,-0.0053636883,14.387417,-2.5313182,15.969422,-0.57097566,0.23176649,-0.010727377,0.3781065,-0.066523954,0.18743384,-0.0067015644,253.51724,254.14445,340.14243,3.102294,8.961453,0.5840691
5,12,10,0.0040960005,0.23994201,0.06508972,0.13887423,0.03597806,0.12756343,-0.013014254,14.180109,-1.7520404,16.160696,0.65266716,0.25512686,-0.026028508,0.37265834,-0.046044264,0.18967883,0.0076603843,253.50383,254.03772,340.50732,1.0993732,8.961453,0.54349166
5,13,10,0.0040960005,0.22157092,0.046375237,0.13360234,0.041593354,0.107674554,-0.006476883,13.908353,-1.7066271,17.376135,1.280634,0.21534911,-0.012953766,0.36551654,-0.04485078,0.20394449,0.015030864,253.49522,254.15425,339.8634,0.42599308,8.9593525,0.4891706
5,14,10,0.0040960005,0.21995075,0.05351596,0.13201198,0.03442281,0.11566758,-0.006774325,13.825327,-2.010121,15.807544,0.009208679,0.23133516,-0.01354865,0.36333454,-0.052826717,0.18553385,0.00010808068,253.53294,254.20522,340.33652,2.0009124,8.9593525,0.5246965
5,15,10,0.0040960005,0.22552519,0.06389739,0.12776974,0.03385805,0.12638967,-0.01461478,13.601371,-1.0976125,15.677332,1.1918349,0.25277933,-0.02922956,0.35744894,-0.028845647,0.18400557,0.01398862,253.5534,254.15872,340.7017,-0.09422243,8.9593525,0.5155215
5,16,10,0.0040960005,0.2285462,0.055362437,0.13519129,0.037992485,0.11764612,-0.0067369007,13.990815,-1.2580123,16.606956,1.6669295,0.23529224,-0.013473801,0.36768368,-0.033061013,0.1949166,0.019564828,253.55429,254.24031,339.90665,-0.4089172,8.9593525,0.51500577
5,17,10,0.0040960005,0.23414125,0.057490945,0.14141719,0.035233114,0.119886346,-0.0075457776,14.309346,-1.8749337,15.992514,-0.12675823,0.23977269,-0.015091555,0.37605476,-0.04927395,0.18770486,-0.0014877729,253.59691,254.39249,340.07098,2.001692,8.957071,0.54527795
5,18,10,0.0040960005,0.24755052,0.07513957,0.139328,0.033082947,0.13705799,-0.015292159,14.203254,-1.386445,15.496845,0.57096726,0.27411598,-0.030584319,0.37326667,-0.03643629,0.18188718,0.0067014648,253.64279,254.53436,340.62854,0.8154778,8.957071,0.543234
5,19,10,0.0040960005,0.20519404,0.046989392,0.122836016,0.035368636,0.10838518,-0.0069587347,13.336183,-1.2676127,16.023243,1.2987692,0.21677037,-0.013917469,0.3504797,-0.033313323,0.18806551,0.015243714,253.61876,254.5161,340.08215,-0.03115654,8.957071,0.52378756
5,20,10,0.0040960005,0.21438497,0.05507961,0.12793759,0.031367783,0.11734523,-0.0063142814,13.610299,-1.4195088,15.089788,0.10253548,0.23469046,-0.012628563,0.35768363,-0.037305206,0.17710952,0.0012034647,253.6169,254.4076,340.40878,1.3169733,8.957071,0.53149134
5,21,10,0.0040960005,0.21757174,0.0600117,0.12743314,0.0301269,0.12248643,-0.013640972,13.583444,-0.44884607,14.788307,1.2707154,0.24497285,-0.027281944,0.3569778,-0.011795805,0.17357102,0.014914443,253.58115,254.09026,340.18805,-0.82186925,8.954622,0.49087158
5,22,10,0.0040960005,0.19715907,0.04689557,0.11490507,0.035358433,0.108276926,-0.0064543798,12.898471,-0.5875176,16.02093,1.3449547,0.21655385,-0.0129087595,0.3389765,-0.015440189,0.18803838,0.015785793,253.58505,254.22096,339.637,-0.7574371,8.954622,0.45850632
5,23,10,0.0040960005,0.19520523,0.047666296,0.11561307,0.031925857,0.10916306,-0.0059267203,12.938149,-1.4074734,15.223431,-0.53951126,0.21832612,-0.011853441,0.34001923,-0.036988933,0.17867808,-0.00633227,253.67506,254.61761,340.4467,1.9469848,8.954622,0.47503984
5,24,10,0.0040960005,0.21438484,0.060229722,0.12201241,0.032142717,0.12270872,-0.015137228,13.291397,-0.9565356,15.275044,0.39898497,0.24541745,-0.030274456,0.34930274,-0.025138093,0.1792839,0.004682905,253.74596,254.93452,340.94742,0.5575506,8.954622,0.47135803
5,25,10,0.0040960005,0.18653636,0.043997932,0.10810167,0.03443675,0.10487842,-0.0064203,12.510796,-1.2098727,15.810743,0.6176451,0.20975684,-0.0128406,0.3287882,-0.031795908,0.18557142,0.007249328,253.77107,255.18454,340.62915,0.59222764,8.95216,0.41766074
5,26,10,0.0040960005,0.19604601,0.053505886,0.112531655,0.030008465,0.115656696,-0.004568083,12.764566,-1.5349252,14.75921,-0.50635165,0.23131339,-0.009136166,0.33545738,-0.04033837,0.17322952,-0.005943072,253.7974,255.20392,341.32742,2.041277,8.95216,0.45912862
5,27,10,0.0040960005,0.21270211,0.06482534,0.11729402,0.030582743,0.1273041,-0.01316064,13.031866,-0.67350566,14.899765,0.7817147,0.2546082,-0.02632128,0.34248215,-0.017699946,0.17487922,0.009175019,253.75902,254.93785,341.14395,-0.108209014,8.95216,0.45062065
5,28,10,0.0040960005,0.20184101,0.046723053,0.11804958,0.03706838,0.10807758,-0.0072391983,13.073771,-0.7321349,16.403746,1.4291198,0.21615516,-0.014478397,0.34358343,-0.019240765,0.1925315,0.016773645,253.68687,254.74318,340.0659,-0.69698495,8.95216,0.44785887
5,29,10,0.0040960005,0.18504557,0.0508825,0.10334317,0.0308199,0.11278575,-0.007455645,12.23234,-0.93441343,14.957423,-0.11878148,0.2255715,-0.01491129,0.32147032,-0.02455671,0.17555597,-0.0013941419,253.68967,254.70224,340.44907,1.0531949,8.949685,0.44010785
5,30,10,0.0040960005,0.21373232,0.0713449,0.11079367,0.031593755,0.13355233,-0.013901225,12.66561,-0.40150437,15.144044,0.59096754,0.26710466,-0.02780245,0.33285683,-0.010551694,0.17774633,0.0069362135,253.72832,254.82408,341.03137,-0.18946317,8.949685,0.42252478
5,31,10,0.0040960005,0.18524179,0.0462086,0.106725276,0.0323079,0.10748093,-0.004667122,12.430891,-0.75436,15.314245,0.79191214,0.21496186,-0.009334244,0.32668835,-0.019824857,0.17974399,0.009294707,253.69402,254.64136,340.13077,-0.03755212,8.949685,0.39634597
5,32,10,0.0040960005,0.19276477,0.05087869,0.11160555,0.030280551,0.112781525,-0.006287215,12.711932,-1.2284863,14.825969,-0.42110196,0.22556305,-0.01257443,0.33407417,-0.032285035,0.17401308,-0.004942492,253.69789,254.56874,340.22507,1.6495882,8.949685,0.44055086
5,33,10,0.0040960005,0.20545702,0.06044501,0.11275859,0.03225341,0.12292784,-0.011973919,12.777431,-0.33810225,15.301325,0.4935734,0.24585567,-0.023947839,0.33579546,-0.008885437,0.17959234,0.005793092,253.69714,254.58168,340.42886,-0.15547115,8.947334,0.38879788
5,34,10,0.0040960005,0.18627895,0.045007396,0.10628141,0.034990143,0.106074736,-0.0044783005,12.405014,-0.1391506,15.937276,1.0187958,0.21214947,-0.008956601,0.3260083,-0.0036569173,0.18705653,0.011957653,253.6624,254.54068,339.61823,-0.8796452,8.947334,0.3780028
5,35,10,0.0040960005,0.1769737,0.04828938,0.09732762,0.03135669,0.109874226,-0.0058016977,11.870984,-0.55194324,15.087119,-0.6940838,0.21974845,-0.011603395,0.31197375,-0.014505251,0.1770782,-0.008146492,253.6914,254.56535,340.3508,1.246027,8.947334,0.38474548
5,36,10,0.0040960005,0.18358918,0.059441675,0.09390105,0.030246448,0.121903315,-0.011333971,11.660143,0.010585592,14.817619,0.07813213,0.24380663,-0.022667943,0.30643278,0.0002781839,0.17391506,0.00091704156,253.70786,254.63814,340.76382,-0.08871772,8.947334,0.37144688
5,37,10,0.0040960005,0.1711123,0.04329886,0.09235872,0.035454728,0.10404189,-0.00407264,11.563989,-0.14949235,16.042732,0.77976024,0.20808378,-0.00814528,0.30390579,-0.0039287,0.18829426,0.009152084,253.6525,254.56483,340.0011,-0.63026786,8.945119,0.3427515
5,38,10,0.0040960005,0.17030682,0.047031302,0.090597086,0.03267842,0.10843351,-0.0052967323,11.453171,-0.5310484,15.40181,-0.3145763,0.21686701,-0.010593465,0.3009935,-0.013956128,0.18077174,-0.0036921962,253.63612,254.40785,340.30615,0.8456247,8.945119,0.40671822
5,39,10,0.0040960005,0.19302079,0.06119655,0.099028856,0.032795377,0.12368968,-0.012337065,11.974283,0.63082314,15.429347,1.034495,0.24737936,-0.02467413,0.3146885,0.016578294,0.18109494,0.012141914,253.58037,254.08545,340.27628,-1.6653181,8.945119,0.3880884
5,40,10,0.0040960005,0.17235243,0.043760132,0.095207095,0.033385206,0.10459461,-0.0041032024,11.7409525,0.7237512,15.567476,1.4524715,0.20918922,-0.008206405,0.30855647,0.019020433,0.18271619,0.017047724,253.46947,253.63133,338.9782,-2.1762228,8.945119,0.37774208
5,41,10,0.0040960005,0.16719797,0.044780914,0.0910824,0.031334646,0.105807506,-0.0050448203,11.483808,0.54410034,15.081815,0.2445643,0.21161501,-0.0100896405,0.3017986,0.014299166,0.17701595,0.0028704586,253.42926,253.40523,339.11115,-0.78866464,8.943191,0.3929093
5,42,10,0.0040960005,0.19087201,0.06293487,0.09609024,0.03184692,0.12543412,-0.012423236,11.795281,1.45832,15.204598,1.2783772,0.25086823,-0.024846472,0.30998427,0.038325183,0.17845705,0.01500437,253.4016,253.27351,339.39133,-2.7366972,8.943191,0.3824284
5,43,10,0.0040960005,0.17057765,0.04386845,0.09096594,0.035743255,0.10472398,-0.0057223462,11.476463,1.4964067,16.107878,1.886928,0.20944797,-0.0114446925,0.3016056,0.039326113,0.18905887,0.022146963,253.3357,253.08026,338.54205,-3.3833346,8.943191,0.36832532
5,44,10,0.0040960005,0.17524342,0.04834613,0.09294118,0.03395611,0.10993876,-0.006591461,11.600395,1.1608104,15.70002,0.51562333,0.21987753,-0.013182922,0.30486256,0.03050652,0.18427184,0.0060518943,253.31218,252.95052,338.7255,-1.6764337,8.943191,0.38727337
5,45,10,0.0040960005,0.1739443,0.053847592,0.08889773,0.031198986,0.11602542,-0.011525836,11.345247,1.5798855,15.049132,1.263789,0.23205084,-0.023051672,0.29815722,0.04151996,0.17663234,0.014833146,253.35556,253.08179,338.9262,-2.8436747,8.941512,0.32951126
5,46,10,0.0040960005,0.14953789,0.040792722,0.07729884,0.03144632,0.10098604,-0.00436381,10.579258,1.3465062,15.108667,1.4945775,0.20197208,-0.00872762,0.2780267,0.035386644,0.1773311,0.017541924,253.36935,253.15263,338.44617,-2.8410838,8.941512,0.3182407
5,47,10,0.0040960005,0.14426109,0.042035498,0.07448431,0.027741283,0.1025128,-0.0036657145,10.384871,0.6081031,14.190721,-0.26414406,0.2050256,-0.007331429,0.27291813,0.015981164,0.16655715,-0.003100271,253.39856,253.26582,338.87515,-0.34395903,8.941512,0.32518148
5,48,10,0.0040960005,0.16801593,0.05911001,0.07886925,0.03003666,0.12156275,-0.009713314,10.686182,1.3526266,14.766143,0.7806476,0.2431255,-0.019426627,0.2808367,0.035547517,0.17331088,0.009162497,253.40897,253.38786,339.28305,-2.133274,8.941512,0.29816073
5,49,10,0.0040960005,0.14202371,0.038364958,0.07194109,0.031717654,0.09793487,-0.002095008,10.206038,1.3427161,15.173709,1.3741671,0.19586974,-0.004190016,0.26821837,0.035287067,0.1780945,0.016128665,253.34772,253.12527,338.43512,-2.7168832,8.940006,0.28013274
5,50,10,0.0040960005,0.13804846,0.042080835,0.06769714,0.028270481,0.10256807,-0.0036373674,9.900424,0.78901625,14.325435,-0.17023213,0.20513614,-0.007274735,0.26018673,0.020735625,0.16813828,-0.0019980206,253.34427,253.00748,338.78424,-0.6187841,8.940006,0.30802366
5,51,10,0.0040960005,0.16628908,0.060019247,0.07668179,0.029588027,0.12249413,-0.008937653,10.536947,1.2969623,14.655452,0.45977476,0.24498826,-0.017875306,0.27691478,0.034084644,0.1720117,0.0053963955,253.37128,253.10835,338.90555,-1.756737,8.940006,0.27131516
5,52,10,0.0040960005,0.14161122,0.038712792,0.07147949,0.031418942,0.09837783,-0.001781289,10.173242,1.0666713,15.102087,0.8033097,0.19675566,-0.003562578,0.2673565,0.028032515,0.17725389,0.009428483,253.34126,253.0642,338.1408,-1.8699809,8.940006,0.26642007
5,53,10,0.0040960005,0.13500968,0.040792223,0.06492495,0.02929251,0.10098542,-0.00027464013,9.695596,0.20531055,14.582082,-0.4662343,0.20197085,-0.00054928026,0.25480375,0.0053956266,0.17115055,-0.0054722144,253.32939,252.91103,338.58395,0.26092374,8.938692,0.24694824
5,54,10,0.0040960005,0.14953259,0.05127624,0.06939122,0.028865129,0.11322129,-0.008492354,10.023536,1.2158617,14.475313,0.45011854,0.22644258,-0.016984709,0.26342213,0.031953275,0.1698974,0.0052830623,253.29137,252.64346,338.5023,-1.6659802,8.938692,0.24014962
5,55,10,0.0040960005,0.13823934,0.038746346,0.0684397,0.031053288,0.098420456,-0.0011442911,9.954576,1.2123407,15.013951,0.61328125,0.19684091,-0.0022885823,0.26160982,0.031860758,0.17621943,0.0071981074,253.24055,252.5254,337.70367,-1.825622,8.938692,0.24262537
5,56,10,0.0040960005,0.13408962,0.03959436,0.065318234,0.029177032,0.099491656,-0.001919113,9.7249155,0.46314994,14.55331,-0.86644465,0.19898331,-0.003838226,0.25557432,0.012171753,0.17081286,-0.010169502,253.22932,252.48431,338.14853,0.4032947,8.938692,0.24095145
5,57,10,0.0040960005,0.15497814,0.053001985,0.072250135,0.029726014,0.1151108,-0.008202458,10.227935,1.1415358,14.689586,0.5944163,0.2302216,-0.016404916,0.26879385,0.029999973,0.17241234,0.0069766925,253.20001,252.3243,338.25946,-1.7359521,8.937584,0.23333387
5,58,10,0.0040960005,0.14070271,0.037899178,0.070240885,0.03256264,0.09733856,-0.001641772,10.084715,1.2892077,15.374502,1.1262254,0.19467711,-0.003283544,0.26502997,0.03388085,0.18045121,0.01321856,253.1106,251.98102,337.39926,-2.415433,8.937584,0.27795365
5,59,10,0.0040960005,0.13019165,0.039054528,0.062312417,0.028824707,0.09881109,-0.004295727,9.49852,0.9563093,14.465174,-0.20975363,0.19762218,-0.008591454,0.24962455,0.025132148,0.1697784,-0.0024618874,253.05571,251.60997,337.60223,-0.7465557,8.937584,0.28695357
5,60,10,0.0040960005,0.14046077,0.04590911,0.06600664,0.028545026,0.107132055,-0.009209973,9.776029,1.7737825,14.394826,0.5656207,0.21426411,-0.018419946,0.25691757,0.046615653,0.16895273,0.006638713,253.0252,251.4239,337.57812,-2.3394032,8.937584,0.27617905
5,61,10,0.0040960005,0.12695165,0.03523503,0.06127276,0.030443866,0.09385498,3.8275815e-5,9.418947,1.2859653,14.865897,0.8982733,0.18770996,7.655163e-5,0.24753335,0.03379563,0.1744817,0.010543074,252.9992,251.44089,336.7267,-2.1842387,8.936678,0.2622819
5,62,10,0.0040960005,0.12626216,0.038109414,0.057928286,0.03022445,0.097608164,-0.001511454,9.158282,0.5622832,14.812228,-0.49556166,0.19521633,-0.003022908,0.24068296,0.014777018,0.1738518,-0.0058164294,253.01683,251.494,337.10336,-0.06672156,8.936678,0.25806153
5,63,10,0.0040960005,0.13509576,0.04611139,0.060271397,0.028712975,0.10736781,-0.00741095,9.341665,1.4868934,14.437112,0.40359697,0.21473563,-0.0148219,0.24550234,0.039076097,0.16944903,0.0047370377,253.01196,251.37384,337.30823,-1.8904904,8.936678,0.24755281
5,64,10,0.0040960005,0.1232415,0.034026332,0.059228007,0.029987153,0.09223114,-0.00076963805,9.260453,1.3614874,14.753968,0.84175247,0.18446228,-0.0015392761,0.24336804,0.035780385,0.17316799,0.009879686,252.9624,251.10898,336.46783,-2.20324,8.936678,0.26039836
5,65,10,0.0040960005,0.11910066,0.03754538,0.054373596,0.027181683,0.09688315,-0.0019398687,8.872841,0.62136376,14.046864,-0.46581936,0.1937663,-0.0038797373,0.23318146,0.016329682,0.16486868,-0.0054673427,252.96075,251.09845,336.65424,-0.1555444,8.93602,0.23529372
5,66,10,0.0040960005,0.13129984,0.043424323,0.059656862,0.028218657,0.10419252,-0.00588272,9.293919,1.1411757,14.3123,0.121917725,0.20838504,-0.01176544,0.24424754,0.02999051,0.1679841,0.0014309546,252.95718,251.11624,336.8264,-1.2630935,8.93602,0.23532377
5,67,10,0.0040960005,0.124632396,0.032497447,0.06289,0.029244952,0.09013524,0.001327192,9.542441,1.0865228,14.570239,0.57166445,0.18027048,0.002654384,0.2507788,0.028554212,0.17101155,0.006709654,252.87677,250.81935,335.75296,-1.6581873,8.93602,0.26025894
5,68,10,0.0040960005,0.123930864,0.035178877,0.06086082,0.027891168,0.09378017,-0.0015199215,9.387233,0.4525356,14.229006,-0.7172502,0.18756033,-0.003039843,0.24669985,0.011892803,0.1670065,-0.008418397,252.8587,250.59181,336.19797,0.26471463,8.93602,0.24889812
5,69,10,0.0040960005,0.13049492,0.038519546,0.06352302,0.028452354,0.098131984,-0.006401296,9.590345,1.2387182,14.371439,0.1461819,0.19626397,-0.012802592,0.25203773,0.032553963,0.16867825,0.0017157432,252.85962,250.56436,336.50543,-1.3849001,8.935635,0.2441437
5,70,10,0.0040960005,0.11487666,0.031614203,0.05494822,0.02831423,0.088901915,0.00079658057,8.919602,1.1705681,14.336513,0.29688957,0.17780383,0.0015931611,0.23441036,0.03076297,0.16826832,0.0034846056,252.79607,250.40364,335.8065,-1.4674577,8.935635,0.2934471
5,71,10,0.0040960005,0.10623431,0.02977329,0.049670883,0.026790144,0.08627469,-0.00084266276,8.480464,0.49127245,13.945329,-0.7410844,0.17254938,-0.0016853255,0.22286965,0.012910822,0.16367695,-0.008698142,252.73915,250.09975,335.85858,0.24981195,8.935635,0.28970394
5,72,10,0.0040960005,0.12133722,0.034964852,0.058400586,0.027971782,0.09349445,-0.0067110946,9.195541,1.410059,14.249555,0.37013137,0.1869889,-0.013422189,0.24166213,0.03705686,0.16724767,0.0043442496,252.67276,249.74156,335.7119,-1.7801903,8.935635,0.27043155
5,73,10,0.0040960005,0.11807799,0.029734554,0.059213426,0.029130016,0.08621855,-7.029013e-5,9.259314,1.5766448,14.541579,0.8529315,0.1724371,-0.00014058026,0.2433381,0.0414348,0.17067517,0.010010895,252.59119,249.45708,334.69675,-2.4295764,8.935519,0.29545233
5,74,10,0.0040960005,0.10630567,0.028710874,0.05037881,0.02721599,0.084721416,-0.0016869716,8.540683,0.79702044,14.055726,-0.33846426,0.16944283,-0.0033739433,0.22445224,0.020945987,0.1649727,-0.003972568,252.55244,249.31332,334.76392,-0.45855618,8.935519,0.2878753
5,75,10,0.0040960005,0.11837408,0.03556035,0.05528782,0.027525907,0.09428726,-0.005453176,8.947123,1.2537477,14.135529,0.41678998,0.18857452,-0.010906352,0.23513362,0.032948937,0.16590934,0.0048918827,252.5211,249.21419,334.67603,-1.6705377,8.935519,0.2731097
5,76,10,0.0040960005,0.107910804,0.029428417,0.049527906,0.028954485,0.085773565,0.00069729064,8.46825,0.9161198,14.4977,0.60825855,0.17154713,0.0013945813,0.22254866,0.02407596,0.17016017,0.007139158,252.49876,249.19412,334.00732,-1.5243783,8.935519,0.27455246
5,77,10,0.0040960005,0.10528978,0.029694181,0.048132453,0.027463147,0.08616,-0.00012532389,8.3481,0.16965215,14.119404,-0.78669196,0.17232,-0.00025064778,0.2193911,0.0044585224,0.16572009,-0.009233438,252.52498,249.27284,334.456,0.6170398,8.935663,0.25451654
5,78,10,0.0040960005,0.11457023,0.033272382,0.0539621,0.02733575,0.09120359,-0.003774561,8.839202,0.8004055,14.086617,-0.16148095,0.18240719,-0.007549122,0.23229744,0.02103494,0.16533527,-0.0018953091,252.54407,249.34099,334.65466,-0.63892454,8.935663,0.23735896
5,79,10,0.0040960005,0.10763778,0.030863492,0.04799951,0.02877478,0.08784004,0.0032932535,8.336563,0.38588768,14.452641,-0.05268621,0.17568009,0.006586507,0.2190879,0.0101412665,0.1696313,-0.0006183789,252.5101,249.28462,334.09555,-0.33320147,8.935663,0.2598249
5,80,10,0.0040960005,0.1143841,0.032182064,0.053823885,0.028378148,0.0896968,0.0007723257,8.827876,-0.19274956,14.352689,-0.77577245,0.1793936,0.0015446513,0.23199975,-0.005065523,0.16845815,-0.009105276,252.47928,249.10735,334.1993,0.968522,8.935663,0.26065114
5,81,10,0.0040960005,0.12323592,0.034339804,0.060683377,0.028212735,0.09265501,-0.0012052727,9.373537,0.26279485,14.310796,-0.11811767,0.18531002,-0.0024105455,0.24633996,0.006906347,0.16796647,-0.0013863528,252.48714,249.06345,334.2678,-0.14467719,8.935995,0.24952318
5,82,10,0.0040960005,0.12005625,0.03213594,0.058979202,0.028941104,0.0896325,0.0048275706,9.240982,-0.20894866,14.494349,-0.10920322,0.179265,0.009655141,0.24285634,-0.005491247,0.17012085,-0.0012817233,252.51018,249.25264,333.7406,0.3181519,8.935995,0.2705925
5,83,10,0.0040960005,0.11875866,0.03567549,0.05405156,0.029031618,0.09443978,0.0033756134,8.846527,-1.1553974,14.516998,-1.6340326,0.18887956,0.0067512267,0.23248991,-0.030364264,0.17038667,-0.019178713,252.57814,249.62581,334.41968,2.7894301,8.935995,0.26605716
5,84,10,0.0040960005,0.12590104,0.04117747,0.056257077,0.028466497,0.101461165,-0.0009562644,9.025209,-0.35101494,14.375012,-0.726638,0.20292233,-0.0019125288,0.23718575,-0.009224798,0.16872017,-0.008528585,252.55583,249.55205,334.59564,1.0776529,8.935995,0.24159753
5,85,10,0.0040960005,0.12417579,0.03543188,0.060180325,0.028563583,0.09411679,0.004517122,9.334604,-0.17648809,14.399506,-0.4504171,0.18823358,0.009034244,0.24531679,-0.0046381745,0.16900764,-0.0052865664,252.48042,249.1875,333.73294,0.6269052,8.936435,0.24308622
5,86,10,0.0040960005,0.12056255,0.034889452,0.05649182,0.029181289,0.093393594,0.0015754303,9.044019,-0.8082426,14.55437,-1.7293402,0.18678719,0.0031508605,0.23768008,-0.021240914,0.17082532,-0.020297345,252.50876,249.30293,334.2493,2.5375829,8.936435,0.2584577
5,87,10,0.0040960005,0.126458,0.04097021,0.0552035,0.030284291,0.1012055,0.00079823926,8.940297,-0.4066334,14.826884,-0.96992195,0.202411,0.0015964785,0.23495425,-0.01068647,0.17402382,-0.011384018,252.52853,249.45293,334.78156,1.3765553,8.936435,0.24585027
5,88,10,0.0040960005,0.11505629,0.032825474,0.05190489,0.030325925,0.09058901,0.0049713627,8.669076,-0.6499178,14.837073,-0.5576854,0.18117802,0.009942725,0.22782645,-0.017080074,0.1741434,-0.0065455767,252.47385,249.33669,334.00555,1.2076032,8.936435,0.24429315
5,89,10,0.0040960005,0.11164102,0.034139425,0.04877849,0.02872311,0.092384286,0.0028761402,8.403938,-0.89721054,14.439659,-1.5330259,0.18476857,0.0057522804,0.22085853,-0.023579024,0.16947894,-0.017993191,252.43509,249.1458,333.9601,2.4302363,8.9369335,0.2538603
5,90,10,0.0040960005,0.1261652,0.03952646,0.05626762,0.030371109,0.09940631,-0.0008367005,9.026054,0.040673997,14.848123,-0.7127173,0.19881262,-0.001673401,0.23720796,0.0010689341,0.17427309,-0.008365194,252.38779,248.88983,333.78528,0.6720433,8.9369335,0.24694347
5,91,10,0.0040960005,0.120159745,0.034322564,0.055592716,0.030244473,0.09263175,0.00489073,8.971759,-0.035871565,14.817134,-0.79036504,0.1852635,0.00978146,0.23578107,-0.0009427191,0.17390938,-0.009276549,252.32814,248.58041,332.83167,0.8262366,8.9369335,0.24314281
5,92,10,0.0040960005,0.11834188,0.0347459,0.05350135,0.03009462,0.093201265,0.0045863558,8.801386,-0.48443943,14.780381,-1.7506613,0.18640253,0.0091727115,0.23130359,-0.012731241,0.173478,-0.02054759,252.3234,248.46327,333.02155,2.2351007,8.9369335,0.23953094
5,93,10,0.0040960005,0.123553105,0.037779424,0.05649213,0.029281551,0.09718465,0.00052157015,9.044044,0.10948852,14.579352,-0.5813145,0.1943693,0.0010431403,0.23768073,0.002877399,0.17111853,-0.006822915,252.31047,248.52573,333.17398,0.471826,8.9374075,0.23736285
5,94,10,0.0040960005,0.12702742,0.03590932,0.060412433,0.030705666,0.09474877,0.004631861,9.352589,0.16196418,14.929678,-0.39240775,0.18949755,0.009263722,0.24578941,0.00425647,0.17523032,-0.004605709,252.26009,248.44606,332.4203,0.23044357,8.9374075,0.23730846
5,95,10,0.0040960005,0.122673854,0.03377044,0.05798051,0.030922905,0.091883674,0.0033067225,9.162408,0.0042353156,14.982398,-1.5409342,0.18376735,0.006613445,0.24079143,0.000111300535,0.1758491,-0.018086016,252.24522,248.32236,332.91406,1.5366989,8.9374075,0.2668634
5,96,10,0.0040960005,0.13808791,0.038107652,0.06848109,0.031499177,0.09760591,-0.000918513,9.957584,0.61020714,15.121359,-0.59071714,0.19521181,-0.001837026,0.26168892,0.016036468,0.17748007,-0.0069332747,252.22359,248.2487,332.94998,-0.019490004,8.9374075,0.28649625
5,97,10,0.0040960005,0.13425326,0.036215868,0.06700894,0.031028448,0.09515233,0.0067439885,9.849974,0.27338186,15.007944,-0.34253246,0.19030467,0.013487977,0.25886086,0.007184573,0.17614894,-0.0040203207,252.16959,248.08537,332.2488,0.0691506,8.93774,0.26385242
5,98,10,0.0040960005,0.13480045,0.03611264,0.06828964,0.03039818,0.09501663,0.0032150578,9.943657,-0.060971346,14.854739,-1.3437225,0.19003326,0.0064301156,0.26132286,-0.0016023462,0.17435074,-0.01577133,252.13045,247.84712,332.40002,1.4046938,8.93774,0.277307
5,99,10,0.0040960005,0.15245664,0.040104706,0.08186071,0.03049122,0.1001308,-0.0007902173,10.886954,0.79985785,14.877454,-0.3491886,0.2002616,-0.0015804346,0.2861131,0.021020561,0.17461735,-0.0040984424,252.09447,247.69867,332.1591,-0.45066926,8.93774,0.2975467
5,100,10,0.0040960005,0.14542888,0.037764765,0.07671888,0.030945228,0.09716579,0.0044824868,10.539495,0.34580037,14.987806,-0.40493935,0.19433159,0.0089649735,0.27698174,0.009087753,0.17591256,-0.0047527906,252.08313,247.71942,331.47476,0.059138983,8.93774,0.26931423
6,1,10,0.0032768005,0.1550593,0.04026291,0.07780696,0.036989424,0.1003281,0.0010217705,10.613971,-1.7262051,16.386267,2.6744595,0.2006562,0.002043541,0.27893898,-0.045365274,0.19232635,0.031390257,253.79897,255.35687,341.41034,-0.94825435,8.937917,0.34503245
6,2,10,0.0032768005,0.14989713,0.04621407,0.0736434,0.030039655,0.10748729,-0.00037583197,10.326082,-2.2289712,14.766877,1.1154506,0.21497458,-0.00075166393,0.27137318,-0.058578175,0.17331952,0.013092095,253.81131,255.4071,341.495,1.1135206,8.937917,0.3596982
6,3,10,0.0032768005,0.15615979,0.051083744,0.072820395,0.032255653,0.113008566,-0.008593192,10.26822,-1.2100537,15.301856,2.1557372,0.22601713,-0.017186385,0.26985255,-0.031800654,0.17959858,0.02530199,253.78754,255.25923,341.94138,-0.9456835,8.937917,0.404121
6,4,10,0.0032768005,0.13563238,0.037134554,0.062398795,0.036099035,0.09635164,0.00050281035,9.505102,-1.3345331,16.187843,2.7171378,0.19270328,0.0010056207,0.24979751,-0.03507202,0.18999746,0.03189117,253.72136,254.99089,341.2348,-1.3826047,8.937917,0.33561903
6,5,10,0.0032768005,0.12987415,0.040356167,0.05959894,0.029919043,0.10044422,-0.0022260372,9.289406,-1.5163741,14.737202,1.3766154,0.20088844,-0.0044520744,0.24412894,-0.039850876,0.17297122,0.016157402,253.69402,254.7302,341.36917,0.1397587,8.937755,0.3039642
6,6,10,0.0032768005,0.15294832,0.05244009,0.06807882,0.032429416,0.114499,-0.009277696,9.928295,-0.6660549,15.343019,1.9918393,0.228998,-0.018555392,0.26091918,-0.017504163,0.1800817,0.023378307,253.70863,254.7735,341.93143,-1.3257844,8.937755,0.3137791
6,7,10,0.0032768005,0.13368064,0.03922926,0.059711833,0.034739554,0.09903189,0.000652377,9.298199,-0.90012276,15.880102,2.5676045,0.19806378,0.001304754,0.24436004,-0.023655547,0.1863855,0.030136093,253.68593,254.79626,341.1152,-1.6674818,8.937755,0.2886065
6,8,10,0.0032768005,0.12157361,0.042401824,0.051259793,0.027911993,0.102958515,-0.00060470897,8.615036,-1.168122,14.234317,0.9453581,0.20591703,-0.0012094179,0.22640626,-0.030698666,0.16706882,0.011095709,253.6864,254.6494,341.37097,0.22276396,8.937755,0.24499588
6,9,10,0.0032768005,0.14002103,0.052869666,0.057523098,0.029628262,0.114967026,-0.007948899,9.126196,-0.15403016,14.665412,1.9296339,0.22993405,-0.015897797,0.23983973,-0.004047967,0.17212862,0.022648206,253.69627,254.61876,341.60522,-1.7756037,8.937381,0.32351634
6,10,10,0.0032768005,0.12598649,0.039855573,0.055243455,0.030887457,0.0998193,0.00046780735,8.943532,-0.43156746,14.973808,2.4211633,0.1996386,0.0009356147,0.23503926,-0.01134176,0.17574827,0.028417306,253.67377,254.64803,340.88983,-1.9895959,8.937381,0.3205566
6,11,10,0.0032768005,0.12032036,0.044171825,0.050632883,0.025515653,0.10508547,-0.0014545845,8.562193,-1.0012093,13.609574,1.0066756,0.21017094,-0.002909169,0.22501752,-0.026312144,0.1597362,0.011815394,253.6729,254.60701,341.3004,-0.005466342,8.937381,0.2668823
6,12,10,0.0032768005,0.133285,0.050898682,0.055232037,0.027154278,0.11280368,-0.0082623055,8.942608,-0.34408277,14.039781,2.1674619,0.22560737,-0.016524611,0.23501498,-0.009042611,0.16478555,0.025439601,253.64532,254.44926,341.45248,-1.823379,8.937381,0.31140932
6,13,10,0.0032768005,0.11326717,0.033179644,0.048996817,0.031090708,0.091076404,0.00019477232,8.422725,-0.23884405,15.022994,2.6548944,0.18215281,0.00038954464,0.22135225,-0.0062769083,0.17632557,0.031160615,253.58548,254.24321,340.66208,-2.4160502,8.936803,0.27944472
6,14,10,0.0032768005,0.117607705,0.04168548,0.049178906,0.026743315,0.10208511,-0.002307745,8.438361,-0.5323129,13.933135,1.2375202,0.20417023,-0.00461549,0.22176318,-0.013989366,0.16353384,0.014524829,253.57784,254.14122,340.81833,-0.7052073,8.936803,0.22091185
6,15,10,0.0032768005,0.13897012,0.054653622,0.05655269,0.027763814,0.11689057,-0.0087714195,9.048889,0.13634795,14.196483,2.0278852,0.23378114,-0.017542839,0.2378081,0.0035832627,0.16662477,0.023801379,253.57144,254.10756,341.07117,-2.1642332,8.936803,0.2664958
6,16,10,0.0032768005,0.11787653,0.03835466,0.04905562,0.03046624,0.09792173,0.000601677,8.427777,0.13272034,14.871358,2.5473456,0.19584346,0.001203354,0.22148503,0.0034879325,0.17454581,0.029898314,253.51929,253.93213,340.30026,-2.6800659,8.936803,0.26412398
6,17,10,0.0032768005,0.11656691,0.044317767,0.046423823,0.025825325,0.10525893,-0.0022196095,8.198588,-0.18485975,13.691914,1.282169,0.21051785,-0.004439219,0.21546188,-0.0048581786,0.1607026,0.015048877,253.49716,253.7345,340.41364,-1.0973092,8.936094,0.19705623
6,18,10,0.0032768005,0.13614005,0.05102394,0.057717733,0.027398374,0.1129424,-0.007646012,9.1416235,0.47366706,14.102744,2.057956,0.2258848,-0.015292024,0.24024515,0.012448138,0.16552454,0.02415432,253.47542,253.58862,340.33423,-2.5316231,8.936094,0.2617607
6,19,10,0.0032768005,0.12007985,0.035771906,0.054253332,0.030054616,0.094567314,0.0005030283,8.863024,0.46557155,14.7705555,2.6410193,0.18913463,0.0010060566,0.23292345,0.012235386,0.17336267,0.030997762,253.41904,253.37721,339.3852,-3.106591,8.936094,0.25199315
6,20,10,0.0032768005,0.108038984,0.039243765,0.043674376,0.025120847,0.099050194,-0.0019106047,7.952103,0.032537904,13.503872,1.0796174,0.19810039,-0.0038212093,0.20898415,0.0008551039,0.15849558,0.012671519,253.39182,253.136,339.7219,-1.1121553,8.936094,0.17229791
6,21,10,0.0032768005,0.122555956,0.048439603,0.048859857,0.025256496,0.11004499,-0.008673599,8.410944,0.918576,13.540284,1.6978488,0.22008999,-0.017347198,0.22104266,0.024140507,0.15892293,0.019927729,253.34608,252.87898,339.73746,-2.6164248,8.935296,0.22015882
6,22,10,0.0032768005,0.10234433,0.03317063,0.042833406,0.02634029,0.09106403,0.00037364286,7.87517,0.79868364,13.827749,2.0758045,0.18212806,0.0007472857,0.20696233,0.020989696,0.16229692,0.024363814,253.29384,252.70432,338.82803,-2.874488,8.935296,0.19145378
6,23,10,0.0032768005,0.09920267,0.03627505,0.040140495,0.022787126,0.09523005,-0.0018025371,7.623599,0.22330244,12.861332,0.5833378,0.1904601,-0.0036050742,0.20035093,0.00586847,0.15095405,0.006846664,253.28664,252.57474,338.9574,-0.8066402,8.935296,0.13643868
6,24,10,0.0032768005,0.123421416,0.049449462,0.050924417,0.02304754,0.11118618,-0.0066664657,8.586807,1.1617832,12.934615,1.7205364,0.22237235,-0.013332931,0.22566439,0.030532086,0.15181416,0.02019401,253.27493,252.50682,339.17615,-2.8823195,8.935296,0.23234116
6,25,10,0.0032768005,0.10797015,0.031944387,0.050787523,0.025238242,0.08936496,0.0020112726,8.575257,0.8825053,13.53539,1.9501616,0.17872992,0.004022545,0.22536087,0.02319256,0.15886548,0.022889135,253.25961,252.58534,338.4849,-2.8326669,8.934433,0.18567769
6,26,10,0.0032768005,0.10535976,0.03642056,0.04627818,0.022661021,0.09542086,-0.00042945688,8.1857195,0.07776572,12.825696,0.3406342,0.19084172,-0.00085891376,0.21512364,0.0020437115,0.15053578,0.003998039,253.30429,252.80173,339.11423,-0.41839993,8.934433,0.1206252
6,27,10,0.0032768005,0.12045028,0.044767518,0.05221258,0.023470186,0.10579168,-0.0070700403,8.694734,0.8269968,13.052674,1.1825958,0.21158336,-0.014140081,0.22850072,0.021733776,0.15319982,0.013880179,253.30908,252.73291,339.35907,-2.0095925,8.934433,0.18666293
6,28,10,0.0032768005,0.10085936,0.03171796,0.04513402,0.024007376,0.089047685,0.0011750496,8.083896,0.5948794,13.201205,1.5976536,0.17809537,0.0023500992,0.21244769,0.015633646,0.15494314,0.018751733,253.30144,252.73114,338.81195,-2.192533,8.934433,0.15815616
6,29,10,0.0032768005,0.09993516,0.036779504,0.04197342,0.021182239,0.09588992,-0.0011735276,7.795714,-0.073737085,12.400155,-0.32417968,0.19177984,-0.0023470551,0.20487416,-0.0019378379,0.14554119,-0.0038049107,253.3374,252.78654,339.1035,0.39791676,8.933506,0.0873276
6,30,10,0.0032768005,0.10896919,0.046156082,0.040433325,0.02237978,0.10741983,-0.006424139,7.6513557,0.6931577,12.74586,0.28230393,0.21483967,-0.012848278,0.2010804,0.018216437,0.14959873,0.003313415,253.35246,252.8217,339.42993,-0.9754616,8.933506,0.16423643
6,31,10,0.0032768005,0.08763124,0.027839748,0.03647105,0.023320446,0.08342624,0.0029936018,7.2667933,0.52150786,13.010968,0.755129,0.16685247,0.0059872037,0.19097395,0.013705415,0.15271033,0.008862982,253.30753,252.77533,338.75278,-1.2766368,8.933506,0.13960145
6,32,10,0.0032768005,0.09589787,0.032700405,0.041304618,0.021892847,0.09041627,0.00067561684,7.733355,-0.19580455,12.606437,-0.4879357,0.18083254,0.0013512337,0.20323537,-0.005145813,0.14796232,-0.0057269246,253.29312,252.6785,339.14236,0.68374026,8.933506,0.10418711
6,33,10,0.0032768005,0.12202139,0.049341142,0.05002791,0.02265234,0.11106433,-0.005417136,8.510888,0.4636145,12.82324,0.09519719,0.22212866,-0.010834272,0.2236692,0.012183958,0.15050694,0.0011173324,253.27092,252.54747,339.08408,-0.55881166,8.932543,0.1395675
6,34,10,0.0032768005,0.09730501,0.030244753,0.04238563,0.024674626,0.08695509,0.002259152,7.8339,0.20781693,13.383402,0.64635026,0.17391019,0.004518304,0.2058777,0.0054615056,0.15708159,0.007586241,253.22705,252.45482,338.08395,-0.8541672,8.932543,0.12654684
6,35,10,0.0032768005,0.09211903,0.033568144,0.035954755,0.022596126,0.091608055,0.0011380706,7.2151737,-0.41349393,12.807318,-1.111987,0.18321611,0.0022761412,0.1896174,-0.01086677,0.15032008,-0.013051443,253.22098,252.35379,338.5362,1.525481,8.932543,0.12596813
6,36,10,0.0032768005,0.10612259,0.042483825,0.039985318,0.02365345,0.103058025,-0.006183972,7.608849,0.7902959,13.103534,-0.14418854,0.20611605,-0.012367944,0.19996329,0.020769265,0.15379678,-0.0016923475,253.16939,252.09476,338.62186,-0.6461074,8.932543,0.13731803
6,37,10,0.0032768005,0.09343471,0.029937103,0.039539695,0.02395791,0.08651171,0.0023336783,7.5663304,0.7136424,13.187597,0.01213513,0.17302342,0.0046673566,0.19884591,0.018754784,0.15478343,0.00014243012,253.10178,251.86667,337.71448,-0.72577757,8.931604,0.1481867
6,38,10,0.0032768005,0.09229357,0.030755319,0.038404394,0.023133852,0.08768597,-1.5551394e-5,7.456914,0.023244645,12.958813,-1.0592206,0.17537194,-3.1102787e-5,0.19597039,0.00061087415,0.15209816,-0.012432123,253.09853,251.81009,338.03946,1.0359759,8.931604,0.14993803
6,39,10,0.0032768005,0.107942745,0.036986977,0.04830634,0.022649433,0.096159995,-0.0054373536,8.363167,0.7806149,12.822417,-0.21353288,0.19231999,-0.010874707,0.21978703,0.020514844,0.15049729,-0.0025062466,253.09557,251.77686,338.34454,-0.56708205,8.931604,0.16750246
6,40,10,0.0032768005,0.10246904,0.028485587,0.050639335,0.023344122,0.08438837,0.0021632994,8.562738,0.604555,13.017572,0.001048117,0.16877674,0.0043265987,0.22503185,0.015887925,0.15278783,1.2301736e-5,253.07152,251.74469,337.6645,-0.6056031,8.931604,0.17539294
6,41,10,0.0032768005,0.09970108,0.03132661,0.046574734,0.021799726,0.088496625,-0.00031584201,8.211905,0.021505876,12.5795965,-1.5091286,0.17699325,-0.00063168403,0.2158118,0.0005651845,0.1476473,-0.01771271,253.09596,251.814,337.98398,1.4876227,8.9306965,0.15587382
6,42,10,0.0032768005,0.10970681,0.03846639,0.048817076,0.022423351,0.09806425,-0.0044659465,8.407261,0.72909987,12.75826,-1.0162476,0.1961285,-0.008931893,0.22094586,0.019161012,0.14974429,-0.011927743,253.0838,251.79282,337.8835,0.28714776,8.9306965,0.15845585
6,43,10,0.0032768005,0.09818227,0.027784953,0.047181122,0.023216197,0.083344094,0.0024852483,8.265189,0.5107732,12.981854,-0.50438523,0.16668819,0.0049704965,0.21721216,0.013423308,0.15236862,-0.005919993,253.00996,251.56683,336.94125,-0.006387949,8.9306965,0.16895153
6,44,10,0.0032768005,0.09615484,0.030872483,0.042951714,0.022330645,0.087852836,0.0012581734,7.8860397,-0.20147894,12.731859,-1.4723381,0.17570567,0.0025163468,0.20724796,-0.005294942,0.14943442,-0.0172809,252.98506,251.38762,337.26093,1.673817,8.9306965,0.15686275
6,45,10,0.0032768005,0.10529402,0.035088412,0.04753411,0.022671502,0.093659505,-0.0056489184,8.29605,0.5694169,12.82866,-0.6852204,0.18731901,-0.011297837,0.21802318,0.014964478,0.15057059,-0.008042462,252.95583,251.2209,337.2962,0.11580354,8.929817,0.15516451
6,46,10,0.0032768005,0.098989785,0.030407649,0.045041792,0.023540344,0.087188944,0.0008905681,8.075632,0.5830675,13.072166,-0.47922662,0.17437789,0.0017811361,0.21223052,0.0153232245,0.15342863,-0.0056247036,252.91058,251.06015,336.52945,-0.10384086,8.929817,0.17097923
6,47,10,0.0032768005,0.09379653,0.029737879,0.040405434,0.023653215,0.08622337,0.0003768025,7.648717,-0.21908732,13.10347,-1.6991725,0.17244674,0.000753605,0.20101103,-0.005757693,0.15379602,-0.019943267,252.92862,251.06183,336.73312,1.9182599,8.929817,0.16643931
6,48,10,0.0032768005,0.103040785,0.034631927,0.04450869,0.023900168,0.093048275,-0.0055154804,8.0276985,0.4249607,13.171696,-0.88139737,0.18609655,-0.011030961,0.21097082,0.011168121,0.15459679,-0.010345002,252.92116,250.982,336.85266,0.45643666,8.929817,0.16622326
6,49,10,0.0032768005,0.096698865,0.027621334,0.045310345,0.023767186,0.08309834,0.0019019559,8.09967,0.2505734,13.135001,-0.7076692,0.16619667,0.0038039119,0.21286227,0.0065851635,0.1541661,-0.008305944,252.85602,250.7085,336.22827,0.4570958,8.928988,0.19269271
6,50,10,0.0032768005,0.09778718,0.02769265,0.04551735,0.024577176,0.08320554,0.00032490192,8.118153,-0.09365344,13.356947,-1.790982,0.16641109,0.00064980384,0.21334796,-0.0024612432,0.1567711,-0.021020837,252.85828,250.62364,336.52542,1.8846354,8.928988,0.19768248
6,51,10,0.0032768005,0.10894929,0.03236231,0.051897183,0.024689795,0.08994763,-0.005654281,8.668433,0.51131094,13.387514,-1.2645335,0.17989527,-0.011308562,0.22780953,0.013437435,0.15712987,-0.014841893,252.8658,250.71606,336.59216,0.7532226,8.928988,0.21984525
6,52,10,0.0032768005,0.11304474,0.029004741,0.05941177,0.024628222,0.08515389,0.001135693,9.274809,0.18368761,13.3708105,-0.7601613,0.17030779,0.002271386,0.2437453,0.0048273862,0.15693381,-0.008922047,252.80283,250.43678,335.79315,0.57647365,8.928988,0.24162814
6,53,10,0.0032768005,0.10427551,0.028613148,0.051376168,0.024286197,0.084577106,-0.00092198874,8.62481,-0.2193753,13.277642,-2.046682,0.16915421,-0.0018439775,0.22666311,-0.005765267,0.1558403,-0.024022002,252.77924,250.24298,335.92645,2.2660573,8.928149,0.24342573
6,54,10,0.0032768005,0.11779159,0.033813845,0.05832185,0.025655895,0.091942705,-0.0053570257,9.18934,0.295317,13.646925,-1.2932938,0.18388541,-0.010714051,0.24149917,0.007761038,0.16017458,-0.015179451,252.77797,250.24022,335.9727,0.99797684,8.928149,0.24878587
6,55,10,0.0032768005,0.11125491,0.030648755,0.055373106,0.025233043,0.08753393,0.0016446632,8.954021,-0.114855215,13.533997,-0.91550976,0.17506786,0.0032893263,0.2353149,-0.0030184346,0.15884912,-0.01074538,252.72261,250.09761,335.18362,1.030365,8.928149,0.23528942
6,56,10,0.0032768005,0.10392839,0.029278852,0.05009594,0.024553597,0.08555532,-0.0008118851,8.516672,-0.31562257,13.350537,-1.9774953,0.17111064,-0.0016237702,0.22382122,-0.008294678,0.15669587,-0.02320995,252.66765,249.7771,335.18018,2.293118,8.928149,0.22190547
6,57,10,0.0032768005,0.11322676,0.0341487,0.05389174,0.025186311,0.09239683,-0.006642448,8.833438,0.6458725,13.521458,-1.2529265,0.18479367,-0.013284896,0.23214595,0.016973767,0.15870196,-0.014705652,252.62595,249.58322,334.9944,0.607054,8.927299,0.22068398
6,58,10,0.0032768005,0.10107617,0.026526283,0.049422164,0.025127726,0.08143446,-4.4896144e-5,8.459205,0.25726736,13.505721,-1.142499,0.16286892,-8.979229e-5,0.22231096,0.006761074,0.15851727,-0.013409564,252.59409,249.509,334.33148,0.8852316,8.927299,0.21719094
6,59,10,0.0032768005,0.102386,0.02982018,0.046581026,0.025984792,0.0863426,-0.002246168,8.212458,-0.19494274,13.73412,-2.0989883,0.1726852,-0.004492336,0.21582638,-0.0051231696,0.16119799,-0.02463592,252.59187,249.48277,334.62274,2.293931,8.927299,0.22142775
6,60,10,0.0032768005,0.10734896,0.030974315,0.04984604,0.02652861,0.08799761,-0.006986404,8.495403,0.4350099,13.877091,-1.0802459,0.17599522,-0.013972808,0.22326227,0.011432221,0.16287605,-0.012678896,252.55516,249.3285,334.7392,0.64523596,8.927299,0.21655793
6,61,10,0.0032768005,0.10645935,0.030692993,0.04874583,0.027020529,0.08759708,-0.0011490217,8.401124,0.24482603,14.005161,-1.0413375,0.17519416,-0.0022980433,0.22078457,0.0064341156,0.16437922,-0.012222224,252.46472,249.04106,333.83066,0.7965115,8.926406,0.2192006
6,62,10,0.0032768005,0.11027391,0.030139988,0.05334354,0.026790392,0.08680436,-0.0023519439,8.788396,0.018233174,13.945394,-1.8039461,0.17360872,-0.0047038877,0.2309622,0.00047918523,0.1636777,-0.021172998,252.38206,248.6196,333.80847,1.785713,8.926406,0.26522508
6,63,10,0.0032768005,0.12218037,0.037711427,0.057897076,0.026571872,0.09709715,-0.0059159114,9.155814,0.74347246,13.888402,-0.96095705,0.1941943,-0.011831823,0.24061811,0.019538723,0.16300881,-0.011278798,252.33372,248.35641,333.56427,0.2174846,8.926406,0.26547945
6,64,10,0.0032768005,0.11984798,0.032251805,0.060732096,0.02686408,0.089793935,-0.00081817247,9.377301,0.28044945,13.96456,-0.9588882,0.17958787,-0.0016363449,0.24643883,0.007370318,0.16390266,-0.011254516,252.31528,248.33937,332.92133,0.6784387,8.926406,0.2893165
6,65,10,0.0032768005,0.1273891,0.031771336,0.06825112,0.027366659,0.08912258,-0.002912849,9.94085,-0.15292613,14.094578,-2.1811123,0.17824516,-0.005825698,0.26124915,-0.0040189424,0.16542871,-0.025599815,252.32848,248.341,333.229,2.3340385,8.925535,0.27942157
6,66,10,0.0032768005,0.14440571,0.038653653,0.07696537,0.02878669,0.09830266,-0.007030875,10.556414,0.5679663,14.455632,-0.9513721,0.19660532,-0.01406175,0.27742633,0.014926356,0.16966641,-0.011166301,252.36288,248.54889,333.304,0.3834058,8.925535,0.27338105
6,67,10,0.0032768005,0.13867714,0.035535555,0.075700894,0.027440682,0.09425438,0.00045598275,10.4693365,0.28255978,14.113628,-1.0256879,0.18850876,0.0009119655,0.27513796,0.0074257706,0.16565229,-0.012038545,252.38687,248.69556,333.0435,0.7431282,8.925535,0.28463668
6,68,10,0.0032768005,0.13698767,0.03438246,0.07470153,0.027903672,0.09271254,-0.0028385904,10.400003,-0.15754099,14.232195,-2.0060434,0.18542507,-0.005677181,0.27331582,-0.0041402373,0.16704392,-0.023545021,252.38873,248.74234,333.48813,2.1635845,8.925535,0.2992396
6,69,10,0.0032768005,0.1403758,0.037544467,0.074653044,0.02817828,0.09688197,-0.005810125,10.396626,0.25698915,14.302054,-1.254338,0.19376394,-0.01162025,0.2732271,0.006753772,0.16786388,-0.014722223,252.40479,248.84732,333.66605,0.9973489,8.924606,0.2621949
6,70,10,0.0032768005,0.13755657,0.037168253,0.07135131,0.029036995,0.09639535,6.7815636e-5,10.164118,-0.03432303,14.518343,-1.3168266,0.1927907,0.00013563127,0.26711667,-0.00090202416,0.17040245,-0.015455654,252.37563,248.79944,333.04108,1.3511496,8.924606,0.26312068
6,71,10,0.0032768005,0.1393988,0.03625221,0.07449594,0.028650641,0.09520007,-0.001898742,10.38568,-0.26271474,14.4214325,-2.1668496,0.19040014,-0.003797484,0.27293944,-0.0069042337,0.169265,-0.025432413,252.3587,248.6761,333.02252,2.4295645,8.924606,0.26998895
6,72,10,0.0032768005,0.1571583,0.041524727,0.085531294,0.030102277,0.10188808,-0.0047799777,11.128361,0.3626823,14.782262,-1.1866107,0.20377617,-0.009559955,0.29245734,0.009531428,0.17350008,-0.013927302,252.3608,248.76898,332.8668,0.82392836,8.924606,0.26632112
6,73,10,0.0032768005,0.15263674,0.041267395,0.08144937,0.02991997,0.10157189,0.0009844489,10.859567,0.017053006,14.7374325,-0.88235104,0.20314378,0.0019688979,0.28539336,0.0004481547,0.1729739,-0.010356193,252.35056,248.78581,332.35013,0.86529803,8.923614,0.2511458
6,74,10,0.0032768005,0.14749543,0.03830818,0.07954374,0.029643519,0.09786238,-0.00083831465,10.731778,-0.3624475,14.6691885,-1.9539776,0.19572476,-0.0016766293,0.282035,-0.009525241,0.17217293,-0.022933925,252.35425,248.69452,332.6964,2.316425,8.923614,0.25860593
6,75,10,0.0032768005,0.1567575,0.04097535,0.08501943,0.03076272,0.101211846,-0.0042768694,11.095013,0.11503092,14.943543,-1.125596,0.20242369,-0.008553739,0.29158092,0.003023056,0.17539304,-0.013211173,252.35999,248.71165,332.83618,1.0105652,8.923614,0.25482166
6,76,10,0.0032768005,0.14263076,0.036189202,0.07491402,0.031527534,0.0951173,0.001204044,10.4147835,-0.21945576,15.128163,-1.1295813,0.1902346,0.002408088,0.27370426,-0.0057673743,0.17755994,-0.013257946,252.329,248.6521,332.32196,1.349037,8.923614,0.2547073
6,77,10,0.0032768005,0.14086996,0.038331065,0.07134683,0.031192064,0.09789161,-7.1455135e-5,10.163798,-0.6480633,15.047462,-2.0883918,0.19578321,-0.00014291027,0.26710826,-0.01703133,0.17661275,-0.024511553,252.33322,248.60555,332.62677,2.736455,8.922525,0.25546786
6,78,10,0.0032768005,0.15414552,0.042369395,0.07966451,0.03211161,0.10291914,-0.003987222,10.7399235,0.122876406,15.2676525,-1.0496136,0.20583828,-0.007974444,0.28224903,0.0032292472,0.17919713,-0.012319363,252.31458,248.5121,332.77292,0.9267372,8.922525,0.24572167
6,79,10,0.0032768005,0.13647035,0.0377999,0.06864848,0.030021962,0.09721098,0.0010280157,9.969746,-0.3145473,14.762528,-1.2004385,0.19442196,0.0020560315,0.26200855,-0.008266411,0.17326847,-0.0140896,252.2893,248.39609,332.2771,1.5149858,8.922525,0.24566974
6,80,10,0.0032768005,0.13511565,0.038355794,0.065378495,0.031381376,0.097923175,-0.0018455103,9.729401,-0.76869816,15.093058,-2.2385576,0.19584635,-0.0036910207,0.25569218,-0.020201683,0.1771479,-0.026274048,252.3155,248.50052,332.8312,3.0072558,8.922525,0.46645644
6,81,10,0.0032768005,0.13977288,0.040168885,0.06696214,0.032641858,0.10021088,-0.0035809958,9.846533,0.03311419,15.393189,-1.1663498,0.20042177,-0.0071619917,0.25877044,0.0008702471,0.18067057,-0.013689503,252.29086,248.38516,332.8199,1.1332356,8.921429,0.23066393
6,82,10,0.0032768005,0.13204068,0.038179442,0.060644854,0.033216394,0.0976978,0.00053197204,9.370562,-0.045125324,15.52807,-1.4299343,0.1953956,0.0010639441,0.24626176,-0.0011859037,0.18225366,-0.016783198,252.2659,248.35445,332.14038,1.4750596,8.921429,0.23186848
6,83,10,0.0032768005,0.14288923,0.042433374,0.06636937,0.034086484,0.10299681,-0.0006792214,9.802854,-0.38399497,15.730128,-2.02087,0.20599362,-0.0013584428,0.25762254,-0.010091522,0.18462525,-0.023719043,252.23978,248.36943,332.34872,2.404865,8.921429,0.24751827
6,84,10,0.0032768005,0.15375228,0.04416362,0.07525066,0.034337994,0.10507571,-0.0036474376,10.438157,0.4917393,15.788057,-0.853076,0.21015142,-0.007294875,0.27431855,0.012923092,0.18530513,-0.010012592,252.17412,248.09828,332.28418,0.36133668,8.921429,0.24664272
6,85,10,0.0032768005,0.14796117,0.039564677,0.07325226,0.035144236,0.09945436,0.00027603452,10.298624,0.11168632,15.972329,-0.75013953,0.19890872,0.00055206905,0.27065155,0.0029351544,0.18746796,-0.008804425,252.10373,247.8505,331.49005,0.63845325,8.920412,0.26607877
6,86,10,0.0032768005,0.13878559,0.036731053,0.06710046,0.034954067,0.09582674,-0.0011062694,9.856697,-0.055869363,15.929058,-1.5255702,0.19165348,-0.0022125388,0.25903755,-0.0014682731,0.18696007,-0.017905686,252.09178,247.77533,331.73294,1.5814395,8.920412,0.26150024
6,87,10,0.0032768005,0.14736289,0.041340668,0.07088396,0.035138264,0.101662025,-0.003979616,10.1307745,0.62462133,15.970973,-0.46635947,0.20332405,-0.007959232,0.26624042,0.016415268,0.18745203,-0.00547368,252.08351,247.77548,331.56302,-0.15826187,8.920412,0.24477012
6,88,10,0.0032768005,0.15681353,0.042416405,0.07793516,0.03646197,0.10297622,0.00044754418,10.622711,0.08077664,16.269016,-0.5266623,0.20595244,0.00089508836,0.2791687,0.0021228453,0.19095019,-0.0061814603,252.09288,247.91106,330.92297,0.44588566,8.920412,0.27203056
6,89,10,0.0032768005,0.15951636,0.044813283,0.07976206,0.034941025,0.10584574,-0.00039382957,10.746494,0.10579797,15.926085,-1.268271,0.21169148,-0.00078765914,0.28242177,0.0027804086,0.18692519,-0.014885753,252.13324,247.97412,331.54608,1.162473,8.919519,0.27077734
6,90,10,0.0032768005,0.16977382,0.047654856,0.0855666,0.036552355,0.10914996,-0.004401713,11.130657,0.81294346,16.289165,-0.22380945,0.21829993,-0.008803426,0.2925177,0.021364449,0.1911867,-0.002626861,252.13329,247.9941,331.75568,-0.589134,8.919519,0.2577462
6,91,10,0.0032768005,0.16058968,0.043808676,0.0804518,0.036329202,0.10465261,0.0003874055,10.79286,0.68572015,16.23937,-0.21513505,0.20930523,0.000774811,0.28364027,0.018020976,0.19060221,-0.002525054,252.07779,247.83751,331.0116,-0.4705851,8.919519,0.25954103
6,92,10,0.0032768005,0.15961798,0.042775743,0.079733744,0.037108485,0.10341149,-0.0010054846,10.744588,0.7991433,16.412619,-1.0066047,0.20682298,-0.0020109692,0.28237164,0.021001777,0.19263563,-0.011814566,252.04352,247.57895,331.5318,0.20746136,8.919519,0.27371064
6,93,10,0.0032768005,0.16063581,0.041326813,0.08317782,0.036131185,0.101644985,-0.005667641,10.97419,1.5749652,16.195053,-0.050848912,0.20328997,-0.011335282,0.28840566,0.04139065,0.19008204,-0.0005968147,252.00848,247.386,331.64545,-1.5241163,8.918728,0.27900207
6,94,10,0.0032768005,0.15272555,0.037772615,0.08021218,0.03474074,0.09717589,-0.0005531552,10.776774,1.1984499,15.880374,-0.19597594,0.19435178,-0.0011063104,0.28321755,0.03149569,0.18638867,-0.0023001842,251.9686,247.2882,331.0263,-1.002474,8.918728,0.29086077
6,95,10,0.0032768005,0.15927494,0.0405669,0.081823744,0.03688429,0.10070613,-0.0030240424,10.884497,1.2001842,16.362963,-1.0130935,0.20141226,-0.0060480847,0.2860485,0.031541247,0.19205283,-0.011890727,251.95456,247.24385,331.32764,-0.18709075,8.918728,0.2995108
6,96,10,0.0032768005,0.16630913,0.043219704,0.08555271,0.03753673,0.103946745,-0.0064621503,11.129753,1.6301355,16.507048,0.05164422,0.20789349,-0.0129243005,0.29249394,0.04284056,0.19374397,0.00060615514,251.8915,247.02545,331.2076,-1.6817797,8.918728,0.30694872
6,97,10,0.0032768005,0.1747977,0.04400001,0.09214478,0.038652916,0.1048809,-0.00121396,11.550586,1.5091647,16.750675,0.33334127,0.2097618,-0.00242792,0.30355358,0.03966139,0.19660345,0.003912444,251.84312,246.87897,330.28223,-1.8425059,8.918048,0.3077647
6,98,10,0.0032768005,0.17004947,0.043929182,0.088446476,0.037673816,0.10479645,-0.004259143,11.316417,1.0174435,16.537163,-0.53790224,0.2095929,-0.008518286,0.29739952,0.026738781,0.19409744,-0.0063133794,251.91058,247.23927,330.85693,-0.4795413,8.918048,0.28418073
6,99,10,0.0032768005,0.188227,0.051805977,0.09896256,0.03745847,0.11380463,-0.0076384223,11.970275,1.5829457,16.48983,0.47580063,0.22760926,-0.015276845,0.31458315,0.04160039,0.1935419,0.005584494,251.9375,247.4934,331.17044,-2.0587463,8.918048,0.32627726
6,100,10,0.0032768005,0.18662006,0.047381796,0.10172125,0.03751702,0.1088368,-0.0009372692,12.135971,1.23146,16.502712,0.2698475,0.2176736,-0.0018745384,0.3189377,0.032363206,0.1936931,0.003167209,251.91689,247.46814,330.63394,-1.5013075,8.918048,0.36152306
7,1,10,0.0026214404,0.17313622,0.050658617,0.08497929,0.03749831,0.11253735,0.002231206,11.092392,0.80658835,16.4986,-0.06638629,0.2250747,0.004462412,0.29151207,0.021197429,0.1936448,-0.0007791796,251.97948,248.47096,331.72446,-0.74020207,8.917535,0.2576271
7,2,10,0.0026214404,0.17406318,0.051417988,0.08411116,0.038534023,0.113377675,-9.1109614e-5,11.035588,0.8131532,16.724894,-1.147883,0.22675535,-0.00018221923,0.29001924,0.021369953,0.19630085,-0.013472752,252.05556,248.58768,332.3012,0.33472985,8.917535,0.2788817
7,3,10,0.0026214404,0.17631876,0.058207404,0.079538494,0.038572863,0.120631054,-0.0046586064,10.731424,1.3913406,16.733322,-0.3897228,0.24126211,-0.009317213,0.2820257,0.036564916,0.19639975,-0.0045741955,252.11584,248.8803,332.81137,-1.0016178,8.917535,0.3945246
7,4,10,0.0026214404,0.1558524,0.047926966,0.07207993,0.03584552,0.10946114,0.0005793355,10.215881,0.9862697,16.130901,-0.29379764,0.21892229,0.001158671,0.26847705,0.025919529,0.18932913,-0.0034483178,252.08426,248.73357,332.52158,-0.6924721,8.917535,0.25729975
7,5,10,0.0026214404,0.1529672,0.047113918,0.07050469,0.03534859,0.1085287,-0.0029323956,10.103635,0.8599946,16.018702,-1.2148966,0.2170574,-0.005864791,0.2655272,0.022600966,0.18801221,-0.014259294,252.08427,248.60333,333.25174,0.35490197,8.916878,0.25056797
7,6,10,0.0026214404,0.15578379,0.046974417,0.07527899,0.03353038,0.10836791,-0.0058405763,10.440122,1.8564407,15.601288,-0.43101987,0.21673582,-0.0116811525,0.27437016,0.048787933,0.18311302,-0.005058899,252.03871,248.35278,333.1513,-1.4254208,8.916878,0.27014756
7,7,10,0.0026214404,0.14414749,0.038891494,0.0714448,0.033811186,0.098604634,0.00041035208,10.1707735,1.5452443,15.666479,-0.61233556,0.19720927,0.00082070415,0.2672916,0.040609576,0.18387818,-0.007187011,251.98576,248.19417,332.51642,-0.9329088,8.916878,0.2386208
7,8,10,0.0026214404,0.14320052,0.04281359,0.0662233,0.034163624,0.10345723,-0.0022009755,9.792061,1.4143654,15.747919,-1.4693918,0.20691445,-0.004401951,0.25733888,0.03717003,0.18483405,-0.017246325,251.9698,248.09904,333.03238,0.055026412,8.916878,0.239614
7,9,10,0.0026214404,0.13825609,0.042336725,0.062659696,0.03325967,0.10287945,-0.005872147,9.524954,2.072402,15.538181,-0.16636534,0.2057589,-0.011744294,0.25031918,0.054463465,0.18237235,-0.0019526349,251.9086,247.88913,332.76425,-1.9060366,8.9161,0.25235623
7,10,10,0.0026214404,0.13303533,0.03666856,0.064108804,0.032257974,0.09574518,-0.00080412684,9.634462,1.8088199,15.302407,-0.07814265,0.19149037,-0.0016082537,0.25319716,0.047536436,0.17960505,-0.00091716496,251.83484,247.60461,331.73682,-1.7306772,8.9161,0.21608046
7,11,10,0.0026214404,0.14826821,0.0427311,0.073412895,0.03212421,0.10335751,-0.0035604143,10.309911,1.6952115,15.270647,-0.9716582,0.20671502,-0.0071208286,0.27094814,0.04455077,0.17923228,-0.011404394,251.82442,247.57396,332.13535,-0.72355336,8.9161,0.23425576
7,12,10,0.0026214404,0.15410598,0.04344044,0.078775845,0.031889692,0.10421185,-0.0065307706,10.679851,2.33663,15.214807,0.08856563,0.2084237,-0.013061541,0.28067034,0.061407484,0.17857686,0.0010394978,251.80312,247.5066,332.38116,-2.4251957,8.9161,0.27238065
7,13,10,0.0026214404,0.13930823,0.034856506,0.07166641,0.032785308,0.09334949,-0.0014056624,10.186537,1.9449577,15.426977,0.40581036,0.18669897,-0.0028113248,0.26770583,0.051114183,0.18106714,0.004763017,251.75217,247.33163,331.7303,-2.350768,8.915285,0.24392378
7,14,10,0.0026214404,0.13632777,0.040063053,0.06528545,0.030979263,0.100078784,-0.003060613,9.722476,1.6694483,14.996044,-0.45445845,0.20015757,-0.006121226,0.25551018,0.0438737,0.17600927,-0.0053340006,251.77261,247.37639,332.0808,-1.2149898,8.915285,0.2324955
7,15,10,0.0026214404,0.14140488,0.042927656,0.06749876,0.030978465,0.10359495,-0.007950812,9.885908,1.9850496,14.995853,0.4391673,0.2071899,-0.015901623,0.25980523,0.052167825,0.176007,0.0051545296,251.80855,247.60223,331.93094,-2.424217,8.915285,0.23009473
7,16,10,0.0026214404,0.14801466,0.042262007,0.07361704,0.03213562,0.10278863,-0.0015551514,10.324235,1.6641165,15.273358,0.17790376,0.20557725,-0.0031103028,0.2713246,0.04373358,0.17926411,0.0020880639,251.84332,247.78564,331.73227,-1.8420203,8.915285,0.2232702
7,17,10,0.0026214404,0.13906775,0.04161555,0.06659689,0.03085531,0.10199945,-0.0037252067,9.819643,1.200161,14.966015,-1.2938942,0.2039989,-0.0074504134,0.25806373,0.03154067,0.1756568,-0.015186495,251.92026,247.99355,332.76602,0.09373319,8.914462,0.22267985
7,18,10,0.0026214404,0.1410342,0.043269567,0.06773827,0.030026367,0.10400669,-0.008412519,9.903432,1.5559841,14.763613,-0.09921527,0.20801339,-0.016825037,0.26026577,0.040891822,0.17328118,-0.0011644965,252.00816,248.44563,333.31503,-1.4567689,8.914462,0.20260397
7,19,10,0.0026214404,0.12876813,0.033485543,0.06417914,0.031103441,0.091495275,-0.0009739062,9.639746,1.0258183,15.026071,-0.37015805,0.18299055,-0.0019478124,0.253336,0.026958883,0.17636168,-0.004344562,252.02188,248.50041,333.03574,-0.6556603,8.914462,0.19684358
7,20,10,0.0026214404,0.1243416,0.03743162,0.056249846,0.03066013,0.09673627,-0.0047075097,9.024629,0.77351016,14.918605,-1.517941,0.19347253,-0.009415019,0.2371705,0.020328132,0.17510034,-0.017816138,252.03554,248.41829,333.60046,0.74443084,8.914462,0.19461653
7,21,10,0.0026214404,0.13443856,0.042876925,0.061577797,0.029983833,0.10353372,-0.00886776,9.442364,1.4683212,14.753152,-0.2812241,0.20706744,-0.01773552,0.24814874,0.038588017,0.1731584,-0.003300739,252.0561,248.47423,333.89087,-1.1870971,8.913657,0.19973253
7,22,10,0.0026214404,0.12602827,0.0306625,0.065058686,0.030307088,0.08755355,-0.0022954326,9.705576,0.7817022,14.832465,-0.23286608,0.1751071,-0.004590865,0.25506604,0.020543417,0.17408931,-0.002733162,252.04991,248.56609,333.47766,-0.5488361,8.913657,0.18596216
7,23,10,0.0026214404,0.13977222,0.04038483,0.067996904,0.03139049,0.100479886,-0.0037207995,9.922319,0.69182736,15.095249,-1.186407,0.20095977,-0.007441599,0.26076216,0.01818147,0.17717361,-0.013924915,252.06702,248.60649,334.02524,0.4945796,8.913657,0.19486636
7,24,10,0.0026214404,0.15112686,0.045119625,0.07416013,0.031847112,0.1062069,-0.008388165,10.362247,1.3635181,15.204643,-0.07083253,0.2124138,-0.01677633,0.27232358,0.035833757,0.17845759,-0.00083136436,252.08298,248.68991,333.91367,-1.2926856,8.913657,0.2076838
7,25,10,0.0026214404,0.13523601,0.035715703,0.06797926,0.031541046,0.094492994,-0.001127405,9.921034,0.9689337,15.131404,0.27361307,0.18898599,-0.00225481,0.26072833,0.025463926,0.17759798,0.003211408,252.08586,248.68317,333.15082,-1.2425468,8.912924,0.1709185
7,26,10,0.0026214404,0.11913505,0.03439374,0.05569949,0.029041825,0.09272774,-0.001450402,8.980371,0.65174514,14.519551,-0.9212263,0.18545549,-0.002900804,0.23600739,0.017128099,0.17041662,-0.010812475,252.11427,248.8166,333.67346,0.26948118,8.912924,0.18141624
7,27,10,0.0026214404,0.12042178,0.03807628,0.05416321,0.028182289,0.097565725,-0.006434779,8.855659,1.3066033,14.303072,0.37380072,0.19513145,-0.012869558,0.23272991,0.03433801,0.16787581,0.004387315,252.0876,248.80501,333.78552,-1.6804041,8.912924,0.22801407
7,28,10,0.0026214404,0.12391954,0.033919998,0.06047283,0.02952671,0.09208691,0.0003371058,9.357263,0.8368564,14.64026,0.5922558,0.18417382,0.0006742116,0.24591224,0.021992886,0.17183338,0.006951332,252.0614,248.76764,333.201,-1.4291122,8.912924,0.21944062
7,29,10,0.0026214404,0.13949628,0.04221005,0.069420286,0.027865944,0.102725424,-0.0017093511,10.025635,0.36901924,14.222571,-0.421538,0.20545085,-0.0034187022,0.2634773,0.009697952,0.16693096,-0.0049476083,252.10149,248.8195,333.70355,0.052518755,8.912229,0.18308789
7,30,10,0.0026214404,0.1506783,0.046687197,0.07579951,0.0281916,0.1080361,-0.008223142,10.476153,1.2585214,14.305435,0.065457895,0.2160722,-0.016446283,0.2753171,0.033074405,0.16790354,0.0007682798,252.16487,248.97089,334.07324,-1.3239794,8.912229,0.20521207
7,31,10,0.0026214404,0.13844657,0.036660824,0.07260328,0.029182466,0.09573508,-0.001148201,10.252902,0.55022115,14.554665,-0.10629604,0.19147016,-0.002296402,0.26944995,0.014460008,0.17082876,-0.0012475998,252.23283,249.35947,333.89874,-0.4439251,8.912229,0.17720732
7,32,10,0.0026214404,0.12503907,0.037935264,0.05919719,0.027906615,0.097384885,-0.002300507,9.258044,0.10344419,14.232945,-1.3630627,0.19476977,-0.004601014,0.24330473,0.0027185534,0.16705273,-0.01599832,252.29884,249.5825,335.07877,1.2596185,8.912229,0.17741284
7,33,10,0.0026214404,0.12685917,0.041162126,0.058063827,0.027633218,0.101442255,-0.0069096214,9.168989,0.73735124,14.163055,-0.37877354,0.20288451,-0.013819243,0.24096437,0.019377852,0.16623242,-0.0044456804,252.28712,249.49164,335.3625,-0.3585777,8.9116125,0.17974785
7,34,10,0.0026214404,0.11470106,0.027307415,0.059598286,0.027795356,0.08262478,-0.00026931547,9.289355,0.32029948,14.204543,0.15620862,0.16524956,-0.00053863093,0.2441276,0.00841758,0.16671939,0.0018334292,252.23933,249.3564,334.479,-0.47650808,8.9116125,0.19168103
7,35,10,0.0026214404,0.12951687,0.034242135,0.06693795,0.028336775,0.09252315,-0.00385591,9.844754,-0.059857994,14.34222,-0.7586532,0.1850463,-0.00771182,0.2587237,-0.0015730894,0.1683353,-0.008904346,252.25978,249.39232,334.927,0.81851125,8.9116125,0.20671684
7,36,10,0.0026214404,0.13512374,0.0407103,0.06544708,0.028966367,0.10088397,-0.006751426,9.734503,0.36718306,14.500676,-0.15120289,0.20176794,-0.013502852,0.25582626,0.0096497005,0.17019509,-0.0017746747,252.32645,249.68375,335.25137,-0.21598017,8.9116125,0.20133461
7,37,10,0.0026214404,0.12245335,0.030955149,0.061509173,0.02998903,0.087970376,-0.00017588367,9.437102,0.0042800135,14.754429,0.19387501,0.17594075,-0.00035176735,0.24801043,0.00011247698,0.17317341,0.002275514,252.37338,250.01605,335.03638,-0.19815503,8.911066,0.1677746
7,38,10,0.0026214404,0.12365736,0.037693463,0.05732063,0.028643262,0.097074024,-0.0010403323,9.110122,-0.5326164,14.419575,-1.3964564,0.19414805,-0.0020806645,0.23941727,-0.013997354,0.1692432,-0.016390273,252.44112,250.28174,335.7313,1.9290727,8.911066,0.18243682
7,39,10,0.0026214404,0.13084242,0.04447092,0.057659116,0.028712373,0.10544065,-0.0058625983,9.13698,-0.21367028,14.43696,-0.6732477,0.2108813,-0.011725197,0.24012312,-0.0056153354,0.16944726,-0.007901936,252.50075,250.57191,336.27225,0.88691795,8.911066,0.19278906
7,40,10,0.0026214404,0.11807071,0.029566463,0.05918566,0.029318586,0.08597451,0.0010168366,9.257142,-0.7165704,14.58857,-0.2434287,0.17194901,0.0020336732,0.24328104,-0.018831728,0.17122671,-0.00285713,252.48868,250.53989,335.56403,0.9599991,8.911066,0.19664426
7,41,10,0.0026214404,0.11678338,0.034339894,0.05429299,0.028150497,0.09265513,-0.0016455229,8.8662615,-0.69940627,14.295003,-1.5280993,0.18531026,-0.0032910458,0.23300856,-0.018380648,0.1677811,-0.017935373,252.5266,250.45526,336.21124,2.2275057,8.910628,0.1838254
7,42,10,0.0026214404,0.12535952,0.04267244,0.05344787,0.029239208,0.10328654,-0.0067565874,8.796986,0.06609699,14.568808,-0.48743,0.20657308,-0.013513175,0.23118795,0.0017370563,0.17099476,-0.005720986,252.56746,250.57114,336.63635,0.42133301,8.910628,0.16723645
7,43,10,0.0026214404,0.109502174,0.028071873,0.05129833,0.030131973,0.083773315,3.334067e-5,8.618274,-0.49717823,14.789551,0.008074982,0.16754663,6.668134e-5,0.22649135,-0.013066032,0.17358564,9.477379e-5,252.55939,250.62299,335.79956,0.48910326,8.910628,0.16909142
7,44,10,0.0026214404,0.108678035,0.030635692,0.049516015,0.028526329,0.08751527,-0.00038841757,8.467234,-0.8657777,14.390111,-1.2648704,0.17503054,-0.00077683514,0.22252195,-0.02275295,0.16889739,-0.0148458425,252.56497,250.583,336.51523,2.1306481,8.910628,0.19328229
7,45,10,0.0026214404,0.11677226,0.038377665,0.051130466,0.027264124,0.09795109,-0.006012724,8.604161,-0.33374256,14.06815,-0.292224,0.19590218,-0.012025448,0.22612047,-0.008770873,0.16511852,-0.0034298464,252.55193,250.53131,336.64078,0.62596655,8.910307,0.17557995
7,46,10,0.0026214404,0.11245425,0.028075263,0.055170044,0.029208945,0.083778374,0.0005998178,8.937588,-0.6438234,14.561266,0.14297955,0.16755675,0.0011996356,0.23488304,-0.01691991,0.17090625,0.0016781549,252.53139,250.52905,335.7796,0.5008438,8.910307,0.17714578
7,47,10,0.0026214404,0.1076613,0.032155514,0.0487175,0.026788285,0.089659795,-0.000427393,8.398683,-0.90729725,13.944845,-1.2556688,0.17931959,-0.000854786,0.22072041,-0.0238441,0.16367127,-0.014737842,252.57947,250.71854,336.5896,2.162966,8.910307,0.17372635
7,48,10,0.0026214404,0.12825918,0.051308043,0.050533473,0.02641766,0.113256395,-0.006863015,8.553784,-0.4259963,13.848043,-0.18787515,0.22651279,-0.01372603,0.22479652,-0.011195335,0.1625351,-0.0022051022,252.61407,250.89896,337.01028,0.61387146,8.910307,0.16845274
7,49,10,0.0026214404,0.113577545,0.027419634,0.05711629,0.029041618,0.082794376,-8.13182e-5,9.093868,-0.7931011,14.519498,0.5512171,0.16558875,-0.0001626364,0.23899014,-0.020842986,0.17041601,0.006469658,252.59535,250.88905,336.29773,0.241884,8.91007,0.16265175
7,50,10,0.0026214404,0.11145841,0.032892212,0.051845517,0.026720682,0.09068105,-0.0012438333,8.664116,-1.4703765,13.9272375,-1.3739504,0.1813621,-0.0024876667,0.2276961,-0.038642023,0.16346462,-0.016126117,252.68648,251.18884,337.03555,2.844327,8.91007,0.17941442
7,51,10,0.0026214404,0.11486508,0.04226519,0.046804048,0.025795838,0.1027925,-0.007243993,8.232095,-1.0222858,13.6840925,-0.50864375,0.205585,-0.014487986,0.21634243,-0.026866043,0.16061082,-0.00596997,252.77153,251.55032,337.6913,1.5309296,8.91007,0.17307976
7,52,10,0.0026214404,0.103178866,0.02643207,0.04947337,0.027273426,0.081289716,-4.8302038e-5,8.463587,-1.474882,14.070551,-0.12958735,0.16257943,-9.6604075e-5,0.2224261,-0.038760435,0.16514668,-0.0015209684,252.76294,251.4799,337.05978,1.6044693,8.91007,0.16757698
7,53,10,0.0026214404,0.11181233,0.031251304,0.05484148,0.025719548,0.088390194,-0.0021416245,8.9109335,-1.9349076,13.663844,-1.3600563,0.17678039,-0.004283249,0.23418258,-0.050850064,0.16037315,-0.015963042,252.81895,251.59608,337.5746,3.2949638,8.90987,0.19656685
7,54,10,0.0026214404,0.11935452,0.039861802,0.053910706,0.025582016,0.0998271,-0.0055310503,8.834992,-1.3182069,13.627261,-0.5632036,0.1996542,-0.0110621005,0.2321868,-0.034642957,0.15994379,-0.0066103465,252.86009,251.74585,337.86063,1.8814105,8.90987,0.17623894
7,55,10,0.0026214404,0.09540354,0.026202487,0.042701557,0.026499493,0.08093591,0.0010234298,7.863041,-1.704827,13.869473,0.28559113,0.16187182,0.0020468596,0.20664355,-0.04480347,0.16278665,0.0033519943,252.81882,251.70718,337.16852,1.4192358,8.90987,0.17809744
7,56,10,0.0026214404,0.103380024,0.030572081,0.04742747,0.025380474,0.08742437,-0.0012567712,8.286739,-2.163848,13.573476,-0.8869792,0.17484874,-0.0025135423,0.21777849,-0.056866705,0.1593125,-0.010410516,252.81416,251.60022,337.85437,3.050827,8.90987,0.21666117
7,57,10,0.0026214404,0.10914821,0.038136564,0.04488925,0.026122399,0.09764293,-0.0070195445,8.061945,-1.2462189,13.770437,-0.15735279,0.19528586,-0.014039089,0.21187083,-0.03275108,0.16162425,-0.0018468554,252.82706,251.56804,338.27725,1.4035717,8.909709,0.17432162
7,58,10,0.0026214404,0.09983283,0.026735479,0.046351615,0.026745733,0.08175494,-0.00018533914,8.192211,-1.4345508,13.9337635,0.54984635,0.16350988,-0.0003706783,0.21529426,-0.037700515,0.16354123,0.0064535695,252.82312,251.6988,337.3747,0.8847044,8.909709,0.17007878
7,59,10,0.0026214404,0.10563061,0.030512528,0.04927323,0.025844846,0.08733918,-0.00093573873,8.44645,-2.1645164,13.697086,-0.8327248,0.17467836,-0.0018714775,0.22197574,-0.056884278,0.16076332,-0.0097737275,252.88647,251.94698,338.0435,2.9972413,8.909709,0.21128891
7,60,10,0.0026214404,0.115927525,0.03987735,0.050708838,0.025341341,0.09984657,-0.0059308633,8.568612,-1.6133919,13.563007,-0.29174665,0.19969314,-0.011861727,0.22518623,-0.042400524,0.15918964,-0.0034242398,252.93735,252.06245,338.4818,1.9051385,8.909709,0.19718294
7,61,10,0.0026214404,0.10623625,0.02800648,0.051590033,0.026639733,0.08367568,-0.00042083408,8.642742,-1.8518646,13.906125,0.5303973,0.16735137,-0.00084166817,0.22713439,-0.048667677,0.16321683,0.0062252968,252.94748,252.15578,337.8138,1.3214673,8.909571,0.21106865
7,62,10,0.0026214404,0.107340775,0.03046059,0.051384576,0.025495611,0.08726481,-0.00063609536,8.625516,-2.487658,13.604229,-0.68787605,0.17452963,-0.0012721907,0.22668166,-0.06537656,0.15967345,-0.00807363,252.99197,252.3391,338.3477,3.175534,8.909571,0.22636841
7,63,10,0.0026214404,0.1198816,0.04403539,0.052564867,0.023281341,0.104923055,-0.006009237,8.724017,-1.8390722,13.000055,0.07170675,0.20984611,-0.012018474,0.2292703,-0.04833148,0.15258224,0.000841626,253.00806,252.36124,338.7182,1.7673655,8.909571,0.22491385
7,64,10,0.0026214404,0.10396467,0.026659409,0.051818553,0.02548671,0.081638545,0.0004321632,8.661863,-2.2160175,13.601853,0.61508256,0.16327709,0.0008643264,0.22763689,-0.05823774,0.15964557,0.007219246,253.014,252.46437,338.32504,1.600935,8.909571,0.23717356
7,65,10,0.0026214404,0.110429816,0.03128494,0.054999087,0.024145791,0.08843774,-0.0016462959,8.92373,-2.4286413,13.239206,-0.83449584,0.17687549,-0.0032925918,0.23451884,-0.06382557,0.15538916,-0.009794515,253.0475,252.52635,339.0426,3.263137,8.90943,0.23576911
7,66,10,0.0026214404,0.11067006,0.039983224,0.04769845,0.022988385,0.09997903,-0.008058455,8.310379,-1.5852493,12.918003,0.1975087,0.19995806,-0.01611691,0.21839975,-0.041660924,0.15161921,0.0023181667,253.05884,252.5161,339.4289,1.3877406,8.90943,0.22223143
7,67,10,0.0026214404,0.101983525,0.026104407,0.049944103,0.025935017,0.08078429,-0.0004064814,8.503755,-1.8695757,13.72096,1.0105574,0.16156858,-0.0008129628,0.22348177,-0.049133126,0.16104352,0.011860959,253.03873,252.5249,338.70236,0.8590183,8.90943,0.21311508
7,68,10,0.0026214404,0.11812447,0.03246251,0.061330196,0.024331762,0.09008678,-0.0012089935,9.423361,-2.6484723,13.2900915,-0.43313175,0.18017356,-0.002417987,0.24764934,-0.0696028,0.15598641,-0.0050836815,253.06676,252.56454,339.35336,3.081604,8.90943,0.2658898
7,69,10,0.0026214404,0.12514746,0.04250939,0.05870758,0.023930494,0.10308903,-0.008684791,9.219678,-2.1993244,13.180049,0.35441542,0.20617805,-0.017369581,0.24229647,-0.05779904,0.15469484,0.0041597877,253.12875,252.77625,339.7725,1.844909,8.909246,0.26053154
7,70,10,0.0026214404,0.11452549,0.028600289,0.060616836,0.025308361,0.0845581,-0.0008568144,9.368398,-2.6056235,13.554179,0.89250624,0.1691162,-0.0017136288,0.24620487,-0.06847672,0.15908602,0.010475385,253.1609,252.94974,339.02423,1.7131172,8.909246,0.27773628
7,71,10,0.0026214404,0.11957041,0.030690659,0.06558674,0.02329301,0.08759375,-0.002419222,9.7448845,-3.3358178,13.003313,-0.5479089,0.1751875,-0.004838444,0.25609908,-0.08766648,0.15262048,-0.0064308294,253.25601,253.28902,339.81363,3.8837266,8.909246,0.32740104
7,72,10,0.0026214404,0.12755403,0.04400356,0.059491638,0.024058826,0.10488513,-0.007138776,9.281039,-2.9221032,13.215342,0.1617595,0.20977026,-0.014277552,0.24390908,-0.07679393,0.15510908,0.001898579,253.31665,253.54095,340.46097,2.7603436,8.909246,0.30330327
7,73,10,0.0026214404,0.10599868,0.027673217,0.05166851,0.026656955,0.083176345,-0.001960159,8.649314,-2.9196732,13.91062,1.0694413,0.16635269,-0.003920318,0.22730708,-0.07673008,0.16326958,0.012552081,253.30104,253.60385,339.68027,1.8502319,8.90902,0.27494937
7,74,10,0.0026214404,0.11438084,0.032636713,0.057234183,0.024509938,0.09032817,-0.0026524116,9.10325,-3.4363048,13.338662,-0.31355733,0.18065634,-0.005304823,0.23923667,-0.09030733,0.1565565,-0.0036802413,253.34366,253.75296,340.2826,3.7498622,8.90902,0.3059622
7,75,10,0.0026214404,0.12783195,0.041633952,0.06082043,0.025377572,0.102022,-0.008466687,9.384117,-3.0481398,13.572699,0.28768566,0.204044,-0.016933374,0.24661799,-0.08010622,0.1593034,0.0033765803,253.38866,253.91371,340.70566,2.7604542,8.90902,0.31931752
7,76,10,0.0026214404,0.11333265,0.025874656,0.061045468,0.026412524,0.080428004,-0.0014441953,9.401463,-3.3156023,13.846697,0.65468967,0.16085601,-0.0028883906,0.24707381,-0.08713524,0.1625193,0.0076841223,253.38277,253.92326,340.25757,2.6609125,8.90902,0.32672822
7,77,10,0.0026214404,0.13317111,0.033774782,0.07470967,0.024686659,0.09188958,-0.002286496,10.400569,-3.4401743,13.386664,-0.060972195,0.18377917,-0.004572992,0.2733307,-0.09040902,0.15711989,-0.000715629,253.38254,253.83,340.437,3.5011466,8.908727,0.34485868
7,78,10,0.0026214404,0.1458755,0.042993218,0.076846555,0.026035726,0.10367403,-0.0077041653,10.548261,-2.8847928,13.747575,0.50696194,0.20734806,-0.015408331,0.2772121,-0.0758134,0.1613559,0.0059502344,253.43857,254.05327,340.89886,2.377831,8.908727,0.34721732
7,79,10,0.0026214404,0.12335664,0.029985387,0.067705974,0.025665281,0.086581446,0.00044334837,9.901072,-3.080413,13.649423,0.66682047,0.17316289,0.00088669674,0.26020372,-0.08095438,0.16020387,0.0078265015,253.4521,254.19402,340.2095,2.4135926,8.908727,0.32012373
7,80,10,0.0026214404,0.12501441,0.0329886,0.06890972,0.023116086,0.09081382,-0.00022634954,9.988699,-3.3952708,12.9538355,-0.44284645,0.18162765,-0.00045269908,0.2625066,-0.08922892,0.15203975,-0.0051977066,253.48889,254.33102,340.68695,3.8381174,8.908727,0.34390107
7,81,10,0.0026214404,0.13734375,0.04257261,0.06994842,0.024822723,0.10316566,-0.006638982,10.063699,-2.6029727,13.423504,0.529424,0.20633131,-0.013277964,0.26447764,-0.068407066,0.15755229,0.006213873,253.5411,254.529,341.29507,2.0735488,8.908337,0.31186086
7,82,10,0.0026214404,0.121202216,0.029180026,0.0651571,0.026865091,0.08541081,-0.0017180371,9.712914,-2.5770984,13.964822,1.1398733,0.17082162,-0.0034360741,0.2552589,-0.06772708,0.16390574,0.013378745,253.54659,254.52036,340.73676,1.4372251,8.908337,0.2913706
7,83,10,0.0026214404,0.1297027,0.034251988,0.07095998,0.024490742,0.092536464,-0.0019549036,10.136204,-2.9657834,13.33344,-0.18825276,0.18507293,-0.003909807,0.26638314,-0.07794188,0.15649518,-0.0022095358,253.58026,254.55168,340.9872,3.154036,8.908337,0.3135875
7,84,10,0.0026214404,0.14365987,0.04235487,0.076120205,0.025184797,0.102901496,-0.00856997,10.498293,-2.7056882,13.5210495,0.45890468,0.20580299,-0.01713994,0.2758989,-0.07110646,0.15869719,0.005386184,253.65886,254.86438,341.43842,2.2467835,8.908337,0.35530624
7,85,10,0.0026214404,0.12978552,0.03133741,0.07206535,0.026382761,0.08851188,-0.0010866156,10.214848,-2.975253,13.838893,0.68426985,0.17702375,-0.0021732312,0.2684499,-0.07819073,0.16242771,0.008031306,253.7494,255.34126,341.26364,2.2909832,8.907869,0.3725167
7,86,10,0.0026214404,0.13261503,0.03627951,0.073408455,0.022927063,0.09523591,-0.0022302698,10.309598,-3.0277731,12.9007635,-0.5249187,0.19047181,-0.0044605397,0.27093995,-0.079570964,0.15141685,-0.0061609955,253.8133,255.57745,341.80215,3.552692,8.907869,0.36650506
7,87,10,0.0026214404,0.1477064,0.04716934,0.07553606,0.025001008,0.10859252,-0.008627979,10.4579315,-2.4379692,13.471625,0.6227837,0.21718504,-0.017255958,0.27483824,-0.064070724,0.15811707,0.0073096403,253.82477,255.61853,342.1111,1.8151855,8.907869,0.37413034
7,88,10,0.0026214404,0.1297376,0.030783705,0.07237068,0.026583217,0.08772643,-0.0017762076,10.2364645,-2.7425642,13.891367,0.9343818,0.17545286,-0.0035524152,0.269018,-0.07207557,0.1630436,0.010966881,253.80025,255.5422,341.45715,1.8081825,8.907869,0.36847
7,89,10,0.0026214404,0.1309627,0.034522682,0.07229691,0.02414311,0.0929014,-0.0023043505,10.231247,-2.564153,13.238471,-0.0488467,0.1858028,-0.004608701,0.26888084,-0.06738688,0.15538053,-0.0005733166,253.8103,255.50177,341.93887,2.6129997,8.907322,0.34415978
7,90,10,0.0026214404,0.14195132,0.045760483,0.07192071,0.02427013,0.1069585,-0.009772937,10.204592,-1.896718,13.273249,0.5995908,0.213917,-0.019545874,0.26818037,-0.049846422,0.15578873,0.007037424,253.84384,255.63696,342.56952,1.2971272,8.907322,0.33458024
7,91,10,0.0026214404,0.12480991,0.031719252,0.06614096,0.026949704,0.089049496,-0.0030085414,9.785971,-1.8742464,13.986795,1.2438982,0.17809899,-0.006017083,0.25717884,-0.04925587,0.16416365,0.01459969,253.82498,255.70016,342.00925,0.6303482,8.907322,0.300922
7,92,10,0.0026214404,0.122192934,0.032720257,0.06576567,0.023707004,0.09044371,-0.0038598143,9.758168,-2.247056,13.1183605,0.03194759,0.18088742,-0.0077196285,0.25644818,-0.05905344,0.1539708,0.00037497102,253.81042,255.54262,342.35913,2.2151084,8.907322,0.30443725
7,93,10,0.0026214404,0.13702273,0.040357094,0.07191783,0.024747808,0.100445375,-0.010677766,10.204388,-1.755018,13.403232,0.7212958,0.20089075,-0.021355532,0.268175,-0.046122514,0.15731436,0.008465882,253.83519,255.59583,342.38904,1.0337222,8.9067135,0.28270426
7,94,10,0.0026214404,0.13154407,0.032393385,0.07171622,0.027434466,0.08999081,-0.0049961675,10.190074,-1.9806373,14.112029,1.3145361,0.17998162,-0.009992335,0.26779884,-0.052051887,0.16563353,0.015428772,253.83905,255.73982,341.76587,0.6661012,8.9067135,0.28687456
7,95,10,0.0026214404,0.1415295,0.0379926,0.0796359,0.023900997,0.09745845,-0.0052857646,10.737993,-2.2174902,13.171925,0.1644576,0.1949169,-0.010571529,0.28219834,-0.058276452,0.15459947,0.0019302471,253.88966,255.83458,342.50378,2.0530326,8.9067135,0.3256962
7,96,10,0.0026214404,0.14786747,0.045597672,0.078124434,0.02414537,0.10676806,-0.010066791,10.635604,-1.6606735,13.23909,0.74714,0.21353611,-0.020133583,0.2795075,-0.0436431,0.1553878,0.008769217,253.95671,256.0067,342.7834,0.9135335,8.9067135,0.30292642
7,97,10,0.0026214404,0.13650054,0.034095827,0.07586245,0.026542256,0.09232528,-0.0055306656,10.480502,-1.6503528,13.88066,1.0179412,0.18465056,-0.011061331,0.2754314,-0.043371864,0.16291794,0.011947624,253.9814,256.17853,342.00293,0.6324116,8.906114,0.29114082
7,98,10,0.0026214404,0.13852723,0.040194143,0.074442424,0.023890654,0.100242384,-0.0050812424,10.381949,-2.0905433,13.169073,-0.055910014,0.20048477,-0.010162485,0.2728414,-0.054940246,0.15456602,-0.00065621705,254.05548,256.40292,342.6946,2.1464534,8.906114,0.31410122
7,99,10,0.0026214404,0.15160392,0.052376594,0.07480474,0.02442258,0.11442967,-0.011371284,10.407184,-1.4519149,13.314871,0.53780466,0.22885934,-0.022742568,0.27350456,-0.038156837,0.15627725,0.006312238,254.0934,256.5536,343.2821,0.91411024,8.906114,0.2802033
7,100,10,0.0026214404,0.12689133,0.03481331,0.066946395,0.025131622,0.093291625,-0.0044283564,9.845373,-1.4780238,13.50677,1.2309585,0.18658325,-0.008856713,0.25874,-0.038842984,0.15852956,0.014447817,254.05516,256.47525,342.48532,0.2470653,8.906114,0.28474018
8,1,10,0.0020971524,0.10866379,0.028068248,0.054142572,0.026452964,0.083767906,-0.008149974,8.853972,-0.19780904,13.857293,0.7465965,0.16753581,-0.016299948,0.23268557,-0.0051984913,0.16264367,0.008762837,252.85141,252.04013,337.64282,-0.5487875,8.905522,0.24970193
8,2,10,0.0020971524,0.11609668,0.03326355,0.05953906,0.02329407,0.091191486,-0.00847081,9.284738,-0.54057926,13.003607,-0.34551543,0.18238297,-0.01694162,0.24400628,-0.014206612,0.15262395,-0.0040553287,252.91095,252.27975,338.34094,0.8860947,8.905522,0.25077406
8,3,10,0.0020971524,0.14061983,0.05177977,0.06591537,0.022924686,0.11377584,-0.014870685,9.769268,0.2585158,12.900095,0.6646327,0.22755168,-0.02974137,0.25673988,0.00679389,0.151409,0.0078008277,252.91939,252.20453,338.6926,-0.9231485,8.905522,0.29156503
8,4,10,0.0020971524,0.11242464,0.030581769,0.057643484,0.024199387,0.08743822,-0.0065163826,9.135742,0.10777984,13.253891,0.9131769,0.17487644,-0.013032765,0.24009058,0.0028324958,0.15556152,0.010717996,252.84204,251.84665,337.58054,-1.0209568,8.905522,0.2666858
8,5,10,0.0020971524,0.10959555,0.034222152,0.053824224,0.021549176,0.09249615,-0.009598696,8.827904,-0.01625007,12.507097,-0.16510703,0.1849923,-0.019197391,0.23200049,-0.00042705584,0.14679638,-0.0019378723,252.79869,251.56464,337.6919,0.1813571,8.904886,0.21579362
8,6,10,0.0020971524,0.116342604,0.04317409,0.051792398,0.021376118,0.10389188,-0.015361676,8.659677,0.73326844,12.456776,0.60614043,0.20778376,-0.030723352,0.22757943,0.01927056,0.14620574,0.0071142977,252.81183,251.57208,338.3028,-1.3394089,8.904886,0.2608515
8,7,10,0.0020971524,0.10405889,0.029306157,0.051912576,0.022840157,0.085595205,-0.007720378,8.669719,0.4173963,12.876289,1.2956566,0.17119041,-0.015440756,0.22784331,0.010969331,0.1511296,0.015207181,252.79045,251.57639,337.32318,-1.7130529,8.904886,0.24058276
8,8,10,0.0020971524,0.10550408,0.032731466,0.050797187,0.02197543,0.0904592,-0.010493994,8.576074,-0.023527358,12.63019,0.22228117,0.1809184,-0.020987988,0.22538231,-0.00061829644,0.14824112,0.0026089242,252.83179,251.73041,337.8454,-0.19875382,8.904886,0.23506229
8,9,10,0.0020971524,0.1134987,0.04046694,0.05177246,0.021259312,0.10058198,-0.015716612,8.6580105,0.7610121,12.422695,0.8631627,0.20116396,-0.031433225,0.22753562,0.019999674,0.14580573,0.010130978,252.84805,251.76692,338.29697,-1.6241748,8.904149,0.26929215
8,10,10,0.0020971524,0.10138474,0.030371431,0.046872806,0.024140498,0.087137006,-0.008422579,8.23814,0.89767724,13.237755,1.360573,0.17427401,-0.016845157,0.21650128,0.02359127,0.15537213,0.015969105,252.79012,251.553,337.44745,-2.2582502,8.904149,0.25137112
8,11,10,0.0020971524,0.10811781,0.03512034,0.051373363,0.021624109,0.09370211,-0.010155777,8.624575,0.76645344,12.528824,0.2574354,0.18740422,-0.020311555,0.22665693,0.02014267,0.14705138,0.0030215322,252.78703,251.48395,337.81415,-1.0238888,8.904149,0.2722004
8,12,10,0.0020971524,0.13537884,0.049752418,0.06314608,0.022480331,0.11152625,-0.015792437,9.561848,1.0727191,12.77446,1.0687482,0.2230525,-0.031584874,0.25128883,0.028191445,0.14993443,0.0125439465,252.8067,251.57019,337.96912,-2.1414673,8.904149,0.31019303
8,13,10,0.0020971524,0.11440427,0.031152515,0.06012629,0.023125462,0.08825038,-0.008650937,9.330413,0.90077186,12.956462,1.5141076,0.17650075,-0.017301874,0.24520662,0.02367261,0.15207058,0.017771147,252.77692,251.55536,337.13785,-2.4148793,8.903324,0.270939
8,14,10,0.0020971524,0.115900844,0.034989014,0.059774026,0.021137808,0.09352675,-0.010022263,9.3030405,0.5884076,12.387144,0.40556479,0.1870535,-0.020044526,0.24448727,0.015463569,0.14538847,0.0047601336,252.79369,251.55852,337.53958,-0.99397236,8.903324,0.25037104
8,15,10,0.0020971524,0.124123245,0.042723637,0.06026619,0.021133427,0.103348486,-0.01565849,9.341261,1.2745153,12.38586,1.0452946,0.20669697,-0.03131698,0.24549173,0.03349471,0.1453734,0.012268671,252.82619,251.65858,337.9192,-2.31981,8.903324,0.29280442
8,16,10,0.0020971524,0.111831896,0.030787883,0.058036678,0.023007335,0.08773238,-0.008112093,9.166845,1.2105756,12.923329,1.3920143,0.17546476,-0.016224187,0.24090803,0.03181436,0.15168169,0.016338136,252.82481,251.74715,337.29346,-2.6025898,8.903324,0.28233257
8,17,10,0.0020971524,0.11429677,0.034668613,0.058530822,0.02109734,0.093097545,-0.008440544,9.205788,0.76286346,12.375279,0.29766354,0.18619509,-0.016881088,0.24193144,0.02004832,0.14524923,0.0034936895,252.86368,251.86948,337.82513,-1.060527,8.902422,0.24968544
8,18,10,0.0020971524,0.12154023,0.040690225,0.05938796,0.021462055,0.10085909,-0.015277263,9.272949,1.0273416,12.481791,1.264751,0.20171818,-0.030554526,0.24369645,0.026998913,0.14649934,0.014844441,252.89748,251.87035,338.4126,-2.2920926,8.902422,0.26519087
8,19,10,0.0020971524,0.10904509,0.03222649,0.053862967,0.022955628,0.089758694,-0.010141021,8.8310795,1.1840941,12.908797,1.7624742,0.17951739,-0.020282041,0.23208396,0.031118423,0.15151115,0.020686239,252.89003,251.86188,337.72513,-2.9465683,8.902422,0.266641
8,20,10,0.0020971524,0.11410956,0.034794066,0.058178496,0.021136997,0.09326584,-0.010947611,9.178039,0.9514646,12.386906,0.5557813,0.18653168,-0.021895222,0.24120219,0.02500483,0.14538568,0.006523231,252.90747,251.93288,337.9753,-1.5072459,8.902422,0.27936825
8,21,10,0.0020971524,0.11943687,0.04268396,0.056392603,0.020360306,0.10330048,-0.016188988,9.036074,1.5833305,12.157194,1.5413487,0.20660096,-0.032377977,0.23747127,0.041610498,0.14268954,0.01809088,252.89426,251.8302,338.17645,-3.124679,8.901455,0.2865432
8,22,10,0.0020971524,0.10236196,0.030659609,0.047275577,0.024426771,0.087549426,-0.008990583,8.2734585,1.692781,13.316015,2.3500175,0.17509885,-0.017981166,0.21742947,0.044486895,0.15629067,0.027582265,252.82501,251.64856,337.45093,-4.0427985,8.901455,0.25734663
8,23,10,0.0020971524,0.10776989,0.034313764,0.05276953,0.020686593,0.09261987,-0.010065736,8.740984,1.2475084,12.254222,1.042862,0.18523975,-0.020131472,0.2297162,0.03278499,0.14382835,0.012240118,252.8129,251.54001,337.778,-2.2903705,8.901455,0.24221212
8,24,10,0.0020971524,0.13205984,0.047503904,0.06354214,0.021013804,0.10897695,-0.016000623,9.591788,1.8010556,12.350756,2.0591986,0.2179539,-0.032001246,0.25207567,0.047332387,0.14496139,0.024168909,252.81653,251.46059,337.9143,-3.8602543,8.901455,0.29161346
8,25,10,0.0020971524,0.11447477,0.03230453,0.057223227,0.024947021,0.0898673,-0.010185079,9.102378,1.5070134,13.457071,2.5986404,0.1797346,-0.020370157,0.23921376,0.039604872,0.15794626,0.03050036,252.8106,251.50876,337.22894,-4.105654,8.900439,0.25174823
8,26,10,0.0020971524,0.11925495,0.03696649,0.061293013,0.020995442,0.09613336,-0.010258485,9.420504,0.7148212,12.345359,1.0172719,0.19226672,-0.02051697,0.24757425,0.018785762,0.14489804,0.011939767,252.88858,251.78827,338.0767,-1.7320931,8.900439,0.23906586
8,27,10,0.0020971524,0.12989917,0.05045137,0.060148153,0.019299643,0.112306915,-0.015434128,9.332109,1.1782125,11.836296,1.7610964,0.22461383,-0.030868256,0.24525121,0.030963851,0.13892315,0.020670068,252.93906,251.94507,338.46298,-2.939309,8.900439,0.26167503
8,28,10,0.0020971524,0.10679354,0.03217234,0.051703505,0.022917692,0.08968325,-0.008357573,8.652243,0.8011379,12.898127,2.1878595,0.1793665,-0.016715147,0.22738405,0.021054192,0.1513859,0.025679007,252.95944,252.17155,337.8121,-2.9889975,8.900439,0.23592028
8,29,10,0.0020971524,0.11680486,0.03974174,0.05662708,0.02043604,0.099676654,-0.008161081,9.05484,0.15400618,12.179783,0.80905044,0.19935331,-0.016322162,0.23796445,0.0040473337,0.14295468,0.00949586,253.01892,252.33286,338.61353,-0.9630566,8.899388,0.22060218
8,30,10,0.0020971524,0.12678647,0.045659307,0.060315657,0.0208115,0.10684019,-0.014191027,9.345095,0.92174584,12.291162,1.7710334,0.21368039,-0.028382054,0.24559246,0.024223816,0.14426191,0.020786697,253.04881,252.38617,339.0676,-2.6927793,8.899388,0.23429538
8,31,10,0.0020971524,0.11521005,0.0338108,0.056942496,0.024456745,0.09193857,-0.0074517597,9.080023,0.8691969,13.324181,1.9821081,0.18387714,-0.014903519,0.23862627,0.022842808,0.15638652,0.023264093,253.06288,252.48071,338.3042,-2.851305,8.899388,0.21965384
8,32,10,0.0020971524,0.12158314,0.03971376,0.060240842,0.021628538,0.099641554,-0.008285793,9.339296,0.14943826,12.530108,0.44711223,0.19928311,-0.016571585,0.2454401,0.0039272932,0.14706644,0.0052477745,253.1508,252.81969,338.84488,-0.59655046,8.899388,0.22012241
8,33,10,0.0020971524,0.1321721,0.051976282,0.058481786,0.02171402,0.113991536,-0.014183923,9.201932,0.20797753,12.554844,1.0486261,0.22798307,-0.028367845,0.24183008,0.0054657315,0.14735678,0.0123077715,253.26784,253.35736,339.5501,-1.2566036,8.898324,0.21324733
8,34,10,0.0020971524,0.1174957,0.036044914,0.055667806,0.025782976,0.09492749,-0.0065937475,8.977817,-0.046010334,13.680682,1.1461054,0.18985498,-0.013187495,0.23594026,-0.0012091772,0.16057079,0.013451896,253.32283,253.77324,339.48865,-1.100095,8.898324,0.20123923
8,35,10,0.0020971524,0.12862556,0.040544517,0.066773176,0.021307867,0.10067835,-0.0069410787,9.83263,-0.47509518,12.436874,-0.09314061,0.2013567,-0.013882157,0.25840506,-0.012485677,0.14597215,-0.0010931968,253.35922,253.91364,340.17844,0.5682358,8.898324,0.28057656
8,36,10,0.0020971524,0.14305791,0.05481853,0.0663755,0.021863881,0.117066786,-0.013728834,9.803307,0.46615955,12.598092,1.0980445,0.23413357,-0.027457668,0.25763443,0.012250828,0.1478644,0.012887798,253.32622,253.66714,340.1103,-1.5642041,8.898324,0.22691129
8,37,10,0.0020971524,0.123611055,0.033967968,0.062609196,0.02703389,0.09215201,-0.007114834,9.521113,0.66236055,14.008625,1.681527,0.18430401,-0.014229668,0.2502183,0.017407073,0.16441986,0.01973616,253.25647,253.43117,339.0117,-2.3438876,8.897257,0.2252073
8,38,10,0.0020971524,0.124077,0.03952854,0.061824977,0.022723481,0.09940893,-0.008294873,9.461297,0.23992597,12.84336,0.45447248,0.19881786,-0.016589746,0.24864629,0.006305353,0.1507431,0.0053341654,253.25891,253.32892,339.47296,-0.69439846,8.897257,0.24708693
8,39,10,0.0020971524,0.12929484,0.045643605,0.061836977,0.021814264,0.10682182,-0.0134568475,9.462214,0.54658693,12.58379,1.1125016,0.21364364,-0.026913695,0.24867041,0.014364498,0.14769652,0.013057482,253.2994,253.45029,339.94113,-1.6590886,8.897257,0.23704228
8,40,10,0.0020971524,0.12510443,0.031903863,0.06730879,0.025891768,0.08930826,-0.007290929,9.871986,0.4302906,13.709514,1.8176322,0.17861652,-0.014581858,0.25943938,0.011308184,0.16090919,0.021333631,253.26831,253.40456,339.06448,-2.247923,8.897257,0.2591579
8,41,10,0.0020971524,0.13134381,0.0386012,0.07009346,0.022649147,0.09823594,-0.00727945,10.074127,-0.013999091,12.822335,0.59341013,0.19647188,-0.0145589,0.2647517,-0.00036789672,0.15049633,0.006964881,253.2691,253.29321,339.41608,-0.57941103,8.896264,0.32426754
8,42,10,0.0020971524,0.14290898,0.04855766,0.07046038,0.02389094,0.110179015,-0.013939232,10.10046,0.5921252,13.169151,1.6324204,0.22035803,-0.027878463,0.26544374,0.015561268,0.15456694,0.019159788,253.27531,253.2337,339.84573,-2.2245455,8.896264,0.27609324
8,43,10,0.0020971524,0.1268053,0.03568789,0.066015474,0.025101943,0.094456196,-0.0073153987,9.776683,0.62183404,13.498791,1.7941188,0.18891239,-0.014630797,0.25693476,0.016342023,0.15843593,0.021057654,253.27094,253.29372,338.97284,-2.4159527,8.896264,0.2784868
8,44,10,0.0020971524,0.13302965,0.039943676,0.07010297,0.022983009,0.09992957,-0.008850864,10.074809,0.43491,12.916494,0.48937064,0.19985914,-0.017701728,0.26476964,0.011429594,0.15160148,0.005743764,253.31488,253.4695,339.2903,-0.92428064,8.896264,0.29274455
8,45,10,0.0020971524,0.15224905,0.054946773,0.07637805,0.020924222,0.11720364,-0.012707943,10.516058,0.5467585,12.324402,1.1389757,0.23440728,-0.025415886,0.2763658,0.014369016,0.14465207,0.013368209,253.3271,253.45802,339.47632,-1.6857343,8.895409,0.28904057
8,46,10,0.0020971524,0.13756321,0.035956435,0.075603746,0.026003031,0.09481091,-0.006837385,10.462617,0.733113,13.738938,2.26118,0.18962182,-0.01367477,0.27496135,0.019266495,0.16125455,0.026539572,253.25291,253.21042,338.53128,-2.994293,8.895409,0.31267697
8,47,10,0.0020971524,0.14094259,0.041979283,0.074632466,0.024330836,0.10244423,-0.008695011,10.395194,0.6057326,13.289841,1.0958017,0.20488846,-0.017390022,0.27318943,0.015918877,0.15598345,0.012861475,253.29782,253.33704,339.3105,-1.7015343,8.895409,0.34665707
8,48,10,0.0020971524,0.15817654,0.05169674,0.08276328,0.023716528,0.11368459,-0.01266906,10.946809,0.9098303,13.120995,1.6733502,0.22736917,-0.02533812,0.28768608,0.023910657,0.15400171,0.01964019,253.38469,253.62572,339.81818,-2.5831804,8.895409,0.3004763
8,49,10,0.0020971524,0.1360494,0.03823571,0.07319031,0.024623387,0.09776977,-0.0039178776,10.294268,0.7023545,13.369498,1.4361794,0.19553953,-0.007835755,0.27053708,0.01845813,0.1569184,0.016856506,253.41505,253.85828,339.0506,-2.1385338,8.894697,0.27111024
8,50,10,0.0020971524,0.13616338,0.04404357,0.069266856,0.022852963,0.1049328,-0.0061348896,10.014549,0.380141,12.8799,-0.090826206,0.2098656,-0.012269779,0.26318598,0.009990249,0.15117197,-0.0010660309,253.42923,253.89267,339.55756,-0.28931478,8.894697,0.2980616
8,51,10,0.0020971524,0.1432816,0.05324778,0.068302676,0.021731138,0.115377404,-0.013485974,9.944605,0.77634007,12.5597925,1.028653,0.23075481,-0.026971947,0.2613478,0.020402513,0.14741485,0.012073347,253.43158,253.80855,340.08173,-1.8049932,8.894697,0.31587335
8,52,10,0.0020971524,0.12078032,0.03389083,0.06353441,0.02335508,0.09204731,-0.0051171468,9.591205,0.8704907,13.020627,1.608222,0.18409462,-0.0102342935,0.25206032,0.022876797,0.15282369,0.018875772,253.39603,253.65926,339.31955,-2.4787126,8.894697,0.29038128
8,53,10,0.0020971524,0.12545429,0.040457167,0.063439175,0.021557948,0.10056984,-0.00569536,9.584014,0.6423289,12.509643,0.033484604,0.20113967,-0.01139072,0.25187135,0.016880633,0.14682625,0.00039301044,253.42125,253.72183,339.52554,-0.6758135,8.8941345,0.30263406
8,54,10,0.0020971524,0.14568248,0.055623975,0.06860124,0.021457266,0.11792368,-0.010355266,9.966316,1.0347788,12.480397,0.77910745,0.23584735,-0.020710532,0.2619184,0.027194342,0.14648299,0.00914442,253.46385,253.92253,339.9258,-1.8138863,8.8941345,0.25792566
8,55,10,0.0020971524,0.12895642,0.03533688,0.06792993,0.025689617,0.09399053,-0.0040130494,9.917433,0.71719944,13.6558895,1.28162,0.18798105,-0.008026099,0.2606337,0.018848265,0.16027981,0.015042433,253.47404,254.13094,339.38998,-1.9988195,8.8941345,0.27125767
8,56,10,0.0020971524,0.12266544,0.040422868,0.060902007,0.02134057,0.1005272,-0.0040055616,9.390409,0.40372214,12.446413,-0.25062415,0.2010544,-0.008011123,0.24678332,0.010609964,0.14608411,-0.0029415903,253.49953,254.2077,340.18304,-0.15309799,8.8941345,0.3194517
8,57,10,0.0020971524,0.14340812,0.05297404,0.068289325,0.022144753,0.11508045,-0.009993908,9.943632,0.9525498,12.678756,0.7622607,0.2301609,-0.019987816,0.26132226,0.02503336,0.14881113,0.008946691,253.47719,254.09337,340.28787,-1.7148105,8.893702,0.30625957
8,58,10,0.0020971524,0.14066023,0.039195213,0.07459174,0.026873274,0.098988906,-0.0037737717,10.392357,1.1156583,13.966948,1.7265084,0.19797781,-0.0075475434,0.2731149,0.029319894,0.1639307,0.020264108,253.39088,253.78038,339.1906,-2.8421667,8.893702,0.42452893
8,59,10,0.0020971524,0.1301165,0.04042897,0.06785074,0.021836802,0.10053478,-0.0061396006,9.91165,0.8553473,12.59029,0.32801363,0.20106956,-0.012279201,0.26048175,0.022478836,0.1477728,0.0038499103,253.36226,253.48766,339.66098,-1.1833609,8.893702,0.37018555
8,60,10,0.0020971524,0.14210309,0.048392937,0.071951,0.021759158,0.109991975,-0.011075192,10.206741,1.3522466,12.567885,1.0878867,0.21998395,-0.022150384,0.26823685,0.035537522,0.14750986,0.012768573,253.3746,253.46161,339.80643,-2.4401333,8.893702,0.32814065
8,61,10,0.0020971524,0.13232903,0.03693822,0.07074162,0.024649184,0.09609659,-0.003078285,10.120597,1.1256582,13.376501,1.267749,0.19219318,-0.00615657,0.26597297,0.029582705,0.15700059,0.014879626,253.38542,253.62747,338.9244,-2.393407,8.893415,0.30151758
8,62,10,0.0020971524,0.1273061,0.04098284,0.06353253,0.022790734,0.10122109,-0.0039551486,9.591063,0.51484776,12.862352,-0.09813035,0.20244218,-0.007910297,0.2520566,0.0135303745,0.150966,-0.0011517622,253.4749,254.00777,339.48737,-0.4167174,8.893415,0.30071133
8,63,10,0.0020971524,0.14954327,0.06052967,0.066751815,0.022261789,0.12301389,-0.009858838,9.831057,1.0708336,12.712217,0.9332993,0.24602778,-0.019717677,0.25836372,0.028141899,0.14920385,0.010954178,253.51839,254.12674,339.872,-2.0041327,8.893415,0.2512546
8,64,10,0.0020971524,0.12690268,0.03874956,0.06480851,0.023344614,0.09842454,-0.0020629088,9.686898,1.1480237,13.017709,1.2819134,0.19684908,-0.0041258177,0.25457516,0.030170472,0.15278944,0.015045881,253.48607,253.99965,339.26862,-2.4299371,8.893415,0.2681433
8,65,10,0.0020971524,0.12972221,0.046686154,0.060011175,0.023024887,0.108034894,-0.0046814955,9.321477,0.8821733,12.928257,-0.22007404,0.21606979,-0.009362991,0.24497178,0.023183838,0.15173954,-0.0025830197,253.51196,254.09557,339.89413,-0.66209924,8.893235,0.28299788
8,66,10,0.0020971524,0.13256915,0.047120437,0.06324125,0.022207458,0.10853621,-0.009869009,9.569053,1.3565165,12.696695,0.48108485,0.21707243,-0.019738019,0.25147814,0.03564974,0.14902167,0.0056465147,253.5138,254.05739,340.1122,-1.8376013,8.893235,0.25690076
8,67,10,0.0020971524,0.1277783,0.037901904,0.06497181,0.0249046,0.09734206,-0.0031456766,9.699093,1.2356548,13.445625,1.4201082,0.19468412,-0.006291353,0.2548957,0.032473452,0.15781191,0.016667873,253.42967,253.7683,339.0643,-2.6557631,8.893235,0.28975797
8,68,10,0.0020971524,0.1283955,0.040427443,0.065397255,0.02257081,0.10053288,-0.005611798,9.730797,1.1011935,12.80014,0.18458287,0.20106576,-0.011223596,0.25572887,0.028939757,0.15023585,0.0021664572,253.39954,253.53143,339.50528,-1.2857764,8.893235,0.33386523
8,69,10,0.0020971524,0.14428511,0.048910696,0.0721052,0.023269216,0.11057881,-0.010760707,10.217672,1.9474182,12.996669,1.089691,0.22115763,-0.021521414,0.2685241,0.051178873,0.1525425,0.012789754,253.34438,253.24281,339.48804,-3.0371094,8.893147,0.31126577
8,70,10,0.0020971524,0.13503875,0.034245938,0.07704367,0.023749143,0.09252829,-0.0036880674,10.561781,2.058232,13.130015,1.8916552,0.18505658,-0.007376135,0.27756742,0.054091103,0.15410757,0.022202441,253.2355,252.75883,338.21957,-3.9498873,8.893147,0.33059564
8,71,10,0.0020971524,0.13305011,0.039666545,0.07234886,0.02103471,0.09958231,-0.005788155,10.234922,1.5909986,12.356898,0.6321332,0.19916461,-0.01157631,0.26897743,0.041812014,0.14503348,0.007419375,253.21323,252.6018,338.10318,-2.223132,8.893147,0.34657815
8,72,10,0.0020971524,0.14966333,0.05349547,0.07508413,0.021083724,0.11564544,-0.011065675,10.4266,2.280519,12.371287,1.4561611,0.23129088,-0.02213135,0.27401483,0.059932884,0.14520235,0.017091028,253.2182,252.63686,338.25522,-3.73668,8.893147,0.32396153
8,73,10,0.0020971524,0.13084053,0.034332447,0.07353124,0.022976832,0.09264509,-0.0021795107,10.318215,1.970056,12.914758,1.7186337,0.18529017,-0.0043590213,0.27116644,0.051773775,0.15158111,0.020171681,253.1703,252.5728,337.4918,-3.6886897,8.893193,0.32990214
8,74,10,0.0020971524,0.1293803,0.039360914,0.06951819,0.020501195,0.099197924,-0.005883346,10.032702,1.3795178,12.199184,0.43013185,0.19839585,-0.011766692,0.26366302,0.036254227,0.14318238,0.005048477,253.17984,252.56541,337.97742,-1.8096497,8.893193,0.3478178
8,75,10,0.0020971524,0.14471978,0.05104144,0.07228239,0.021395957,0.11296176,-0.010847612,10.230219,2.0737152,12.462554,1.5845532,0.22592352,-0.021695225,0.26885384,0.054497976,0.14627357,0.018597974,253.18063,252.43817,338.2593,-3.6582685,8.893193,0.32082513
8,76,10,0.0020971524,0.12325737,0.0349243,0.06546928,0.022863787,0.09344022,-0.0036802737,9.736155,1.8391956,12.882949,1.5424335,0.18688044,-0.0073605473,0.25586966,0.04833473,0.15120776,0.01810361,253.20924,252.60007,337.9957,-3.381629,8.893193,0.3296174
8,77,10,0.0020971524,0.12041245,0.03885764,0.061439544,0.020115266,0.098561704,-0.00524727,9.431758,0.98527294,12.083816,-0.12274274,0.19712341,-0.01049454,0.24787001,0.025893332,0.1418283,-0.0014406395,253.27762,252.80524,338.5531,-0.86253023,8.893357,0.31667745
8,78,10,0.0020971524,0.12994608,0.0479513,0.061306868,0.020687923,0.10948893,-0.010352504,9.421569,1.3625808,12.254614,0.4555886,0.21897785,-0.020705009,0.24760224,0.03580911,0.14383297,0.005347264,253.32549,253.02544,338.59848,-1.8181694,8.893357,0.2827175
8,79,10,0.0020971524,0.1129848,0.033211205,0.05852495,0.021248644,0.09111971,-0.0018390514,9.205326,1.203183,12.419578,0.68068117,0.18223941,-0.0036781027,0.24191931,0.03162009,0.14576915,0.007989187,253.34848,253.17024,338.08633,-1.8838642,8.893357,0.2980894
8,80,10,0.0020971524,0.11147247,0.038145278,0.053361677,0.019965515,0.09765408,-0.0028299913,8.789889,0.66142166,12.0387535,-0.8648472,0.19530816,-0.0056599826,0.23100147,0.0173824,0.14129938,-0.010150752,253.42546,253.45609,338.91098,0.20342553,8.893357,0.29079205
8,81,10,0.0020971524,0.12035187,0.044224806,0.056173954,0.019953107,0.10514847,-0.007328079,9.018539,1.169182,12.035011,-0.3627888,0.21029694,-0.014656158,0.23701045,0.030726526,0.14125547,-0.004258068,253.43932,253.46661,339.0209,-0.80639315,8.893608,0.23890224
8,82,10,0.0020971524,0.1059467,0.030104278,0.055180375,0.020662049,0.08675292,8.371864e-5,8.938424,1.2814572,12.246948,0.26498598,0.17350584,0.00016743728,0.23490503,0.03367716,0.143743,0.0031101499,253.39381,253.25464,338.21445,-1.5464432,8.893608,0.26066712
8,83,10,0.0020971524,0.103939645,0.033660077,0.050529167,0.0197504,0.09173341,-0.0027821257,8.553419,0.83083576,11.9737215,-1.0226804,0.18346682,-0.0055642514,0.22478694,0.02183467,0.14053611,-0.012003244,253.3563,253.06407,338.6647,0.19184464,8.893608,0.2910963
8,84,10,0.0020971524,0.115508884,0.040040012,0.05561283,0.01985604,0.10005,-0.008417721,8.973383,1.4394263,12.005702,0.20336853,0.2001,-0.016835442,0.23582372,0.037828647,0.14091146,0.002386945,253.2878,252.7089,338.5805,-1.6427948,8.893608,0.29233414
8,85,10,0.0020971524,0.109190546,0.030986916,0.058036726,0.020166904,0.088015504,-0.00037026405,9.16685,1.416345,12.099316,0.37673223,0.17603101,-0.0007405281,0.24090813,0.037222054,0.14201023,0.004421723,253.19476,252.34077,337.48367,-1.7930772,8.893952,0.31757334
8,86,10,0.0020971524,0.10051143,0.032600936,0.04838692,0.01952358,0.09027865,-0.0021938446,8.370138,0.94792116,11.904768,-1.0189867,0.1805573,-0.0043876893,0.21997027,0.024911707,0.1397268,-0.011959887,253.19081,252.30518,337.92273,0.071065545,8.893952,0.32664576
8,87,10,0.0020971524,0.11497908,0.04170437,0.052700646,0.020574061,0.10210824,-0.0075492654,8.735277,1.6744457,12.220845,-0.2828813,0.20421648,-0.015098531,0.22956622,0.044005033,0.14343661,-0.0033201918,253.18056,252.2304,338.0045,-1.3915645,8.893952,0.3168386
8,88,10,0.0020971524,0.10297209,0.028877566,0.05363003,0.020464497,0.084967,-0.00047334156,8.811963,1.8073721,12.188261,-0.085878626,0.169934,-0.0009466831,0.23158158,0.04749839,0.14305417,-0.0010079622,253.14142,252.12358,337.43637,-1.7214935,8.893952,0.34070724
8,89,10,0.0020971524,0.09687782,0.030563315,0.045460355,0.020854153,0.087411836,-0.002202294,8.113068,1.1589278,12.30375,-1.3975886,0.17482367,-0.004404588,0.21321434,0.03045705,0.14440967,-0.016403563,253.17482,252.28271,337.82513,0.23866081,8.894399,0.30105296
8,90,10,0.0020971524,0.10948019,0.03979613,0.048790142,0.020893916,0.099744834,-0.0063080234,8.404942,1.5607765,12.3154745,-0.6791337,0.19948967,-0.012616047,0.2208849,0.04101778,0.14454728,-0.007971023,253.19289,252.35097,337.865,-0.88164276,8.894399,0.29555464
8,91,10,0.0020971524,0.098298356,0.031192252,0.046866674,0.02023943,0.08830664,0.0008183188,8.237601,1.3024672,12.121053,-0.7860582,0.17661329,0.0016366376,0.21648712,0.03422931,0.14226535,-0.009226001,253.18398,252.38626,337.32315,-0.51640904,8.894399,0.3145329
8,92,10,0.0020971524,0.0930453,0.03132631,0.040983237,0.020735757,0.0884962,0.0006879219,7.703212,0.6657022,12.268774,-2.0731835,0.1769924,0.0013758438,0.20244317,0.01749489,0.14399916,-0.024333047,253.21066,252.4557,337.87564,1.4074813,8.894399,0.28662446
8,93,10,0.0020971524,0.10075649,0.037165612,0.044057436,0.019533442,0.096391924,-0.0044750227,7.9869013,1.0697857,11.907773,-1.2862345,0.19278385,-0.008950045,0.20989864,0.028114349,0.13976209,-0.0150965955,253.19823,252.30632,337.8522,0.21644878,8.894932,0.25871632
8,94,10,0.0020971524,0.09462538,0.028112503,0.047113962,0.01939892,0.08383392,0.0021260977,8.259305,1.0537237,11.866701,-0.7231667,0.16766784,0.0042521954,0.21705751,0.027692242,0.13928,-0.008487842,253.12047,251.96509,336.8947,-0.330557,8.894932,0.26710138
8,95,10,0.0020971524,0.091357954,0.03127836,0.04017926,0.019900331,0.088428445,-0.00033018444,7.6272783,0.76425385,12.019084,-1.9460579,0.17685689,-0.0006603689,0.20044765,0.02008486,0.14106853,-0.022840971,253.09383,251.81876,337.17337,1.1818041,8.894932,0.2575006
8,96,10,0.0020971524,0.09306657,0.03179233,0.041684583,0.019589666,0.08915202,-0.0045653908,7.7688446,1.3445277,11.924899,-1.3594354,0.17830405,-0.0091307815,0.20416802,0.035334677,0.13996309,-0.015955755,253.08528,251.77814,337.29257,0.014907718,8.894932,0.27146247
8,97,10,0.0020971524,0.08548071,0.024212485,0.041787572,0.019480653,0.07780181,0.0026664312,7.7784357,1.0889301,11.891675,-0.9026113,0.15560362,0.0053328625,0.20442009,0.028617473,0.13957311,-0.010593993,253.04506,251.66634,336.5816,-0.18631881,8.895512,0.2577215
8,98,10,0.0020971524,0.0846951,0.028954724,0.035812467,0.019927911,0.08508044,0.00027907858,7.2008843,0.5214314,12.02741,-2.2604778,0.17016087,0.00055815716,0.18924183,0.013703409,0.14116625,-0.02653133,253.05347,251.63043,337.085,1.7390463,8.895512,0.24763055
8,99,10,0.0020971524,0.09655629,0.037058398,0.03819021,0.021307684,0.09625279,-0.0037133428,7.4360914,1.0545491,12.436821,-1.5224248,0.19250558,-0.0074266857,0.19542316,0.02771393,0.14597152,-0.017868768,253.04686,251.7106,337.16083,0.46787572,8.895512,0.23539144
8,100,10,0.0020971524,0.08988619,0.027683575,0.040687386,0.021515232,0.08319191,0.0031876618,7.675357,0.89131504,12.497244,-1.0210824,0.16638382,0.0063753235,0.20171115,0.023424082,0.14668071,-0.011984493,252.9879,251.48915,336.30563,0.12976736,8.895512,0.24913362
9,1,10,0.001677722,0.108364314,0.026858058,0.057290394,0.024215862,0.08194214,3.5202866e-5,9.107718,0.7229967,13.258402,-0.5932768,0.16388428,7.040573e-5,0.23935412,0.019000614,0.15561447,-0.006963318,252.07788,249.36795,334.47437,-0.12971991,8.896116,0.24556236
9,2,10,0.001677722,0.109649375,0.030029295,0.056056198,0.023563884,0.08664481,-0.0015761226,9.009081,0.52880013,13.078703,-1.8610865,0.17328963,-0.0031522452,0.2367619,0.013897056,0.15350533,-0.021843664,252.11377,249.45364,335.18033,1.3322864,8.896116,0.22736457
9,3,10,0.001677722,0.12481482,0.04111849,0.06077801,0.022918323,0.10138848,-0.0052763876,9.380844,1.1760156,12.898306,-0.5042432,0.20277695,-0.010552775,0.24653196,0.030906124,0.15138799,-0.005918326,252.0902,249.3144,335.39093,-0.6717724,8.896116,0.25434023
9,4,10,0.001677722,0.10812682,0.025402028,0.059666257,0.023058532,0.07969007,-0.0009598714,9.29465,1.2343466,12.937698,-0.00033160893,0.15938014,-0.0019197428,0.24426678,0.032439075,0.15185036,-3.892966e-6,252.00801,249.01913,334.39584,-1.234015,8.896116,0.28116375
9,5,10,0.001677722,0.111617155,0.030408682,0.058144968,0.023063505,0.08719043,-0.002273176,9.175394,0.6233353,12.9390955,-1.3342624,0.17438085,-0.004546352,0.24113268,0.016381485,0.15186673,-0.015660299,252.00624,248.99092,334.9093,0.71092707,8.896563,0.2521483
9,6,10,0.001677722,0.11983846,0.041626208,0.056521233,0.021691028,0.10201251,-0.0067743245,9.046372,1.2481973,12.548196,-0.09964575,0.20402502,-0.013548649,0.23774195,0.032803074,0.14727874,-0.0011695491,252.02814,249.00708,335.2701,-1.1485516,8.896563,0.2562866
9,7,10,0.001677722,0.108074486,0.026088245,0.059241574,0.022744669,0.08075928,0.00026913665,9.261515,0.8161137,12.849347,-0.14316782,0.16151856,0.0005382733,0.24339592,0.021447768,0.15081336,-0.0016803694,252.05379,249.0552,334.65393,-0.67294586,8.896563,0.25116405
9,8,10,0.001677722,0.108505145,0.031312354,0.053553242,0.023639545,0.08847649,-0.0024133783,8.805653,0.08894579,13.099683,-1.9067783,0.17695297,-0.0048267567,0.23141573,0.0023375256,0.15375157,-0.022379942,252.1334,249.30804,335.35776,1.8178326,8.896563,0.2415331
9,9,10,0.001677722,0.10691705,0.035434425,0.05076129,0.020721337,0.09412017,-0.0070296316,8.573043,0.73658305,12.264508,-0.46504703,0.18824033,-0.014059263,0.22530267,0.01935767,0.14394908,-0.0054582814,252.18074,249.45978,336.06778,-0.27153602,8.896959,0.22403634
9,10,10,0.001677722,0.09220447,0.023227714,0.046845876,0.022130873,0.076203205,-0.00076077983,8.235774,0.45944613,12.674782,0.12861556,0.15240641,-0.0015215597,0.21643908,0.012074408,0.14876449,0.0015095664,252.16568,249.4926,335.49634,-0.5880617,8.896959,0.23459415
9,11,10,0.001677722,0.09853122,0.028584566,0.048230648,0.021716,0.08453485,-0.001999879,8.356612,0.0932023,12.555415,-1.3386173,0.1690697,-0.003999758,0.21961477,0.0024493895,0.1473635,-0.015711408,252.18271,249.5126,335.92938,1.245415,8.896959,0.22014455
9,12,10,0.001677722,0.11115982,0.042360365,0.04702658,0.021772876,0.10290817,-0.0059248307,8.251642,0.37895435,12.571848,-0.6252075,0.20581634,-0.011849661,0.21685612,0.0099590495,0.14755635,-0.0073380857,252.25774,249.82986,336.4239,0.24625313,8.896959,0.21616124
9,13,10,0.001677722,0.0911334,0.024954628,0.043163113,0.023015667,0.07898517,0.0007927267,7.9054217,-0.018957736,12.925668,-0.50710773,0.15797034,0.0015854534,0.20775734,-0.0004982226,0.15170915,-0.0059519513,252.29921,250.13753,336.27393,0.52606547,8.897322,0.2053721
9,14,10,0.001677722,0.09327122,0.027554218,0.043929137,0.021787858,0.082997315,-0.0009468625,7.9752626,-0.52221024,12.576172,-1.6897135,0.16599463,-0.001893725,0.20959279,-0.01372387,0.1476071,-0.019832242,252.31027,250.15463,336.6979,2.2119236,8.897322,0.20951784
9,15,10,0.001677722,0.10552414,0.039844994,0.044498444,0.021180708,0.099806055,-0.0058940914,8.026775,0.10234625,12.399707,-0.5496101,0.19961211,-0.011788183,0.21094655,0.0026897036,0.14553593,-0.0064508026,252.32988,250.22615,337.01437,0.44726384,8.897322,0.20799491
9,16,10,0.001677722,0.08264142,0.022370255,0.037268363,0.023002807,0.074783444,0.0013548943,7.3457956,-0.03890413,12.922057,-0.10488753,0.14956689,0.0027097885,0.19305016,-0.0010224112,0.15166676,-0.0012310732,252.30824,250.17734,336.43335,0.14379166,8.897322,0.19287834
9,17,10,0.001677722,0.085907966,0.026482748,0.03809311,0.021332106,0.081367604,-0.0013580503,7.4266315,-0.4440659,12.443945,-1.3768709,0.16273521,-0.0027161005,0.19517456,-0.011670211,0.14605515,-0.016160397,252.3348,250.19492,336.89883,1.8209368,8.897632,0.17888954
9,18,10,0.001677722,0.102558516,0.04130914,0.03945861,0.021790765,0.10162325,-0.0055807503,7.5585685,0.056228407,12.57701,-0.3698779,0.2032465,-0.011161501,0.19864191,0.0014777064,0.14761695,-0.0043412736,252.3628,250.3049,337.26645,0.3136495,8.897632,0.1857342
9,19,10,0.001677722,0.084823154,0.022583056,0.039318647,0.02292145,0.0751383,0.0010631639,7.5451517,0.05017984,12.899186,0.16239227,0.1502766,0.0021263277,0.1982893,0.0013187461,0.15139832,0.0019060049,252.31487,250.17256,336.424,-0.21257211,8.897632,0.1940961
9,20,10,0.001677722,0.08747189,0.025420822,0.04044984,0.021601234,0.07971954,0.0001790066,7.6529183,-0.6162104,12.522195,-1.2609143,0.15943909,0.0003580132,0.20112145,-0.016194228,0.14697358,-0.014799405,252.31586,250.07643,336.77725,1.8771248,8.897632,0.17798173
9,21,10,0.001677722,0.09980427,0.03287559,0.045727212,0.021201462,0.090658136,-0.0040082843,8.136845,-0.026305612,12.405781,-0.05042259,0.18131627,-0.008016569,0.21383922,-0.00069131993,0.14560722,-0.0005918127,252.35004,250.15471,337.11694,0.0767282,8.897898,0.16693093
9,22,10,0.001677722,0.09938198,0.02565106,0.051181007,0.022549914,0.08007974,0.0013228222,8.608413,-0.23551713,12.794214,0.64956814,0.16015948,0.0026456444,0.2262322,-0.0061894753,0.15016629,0.007624006,252.37204,250.35654,336.37778,-0.414051,8.897898,0.17124034
9,23,10,0.001677722,0.100178525,0.027274154,0.05209009,0.020814285,0.08257444,-9.3331844e-5,8.684527,-0.89151955,12.291985,-0.8532614,0.16514888,-0.00018666369,0.22823253,-0.023429452,0.14427157,-0.010014765,252.48935,250.83081,337.27142,1.744781,8.897898,0.17758773
9,24,10,0.001677722,0.11203703,0.03932476,0.051265173,0.021447096,0.09915236,-0.0058206357,8.615489,-0.63489056,12.477438,-0.09078594,0.19830471,-0.011641271,0.22641814,-0.016685145,0.14644827,-0.0010655553,252.60567,251.27371,338.22388,0.7256765,8.897898,0.20617914
9,25,10,0.001677722,0.0953283,0.025242317,0.046726048,0.023359943,0.079439156,0.0012664981,8.225232,-0.77568007,13.021983,0.2846514,0.15887831,0.0025329962,0.21616209,-0.020385152,0.1528396,0.003340969,252.67241,251.62999,337.93167,0.49102867,8.898102,0.19352509
9,26,10,0.001677722,0.09768928,0.030816086,0.046909582,0.019963617,0.087772556,0.0015149899,8.241371,-1.3619012,12.038178,-1.1066446,0.17554511,0.0030299798,0.2165862,-0.03579126,0.14129266,-0.012988736,252.7919,252.18475,338.67978,2.468546,8.898102,0.19275329
9,27,10,0.001677722,0.113043815,0.043997522,0.049424276,0.019622011,0.104877934,-0.00520301,8.459387,-0.7538452,11.934741,0.31619215,0.20975587,-0.01040602,0.22231571,-0.019811329,0.14007859,0.0037111647,252.79715,252.18626,339.12524,0.43765306,8.898102,0.21660197
9,28,10,0.001677722,0.09621931,0.02594434,0.04889679,0.021378184,0.08053623,0.001175518,8.414123,-0.9434765,12.457377,0.81523335,0.16107246,0.002351036,0.22112618,-0.0247949,0.1462128,0.009568431,252.7199,251.87036,338.3648,0.12824315,8.898102,0.18781325
9,29,10,0.001677722,0.10508668,0.0292372,0.056219082,0.019630395,0.085494444,-0.0004517466,9.022161,-1.3384941,11.937289,-0.3330103,0.17098889,-0.0009034932,0.23710564,-0.03517611,0.14010851,-0.0039085606,252.70573,251.68993,338.5296,1.6715044,8.898214,0.1954182
9,30,10,0.001677722,0.115853816,0.038871106,0.05717103,0.019811671,0.09857878,-0.0063491915,9.098226,-0.87675923,11.992282,0.51896125,0.19715756,-0.012698383,0.23910464,-0.023041554,0.14075394,0.00609107,252.721,251.6259,338.71375,0.35779798,8.898214,0.21756423
9,31,10,0.001677722,0.10225361,0.027457321,0.053533386,0.0212629,0.08285125,-0.00016422223,8.804021,-0.7526574,12.423744,0.86404705,0.1657025,-0.00032844447,0.23137283,-0.019780105,0.14581804,0.010141358,252.7178,251.59442,337.75943,-0.11138964,8.898214,0.18729866
9,32,10,0.001677722,0.100377135,0.029965486,0.04948401,0.020927636,0.08655271,7.690564e-5,8.464497,-1.0948491,12.325408,-0.23891903,0.17310542,0.00015381128,0.22245002,-0.02877303,0.14466387,-0.002804206,252.71915,251.51567,337.99075,1.3337681,8.898214,0.17625137
9,33,10,0.001677722,0.1089458,0.04225386,0.047338314,0.019353632,0.10277872,-0.005851303,8.278947,-0.26519755,11.85284,0.36292553,0.20555744,-0.011702606,0.2175737,-0.0069694896,0.13911733,0.004259673,252.74748,251.52954,338.3895,-0.097727984,8.898232,0.19888858
9,34,10,0.001677722,0.091845915,0.026172556,0.044279113,0.021394247,0.08088967,0.0019506554,8.006969,-0.6152352,12.462058,0.56282336,0.16177934,0.0039013107,0.21042603,-0.016168602,0.14626773,0.0066058887,252.76147,251.68866,337.87192,0.052411854,8.898232,0.17763725
9,35,10,0.001677722,0.09393865,0.030399552,0.04439315,0.019145954,0.087177336,0.00029797025,8.017273,-1.034485,11.789075,-0.6456302,0.17435467,0.0005959405,0.21069682,-0.02718664,0.1383689,-0.0075777937,252.81088,251.93414,338.42178,1.6801152,8.898232,0.17674425
9,36,10,0.001677722,0.11080721,0.045079965,0.04607047,0.019656777,0.106160216,-0.006399883,8.167329,-0.34423205,11.945309,0.7159393,0.21232043,-0.012799766,0.21464033,-0.009046543,0.14020263,0.0084030125,252.8362,251.98032,338.7359,-0.37170723,8.898232,0.17997822
9,37,10,0.001677722,0.09558456,0.02820756,0.044137977,0.02323902,0.08397553,0.00014212578,7.9941974,-0.48551348,12.988234,1.3472157,0.16795106,0.00028425155,0.2100904,-0.0127594685,0.1524435,0.01581233,252.79787,251.92273,338.00623,-0.8617022,8.898166,0.1599223
9,38,10,0.001677722,0.10351515,0.030190382,0.05313047,0.020194292,0.0868769,-0.0020463888,8.770825,-0.85796493,12.10753,0.25148287,0.1737538,-0.0040927776,0.23050047,-0.022547625,0.14210662,0.0029516737,252.79648,251.74329,338.27954,0.606482,8.898166,0.1982779
9,39,10,0.001677722,0.11722093,0.04174674,0.055793766,0.019680426,0.102160096,-0.00807301,8.9879675,-0.47520232,11.952491,1.3011947,0.20432019,-0.01614602,0.23620704,-0.012488484,0.14028694,0.015272179,252.83865,251.85847,338.63318,-0.82599235,8.898166,0.21153668
9,40,10,0.001677722,0.10332592,0.02997871,0.0512975,0.022049712,0.086571805,-0.00027211808,8.618205,-0.6197812,12.651518,1.4898001,0.17314361,-0.00054423616,0.22648951,-0.016288068,0.14849146,0.017485851,252.86865,252.02493,338.0047,-0.8700189,8.898166,0.184653
9,41,10,0.001677722,0.10751768,0.03250688,0.05456659,0.020444212,0.09014832,-0.0025297138,8.888575,-1.0211279,12.182219,0.15484187,0.18029664,-0.0050594276,0.23359492,-0.026835607,0.14298326,0.0018173817,252.9225,252.19122,338.533,0.86628604,8.898017,0.19992447
9,42,10,0.001677722,0.120410964,0.042920753,0.055996496,0.02149372,0.10358662,-0.0071414593,9.004282,-0.5583368,12.490994,1.0596973,0.20717324,-0.014282919,0.23663579,-0.0146732945,0.14660737,0.012437717,252.96808,252.35916,338.9239,-0.5013605,8.898017,0.2359839
9,43,10,0.001677722,0.10787885,0.029457562,0.05675392,0.021667372,0.085816026,0.0009549019,9.064975,-0.7974185,12.541352,1.0989772,0.17163205,0.0019098038,0.23823081,-0.020956444,0.14719841,0.0128987385,252.98627,252.47044,338.40155,-0.30155873,8.898017,0.25065717
9,44,10,0.001677722,0.10862659,0.03139682,0.058359157,0.018870609,0.08859574,-3.050674e-5,9.192278,-1.1695045,11.703996,-0.11312743,0.17719148,-6.101348e-5,0.2415764,-0.030735005,0.13737033,-0.0013277819,253.0449,252.65424,338.90247,1.282632,8.898017,0.26541322
9,45,10,0.001677722,0.12508222,0.04193176,0.063122846,0.020027617,0.10238623,-0.005916727,9.56009,-0.54349107,12.057462,0.9719761,0.20477246,-0.011833454,0.2512426,-0.014283147,0.14151897,0.011408128,253.08417,252.79416,339.248,-0.42848504,8.897755,0.32400763
9,46,10,0.001677722,0.11443411,0.02913967,0.062896445,0.022397993,0.08535173,0.00028357963,9.542931,-0.82928157,12.751044,1.1906261,0.17070346,0.00056715927,0.25079164,-0.021793824,0.14965959,0.013974432,253.12222,253.13467,338.8227,-0.36134458,8.897755,0.31046423
9,47,10,0.001677722,0.10912222,0.033182964,0.057763234,0.018176023,0.091080956,0.0006462986,9.145226,-1.456301,11.486578,-0.34606326,0.18216191,0.0012925972,0.24033983,-0.038272105,0.13481848,-0.00406176,253.18912,253.37248,339.47012,1.8023642,8.897755,0.3024389
9,48,10,0.001677722,0.12127342,0.041213673,0.061424408,0.018635338,0.10150576,-0.006088633,9.430597,-0.85380816,11.630807,1.1410763,0.20301151,-0.012177266,0.24783948,-0.02243838,0.13651131,0.013392861,253.1828,253.3134,339.6723,-0.28726816,8.897755,0.2874216
9,49,10,0.001677722,0.11499594,0.029494211,0.06152332,0.023978414,0.085869394,-0.0008994961,9.438187,-0.9538776,13.193239,1.7688844,0.17173879,-0.0017989922,0.24803895,-0.025068244,0.15484965,0.020761479,253.12962,253.10522,338.81738,-0.8150068,8.897392,0.23862273
9,50,10,0.001677722,0.111118495,0.032754775,0.060103197,0.01826052,0.0904914,-0.0025274435,9.328621,-1.3306711,11.513247,0.2622841,0.1809828,-0.005054887,0.24515954,-0.034970503,0.1351315,0.0030784425,253.15779,253.05919,339.33032,1.068387,8.897392,0.24528867
9,51,10,0.001677722,0.1256525,0.046968367,0.05995975,0.018724395,0.10836093,-0.008171818,9.317482,-0.838934,11.658565,1.3231059,0.21672186,-0.016343636,0.2448668,-0.02204749,0.13683711,0.015529353,253.20117,253.16734,339.63318,-0.48417193,8.897392,0.25602412
9,52,10,0.001677722,0.110915706,0.028468778,0.05970873,0.022738192,0.08436347,-0.0017160436,9.297957,-1.0218501,12.847516,1.6458489,0.16872694,-0.0034320871,0.2443537,-0.026854582,0.15079188,0.019317405,253.21883,253.33665,339.15747,-0.62399876,8.897392,0.23530202
9,53,10,0.001677722,0.11552818,0.03431252,0.062079135,0.019136524,0.0926182,-0.0025153395,9.480723,-1.3569803,11.786172,0.24954693,0.1852364,-0.005030679,0.24915685,-0.03566193,0.13833483,0.0029289445,253.29742,253.67303,340.09552,1.1074334,8.8969345,0.24852863
9,54,10,0.001677722,0.12580241,0.043737702,0.062125523,0.019939184,0.1045678,-0.007837555,9.484264,-0.84102845,12.03081,1.1603692,0.2091356,-0.01567511,0.24924992,-0.02210252,0.14120618,0.013619307,253.34927,253.83472,340.35794,-0.3193407,8.8969345,0.2427313
9,55,10,0.001677722,0.11894287,0.033829767,0.061629865,0.023483241,0.09196435,-0.00080170593,9.446356,-0.98243135,13.056303,1.5261699,0.1839287,-0.0016034119,0.24825363,-0.02581865,0.15324242,0.017912723,253.36195,254.0028,339.73563,-0.54373854,8.8969345,0.2851213
9,56,10,0.001677722,0.1230377,0.037911464,0.0637215,0.021404738,0.09735433,-0.0020661897,9.605316,-1.3390722,12.465111,0.25346383,0.19470866,-0.0041323793,0.25243118,-0.035191283,0.14630358,0.0029749172,253.43277,254.27147,340.54648,1.0856084,8.8969345,0.24091937
9,57,10,0.001677722,0.12511644,0.043605346,0.059982557,0.021528527,0.10440946,-0.007967182,9.319254,-0.9308535,12.501104,0.8603484,0.20881893,-0.015934365,0.24491337,-0.024463171,0.14672603,0.010097951,253.49664,254.52324,340.99304,0.07050508,8.896371,0.25222585
9,58,10,0.001677722,0.11161589,0.0332746,0.054970525,0.023370763,0.09120663,-0.0007426606,8.9214115,-0.88344306,13.024996,1.2368875,0.18241327,-0.0014853212,0.23445794,-0.023217203,0.15287499,0.014517406,253.53835,254.6892,340.4917,-0.3534444,8.896371,0.26407862
9,59,10,0.001677722,0.11777137,0.038391374,0.06054235,0.01883765,0.097968586,-0.002253289,9.36264,-1.2653171,11.69377,-0.010951109,0.19593717,-0.004506578,0.24605355,-0.03325299,0.13725032,-0.0001285323,253.58492,254.73816,340.75177,1.2762682,8.896371,0.24741179
9,60,10,0.001677722,0.12563379,0.042757723,0.06262483,0.020251248,0.1033897,-0.007455318,9.522303,-0.75331414,12.124592,0.97408557,0.2067794,-0.014910636,0.25024953,-0.019797377,0.14230688,0.011432886,253.58333,254.711,340.71307,-0.22077143,8.896371,0.25196776
9,61,10,0.001677722,0.11808879,0.033268828,0.062093705,0.022726262,0.09119872,-0.0026298454,9.481836,-0.7392063,12.844146,1.5709343,0.18239744,-0.005259691,0.24918608,-0.019426618,0.15075232,0.018438127,253.52916,254.49014,339.8704,-0.831728,8.895742,0.22588623
9,62,10,0.001677722,0.11740403,0.0371263,0.060417276,0.019860458,0.09634093,-0.0038129753,9.352963,-0.9981821,12.007036,0.008513942,0.19268186,-0.0076259505,0.24579926,-0.026232595,0.14092714,9.992839e-5,253.52434,254.35056,340.07516,0.9896682,8.895742,0.2173246
9,63,10,0.001677722,0.1304694,0.0511576,0.058790896,0.020520892,0.11309023,-0.011105232,9.226217,-0.5702561,12.205043,1.4180794,0.22618046,-0.022210464,0.24246834,-0.014986539,0.14325115,0.01664406,253.54445,254.4002,340.65204,-0.84782326,8.895742,0.22774401
9,64,10,0.001677722,0.116309345,0.030376911,0.05954848,0.026383951,0.08714487,-0.0036537894,9.285472,-0.6350011,13.839204,1.9409149,0.17428973,-0.007307579,0.24402557,-0.016688053,0.16243137,0.022780608,253.50702,254.28632,339.9873,-1.3059137,8.895742,0.2202125
9,65,10,0.001677722,0.123796284,0.03855981,0.06412353,0.021112943,0.09818326,-0.0037992988,9.635571,-0.8087439,12.379856,0.8514188,0.19636652,-0.0075985976,0.25322625,-0.021254081,0.14530294,0.009993141,253.51772,254.20758,340.48724,-0.0426749,8.895084,0.21639925
9,66,10,0.001677722,0.13752285,0.04827235,0.068166405,0.02108409,0.10985485,-0.009956683,9.93468,-0.10767326,12.371396,1.8980117,0.2197097,-0.019913366,0.26108697,-0.002829701,0.14520362,0.022277052,253.51463,254.09415,340.46497,-1.7903384,8.895084,0.20678845
9,67,10,0.001677722,0.1160617,0.034659117,0.059626568,0.02177602,0.0930848,-0.0031511658,9.291559,0.11965357,12.572755,1.9045064,0.1861696,-0.0063023316,0.24418552,0.0031445315,0.147567,0.022353278,253.46654,253.8836,339.17218,-2.02416,8.895084,0.2114392
9,68,10,0.001677722,0.11876978,0.03867925,0.060036868,0.02005366,0.09833521,-0.00437122,9.323472,-0.13088481,12.065298,0.5362027,0.19667041,-0.00874244,0.24502422,-0.0034396986,0.14161095,0.006293434,253.51433,253.9981,339.52383,-0.4053179,8.895084,0.22606024
9,69,10,0.001677722,0.12896991,0.05044108,0.058644306,0.019884523,0.112295456,-0.010244016,9.214708,0.08471587,12.014308,1.4285821,0.22459091,-0.020488031,0.24216586,0.002226372,0.14101249,0.01676733,253.6034,254.3836,340.11243,-1.5132979,8.894432,0.23702775
9,70,10,0.001677722,0.11544454,0.034484256,0.057305496,0.023654787,0.09284969,-0.0026612445,9.108918,-0.19678028,13.103907,1.4914868,0.18569937,-0.005322489,0.23938566,-0.0051714676,0.15380113,0.01750565,253.63818,254.66438,339.77466,-1.2947065,8.894432,0.22107093
9,71,10,0.001677722,0.1116369,0.038475633,0.053630076,0.019531192,0.09807603,-0.004154082,8.811967,-0.6939327,11.907089,0.20083244,0.19615206,-0.008308164,0.23158169,-0.018236794,0.13975404,0.0023571807,253.69109,254.92334,340.5604,0.4931003,8.894432,0.22290929
9,72,10,0.001677722,0.13017482,0.04861353,0.06145818,0.020103108,0.11024238,-0.009075202,9.433189,-0.16663939,12.080163,1.3619474,0.22048476,-0.018150404,0.24790761,-0.0043793493,0.14178543,0.015985241,253.7133,254.99625,340.77936,-1.195308,8.894432,0.24613035
9,73,10,0.001677722,0.10597412,0.03268477,0.052954234,0.020335121,0.090394646,-0.0031745525,8.756268,-0.02403398,12.149674,1.3656294,0.18078929,-0.006349105,0.23011787,-0.00063162623,0.14260127,0.016028455,253.69484,254.90144,339.9483,-1.3415954,8.893768,0.21000242
9,74,10,0.001677722,0.112928145,0.041187227,0.051110312,0.020630604,0.10147318,-0.003654675,8.602467,-0.25244448,12.237626,-0.07573985,0.20294636,-0.00730935,0.2260759,-0.0066343364,0.14363357,-0.0008889626,253.72911,254.96092,340.508,0.32818434,8.893768,0.2022865
9,75,10,0.001677722,0.1275277,0.04909897,0.057152405,0.021276327,0.11079144,-0.008926978,9.096742,-0.11012422,12.427666,0.9611606,0.22158287,-0.017853957,0.23906569,-0.0028941028,0.14586407,0.011281187,253.7687,255.16939,340.74155,-0.85103637,8.893768,0.21656102
9,76,10,0.001677722,0.11384806,0.03435372,0.055795174,0.023699168,0.09267378,-0.0015171996,8.988081,-0.46110418,13.116192,1.0669017,0.18534756,-0.0030343991,0.23621002,-0.012117983,0.15394534,0.012522276,253.7893,255.35933,340.24518,-0.6057975,8.893768,0.1963984
9,77,10,0.001677722,0.110282,0.03972534,0.051462047,0.019094607,0.09965608,-0.0018803411,8.632016,-0.8922321,11.773256,-0.5915028,0.19931217,-0.0037606822,0.22685248,-0.023448177,0.13818324,-0.0069424943,253.82051,255.44504,340.88214,1.4837348,8.893101,0.20107868
9,78,10,0.001677722,0.11842432,0.04510504,0.053167935,0.020151341,0.106189735,-0.007953051,8.773917,-0.27311862,12.094647,0.5476286,0.21237947,-0.015906101,0.23058173,-0.007177666,0.14195542,0.0064275395,253.8164,255.39134,341.36948,-0.27450997,8.893101,0.1908414
9,79,10,0.001677722,0.10456956,0.03372446,0.048444726,0.022400374,0.091821104,-0.002000433,8.375136,-0.18885742,12.751722,0.9429111,0.18364221,-0.004000866,0.22010162,-0.0049632317,0.14966755,0.011066991,253.75311,255.22566,340.35724,-0.75405365,8.893101,0.1872275
9,80,10,0.001677722,0.104118496,0.03810669,0.04683312,0.019178685,0.09760468,-0.0041194553,8.234652,-0.2313456,11.799148,-0.23381475,0.19520935,-0.008238911,0.21640961,-0.00607985,0.13848713,-0.0027442942,253.73709,255.0713,340.5889,0.46516034,8.893101,0.19943796
9,81,10,0.001677722,0.11543715,0.044366818,0.052093606,0.01897673,0.10531716,-0.0078746835,8.684821,0.34693962,11.736861,0.737445,0.21063432,-0.015749367,0.22824024,0.009117695,0.13775605,0.008655426,253.75186,255.12543,340.81354,-1.0843847,8.89247,0.18951763
9,82,10,0.001677722,0.10715397,0.033030804,0.052185558,0.02193761,0.09087189,-0.0013780786,8.692483,0.5348973,12.619318,1.3378853,0.18174379,-0.0027561572,0.22844158,0.014057299,0.1481135,0.015702825,253.70306,255.01045,339.88538,-1.8727826,8.89247,0.18362013
9,83,10,0.001677722,0.10279188,0.037033465,0.04714138,0.01861704,0.096220404,-0.0040120394,8.261708,0.36326584,11.625094,0.06875726,0.19244081,-0.008024079,0.21712066,0.009546757,0.13644427,0.00080700684,253.68959,254.90424,340.3743,-0.4320231,8.89247,0.18932049
9,84,10,0.001677722,0.11782703,0.048818134,0.0502814,0.018727498,0.11047413,-0.009656694,8.532422,0.72841215,11.659532,0.90869975,0.22094826,-0.019313388,0.22423515,0.019142935,0.13684845,0.01066545,253.67657,254.79364,340.74936,-1.6371119,8.89247,0.20334935
9,85,10,0.001677722,0.10344038,0.035434403,0.047375854,0.020630129,0.09412014,-0.002340165,8.2822275,0.707558,12.237484,1.1326184,0.18824027,-0.00468033,0.21765995,0.018594887,0.14363192,0.013293596,253.62318,254.53777,339.76978,-1.8401763,8.891875,0.18820053
9,86,10,0.001677722,0.110498406,0.042080063,0.049773853,0.01864449,0.10256713,-0.0033636491,8.48925,0.34961832,11.633662,-0.18582983,0.20513426,-0.0067272983,0.22310054,0.009188089,0.13654482,-0.002181094,253.64781,254.58891,340.06543,-0.16378848,8.891875,0.19538873
9,87,10,0.001677722,0.12297665,0.04780006,0.056814887,0.018361708,0.109316126,-0.007821923,9.069842,1.0079128,11.545101,1.1114548,0.21863225,-0.015643846,0.23835874,0.026488313,0.13550538,0.0130451955,253.64262,254.54999,340.1491,-2.1193676,8.891875,0.1914929
9,88,10,0.001677722,0.10785194,0.033675604,0.0541357,0.020040631,0.09175457,-0.0020711278,8.85341,1.2264832,12.061377,1.6337453,0.18350914,-0.0041422555,0.2326708,0.032232422,0.14156494,0.019175343,253.59383,254.33275,339.1976,-2.8602285,8.891875,0.19744815
9,89,10,0.001677722,0.10841856,0.03917163,0.051488537,0.017758394,0.09895912,-0.004548984,8.634236,0.6629685,11.353847,0.15828508,0.19791824,-0.009097968,0.22691086,0.017423054,0.13326062,0.0018577991,253.5994,254.24785,339.50482,-0.8212536,8.8913355,0.19629903
9,90,10,0.001677722,0.11710288,0.04748421,0.051312413,0.018306253,0.10895436,-0.009327794,8.619456,0.99171585,11.527656,0.695287,0.21790873,-0.018655589,0.22652243,0.026062643,0.1353006,0.008160614,253.61447,254.30972,340.07693,-1.6870029,8.8913355,0.18628688
9,91,10,0.001677722,0.10400624,0.03247449,0.051915746,0.019616,0.0901034,-0.0024496787,8.669982,0.75248814,11.932911,0.939535,0.1802068,-0.0048993574,0.22785027,0.019775646,0.14005713,0.011027365,253.57611,254.27026,339.3226,-1.6920232,8.8913355,0.19258605
9,92,10,0.001677722,0.10612754,0.03686203,0.050276194,0.018989315,0.09599744,-0.0057765516,8.5319805,0.2847936,11.740749,-0.28862464,0.19199488,-0.011553103,0.22422354,0.007484489,0.13780172,-0.0033876004,253.58432,254.28151,339.65015,0.0038310587,8.8913355,0.22595322
9,93,10,0.001677722,0.116694905,0.046328105,0.05097557,0.01939123,0.10761982,-0.010646479,8.591119,0.9574683,11.864347,0.93031543,0.21523964,-0.021292958,0.2257777,0.025162607,0.1392524,0.010919155,253.58894,254.17336,339.70865,-1.8877838,8.890892,0.17535385
9,94,10,0.001677722,0.100847155,0.034565657,0.046574607,0.01970689,0.09295921,-0.003885752,8.211893,0.8501641,11.9605255,0.45586565,0.18591842,-0.007771504,0.2158115,0.022342619,0.14038123,0.0053505185,253.59178,254.14137,338.9673,-1.3060298,8.890892,0.16430648
9,95,10,0.001677722,0.099637166,0.041049775,0.040839657,0.017747732,0.10130372,-0.004282939,7.6897054,0.42165852,11.350437,-1.0843087,0.20260744,-0.008565878,0.20208824,0.011081337,0.13322061,-0.012726583,253.64508,254.29921,339.55588,0.6626502,8.890892,0.17975642
9,96,10,0.001677722,0.11562166,0.050837226,0.046931207,0.017853228,0.11273556,-0.009146124,8.24327,0.7625149,11.384123,-0.45793775,0.22547112,-0.018292248,0.21663612,0.020039171,0.13361597,-0.005374835,253.70097,254.54837,339.96924,-0.30457714,8.890892,0.15706086
9,97,10,0.001677722,0.09604997,0.031621568,0.0456639,0.018764503,0.08891227,-0.0020509718,8.13121,0.57439154,11.671045,-0.35300338,0.17782454,-0.0041019437,0.21369113,0.015095222,0.13698359,-0.0041432153,253.70947,254.6563,339.35214,-0.22138816,8.890519,0.1513915
9,98,10,0.001677722,0.09330009,0.036416017,0.038651403,0.018232675,0.09541491,-0.0023350962,7.4808564,-0.037242312,11.504465,-1.5851631,0.19082981,-0.0046701925,0.1965996,-0.0009787348,0.13502842,-0.018605128,253.71463,254.73068,339.92575,1.6224054,8.890519,0.1752393
9,99,10,0.001677722,0.10607669,0.045513142,0.04196558,0.018597957,0.106669046,-0.008530047,7.7949853,0.7013544,11.619135,-0.34997866,0.21333809,-0.017060094,0.20485502,0.01843185,0.13637432,-0.0041077174,253.71051,254.72932,340.36932,-0.35137573,8.890519,0.16632299
9,100,10,0.001677722,0.08859094,0.030664857,0.0384487,0.019477388,0.08755692,-0.0019905807,7.461214,0.66252875,11.890675,-0.06476185,0.17511384,-0.0039811614,0.1960834,0.017411487,0.13956141,-0.00076010975,253.65619,254.5479,339.79428,-0.5977669,8.890519,0.17041701
10,1,10,0.0013421776,0.098309875,0.029257067,0.05079431,0.018258499,0.085523486,-0.0041572577,8.575831,1.509581,11.512609,0.70110136,0.17104697,-0.008314515,0.22537594,0.03967233,0.13512401,0.008228859,253.19531,252.491,338.25165,-2.2106824,8.890216,0.2923382
10,2,10,0.0013421776,0.08705899,0.030799808,0.03894636,0.017312828,0.08774937,-0.005186301,7.509346,0.8722444,11.210507,-0.7934244,0.17549874,-0.010372602,0.19734833,0.0229229,0.13157822,-0.009312461,253.18498,252.31982,338.51938,-0.07881999,8.890216,0.2258709
10,3,10,0.0013421776,0.10442542,0.04179156,0.045298196,0.01733567,0.10221492,-0.011149243,8.098585,1.6178447,11.217899,-0.17996342,0.20442984,-0.022298487,0.21283373,0.042517535,0.13166499,-0.002112239,253.1836,252.25748,338.67157,-1.4378812,8.890216,0.3103069
10,4,10,0.0013421776,0.086323224,0.02546681,0.042241726,0.018614689,0.07979162,-0.0040601864,7.8205905,1.5250918,11.624362,0.077376336,0.15958324,-0.008120373,0.20552792,0.040079955,0.13643566,0.0009081692,253.14548,252.15637,338.143,-1.6024681,8.890216,0.27237204
10,5,10,0.0013421776,0.07874565,0.02736906,0.034185342,0.01719125,0.082717985,-0.006156089,7.035397,1.0232013,11.171075,-1.2095534,0.16543597,-0.012312178,0.18489279,0.026890105,0.1311154,-0.014196586,253.13991,252.07544,338.6639,0.18635201,8.88989,0.20525663
10,6,10,0.0013421776,0.094110295,0.036850516,0.039487787,0.017771991,0.09598244,-0.010326202,7.5613627,1.7057494,11.358192,-0.6488208,0.19196488,-0.020652404,0.19871534,0.04482771,0.13331163,-0.0076152417,253.10332,251.92683,338.6735,-1.0569286,8.88989,0.2680508
10,7,10,0.0013421776,0.08124069,0.025657184,0.03703788,0.018545626,0.0800893,-0.0029180513,7.3230453,1.6929257,11.602778,-0.08532341,0.1601786,-0.0058361026,0.19245228,0.0444907,0.13618232,-0.0010014448,253.00807,251.55798,337.49677,-1.6076022,8.88989,0.24449609
10,8,10,0.0013421776,0.074574105,0.025998654,0.031699434,0.016876018,0.08062049,-0.0060475245,6.7747684,1.3612046,11.068178,-1.1602521,0.16124098,-0.012095049,0.17804335,0.035772953,0.12990773,-0.013617931,252.96828,251.30496,337.4816,-0.20095253,8.88989,0.2127061
10,9,10,0.0013421776,0.09423106,0.036190554,0.04080933,0.017231174,0.095119074,-0.010870482,7.6868505,1.8824527,11.184039,-0.49113858,0.19023815,-0.021740964,0.2020132,0.04947154,0.13126756,-0.0057645133,252.95847,251.21785,337.68686,-1.3913141,8.889507,0.28594467
10,10,10,0.0013421776,0.08413924,0.025803884,0.040004652,0.01833071,0.08031794,-0.0039860583,7.6106877,1.7159975,11.535352,-0.34093237,0.16063587,-0.007972117,0.20001163,0.04509704,0.13539095,-0.004001539,252.94783,251.23962,337.02734,-1.3750651,8.889507,0.28271604
10,11,10,0.0013421776,0.078069575,0.027581194,0.033459086,0.017029291,0.083037935,-0.005262694,6.9602637,0.9391232,11.118328,-1.4236536,0.16607587,-0.010525388,0.18291825,0.024680493,0.13049632,-0.016709482,252.95601,251.28241,337.4992,0.4845304,8.889507,0.21064737
10,12,10,0.0013421776,0.0914783,0.033358615,0.040420987,0.017698701,0.09132171,-0.010357512,7.650188,1.4704106,11.334749,-0.5500059,0.18264341,-0.020715024,0.20104972,0.038642928,0.13303646,-0.006455442,252.8836,250.93237,337.42755,-0.9204047,8.889507,0.26504532
10,13,10,0.0013421776,0.08295329,0.023730803,0.04120529,0.018017197,0.07702403,-0.00344183,7.724051,1.6503,11.436281,0.063176915,0.15404806,-0.00688366,0.20299086,0.043370478,0.13422816,0.00074151036,252.77814,250.51567,336.26184,-1.7134769,8.889076,0.2564466
10,14,10,0.0013421776,0.08049325,0.025399586,0.03816098,0.016932683,0.07968624,-0.0062084305,7.4332447,1.2166141,11.086746,-1.13484,0.15937248,-0.012416861,0.19534835,0.031973056,0.13012564,-0.0133196665,252.72125,250.17775,336.20044,-0.081774116,8.889076,0.23305005
10,15,10,0.0013421776,0.093595654,0.03399024,0.041845586,0.017759832,0.09218221,-0.010183294,7.783833,1.7505423,11.354305,-0.3191084,0.18436442,-0.020366589,0.20456193,0.046004888,0.13326602,-0.0037453857,252.66364,249.8731,336.04993,-1.4314339,8.889076,0.28650823
10,16,10,0.0013421776,0.07807654,0.023080906,0.035977185,0.019018447,0.07596201,-0.004004199,7.217425,1.5313367,11.749753,-0.114094995,0.15192401,-0.008008398,0.18967652,0.040244084,0.13790739,-0.0013391376,252.61522,249.74022,335.30594,-1.4172417,8.889076,0.25976202
10,17,10,0.0013421776,0.07511282,0.025969382,0.030343609,0.018799828,0.08057509,-0.0052738646,6.6283016,0.8989484,11.682025,-1.3304468,0.16115019,-0.010547729,0.17419417,0.02362469,0.13711247,-0.015615516,252.6001,249.67262,335.65192,0.43149847,8.8886175,0.21523471
10,18,10,0.0013421776,0.08851339,0.03098975,0.03883983,0.018683815,0.08801953,-0.010152341,7.4990683,1.6554769,11.645926,-0.5829264,0.17603905,-0.020304682,0.19707823,0.043506525,0.13668875,-0.0068418356,252.57909,249.59462,335.76788,-1.0725505,8.8886175,0.26743537
10,19,10,0.0013421776,0.08264347,0.023397323,0.039882194,0.019363957,0.07648092,-0.002844778,7.5990305,1.3881534,11.856002,-0.5207949,0.15296184,-0.005689556,0.19970527,0.03648117,0.13915443,-0.006112596,252.55339,249.51413,335.1434,-0.8673585,8.8886175,0.2569153
10,20,10,0.0013421776,0.08166858,0.026190866,0.035553508,0.019924205,0.08091796,-0.0044942843,7.1748023,0.97134906,12.026291,-1.5248404,0.16183592,-0.008988569,0.18855637,0.025527405,0.14115313,-0.01789712,252.55402,249.52467,335.31195,0.5534913,8.8886175,0.2270936
10,21,10,0.0013421776,0.09282217,0.03142201,0.041852914,0.019547248,0.08863127,-0.008857831,7.784514,1.3180875,11.911982,-0.6504809,0.17726254,-0.017715663,0.20457985,0.034639817,0.13981147,-0.0076347226,252.53497,249.47426,335.37296,-0.66760653,8.888152,0.24271624
10,22,10,0.0013421776,0.08089945,0.022762448,0.03834425,0.019792754,0.075436145,-0.0024230666,7.451072,0.93325573,11.986554,-0.3661248,0.15087229,-0.0048461333,0.19581687,0.0245263,0.14068672,-0.004297224,252.48608,249.33142,334.37015,-0.5671309,8.888152,0.24372126
10,23,10,0.0013421776,0.083092295,0.025469255,0.037723236,0.01989981,0.07979545,-0.004376792,7.3904877,0.5537739,12.018927,-1.4800419,0.1595909,-0.008753584,0.1942247,0.014553383,0.14106669,-0.017371316,252.49968,249.33728,334.6853,0.926268,8.888152,0.23863117
10,24,10,0.0013421776,0.09736816,0.03539816,0.04168862,0.020281384,0.09407199,-0.007961749,7.769221,1.0265543,12.133609,-0.8309537,0.18814398,-0.015923498,0.20417792,0.02697822,0.14241272,-0.00975294,252.47455,249.29282,334.8417,-0.19560063,8.888152,0.25241995
10,25,10,0.0013421776,0.08860127,0.026378244,0.04137225,0.02085077,0.0812069,-0.0012151022,7.739684,0.85923505,12.302752,-0.56149095,0.1624138,-0.0024302043,0.2034017,0.02258101,0.14439796,-0.0065902434,252.40944,249.09618,334.11862,-0.2977441,8.887679,0.23061334
10,26,10,0.0013421776,0.08631575,0.026049817,0.039626416,0.020639513,0.08069978,-0.0029552898,7.574624,0.5757226,12.240267,-1.3618276,0.16139956,-0.0059105796,0.19906385,0.015130202,0.14366458,-0.015983835,252.36572,248.83255,334.41727,0.78610504,8.887679,0.22929661
10,27,10,0.0013421776,0.098613314,0.03129255,0.047061715,0.020259043,0.0884485,-0.007736872,8.2547245,1.0061167,12.1269245,-0.68246627,0.176897,-0.015473744,0.21693712,0.026441116,0.14233427,-0.008010138,252.3539,248.76482,334.49905,-0.32365048,8.887679,0.25204664
10,28,10,0.0013421776,0.09240825,0.027811868,0.044125102,0.020471275,0.083384454,-0.0015784369,7.9930315,0.53206813,12.190279,-0.7117091,0.16676891,-0.0031568739,0.21005976,0.013982932,0.14307787,-0.008353362,252.33365,248.78198,333.66443,0.17964095,8.887679,0.26197731
10,29,10,0.0013421776,0.093861975,0.027769197,0.04514878,0.020944,0.08332046,-0.0033150935,8.085217,0.02390744,12.330227,-1.734305,0.16664092,-0.006630187,0.21248242,0.00062828354,0.14472042,-0.02035562,252.33687,248.79831,333.97214,1.7103976,8.887223,0.26049122
10,30,10,0.0013421776,0.10658376,0.03295857,0.05173361,0.021891577,0.09077248,-0.0077624596,8.65476,0.76460433,12.6060705,-0.8479132,0.18154496,-0.015524919,0.22745024,0.020094076,0.14795803,-0.009951998,252.28441,248.59761,333.87714,0.083308876,8.887223,0.26883817
10,31,10,0.0013421776,0.09697493,0.02783051,0.047100134,0.022044288,0.083412394,-0.00047526817,8.258093,0.45593384,12.649962,-0.67893183,0.16682479,-0.00095053634,0.21702565,0.011982113,0.14847319,-0.007968654,252.23422,248.4499,333.0771,0.222998,8.887223,0.25638536
10,32,10,0.0013421776,0.10555366,0.031366806,0.051278047,0.022908805,0.088553384,-0.0028263,8.6165695,0.042457502,12.895626,-1.6521628,0.17710677,-0.0056526,0.22644657,0.0011157845,0.15135655,-0.019391507,252.26979,248.59592,333.52563,1.6097053,8.887223,0.2493746
10,33,10,0.0013421776,0.1130669,0.033110846,0.057889078,0.022066975,0.09098193,-0.0062217438,9.155182,0.39588296,12.65647,-1.0092653,0.18196386,-0.0124434875,0.2406015,0.010403951,0.14854957,-0.011845794,252.29869,248.79356,333.925,0.61338234,8.886799,0.2622889
10,34,10,0.0013421776,0.10758313,0.032047167,0.052862417,0.022673538,0.089508615,-0.00043456783,8.748673,0.30299917,12.829238,-0.73393905,0.17901723,-0.00086913566,0.22991829,0.007962945,0.15057735,-0.0086142775,252.28188,248.79092,333.34372,0.43093988,8.886799,0.5461855
10,35,10,0.0013421776,0.10611224,0.031367198,0.05146943,0.023275616,0.088553935,-0.003171554,8.632634,0.15970449,12.998456,-1.6538712,0.17710787,-0.006343108,0.22686875,0.0041971016,0.15256348,-0.019411562,252.29323,248.80333,333.8781,1.4941667,8.886799,0.2661776
10,36,10,0.0013421776,0.11268441,0.033627193,0.05431444,0.024742773,0.091688596,-0.005977739,8.868012,0.7468453,13.401869,-0.7944051,0.18337719,-0.011955478,0.23305458,0.019627359,0.15729836,-0.009323966,252.25183,248.62895,333.94263,0.047559798,8.886799,0.26831898
10,37,10,0.0013421776,0.108786106,0.03090599,0.05432899,0.023551127,0.0879005,-0.00076582935,8.869201,0.7265586,13.075162,-0.65469545,0.175801,-0.0015316587,0.2330858,0.019094218,0.15346377,-0.0076841894,252.15616,248.2599,333.0691,-0.071863174,8.886431,0.26855174
10,38,10,0.0013421776,0.110815294,0.031195968,0.055243798,0.02437553,0.0883119,-0.0036245286,8.94356,0.48621854,13.302041,-1.5647248,0.1766238,-0.0072490573,0.23504,0.012777993,0.15612665,-0.018365247,252.10875,247.98248,333.18893,1.0785062,8.886431,0.28373492
10,39,10,0.0013421776,0.121071436,0.037286848,0.059363283,0.024421304,0.09654901,-0.0067117517,9.271022,0.99633586,13.314524,-0.65727556,0.19309802,-0.013423503,0.24364582,0.026184063,0.15627317,-0.0077144713,252.067,247.80078,332.76468,-0.3390603,8.886431,0.28528675
10,40,10,0.0013421776,0.11315198,0.030797971,0.057713527,0.024640482,0.087746754,-0.0009726268,9.141291,0.7404944,13.37414,-0.55498695,0.17549351,-0.0019452536,0.2402364,0.019460466,0.15697287,-0.006513908,252.02309,247.61336,331.9709,-0.18550742,8.886431,0.28770941
10,41,10,0.0013421776,0.12347595,0.034450196,0.064384885,0.024640866,0.09280382,-0.0030174335,9.655186,0.66673726,13.374242,-1.2437477,0.18560764,-0.006034867,0.25374177,0.01752209,0.15697409,-0.014597922,252.0057,247.55869,332.02124,0.57701045,8.8860855,0.28672996
10,42,10,0.0013421776,0.13709506,0.038990278,0.07323826,0.024866518,0.09872978,-0.005346832,10.297639,1.1701281,13.435341,-0.2971999,0.19745956,-0.010693664,0.27062568,0.030751383,0.15769121,-0.003488248,251.98042,247.54471,331.9584,-0.8729282,8.8860855,0.29799467
10,43,10,0.0013421776,0.12646948,0.037134744,0.06369196,0.02564277,0.096351884,-0.001138362,9.603088,0.777851,13.6434355,-0.25701836,0.19270377,-0.002276724,0.25237265,0.020442197,0.1601336,-0.0030166355,251.91724,247.27945,330.99475,-0.52083266,8.8860855,0.28926584
10,44,10,0.0013421776,0.12749499,0.03960317,0.06233092,0.025560904,0.09950273,-0.0028323838,9.499931,0.5234615,13.621637,-1.1243032,0.19900545,-0.0056647677,0.24966161,0.013756752,0.15987778,-0.013196,251.91441,247.18689,331.35614,0.6008417,8.8860855,0.287151
10,45,10,0.0013421776,0.12938057,0.039757013,0.064079076,0.025544478,0.0996958,-0.005965652,9.632229,1.1057013,13.61726,-0.3861548,0.1993916,-0.011931304,0.25313845,0.029058244,0.1598264,-0.0045323167,251.91826,247.20763,331.49338,-0.71954656,8.8857565,0.2817204
10,46,10,0.0013421776,0.12325214,0.036762726,0.060298063,0.026191358,0.09586804,0.0009090612,9.343733,0.7201644,13.788602,-0.47508487,0.19173609,0.0018181223,0.24555664,0.018926186,0.16183744,-0.005576095,251.89595,247.28749,330.84644,-0.24507955,8.8857565,0.28254035
10,47,10,0.0013421776,0.12619153,0.037135683,0.06282096,0.026234876,0.096353106,-0.001019744,9.537203,0.38244012,13.800052,-1.2517345,0.19270621,-0.002039488,0.2506411,0.0100506535,0.16197184,-0.0146916695,251.91159,247.28302,331.0718,0.8692944,8.8857565,0.2905546
10,48,10,0.0013421776,0.13895868,0.039760713,0.07362844,0.025569528,0.09970044,-0.004843544,10.325033,0.89947695,13.623935,-0.26549107,0.19940089,-0.009687088,0.27134562,0.0236386,0.15990475,-0.0031160803,251.93777,247.37654,331.37662,-0.6339859,8.8857565,0.29932895
10,49,10,0.0013421776,0.13263457,0.038706888,0.0680823,0.025845373,0.09837033,0.0013570635,9.92855,0.64196515,13.6972275,-0.15209074,0.19674066,0.002714127,0.26092586,0.016871082,0.16076496,-0.0017850965,251.92934,247.38705,331.1288,-0.48987442,8.885475,0.30417165
10,50,10,0.0013421776,0.13250557,0.040089376,0.065033466,0.02738273,0.100111656,-0.0010728065,9.703695,0.3728906,14.098717,-1.048709,0.20022331,-0.002145613,0.2550166,0.009799687,0.16547728,-0.012308747,251.96587,247.5485,331.7465,0.67581844,8.885475,0.30742308
10,51,10,0.0013421776,0.1428977,0.043059286,0.07223179,0.027606616,0.103753656,-0.00452703,10.226638,0.8446464,14.156238,-0.37473089,0.20750731,-0.00905406,0.26875973,0.022197647,0.16615239,-0.0043982374,251.97446,247.67354,331.9316,-0.4699155,8.885475,0.3132406
10,52,10,0.0013421776,0.13812277,0.04001127,0.07083495,0.027276551,0.10001409,1.1096097e-6,10.127272,0.6039699,14.071355,-0.63309115,0.20002818,2.2192194e-6,0.26614836,0.015872536,0.16515614,-0.007430621,251.90485,247.28961,331.0486,0.02912128,8.885475,0.32870623
10,53,10,0.0013421776,0.13881065,0.040592983,0.070438944,0.027778719,0.1007385,-0.0023073223,10.098924,0.7555505,14.2002945,-1.213934,0.201477,-0.0046146447,0.26540336,0.019856134,0.16666949,-0.014247998,251.88954,247.12898,331.22632,0.45838344,8.885253,0.3170059
10,54,10,0.0013421776,0.15186206,0.04399525,0.07981844,0.028048359,0.10487522,-0.00499211,10.750293,1.4944501,14.269048,-0.31257954,0.20975044,-0.00998422,0.28252158,0.039274696,0.16747645,-0.003668761,251.89243,247.13347,331.46677,-1.1818706,8.885253,0.3350952
10,55,10,0.0013421776,0.15185833,0.042789772,0.08167619,0.02739237,0.103428446,-0.00034532824,10.874678,1.1085322,14.101198,-0.21279244,0.20685689,-0.0006906565,0.28579047,0.02913263,0.16550641,-0.0024975527,251.87895,247.20264,330.98926,-0.89573973,8.885253,0.36349443
10,56,10,0.0013421776,0.1507594,0.040583707,0.07957748,0.030598214,0.10072699,-0.0030688287,10.734055,0.52589697,14.903534,-1.0071168,0.20145398,-0.0061376574,0.2820948,0.013820754,0.17492345,-0.011820575,251.89319,247.22978,331.57242,0.48121983,8.885253,0.38111594
10,57,10,0.0013421776,0.15419155,0.04480803,0.07918701,0.030196503,0.105839536,-0.004795362,10.707687,1.1179119,14.805378,-0.39733022,0.21167907,-0.009590724,0.28140187,0.029379137,0.17377141,-0.004663482,251.90373,247.20253,331.6053,-0.7205817,8.8851385,0.35394704
10,58,10,0.0013421776,0.14677858,0.039144546,0.07804016,0.02959387,0.098924905,6.0099544e-5,10.629866,0.94262296,14.6568985,-0.34366584,0.19784981,0.00012019909,0.2793567,0.024772462,0.17202869,-0.0040336223,251.884,247.21962,330.95056,-0.5989571,8.8851385,0.36521885
10,59,10,0.0013421776,0.14711294,0.040700726,0.07634662,0.030065596,0.10087211,-0.0013285803,10.513894,0.9188285,14.773253,-1.0014358,0.20174421,-0.0026571606,0.27630892,0.02414713,0.17339434,-0.011753897,251.83527,246.9746,331.3005,0.08260727,8.8851385,0.378736
10,60,10,0.0013421776,0.1458364,0.0414125,0.076069005,0.028354893,0.10175031,-0.0050070775,10.494761,1.696688,14.346806,-0.07386672,0.20350061,-0.010014155,0.2758061,0.044589553,0.16838911,-0.00086697785,251.7706,246.72583,331.01236,-1.6228213,8.8851385,0.37777096
10,61,10,0.0013421776,0.1351535,0.038895782,0.06886168,0.027396046,0.098610066,0.0004585566,9.985215,1.4435077,14.102144,0.006136037,0.19722013,0.0009171132,0.26241508,0.0379359,0.16551751,7.201927e-5,251.73961,246.66428,330.04968,-1.4496437,8.885159,0.36938712
10,62,10,0.0013421776,0.14371735,0.043807868,0.071282916,0.028626563,0.104651645,-0.0014287956,10.159245,1.2923123,14.415369,-1.2132279,0.20930329,-0.0028575913,0.2669886,0.033962443,0.16919386,-0.014239711,251.75989,246.68257,330.4088,-0.0790844,8.885159,0.5363294
10,63,10,0.0013421776,0.1609909,0.046197813,0.08484888,0.029944204,0.10746838,-0.004581359,11.083878,2.1037688,14.743398,-0.17920354,0.21493676,-0.009162718,0.29128832,0.055287793,0.17304394,-0.0021033215,251.7426,246.63956,330.61856,-1.9245653,8.885159,0.37804067
10,64,10,0.0013421776,0.15813081,0.040049203,0.0885271,0.0295545,0.10006148,-0.00020829956,11.321572,2.2121184,14.647147,0.06640941,0.20012297,-0.00041659913,0.29753503,0.058135267,0.17191422,0.0007794445,251.70439,246.54877,330.02518,-2.2785277,8.885159,0.39706263
10,65,10,0.0013421776,0.1575532,0.04184124,0.08578524,0.02992672,0.102275655,-0.0018138813,11.144869,1.9188195,14.739094,-0.6353767,0.20455131,-0.0036277627,0.29289117,0.050427273,0.1729934,-0.007457449,251.72845,246.72803,330.41052,-1.2834429,8.885286,0.38285848
10,66,10,0.0013421776,0.16870384,0.050426126,0.087844945,0.03043278,0.11227881,-0.0045425617,11.277869,2.130889,14.86319,0.089800596,0.22455762,-0.009085123,0.29638648,0.056000557,0.17444994,0.001053992,251.79033,247.0264,330.7945,-2.2206895,8.885286,0.36407462
10,67,10,0.0013421776,0.16140895,0.047807008,0.08546195,0.028139997,0.10932407,0.00039296498,11.123847,1.5254632,14.292337,-0.4494057,0.21864814,0.00078592997,0.29233876,0.040089723,0.1677498,-0.0052746944,251.82549,247.16835,330.33463,-1.0760576,8.885286,0.39254794
10,68,10,0.0013421776,0.15444273,0.043497693,0.08232458,0.028620448,0.1042805,-0.0013003536,10.917758,1.2884516,14.413831,-1.4872608,0.208561,-0.002600707,0.2869226,0.03386094,0.16917579,-0.01745605,251.87338,247.26495,331.30453,0.19880927,8.885286,0.38682777
10,69,10,0.0013421776,0.15741874,0.045723714,0.08311648,0.028578546,0.10691552,-0.0035699483,10.970142,1.9675237,14.403276,-0.677796,0.21383104,-0.0071398965,0.2882993,0.051707234,0.1690519,-0.007955321,251.87358,247.24463,331.41205,-1.2897277,8.885514,0.34550136
10,70,10,0.0013421776,0.15656407,0.042573765,0.08427621,0.029714098,0.10316706,0.0007535279,11.04641,1.453167,14.686643,-0.57221466,0.20633411,0.0015070558,0.29030365,0.038189743,0.17237778,-0.006716108,251.86044,247.24266,330.59637,-0.8809523,8.885514,0.36366025
10,71,10,0.0013421776,0.16270733,0.04289612,0.089113355,0.03069786,0.103556894,-0.0005060928,11.359,1.1344894,14.927781,-1.2339847,0.20711379,-0.0010121856,0.2985186,0.029814802,0.17520805,-0.014483338,251.93031,247.49219,330.9454,0.09949529,8.885514,0.37217814
10,72,10,0.0013421776,0.15115768,0.043717723,0.079130396,0.02830955,0.10454392,-0.0015759588,10.703858,1.5619285,14.335329,-0.43606243,0.20908783,-0.0031519176,0.28130126,0.04104803,0.16825442,-0.005118086,251.96915,247.7806,331.4274,-1.125866,8.885514,0.35150543
10,73,10,0.0013421776,0.14315407,0.04065933,0.0734045,0.029090246,0.100820795,0.0031117194,10.30932,1.3903112,14.53165,-0.5713019,0.20164159,0.006223439,0.27093264,0.036537893,0.17055863,-0.0067053903,251.93367,247.87196,330.79575,-0.81900936,8.88584,0.3620693
10,74,10,0.0013421776,0.14954229,0.04344322,0.07726552,0.028833542,0.10421519,0.00048394818,10.576975,1.4579568,14.467391,-1.3927943,0.20843038,0.00096789637,0.27796677,0.038315624,0.16980442,-0.016347283,251.91788,247.60674,331.10696,-0.06516254,8.88584,0.3857219
10,75,10,0.0013421776,0.16005799,0.048103902,0.083296806,0.028657285,0.10966301,-0.0026696536,10.982035,2.1441462,14.423106,-0.6085791,0.21932602,-0.0053393072,0.28861186,0.056348912,0.16928463,-0.0071429233,251.94377,247.6662,331.29648,-1.535567,8.88584,0.36928457
10,76,10,0.0013421776,0.1584196,0.044199966,0.085142106,0.029077515,0.10511894,0.0016179434,11.103014,1.8076576,14.528469,-0.71526706,0.21023788,0.0032358868,0.2917912,0.04750589,0.1705213,-0.008395116,251.93015,247.75937,330.72534,-1.0923905,8.88584,0.40609655
10,77,10,0.0013421776,0.14584643,0.042540725,0.07550942,0.027796285,0.10312702,0.0005798003,10.45609,1.4819157,14.204783,-1.4967641,0.20625404,0.0011596006,0.27478978,0.03894529,0.16672218,-0.0175676,251.95793,247.80191,331.29468,0.0148483515,8.886274,0.39119053
10,78,10,0.0013421776,0.15259577,0.04766422,0.07631937,0.02861218,0.109160684,-0.0025333143,10.512018,2.0153043,14.411749,-0.6947939,0.21832137,-0.0050666286,0.2762596,0.052962918,0.16915135,-0.008154823,251.98923,247.9577,331.77454,-1.3205104,8.886274,0.36503324
10,79,10,0.0013421776,0.14901385,0.045810685,0.07603516,0.02716801,0.10701715,0.0030090965,10.492426,1.6791278,14.04333,-0.84492344,0.2140343,0.006018193,0.27574474,0.04412808,0.16482721,-0.00991691,251.99191,248.03247,331.5646,-0.8342044,8.886274,0.40526298
10,80,10,0.0013421776,0.14461493,0.043858707,0.072732925,0.028023299,0.10471235,-0.00012295655,10.262053,1.5005202,14.26267,-1.9602067,0.2094247,-0.0002459131,0.26969042,0.039434213,0.16740161,-0.023007032,252.01854,248.09195,332.08002,0.45968652,8.886274,0.38692817
10,81,10,0.0013421776,0.1414849,0.04521549,0.06918965,0.027079755,0.10631967,-0.0029357495,10.0089655,2.0794322,14.020503,-1.2757591,0.21263935,-0.005871499,0.26303926,0.05464824,0.16455927,-0.014973649,252.0703,248.35373,332.4244,-0.80367315,8.886812,0.3318603
10,82,10,0.0013421776,0.14407153,0.04121364,0.075290516,0.027567383,0.10150571,0.002775978,10.440922,1.7660574,14.1461735,-1.251304,0.20301142,0.005551956,0.27439117,0.04641263,0.16603428,-0.014686616,252.07245,248.41003,331.75244,-0.51475334,8.886812,0.36443397
10,83,10,0.0013421776,0.14798293,0.042665403,0.07551234,0.029805185,0.103278026,8.2868515e-5,10.45629,1.4826291,14.709134,-2.2441936,0.20655605,0.00016573703,0.2747951,0.038964015,0.17264178,-0.026340194,252.14272,248.6626,332.53812,0.7615645,8.886812,0.3803797
10,84,10,0.0013421776,0.14830376,0.045741066,0.07447322,0.028089473,0.10693581,-0.0027283349,10.384096,1.7937897,14.2795,-1.2625166,0.21387161,-0.0054566697,0.2728978,0.04714145,0.16759914,-0.014818216,252.20442,248.98311,332.72992,-0.5312731,8.886812,0.36390755
10,85,10,0.0013421776,0.13326024,0.04064009,0.06614004,0.026480114,0.10079694,0.0035885554,9.785903,1.5044967,13.864403,-1.365891,0.20159388,0.0071771108,0.25717705,0.039538715,0.16272712,-0.016031528,252.22656,249.1149,332.0363,-0.13860571,8.887447,0.36740756
10,86,10,0.0013421776,0.14242443,0.04388199,0.07133565,0.027206795,0.10474014,0.00061087415,10.163001,1.3816564,14.053352,-2.4099293,0.20948029,0.0012217483,0.26708734,0.036310446,0.16494483,-0.028285451,252.26605,249.07059,332.67322,1.0282729,8.887447,0.38676965
10,87,10,0.0013421776,0.14862826,0.04805439,0.073800065,0.026773814,0.10960656,-0.0014870185,10.33706,1.8460513,13.941078,-1.6334916,0.21921311,-0.002974037,0.27166167,0.048514888,0.16362706,-0.019172367,252.30403,249.1164,333.05414,-0.2125597,8.887447,0.36087778
10,88,10,0.0013421776,0.13738315,0.04150773,0.069178805,0.026696617,0.10186723,0.0029485985,10.008182,1.2233139,13.920964,-1.6402613,0.20373446,0.005897197,0.26301864,0.032149132,0.163391,-0.019251822,252.2984,249.1103,332.41928,0.41694736,8.887447,0.36167666
10,89,10,0.0013421776,0.13250196,0.041006908,0.06299529,0.028499767,0.10125081,0.0006437055,9.550426,0.8634141,14.3834095,-2.7672684,0.20250162,0.001287411,0.25098863,0.022690836,0.16881874,-0.032479554,252.35843,249.36826,333.51788,1.9038544,8.88815,0.35773614
10,90,10,0.0013421776,0.13575809,0.047613133,0.06157375,0.026571201,0.10910217,-0.0021693453,9.442054,1.580354,13.8882265,-1.9184998,0.21820433,-0.0043386905,0.24814059,0.04153228,0.16300675,-0.022517512,252.38557,249.58531,334.15897,0.33814585,8.88815,0.3558212
10,91,10,0.0013421776,0.1207701,0.034100085,0.06109169,0.025578322,0.092331044,0.004886419,9.405021,1.0282047,13.626278,-1.8272758,0.18466209,0.009772838,0.24716733,0.027021594,0.15993224,-0.021446815,252.34946,249.49129,333.72855,0.7990711,8.88815,0.38675788
10,92,10,0.0013421776,0.12634656,0.03696133,0.062974155,0.026411068,0.096126646,0.002698024,9.548824,0.79686517,13.846314,-2.5925255,0.19225329,0.005396048,0.25094652,0.020941908,0.16251482,-0.030428583,252.35393,249.43486,334.0421,1.7956603,8.88815,0.3987333
10,93,10,0.0013421776,0.13732013,0.045913532,0.06613018,0.025276411,0.10713722,-0.0032625129,9.785173,1.7139992,13.545621,-1.2727381,0.21427444,-0.0065250257,0.2571579,0.045044515,0.15898557,-0.014938181,252.40294,249.6393,334.13068,-0.44126105,8.888908,0.33847952
10,94,10,0.0013421776,0.142652,0.039899617,0.07674839,0.026003998,0.099874444,0.0024521123,10.541521,1.6220484,13.739194,-1.312322,0.19974889,0.0049042245,0.277035,0.042628027,0.16125755,-0.015402779,252.44603,249.84494,333.67844,-0.30972636,8.888908,0.35165012
10,95,10,0.0013421776,0.1347954,0.04019085,0.06819672,0.026407821,0.10023828,0.00067198096,9.93689,1.0472155,13.845464,-2.772464,0.20047656,0.0013439619,0.26114503,0.027521215,0.16250484,-0.032540537,252.50519,250.06229,334.76187,1.7252486,8.888908,0.40827236
10,96,10,0.0013421776,0.13671081,0.042606752,0.06836397,0.025740089,0.103207015,-0.0033409842,9.949066,1.5598166,13.6693,-2.1067185,0.20641403,-0.0066819685,0.26146504,0.040992543,0.16043718,-0.024726648,252.50546,249.86829,335.137,0.54690194,8.888908,0.38726848
10,97,10,0.0013421776,0.11979675,0.03406812,0.060947806,0.024780825,0.09228776,0.0038697508,9.393938,1.2864864,13.41217,-1.8437907,0.18457551,0.0077395015,0.24687609,0.03380931,0.15741926,-0.021640657,252.48383,249.69006,334.09344,0.55730426,8.889727,0.36448836
10,98,10,0.0013421776,0.113354325,0.03733805,0.05212369,0.023892589,0.09661528,0.001984252,8.687328,0.7440549,13.169607,-2.9451296,0.19323055,0.003968504,0.22830613,0.019554019,0.15457228,-0.03456713,252.55576,250.01172,334.51764,2.2010746,8.889727,0.34297127
10,99,10,0.0013421776,0.11704828,0.046260886,0.048035316,0.02275208,0.10754172,-0.001266388,8.339673,1.1540166,12.8514385,-2.2602074,0.21508344,-0.002532776,0.2191696,0.030327972,0.15083793,-0.026528146,252.57979,250.22212,334.94717,1.1061908,8.889727,0.29817504
10,100,10,0.0013421776,0.10506598,0.033035837,0.04694535,0.025084792,0.090878814,0.005763208,8.244513,0.95111024,13.494179,-1.8191597,0.18175763,0.011526416,0.21666875,0.024995506,0.15838179,-0.021351565,252.54001,250.13715,334.273,0.8680495,8.889727,0.31469473
