ic,traj,n_steps,eta,loss_total,loss_T,loss_olw,loss_slwd,rmse_T,bias_T,rmse_olw,bias_olw,rmse_slwd,bias_slwd,nrmse_T,nbias_T,nrmse_olw,nbias_olw,nrmse_slwd,nbias_slwd,mean_T,mean_olw,mean_slwd,bias_C,pnorm,gnorm
1,1,10,0.01,4.349792,0.39086875,2.1994758,1.7594475,0.31259748,0.025228808,56.43237,3.564585,113.013245,-5.21991,0.62519497,0.050457615,1.483063,0.09367852,1.3264416,-0.06126631,251.12997,245.07397,329.26288,1.6553252,13.742783,10.592329
1,2,10,0.01,4.3887167,0.41016987,2.1957648,1.7827822,0.32022253,0.019639164,56.384735,2.9995055,113.7602,-6.3358192,0.64044505,0.03927833,1.4818113,0.07882795,1.3352087,-0.07436377,251.18488,245.25986,330.13773,3.3363137,13.742783,10.686241
1,3,10,0.01,4.3947964,0.3878084,2.2298307,1.7771574,0.31137133,0.016026594,56.820442,3.6255093,113.5806,-6.603878,0.62274265,0.032053187,1.4932618,0.095279716,1.3331007,-0.0775101,251.19293,245.31136,330.5379,2.9783688,13.742783,10.825189
1,4,10,0.01,4.407463,0.37855807,2.247553,1.7813518,0.30763537,0.023361947,57.0458,3.0843008,113.714554,-5.4230933,0.61527073,0.046723895,1.4991841,0.08105646,1.3346729,-0.06365119,251.14836,245.21626,329.86777,2.3387926,13.742783,10.892555
1,5,10,0.01,2.2958481,0.32445955,1.1381968,0.8331917,0.28480676,0.010068446,40.59545,7.266261,77.77029,5.71753,0.5696135,0.020136893,1.0668631,0.19095993,0.91279334,0.06710692,251.13963,245.198,330.21683,-12.983791,13.738571,6.695049
1,6,10,0.01,2.3413749,0.31265062,1.1936028,0.8351215,0.27957585,0.007792759,41.571777,7.9615083,77.8603,5.5107737,0.5591517,0.015585518,1.0925213,0.20923127,0.91384983,0.06468019,251.11403,245.10222,330.36642,-13.472282,13.738571,6.683837
1,7,10,0.01,2.3728738,0.3231774,1.2062398,0.84345657,0.28424346,0.016277364,41.79126,7.2357917,78.24787,6.7635603,0.5684869,0.032554727,1.0982895,0.1901593,0.9183989,0.079384245,251.0897,245.05899,329.71014,-13.9993515,13.738571,6.7661014
1,8,10,0.01,2.367437,0.32666975,1.1929239,0.84784305,0.28577515,0.009994392,41.559956,6.9548006,78.45108,6.291359,0.5715503,0.019988785,1.0922105,0.18277463,0.92078394,0.073841944,251.15254,245.2758,330.30252,-13.24616,13.738571,6.7977533
1,9,10,0.01,1.1707394,0.2516005,0.56703514,0.35210383,0.25079897,0.0020267556,28.653236,10.09027,50.556458,13.726971,0.50159794,0.004053511,0.75301737,0.26517594,0.5933834,0.16111408,251.235,245.56648,330.48846,-23.817242,13.7447,3.568115
1,10,10,0.01,1.1515075,0.25366867,0.5341091,0.3637297,0.25182766,0.008839461,27.808891,9.2371435,51.384308,14.078155,0.5036553,0.017678922,0.7308277,0.24275547,0.60310006,0.16523592,251.34013,246.0508,330.30188,-23.315298,13.7447,3.5516822
1,11,10,0.01,1.1481057,0.2680681,0.50621855,0.37381908,0.25887647,0.0023539434,27.073086,9.132362,52.092113,13.384782,0.51775295,0.004707887,0.7114904,0.24000175,0.61140746,0.1570978,251.47806,246.48405,331.4207,-22.517143,13.7447,3.472389
1,12,10,0.01,1.1005402,0.25918454,0.48850018,0.35285538,0.25455084,0.0004342364,26.595058,9.214483,50.610374,12.372931,0.5091017,0.0008684728,0.6989279,0.24215996,0.5940163,0.14522167,251.59161,246.91493,332.06738,-21.587414,13.7447,3.44871
1,13,10,0.01,0.6699288,0.19908641,0.24748926,0.22335312,0.2230955,0.003599916,18.929838,10.553518,40.26588,19.536682,0.446191,0.007199832,0.49748293,0.27735022,0.4726025,0.22930291,251.63667,247.13573,331.94702,-30.0902,13.7556925,2.0815146
1,14,10,0.01,0.6690005,0.20413715,0.24265073,0.22221264,0.2259077,-0.0028073716,18.74388,10.309151,40.162952,18.637457,0.4518154,-0.005614743,0.4925959,0.27092823,0.47139436,0.21874869,251.68385,247.30402,332.6265,-28.946608,13.7556925,2.0007067
1,15,10,0.01,0.6910516,0.21368212,0.25235656,0.2250129,0.23112881,-0.004873944,19.115074,10.633462,40.415222,18.510353,0.46225762,-0.009747888,0.50235105,0.27945125,0.47435525,0.21725683,251.66765,247.26926,332.7512,-29.143814,13.7556925,2.0054603
1,16,10,0.01,0.6808933,0.19597608,0.25840405,0.22651318,0.22134593,0.0014493336,19.342754,10.589131,40.549725,19.45668,0.44269186,0.0028986672,0.5083346,0.2782862,0.475934,0.22836392,251.61018,247.0474,331.96393,-30.04581,13.7556925,2.0387669
1,17,10,0.01,0.5898379,0.15317717,0.21130186,0.22535889,0.19568928,-0.009182033,17.49123,10.571427,40.446278,19.040205,0.39137855,-0.018364066,0.45967582,0.27782094,0.4747198,0.22347575,251.63057,247.09134,332.4595,-29.611633,13.765387,2.5187967
1,18,10,0.01,0.59209406,0.15295832,0.21577103,0.22336471,0.19554943,-0.01305877,17.675238,10.871443,40.26693,18.30897,0.39109886,-0.02611754,0.4645116,0.28570545,0.47261477,0.21489319,251.64105,247.11467,332.55844,-29.180412,13.765387,2.4396996
1,19,10,0.01,0.59770775,0.1489479,0.21784034,0.23091953,0.19296885,-0.0028093203,17.75979,10.521447,40.94223,19.759203,0.3859377,-0.0056186407,0.4667337,0.27650744,0.48054087,0.23191464,251.62505,247.07288,331.8645,-30.280651,13.765387,2.4994817
1,20,10,0.01,0.6068236,0.15302993,0.20852886,0.24526481,0.1955952,-0.010139201,17.376076,10.701757,42.19479,19.548628,0.3911904,-0.020278402,0.4566496,0.28124604,0.49524218,0.22944313,251.67053,247.24432,332.4974,-30.250385,13.765387,2.5304003
1,21,10,0.01,0.4969646,0.11991218,0.18463239,0.19242004,0.17314169,-0.018436821,16.350183,9.424173,37.37372,14.674649,0.34628338,-0.036873642,0.42968872,0.24767065,0.43865708,0.17223702,251.73119,247.48463,332.997,-24.098824,13.774638,2.311921
1,22,10,0.01,0.47504795,0.11800184,0.17840093,0.17864518,0.17175698,-0.010534691,16.0719,8.913013,36.01114,15.94749,0.34351397,-0.021069381,0.42237535,0.23423721,0.42266437,0.1871764,251.7805,247.65808,332.4609,-24.860504,13.774638,2.256714
1,23,10,0.01,0.49229783,0.12486721,0.17457418,0.19285642,0.17668277,-0.015419603,15.898594,8.70252,37.41608,14.91937,0.35336554,-0.030839207,0.41782075,0.22870539,0.4391542,0.17510933,251.9177,248.15169,333.40533,-23.621891,13.774638,2.3798277
1,24,10,0.01,0.50233865,0.13164625,0.1780944,0.19259802,0.18141544,-0.016954398,16.058088,8.642778,37.391006,14.641703,0.36283088,-0.033908796,0.42201233,0.22713536,0.4388599,0.17185034,252.0189,248.59982,334.1999,-23.284481,13.774638,2.3627498
1,25,10,0.01,0.352567,0.09602938,0.1382809,0.11825671,0.15494303,-0.012315733,14.149782,5.6803484,29.299091,8.595912,0.30988607,-0.024631467,0.3718614,0.14928162,0.34388474,0.1008906,251.99704,248.54794,333.76562,-14.27626,13.78236,1.5570688
1,26,10,0.01,0.37278083,0.10278211,0.14166015,0.12833858,0.16029824,-0.016889008,14.321633,5.9596577,30.52248,8.142885,0.3205965,-0.033778016,0.37637767,0.15662193,0.35824373,0.09557342,252.00157,248.46909,334.32983,-14.102543,13.78236,1.6993732
1,27,10,0.01,0.38079745,0.10565229,0.13838327,0.13676187,0.16252099,-0.021343738,14.155019,6.173568,31.508207,7.5217013,0.32504198,-0.042687476,0.37199903,0.16224359,0.3698133,0.088282555,251.9903,248.41422,334.41956,-13.695269,13.78236,1.6815925
1,28,10,0.01,0.3524959,0.08826466,0.13698393,0.12724733,0.14854684,-0.013101924,14.083268,6.117969,30.392437,8.784919,0.2970937,-0.026203848,0.3701134,0.16078247,0.35671744,0.103108995,251.93805,248.2698,333.76382,-14.902887,13.78236,1.5953174
1,29,10,0.01,0.30353954,0.07238223,0.12224664,0.10891069,0.13451973,-0.018050902,13.304151,3.0312786,28.117481,1.0255022,0.26903945,-0.036101803,0.34963787,0.07966309,0.3300162,0.012036367,251.94113,248.24084,334.24835,-4.056781,13.789242,1.1141162
1,30,10,0.01,0.31321403,0.08069291,0.11705757,0.115463555,0.14203249,-0.021897323,13.018724,2.7142005,28.951004,-0.22516054,0.28406498,-0.043794647,0.34213677,0.071330175,0.33979928,-0.0026427207,251.95763,248.22937,334.40884,-2.48904,13.789242,1.1628515
1,31,10,0.01,0.29236042,0.06951821,0.11938493,0.10345729,0.13183153,-0.014851094,13.147508,2.526582,27.404493,1.0279202,0.26366305,-0.029702188,0.34552124,0.066399455,0.32164776,0.012064748,251.94835,248.24239,333.73166,-3.5545022,13.789242,1.129116
1,32,10,0.01,0.3042314,0.07494447,0.12102554,0.10826139,0.13687994,-0.01924588,13.237537,2.8095586,28.033545,0.8025602,0.27375987,-0.03849176,0.34788725,0.07383621,0.329031,0.009419672,251.99315,248.42894,334.34384,-3.6121187,13.789242,1.1735604
1,33,10,0.01,0.31624958,0.0721236,0.124157935,0.119968034,0.13427919,-0.021645425,13.40775,-0.5643193,29.510323,-5.1702447,0.26855838,-0.04329085,0.35236052,-0.014830522,0.34636402,-0.060683403,251.99002,248.40839,334.46094,5.734564,13.795477,1.3829188
1,34,10,0.01,0.2899961,0.058271345,0.124960065,0.106764674,0.12069729,-0.014683482,13.450992,-1.1221335,27.839088,-4.933211,0.24139458,-0.029366964,0.3534969,-0.029490061,0.32674864,-0.057901323,251.94565,248.2672,333.66425,6.0553446,13.795477,1.3351815
1,35,10,0.01,0.30776554,0.060315765,0.13375807,0.11369171,0.12279634,-0.017840268,13.916456,-0.48212686,28.728014,-5.289428,0.24559268,-0.035680536,0.3657295,-0.012670469,0.33718202,-0.06208226,251.96371,248.23662,334.19476,5.771555,13.795477,1.3592046
1,36,10,0.01,0.33969986,0.07112627,0.14386964,0.124703966,0.13334754,-0.022853788,14.432887,-0.41619503,30.087173,-5.689797,0.26669508,-0.045707576,0.37930152,-0.010937739,0.35313448,-0.066781424,252.01521,248.39607,334.66785,6.105992,13.795477,1.464558
1,37,10,0.01,0.29726815,0.04534704,0.14541967,0.106501445,0.10647422,-0.014960902,14.51043,-3.2913048,27.804749,-7.6321626,0.21294844,-0.029921804,0.3813393,-0.08649668,0.3263456,-0.08957903,252.06944,248.69717,334.22452,10.923468,13.801589,1.6147432
1,38,10,0.01,0.2972595,0.053073555,0.13215244,0.1120335,0.115188494,-0.018956289,13.832678,-3.0312166,28.517742,-8.130166,0.23037699,-0.037912577,0.36352777,-0.07966144,0.33471406,-0.09542413,252.16635,249.07947,335.01215,11.161383,13.801589,1.5954232
1,39,10,0.01,0.32563466,0.059144,0.14216116,0.12432948,0.1215977,-0.022922317,14.346936,-3.4075866,30.041962,-9.215999,0.2431954,-0.045844633,0.37704265,-0.08955262,0.35260385,-0.108168595,252.27669,249.52931,335.76578,12.623585,13.801589,1.682293
1,40,10,0.01,0.30123293,0.05369344,0.14364742,0.10389207,0.115859225,-0.013679283,14.421739,-3.936256,27.462015,-7.866312,0.23171845,-0.027358565,0.37900847,-0.10344624,0.32232293,-0.092327274,252.33673,249.91837,335.3921,11.802568,13.801589,1.640728
1,41,10,0.01,0.2594188,0.048195098,0.120188974,0.09103472,0.10976691,-0.0149952825,13.191706,-5.2553787,25.706608,-9.404933,0.21953382,-0.029990565,0.34668282,-0.13811323,0.3017196,-0.110386126,252.40201,250.12209,336.31454,14.660312,13.808071,1.4840878
1,42,10,0.01,0.27891523,0.051633477,0.12891348,0.09836826,0.113615006,-0.019075241,13.662111,-5.2255664,26.721985,-10.486849,0.22723001,-0.038150482,0.35904524,-0.13732976,0.31363714,-0.123084605,252.41643,250.02579,336.6367,15.712416,13.808071,1.5709924
1,43,10,0.01,0.2691235,0.041501082,0.13821909,0.089403346,0.10185907,-0.012172463,14.146621,-5.340255,25.47523,-8.812672,0.20371814,-0.024344927,0.37177828,-0.14034383,0.29900393,-0.10343473,252.41068,250.06754,335.9185,14.152926,13.808071,1.5572371
1,44,10,0.01,0.2782343,0.049265053,0.13731357,0.091655664,0.11097866,-0.014885113,14.100205,-5.3587327,25.794127,-8.508168,0.22195733,-0.029770225,0.37055847,-0.14082944,0.30274686,-0.09986077,252.46054,250.24571,336.2345,13.866901,13.808071,1.521399
1,45,10,0.01,0.2471526,0.0541754,0.1096499,0.08332729,0.11637805,-0.01680012,12.600065,-5.890575,24.59432,-8.445186,0.2327561,-0.03360024,0.33113426,-0.15480642,0.28866467,-0.099121526,252.53224,250.53906,336.70013,14.33576,13.815112,1.1890621
1,46,10,0.01,0.23522791,0.04304838,0.11456653,0.077612996,0.10374052,-0.008921886,12.8794565,-5.9085927,23.73605,-6.799228,0.20748104,-0.017843772,0.33847678,-0.15527996,0.2785911,-0.079802856,252.52287,250.65172,336.06207,12.707821,13.815112,1.1439052
1,47,10,0.01,0.23696825,0.051974326,0.104848854,0.08014506,0.11398939,-0.0103994105,12.321131,-5.8117785,24.120129,-7.151757,0.22797878,-0.020798821,0.32380372,-0.15273565,0.28309903,-0.0839405,252.56277,250.82375,336.7155,12.963535,13.815112,1.0665476
1,48,10,0.01,0.24612287,0.05995519,0.10091064,0.08525704,0.122428745,-0.0152069675,12.087519,-5.781054,24.877476,-7.9694514,0.24485749,-0.030413935,0.31766436,-0.1519282,0.29198807,-0.09353782,252.60863,250.89694,337.4488,13.750505,13.815112,1.139399
1,49,10,0.01,0.18293956,0.040313452,0.07566348,0.06696263,0.10039105,-0.008076664,10.466749,-4.9865885,22.047405,-4.959508,0.2007821,-0.016153328,0.27506995,-0.13104936,0.2587714,-0.05820996,252.59428,250.88759,336.79623,9.946096,13.822337,0.7344575
1,50,10,0.01,0.18852612,0.044665676,0.073440835,0.07041962,0.10567128,-0.010176213,10.311872,-4.9090137,22.60935,-5.504184,0.21134256,-0.020352427,0.2709997,-0.12901065,0.26536694,-0.06460285,252.60172,250.91193,337.19675,10.4131975,13.822337,0.6934227
1,51,10,0.01,0.20346922,0.053900737,0.07585283,0.07371564,0.11608266,-0.015379206,10.479838,-5.0946636,23.132418,-6.577584,0.23216532,-0.030758413,0.27541393,-0.13388962,0.27150625,-0.07720139,252.6207,250.95676,337.63272,11.672247,13.822337,0.72013575
1,52,10,0.01,0.18760853,0.043610223,0.07789388,0.06610442,0.104415305,-0.006725945,10.619897,-5.1040173,21.905666,-5.1234345,0.20883061,-0.01345189,0.27909476,-0.13413543,0.2571078,-0.060133982,252.60551,250.95198,336.91586,10.227451,13.822337,0.7147443
1,53,10,0.01,0.18222845,0.04693081,0.071208455,0.06408919,0.1083176,-0.008912457,10.153936,-3.6998253,21.56918,-4.0773563,0.2166352,-0.017824914,0.26684913,-0.097232744,0.25315842,-0.04785612,252.6308,251.03456,337.31888,7.7771816,13.828919,0.7365524
1,54,10,0.01,0.19439349,0.054006845,0.0720613,0.06832534,0.11619686,-0.014450968,10.214561,-3.8164704,22.270609,-5.001455,0.23239373,-0.028901936,0.26844236,-0.10029822,0.26139116,-0.058702305,252.67557,251.18274,337.7803,8.817925,13.828919,0.7061464
1,55,10,0.01,0.17764094,0.04232579,0.06920679,0.06610837,0.102866165,-0.009005028,10.010206,-3.5710409,21.906322,-4.317312,0.20573233,-0.018010056,0.26307184,-0.09384823,0.25711548,-0.050672483,252.67677,251.20403,337.17227,7.8883524,13.828919,0.6869101
1,56,10,0.01,0.1873753,0.046979442,0.07072154,0.06967432,0.10837371,-0.010897362,10.119162,-3.3278785,22.489386,-4.6925197,0.21674742,-0.021794723,0.2659352,-0.08745785,0.26395893,-0.055076323,252.68541,251.23824,337.51617,8.020398,13.828919,0.6688981
1,57,10,0.01,0.20252086,0.059771474,0.07669295,0.06605643,0.12224103,-0.0131997615,10.537713,-2.1822171,21.897713,-3.6811628,0.24448206,-0.026399523,0.27693492,-0.05734945,0.25701445,-0.043205973,252.70056,251.26843,337.8242,5.86338,13.833998,0.858101
1,58,10,0.01,0.18769445,0.047803894,0.07713285,0.0627577,0.10932051,-0.004549421,10.567892,-2.2012088,21.343945,-2.0530682,0.21864101,-0.009098842,0.27772802,-0.057848573,0.25051486,-0.024096958,252.70883,251.31996,337.0599,4.254277,13.833998,0.9371209
1,59,10,0.01,0.18930462,0.04578643,0.07951251,0.06400568,0.10698882,-0.008621603,10.7296715,-2.3994164,21.555122,-3.0021806,0.21397763,-0.017243207,0.28197962,-0.06305755,0.25299343,-0.035236724,252.79195,251.62788,337.88635,5.401597,13.833998,0.94446206
1,60,10,0.01,0.20512098,0.054333866,0.07945959,0.071327515,0.11654813,-0.011112128,10.7261,-2.418734,22.75463,-3.637793,0.23309626,-0.022224257,0.28188577,-0.063565195,0.2670721,-0.042696938,252.87666,251.93793,338.66653,6.056527,13.833998,0.9268898
1,61,10,0.01,0.18536787,0.043799978,0.07848679,0.0630811,0.10464222,-0.0020497583,10.660239,-1.41343,21.39887,-1.2159823,0.20928444,-0.0040995167,0.28015494,-0.03714545,0.25115952,-0.014272042,252.8845,252.0088,338.06006,2.6294122,13.837406,1.0420634
1,62,10,0.01,0.18902615,0.045786485,0.0809236,0.062316053,0.106988885,-0.0033703155,10.824461,-1.416647,21.268711,-1.2030257,0.21397777,-0.006740631,0.28447074,-0.037230007,0.24963184,-0.014119975,252.91252,252.07181,338.55563,2.6196728,13.837406,1.0005301
1,63,10,0.01,0.20096466,0.052114904,0.08309121,0.06575855,0.114143446,-0.0089274,10.968473,-1.4367962,21.848282,-1.0887376,0.22828689,-0.0178548,0.28825545,-0.037759516,0.2564343,-0.012778565,252.92464,252.06578,338.81973,2.5255337,13.837406,0.9798038
1,64,10,0.01,0.19544166,0.050118648,0.08110639,0.064216636,0.11193597,-0.0025639818,10.836678,-1.5074033,21.590612,-0.17408344,0.22387195,-0.0051279636,0.28479183,-0.039615095,0.25341,-0.0020432172,252.89963,252.02158,338.0565,1.6814867,13.837406,1.0275005
1,65,10,0.01,0.17976403,0.05325389,0.06480157,0.06170858,0.11538402,-0.00069035153,9.686378,-1.2190866,21.164791,-0.054377392,0.23076804,-0.0013807031,0.2545615,-0.032038033,0.24841212,-0.00063822785,252.95805,252.26918,338.7358,1.2734641,13.839288,0.81836927
1,66,10,0.01,0.18017119,0.05230602,0.06704035,0.060824826,0.11435255,-0.00782999,9.852282,-1.1157238,21.01269,-0.49331674,0.2287051,-0.01565998,0.2589215,-0.02932162,0.2466269,-0.0057900795,253.0449,252.6585,339.45624,1.6090406,13.839288,0.8106852
1,67,10,0.01,0.17234519,0.04794315,0.06648451,0.057917528,0.10947962,-0.0007884224,9.811354,-1.0446558,20.504362,1.2586263,0.21895924,-0.0015768448,0.2578459,-0.027453935,0.24066061,0.014772555,253.0462,252.83069,338.8435,-0.21397054,13.839288,0.8275094
1,68,10,0.01,0.17597637,0.05099888,0.068035126,0.056942362,0.11291466,-0.0006594972,9.925109,-1.1477948,20.331009,0.63642466,0.22582932,-0.0013189944,0.26083544,-0.030164475,0.23862599,0.0074697463,253.04648,252.73528,339.31268,0.5113702,13.839288,0.76564693
1,69,10,0.01,0.16433148,0.05577236,0.051786076,0.05677304,0.11808086,-0.004636355,8.659148,-0.963151,20.30076,0.99754065,0.23616172,-0.00927271,0.22756554,-0.025311956,0.23827094,0.011708182,253.03145,252.51057,339.44064,-0.034389675,13.840107,0.47447592
1,70,10,0.01,0.15833686,0.048898146,0.05179469,0.05764403,0.11056463,0.002417873,8.659867,-0.68518484,20.455893,2.430145,0.22112925,0.004835746,0.22758447,-0.01800691,0.24009171,0.028522719,253.0118,252.426,338.65024,-1.7449602,13.840107,0.479333
1,71,10,0.01,0.17468682,0.05671836,0.055789992,0.062178466,0.119078085,0.0017758572,8.987664,-0.6458707,21.24522,2.2139463,0.23815617,0.0035517144,0.23619905,-0.016973723,0.2493561,0.025985189,253.0425,252.48067,338.79352,-1.5680757,13.840107,0.47231248
1,72,10,0.01,0.1771223,0.063850105,0.053546663,0.05972553,0.1263429,-0.0027475683,8.805111,-0.65045565,20.821941,1.2988148,0.2526858,-0.0054951366,0.23140152,-0.017094215,0.24438807,0.01524425,253.07446,252.5827,338.87985,-0.6483591,13.840107,0.4983514
1,73,10,0.01,0.15329039,0.05489346,0.043179013,0.055217925,0.11714677,0.0052210526,7.906877,-1.2834837,20.02079,3.1633584,0.23429354,0.010442105,0.2077956,-0.033730414,0.23498495,0.03712848,253.11273,252.88522,338.44815,-1.8798747,13.840718,0.45086244
1,74,10,0.01,0.1583375,0.052932177,0.04674308,0.058662247,0.11503497,0.0038309542,8.226731,-1.3205297,20.635765,2.9216003,0.23006994,0.0076619084,0.21620148,-0.034703996,0.24220291,0.03429096,253.17867,253.09737,339.32117,-1.6010706,13.840718,0.4222014
1,75,10,0.01,0.17665228,0.06446238,0.04765047,0.064539425,0.12694721,-0.002533678,8.306198,-1.0242479,21.644808,2.8174603,0.25389442,-0.005067356,0.21828988,-0.026917607,0.2540461,0.033068653,253.1976,253.17574,339.70825,-1.7932124,13.840718,0.46238932
1,76,10,0.01,0.16141677,0.050649233,0.047688194,0.063079335,0.11252692,0.003937112,8.309485,-1.1280104,21.398571,3.74506,0.22505385,0.007874224,0.21837626,-0.029644521,0.251156,0.043955933,253.17192,253.09828,339.03296,-2.6170497,13.840718,0.4643491
1,77,10,0.01,0.17422824,0.05443711,0.057350095,0.062441036,0.11665881,0.0036191007,9.112462,-0.9966394,21.29003,3.4167595,0.23331761,0.0072382013,0.2394788,-0.026192032,0.24988204,0.04010266,253.18158,253.00749,339.36206,-2.4201202,13.841569,0.61221695
1,78,10,0.01,0.18195698,0.061003983,0.05973022,0.06122277,0.12349492,-0.003190954,9.299632,-0.7668399,21.081316,2.9684734,0.24698985,-0.006381908,0.24439767,-0.020152824,0.24743235,0.034841113,253.19736,253.07281,339.52658,-2.2016335,13.841569,0.62393534
1,79,10,0.01,0.17005089,0.05094009,0.060205515,0.058905292,0.112849556,0.003195888,9.336557,-0.7778115,20.678469,4.260334,0.22569911,0.006391776,0.24536812,-0.020441169,0.24270412,0.050003737,253.14738,252.96527,338.8792,-3.4825225,13.841569,0.6620174
1,80,10,0.01,0.1841997,0.05627337,0.064986035,0.0629403,0.11861005,0.0011401735,9.700154,-1.0497268,21.374975,3.3753812,0.2372201,0.002280347,0.25492358,-0.027587201,0.25087905,0.039617,253.173,252.95952,339.29608,-2.3256545,13.841569,0.6940973
1,81,10,0.01,0.18866715,0.056110732,0.075055614,0.057500813,0.11843852,-0.006738032,10.424621,-0.19272667,20.430462,3.094128,0.23687704,-0.013476064,0.2739628,-0.0050649354,0.23979327,0.036315914,253.2038,253.05038,339.55478,-2.9014013,13.842791,0.76060253
1,82,10,0.01,0.18401855,0.04756866,0.08037587,0.056074016,0.109051205,0.0008884891,10.787767,-0.19079559,20.175396,4.02478,0.21810241,0.0017769783,0.2835064,-0.005014179,0.23679952,0.047239024,253.20387,253.04573,339.0878,-3.8339841,13.842791,0.7890948
1,83,10,0.01,0.19982044,0.055776976,0.082430854,0.06161262,0.11808575,0.00057304,10.924802,-0.40261456,21.148329,3.2243702,0.2361715,0.00114608,0.28710774,-0.010580857,0.2482189,0.03784458,253.25653,253.12035,339.24945,-2.8217556,13.842791,0.81311065
1,84,10,0.01,0.20162037,0.062457412,0.07407791,0.065085046,0.124957405,-0.004038259,10.356501,-0.40793002,21.736109,2.1752524,0.24991481,-0.008076518,0.27217257,-0.010720546,0.2551177,0.025531031,253.3142,253.27878,339.69244,-1.7673224,13.842791,0.779033
1,85,10,0.01,0.16442771,0.04851988,0.06476198,0.051145848,0.110136144,0.0032026626,9.683419,0.121377654,19.26843,3.229748,0.22027229,0.006405325,0.25448376,0.0031898553,0.22615448,0.037907697,253.2987,253.26062,338.9277,-3.3511257,13.844485,0.6781815
1,86,10,0.01,0.17860532,0.04844458,0.073894285,0.056266464,0.11005065,0.0013948526,10.3436575,0.13279046,20.209986,3.2780027,0.2201013,0.0027897053,0.27183503,0.0034897688,0.23720554,0.038474064,253.33641,253.40605,339.47626,-3.4107933,13.844485,0.7233099
1,87,10,0.01,0.19257863,0.0551354,0.078888856,0.05855437,0.11740464,-0.005817942,10.68751,0.5143101,20.616783,2.791896,0.23480928,-0.011635884,0.2808716,0.013516267,0.2419801,0.032768603,253.38849,253.60925,340.00928,-3.3062062,13.844485,0.7330296
1,88,10,0.01,0.19131373,0.05630258,0.07916216,0.05584899,0.118640825,0.002182303,10.706006,0.3692684,20.134872,4.036624,0.23728165,0.004364606,0.2813577,0.009704503,0.23632391,0.04737804,253.41454,253.74095,339.37555,-4.4058924,13.844485,0.7752112
1,89,10,0.01,0.1646482,0.05097852,0.06384093,0.04982876,0.11289211,0.0009865543,9.614314,1.1894209,19.018719,3.1589448,0.22578423,0.0019731086,0.25266764,0.031258404,0.22322357,0.03707668,253.52026,254.15102,340.2386,-4.348366,13.846495,0.5671123
1,90,10,0.01,0.18041089,0.062746994,0.06540033,0.05226355,0.12524675,-0.0010679221,9.731027,1.080077,19.477835,2.2283096,0.2504935,-0.0021358442,0.2557349,0.028384816,0.22861223,0.026153773,253.5936,254.4886,340.6983,-3.3083868,13.846495,0.54825807
1,91,10,0.01,0.16327047,0.048544053,0.061175946,0.05355047,0.11016358,0.0050739585,9.411504,0.8735989,19.716185,3.007442,0.22032715,0.010147917,0.24733771,0.022958495,0.23140974,0.035298485,253.5928,254.46628,340.18552,-3.8810408,13.846495,0.54650265
1,92,10,0.01,0.18191285,0.054302387,0.06780214,0.059808332,0.11651436,0.0036240853,9.908099,0.81417906,20.836369,3.0322087,0.23302872,0.0072481707,0.26038843,0.021396928,0.24455743,0.035589173,253.6263,254.53302,340.36948,-3.8463879,13.846495,0.57155174
1,93,10,0.01,0.17892009,0.059433725,0.06756653,0.05191984,0.121895164,-0.0033000829,9.890869,1.9709227,19.413681,2.5150707,0.24379033,-0.0066001657,0.25993562,0.051796567,0.22785926,0.029519506,253.6796,254.72739,340.7489,-4.4859934,13.848736,0.42408386
1,94,10,0.01,0.16123278,0.049900055,0.062820815,0.04851192,0.1116916,0.0029768234,9.537191,1.6825871,18.76573,3.5571365,0.2233832,0.0059536467,0.2506408,0.044219006,0.22025421,0.04175027,253.69937,254.93233,340.22253,-5.2397237,13.848736,0.43227318
1,95,10,0.01,0.15945661,0.047661155,0.06264373,0.04915173,0.109157175,0.003987473,9.523739,1.4716024,18.889072,2.611801,0.21831435,0.007974946,0.2502873,0.038674243,0.22170189,0.03065483,253.73532,255.03291,340.59976,-4.0834036,13.848736,0.41932693
1,96,10,0.01,0.1697096,0.058109723,0.06418505,0.04741481,0.12052979,-0.0034236617,9.640191,1.5089781,18.552319,2.089188,0.24105959,-0.0068473234,0.2533477,0.03965649,0.21774942,0.024520893,253.74753,255.0876,340.63312,-3.5981662,13.848736,0.38533065
1,97,10,0.01,0.1463801,0.04540162,0.0601003,0.040878184,0.10653828,0.0023269923,9.328397,2.4772625,17.226103,2.3558662,0.21307656,0.0046539847,0.24515362,0.06510335,0.20218354,0.0276509,253.69586,254.90344,339.94534,-4.833129,13.85089,0.48905244
1,98,10,0.01,0.15348603,0.045095652,0.062935345,0.045455035,0.106178686,0.0008470982,9.54588,2.3477159,18.164865,1.1243521,0.21235737,0.0016941964,0.25086918,0.06169881,0.21320187,0.013196562,253.69536,254.76266,340.40436,-3.4720678,13.85089,0.4962314
1,99,10,0.01,0.1632446,0.055801377,0.06416408,0.043279152,0.11811157,-0.0047150617,9.638616,2.339294,17.724771,0.7547604,0.23622315,-0.0094301235,0.2533063,0.06147748,0.20803642,0.008858657,253.7017,254.70842,340.7108,-3.0940542,13.85089,0.45670906
1,100,10,0.01,0.1477692,0.043880835,0.061497584,0.04239078,0.104738764,0.0014466381,9.436213,2.1688347,17.54191,2.344164,0.20947753,0.0028932763,0.24798706,0.056997754,0.20589021,0.027513562,253.68512,254.734,339.98312,-4.5129986,13.85089,0.44777942
2,1,10,0.008,0.31306922,0.0710473,0.18534164,0.056680303,0.1332735,0.013655325,16.381557,4.2839355,20.284172,-0.30350873,0.266547,0.02731065,0.43051323,0.11258337,0.23807625,-0.0035623012,251.61624,247.1782,330.9434,-3.9804268,13.852671,1.4658569
2,2,10,0.008,0.32531813,0.07338617,0.19583945,0.056092504,0.13544941,0.010921198,16.839096,4.4248514,20.17872,-0.7655871,0.27089882,0.021842396,0.44253752,0.116286695,0.23683856,-0.0089857215,251.60306,247.16249,331.563,-3.6592643,13.852671,1.5242811
2,3,10,0.008,0.33162293,0.07592799,0.20182407,0.053870887,0.13777517,0.0063356906,17.094452,4.8497286,19.775082,-0.830657,0.27555034,0.012671381,0.44924834,0.12745263,0.23210102,-0.009749461,251.55713,247.02156,331.60092,-4.0190716,13.852671,1.5451586
2,4,10,0.008,0.32474524,0.07432969,0.19906047,0.051355068,0.13631736,0.011561311,16.977009,4.6471977,19.307802,-0.746189,0.2726347,0.023122622,0.44616193,0.12213004,0.22661656,-0.0087580485,251.5101,246.88411,330.87244,-3.9010086,13.852671,1.5540694
2,5,10,0.008,0.3088326,0.06754123,0.18954055,0.051750794,0.12994348,0.010478969,16.56608,4.271644,19.382051,-2.2141254,0.25988695,0.020957937,0.43536255,0.11226033,0.22748801,-0.025987297,251.5421,246.9423,331.45422,-2.0575187,13.851528,1.4471165
2,6,10,0.008,0.30849716,0.07315845,0.18590611,0.049432617,0.1352391,0.0065943147,16.406483,4.250608,18.942966,-2.0337245,0.2704782,0.013188629,0.43116832,0.111707486,0.22233447,-0.023869904,251.56674,247.03786,331.65472,-2.2168834,13.851528,1.4124945
2,7,10,0.008,0.29771128,0.068365544,0.18047634,0.048869397,0.13073403,0.012546132,16.165113,3.7933195,18.834743,-1.7196562,0.26146805,0.025092265,0.42482507,0.099689804,0.22106424,-0.020183688,251.5827,247.08646,331.4093,-2.0736632,13.851528,1.3970473
2,8,10,0.008,0.30532107,0.07144511,0.18347588,0.050400075,0.13364609,0.011259594,16.298895,3.6685662,19.127438,-2.318437,0.26729217,0.022519188,0.42834085,0.09641125,0.22449961,-0.027211593,251.63637,247.21483,332.05997,-1.3501291,13.851528,1.4019667
2,9,10,0.008,0.2744037,0.07230911,0.15763904,0.044455543,0.13445176,0.009520982,15.107777,3.4371746,17.964045,-2.6728706,0.26890352,0.019041965,0.39703783,0.09033016,0.21084483,-0.031371605,251.68611,247.40877,332.38864,-0.7643039,13.8486805,1.1917512
2,10,10,0.008,0.26736057,0.06711322,0.1555858,0.04466154,0.1295311,0.014830202,15.009066,3.251731,18.00562,-2.5934713,0.2590622,0.029660404,0.39444366,0.08545665,0.21133277,-0.030439684,251.68239,247.44215,331.90082,-0.65825963,13.8486805,1.201409
2,11,10,0.008,0.2595812,0.06506414,0.15381937,0.04069769,0.12753837,0.012868485,14.92362,3.3460305,17.18803,-3.0469327,0.25507674,0.02573697,0.39219812,0.08793491,0.20173669,-0.035761986,251.69392,247.41527,332.61868,-0.29909778,13.8486805,1.1917577
2,12,10,0.008,0.26492956,0.07157228,0.15296897,0.04038831,0.13376498,0.01106113,14.88231,3.6508262,17.122574,-3.0290053,0.26752996,0.02212226,0.39111248,0.09594504,0.20096843,-0.035551578,251.67273,247.41312,332.66302,-0.6218209,13.8486805,1.1987886
2,13,10,0.008,0.20492715,0.05651125,0.11662419,0.031791706,0.118860476,0.016734738,12.994602,2.6091034,15.191412,-2.2534451,0.23772095,0.033469476,0.34150285,0.06856819,0.17830229,-0.026448786,251.64162,247.34969,331.77563,-0.3556583,13.844853,0.9040848
2,14,10,0.008,0.20903467,0.062418837,0.11401227,0.03260356,0.12491881,0.013290044,12.848265,2.3901,15.384156,-2.5643234,0.24983762,0.026580088,0.33765703,0.06281269,0.18056455,-0.030097581,251.689,247.44246,332.01965,0.17422342,13.844853,0.8781468
2,15,10,0.008,0.21822296,0.07390336,0.11037626,0.03394334,0.13592586,0.00959593,12.64173,2.622893,15.697067,-2.8835714,0.27185172,0.01919186,0.33222923,0.06893057,0.18423718,-0.03384461,251.76622,247.75284,332.45755,0.2606783,13.844853,0.89530414
2,16,10,0.008,0.1894756,0.05913055,0.101486474,0.028858567,0.12158387,0.014608539,12.121959,2.1072137,14.473668,-2.6276295,0.24316774,0.029217077,0.31856942,0.05537835,0.1698781,-0.030840605,251.77728,247.81303,332.02545,0.5204158,13.844853,0.8600528
2,17,10,0.008,0.15141656,0.049693465,0.07312312,0.028599976,0.11146016,0.013669803,10.289542,1.4398673,14.408675,-3.5602777,0.22292031,0.027339606,0.27041286,0.037840236,0.16911528,-0.041787144,251.79175,247.7416,332.88254,2.1204104,13.840821,0.61125684
2,18,10,0.008,0.16281934,0.054668352,0.07785245,0.030298544,0.11690632,0.009253476,10.617074,1.7564831,14.830374,-3.444421,0.23381265,0.018506952,0.27902052,0.046161015,0.17406477,-0.040427335,251.78973,247.76672,333.22214,1.687938,13.840821,0.6766313
2,19,10,0.008,0.1614163,0.0507665,0.07995044,0.030699374,0.112657115,0.015477399,10.759177,1.3811426,14.92815,-2.5434299,0.22531423,0.030954799,0.28275508,0.03629694,0.17521237,-0.029852357,251.76369,247.67303,332.40115,1.1622872,13.840821,0.647678
2,20,10,0.008,0.16265823,0.05327463,0.07817629,0.031207308,0.11540649,0.012399895,10.6391325,1.4892418,15.051139,-3.627426,0.23081298,0.02479979,0.27960023,0.03913781,0.1766559,-0.042575255,251.82895,247.82503,333.23312,2.138184,13.840821,0.624716
2,21,10,0.008,0.14957295,0.055733565,0.06022818,0.033611204,0.11803979,0.009312254,9.338316,1.078949,15.62008,-3.9552562,0.23607957,0.018624509,0.2454143,0.02835516,0.18333359,-0.046423025,251.86798,247.99118,333.71243,2.8763072,13.837159,0.5524124
2,22,10,0.008,0.13508016,0.0463886,0.0582716,0.03041996,0.107690066,0.017108615,9.185381,0.92504865,14.86006,-2.6274161,0.21538013,0.03421723,0.24139512,0.024310632,0.17441319,-0.030838104,251.87114,248.21796,333.30048,1.7023675,13.837159,0.59134257
2,23,10,0.008,0.13830602,0.04785741,0.060210034,0.03023858,0.10938168,0.015821587,9.336908,1.0013165,14.815691,-2.8174512,0.21876337,0.031643175,0.24537733,0.026314972,0.17389244,-0.03306856,251.86731,248.10953,333.73758,1.8161347,13.837159,0.57792264
2,24,10,0.008,0.15718761,0.061939962,0.0609648,0.03428284,0.1244387,0.01103411,9.395248,1.1145598,15.7753725,-3.5254307,0.2488774,0.02206822,0.24691051,0.029291028,0.18515626,-0.04137814,251.87561,248.09016,333.7193,2.410871,13.837159,0.5824722
2,25,10,0.008,0.12952495,0.047262177,0.053015716,0.02924706,0.10869933,0.01736557,8.76135,0.10503673,14.570765,-1.4440062,0.21739866,0.03473114,0.23025142,0.0027604043,0.17101772,-0.016948367,251.89754,248.28091,333.21036,1.3389695,13.834071,0.54268754
2,26,10,0.008,0.12421275,0.04501492,0.05029767,0.028900152,0.1060836,0.017304374,8.533803,0.036838222,14.484092,-1.7503536,0.2121672,0.034608748,0.22427142,0.0009681239,0.17000045,-0.020543978,251.93321,248.48425,333.76587,1.7135154,13.834071,0.5321412
2,27,10,0.008,0.13513976,0.056285337,0.05101199,0.027842438,0.11862265,0.013464059,8.594188,0.42744997,14.21657,-2.1274827,0.2372453,0.026928117,0.22585835,0.011233549,0.16686054,-0.024970366,251.94524,248.53093,333.9581,1.7000327,13.834071,0.5739351
2,28,10,0.008,0.12452425,0.0458128,0.04985546,0.02885599,0.107019626,0.017876316,8.496206,-0.07636172,14.4730215,-0.6084277,0.21403925,0.03575263,0.22328337,-0.0020068137,0.16987051,-0.0071411445,251.98236,248.75154,333.35547,0.6847894,13.834071,0.59308964
2,29,10,0.008,0.12954625,0.04859244,0.053500522,0.027453287,0.110218465,0.014639531,8.801317,-0.6976607,14.116869,0.01890144,0.22043693,0.029279063,0.2313018,-0.01833478,0.16569033,0.00022184668,252.08546,249.05551,334.3344,0.6787592,13.831536,0.6208568
2,30,10,0.008,0.14058857,0.05505846,0.053509593,0.03202051,0.1173227,0.010336374,8.802064,-0.58719707,15.24598,-1.0748909,0.2346454,0.020672748,0.23132141,-0.015431754,0.17894275,-0.012616042,252.1527,249.21394,334.8059,1.6620879,13.831536,0.59802365
2,31,10,0.008,0.1278152,0.043068986,0.056728795,0.028017413,0.103765346,0.017739845,9.062968,-0.84545946,14.261173,-0.37411863,0.20753069,0.03547969,0.23817807,-0.022218984,0.16738403,-0.004391048,252.16994,249.3383,334.44666,1.219578,13.831536,0.6390995
2,32,10,0.008,0.123175636,0.044218555,0.05184732,0.027109757,0.10514104,0.015774095,8.664268,-1.0180192,14.028268,-0.5760169,0.21028209,0.03154819,0.22770007,-0.026753914,0.16465041,-0.0067607383,252.1772,249.34306,334.92648,1.5940361,13.831536,0.6185577
2,33,10,0.008,0.13857532,0.053457137,0.057484664,0.02763352,0.115604,0.0098836,9.123147,-0.61351955,14.163133,0.46787784,0.231208,0.0197672,0.2397596,-0.016123507,0.16623333,0.005491504,252.17282,249.26973,335.2613,0.14564171,13.829247,0.6860338
2,34,10,0.008,0.12307193,0.035454646,0.06273431,0.024882974,0.09414702,0.0161974,9.5306225,-0.8221095,13.439787,1.1407108,0.18829404,0.0323948,0.2504682,-0.02160534,0.15774338,0.013388573,252.1411,249.20576,334.6483,-0.3186013,13.829247,0.74847585
2,35,10,0.008,0.12409102,0.037445024,0.061136898,0.025509095,0.09675358,0.014383605,9.4085,-0.84725523,13.607825,0.020891748,0.19350716,0.02876721,0.24725877,-0.022266168,0.15971567,0.00024520507,252.15968,249.23216,335.23224,0.8263635,13.829247,0.74338055
2,36,10,0.008,0.14142889,0.05349261,0.058675308,0.029260967,0.11564235,0.008413209,9.217143,-0.41075182,14.574226,-0.35331386,0.2312847,0.016826417,0.24222986,-0.010794702,0.17105837,-0.0041468577,252.1747,249.30098,335.3264,0.7640657,13.829247,0.7329705
2,37,10,0.008,0.13568166,0.038151704,0.06768971,0.02984025,0.09766231,0.011619407,9.89988,-0.8001325,14.717784,2.008851,0.19532461,0.023238814,0.26017246,-0.021027792,0.1727433,0.023577975,252.1731,249.43663,334.64206,-1.2087185,13.827022,0.8575205
2,38,10,0.008,0.14739415,0.046775002,0.06962802,0.030991124,0.108137645,0.009751822,10.040624,-0.82193905,14.998918,0.777871,0.21627529,0.019503644,0.26387122,-0.021600857,0.17604296,0.009129908,252.23059,249.54727,335.559,0.04406804,13.827022,0.8782314
2,39,10,0.008,0.1541678,0.05353998,0.067342184,0.03328563,0.11569354,0.006863094,9.874434,-0.73192465,15.544245,0.38405886,0.23138708,0.013726188,0.25950372,-0.01923525,0.1824435,0.0045077163,252.29932,249.73938,336.10037,0.3478658,13.827022,0.8261544
2,40,10,0.008,0.13259968,0.034027245,0.07039021,0.028182227,0.09223238,0.014847427,10.095429,-0.9746014,14.303056,1.2220247,0.18446475,0.029694853,0.26531154,-0.025612874,0.16787563,0.014342957,252.303,249.69728,335.63092,-0.24742329,13.827022,0.8839016
2,41,10,0.008,0.12926543,0.03772911,0.066301964,0.025234355,0.09711991,0.013114357,9.797874,-0.913538,13.5343485,1.1815306,0.19423983,0.026228715,0.25749168,-0.024008086,0.15885325,0.013867683,252.3117,249.64058,335.9694,-0.26799262,13.824619,0.85168165
2,42,10,0.008,0.13970919,0.050373577,0.06259414,0.026741473,0.112220295,0.009135587,9.519968,-0.68125993,13.932655,0.8288601,0.22444059,0.018271174,0.2501882,-0.017903762,0.1635282,0.009728369,252.3174,249.65115,336.11276,-0.14760017,13.824619,0.8027302
2,43,10,0.008,0.12650809,0.03470885,0.0649657,0.02683353,0.093151554,0.014388846,9.698638,-1.3891658,13.956615,1.7228088,0.18630311,0.028777692,0.2548837,-0.03650777,0.16380943,0.020220688,252.3302,249.84435,335.2837,-0.33364308,13.824619,0.8382264
2,44,10,0.008,0.13995685,0.040623013,0.073773734,0.025560094,0.100775756,0.015347293,10.335216,-1.7116382,13.621421,1.3944038,0.20155151,0.030694585,0.2716132,-0.044982478,0.15987524,0.016366176,252.42401,250.23032,335.93552,0.3172344,13.824619,0.8988625
2,45,10,0.008,0.13478622,0.04535107,0.065875374,0.023559771,0.10647895,0.0070576356,9.766303,-0.95791626,13.077561,1.0692798,0.2129579,0.014115271,0.25666198,-0.025174387,0.15349193,0.012550188,252.47153,250.37593,336.50333,-0.11136353,13.82195,0.7895616
2,46,10,0.008,0.12297673,0.032415736,0.0675937,0.022967288,0.090021856,0.014229623,9.892859,-1.0840818,12.912076,2.2361794,0.18004371,0.028459245,0.2599879,-0.028490072,0.15154962,0.026246147,252.47629,250.52939,336.01553,-1.1520976,13.82195,0.8011841
2,47,10,0.008,0.12554005,0.033808116,0.069199644,0.02253228,0.09193492,0.011105384,10.009688,-1.2648703,12.789211,1.0768924,0.18386984,0.022210767,0.26305825,-0.03324124,0.15010756,0.012639537,252.51581,250.58116,336.50674,0.18797791,13.82195,0.83182687
2,48,10,0.008,0.13825476,0.046585806,0.06694598,0.024722971,0.107918724,0.0033162911,9.845345,-0.9096743,13.396507,1.1126422,0.21583745,0.0066325823,0.2587392,-0.023906574,0.1572354,0.013059131,252.58055,250.77975,336.97067,-0.20296788,13.82195,0.8017225
2,49,10,0.008,0.110303015,0.032058343,0.05893367,0.019310992,0.08952422,0.0075564,9.237414,-1.0512091,11.839777,1.0597981,0.17904843,0.0151128,0.24276258,-0.027626153,0.138964,0.012438897,252.59982,250.81636,336.543,-0.008589029,13.818919,0.70375246
2,50,10,0.008,0.11957175,0.035124015,0.062532865,0.021914879,0.09370701,0.0059651136,9.515306,-1.2345654,12.612778,-0.12719248,0.18741402,0.011930227,0.2500657,-0.03244482,0.14803675,-0.0014928634,252.64792,250.84874,337.144,1.3617579,13.818919,0.75638604
2,51,10,0.008,0.1363795,0.048706383,0.06494305,0.022730054,0.11034761,0.0004384468,9.696947,-1.019764,12.845218,0.054339726,0.22069523,0.0008768936,0.25483927,-0.02679977,0.1507649,0.00063778716,252.7044,251.01376,337.72095,0.96542424,13.818919,0.75726193
2,52,10,0.008,0.12422782,0.033268042,0.069853306,0.021106478,0.09119765,0.0077994377,10.056854,-1.2120968,12.377961,1.0020293,0.1823953,0.0155988755,0.26429775,-0.03185436,0.14528069,0.011760869,252.70279,251.0885,336.96472,0.21006751,13.818919,0.76785976
2,53,10,0.008,0.116732836,0.038493216,0.058507167,0.019732457,0.09809844,0.0051476564,9.203928,-1.2761893,11.968282,-0.6314001,0.19619688,0.010295313,0.24188255,-0.033538733,0.14047226,-0.007410771,252.74469,251.25465,337.5382,1.9075894,13.815696,0.67311794
2,54,10,0.008,0.13673958,0.057055585,0.05762354,0.022060454,0.119431555,0.0010231873,9.13416,-1.1412548,12.6546,-0.57169574,0.23886311,0.0020463746,0.24004903,-0.029992562,0.14852762,-0.0067100194,252.76746,251.29652,337.82623,1.7129505,13.815696,0.6632112
2,55,10,0.008,0.108613044,0.033115722,0.055360004,0.02013732,0.09098863,0.0074595856,8.952961,-1.4419645,12.09044,0.12963182,0.18197726,0.014919171,0.23528707,-0.037895337,0.14190602,0.0015214976,252.74637,251.29433,337.0082,1.3123326,13.815696,0.6612028
2,56,10,0.008,0.11327251,0.03812204,0.053658918,0.02149155,0.09762433,0.0075439764,8.814337,-1.4909443,12.490362,-0.52932936,0.19524866,0.015087953,0.23164394,-0.039182547,0.14659996,-0.006212761,252.76393,251.30774,337.38837,2.0202737,13.815696,0.70183426
2,57,10,0.008,0.11241284,0.048826694,0.042514823,0.021071319,0.11048382,-0.0019552773,7.8458285,-1.659385,12.367647,-0.96657974,0.22096764,-0.0039105546,0.20619123,-0.043609243,0.14515963,-0.011344791,252.81929,251.45709,337.91043,2.6259646,13.812375,0.56404614
2,58,10,0.008,0.08997527,0.029708674,0.0429435,0.017323095,0.08618102,0.0057300157,7.8852854,-1.732433,11.213831,-0.09587498,0.17236204,0.011460031,0.20722814,-0.045528967,0.13161723,-0.0011252881,252.85603,251.73418,337.3812,1.828308,13.812375,0.5189686
2,59,10,0.008,0.098993465,0.034953557,0.046248168,0.017791739,0.09347935,0.0041883965,8.1830635,-1.7839764,11.364502,-0.7824479,0.1869587,0.008376793,0.21505387,-0.046883546,0.13338567,-0.009183628,252.91092,251.95537,337.95706,2.5664244,13.812375,0.52570516
2,60,10,0.008,0.1169799,0.049962487,0.048144393,0.018873025,0.11176145,-0.0027986036,8.349134,-1.8095067,11.704745,-0.80137247,0.2235229,-0.005597207,0.2194183,-0.04755449,0.13737912,-0.009405746,252.9554,252.05968,338.46857,2.6108792,13.812375,0.54348046
2,61,10,0.008,0.090926595,0.031410772,0.041955356,0.017560469,0.088615425,0.0019054489,7.7940354,-1.9335147,11.290399,-0.09590646,0.17723085,0.0038108977,0.20483007,-0.050813463,0.13251592,-0.001125659,252.96439,252.13542,337.844,2.029421,13.809085,0.3848507
2,62,10,0.008,0.095630534,0.034479957,0.04325564,0.017894937,0.0928439,0.002391907,7.9138913,-2.3070889,11.397412,-0.9367884,0.1856878,0.004783814,0.2079799,-0.060631115,0.13377196,-0.010995128,253.02135,252.35782,338.29578,3.2438772,13.809085,0.42968318
2,63,10,0.008,0.105802,0.047678456,0.0403006,0.017822942,0.109176986,-0.0013421145,7.638788,-2.2626104,11.374463,-0.8007737,0.21835397,-0.002684229,0.2007501,-0.059462216,0.13350259,-0.009398717,253.07951,252.57158,338.90378,3.063384,13.809085,0.42553324
2,64,10,0.008,0.089697056,0.03171703,0.040757675,0.017222352,0.089046374,0.0041858857,7.681984,-2.1566553,11.181175,0.3038885,0.17809275,0.008371771,0.2018853,-0.05667769,0.13123396,0.0035667515,253.07417,252.56218,338.29758,1.8527668,13.809085,0.43345508
2,65,10,0.008,0.09594853,0.037472,0.038673,0.019803535,0.09678843,0.0034212223,7.482946,-2.5536606,11.989819,-0.2768203,0.19357686,0.0068424447,0.19665451,-0.06711111,0.14072503,-0.0032490522,253.14816,252.85452,338.8768,2.830481,13.805965,0.3634705
2,66,10,0.008,0.11415735,0.053252093,0.04142301,0.019482242,0.115382075,-0.0031506962,7.7444305,-2.5930705,11.8921585,0.1003275,0.23076415,-0.0063013923,0.20352644,-0.06814683,0.1395788,0.0011775484,253.21516,253.17654,339.44153,2.492743,13.805965,0.3511808
2,67,10,0.008,0.09334805,0.034315355,0.040945053,0.01808764,0.09262202,0.0036721865,7.699621,-2.5994904,11.458616,0.8397967,0.18524404,0.007344373,0.20234884,-0.06831555,0.1344903,0.009856735,253.22337,253.302,338.9972,1.7596936,13.805965,0.35042393
2,68,10,0.008,0.10056977,0.039658055,0.041168462,0.019743247,0.09957165,0.0020376407,7.720599,-2.7211237,11.971553,-0.3359533,0.1991433,0.0040752813,0.20290013,-0.071512096,0.14051066,-0.0039431015,253.25517,253.33693,339.61346,3.057077,13.805965,0.35706827
2,69,10,0.008,0.11713652,0.05665689,0.04066785,0.019811781,0.11901354,-0.006114029,7.673514,-2.6887124,11.992313,0.4226165,0.23802708,-0.012228058,0.20166272,-0.07066034,0.14075433,0.004960271,253.28065,253.30086,339.85007,2.2660959,13.803081,0.32072535
2,70,10,0.008,0.09294666,0.03482327,0.038300924,0.019822475,0.09330497,0.0014088931,7.446862,-2.4713705,11.995549,0.5941517,0.18660994,0.0028177863,0.19570622,-0.06494851,0.14079231,0.006973588,253.24925,253.16035,339.1138,1.8772187,13.803081,0.32510966
2,71,10,0.008,0.093610264,0.034928024,0.037857387,0.020824855,0.093445204,0.00066760485,7.403618,-2.3880827,12.295104,0.12823622,0.18689041,0.0013352097,0.19456975,-0.062759675,0.1443082,0.0015051133,253.26804,253.17244,339.467,2.2598464,13.803081,0.34055638
2,72,10,0.008,0.10632851,0.046508808,0.038456805,0.021362895,0.1078295,-0.006650955,7.4620004,-2.5693378,12.452923,0.14276558,0.215659,-0.01330191,0.19610406,-0.06752313,0.14616051,0.0016756449,253.28159,253.15598,339.85287,2.4265723,13.803081,0.3496559
2,73,10,0.008,0.0950195,0.030864052,0.042552374,0.021603072,0.08784084,-0.00074703374,7.8492937,-2.434377,12.522728,1.9536526,0.17568168,-0.0014940675,0.20628227,-0.06397631,0.14697984,0.02293011,253.23756,253.0907,338.938,0.48072433,13.800338,0.4421941
2,74,10,0.008,0.09818652,0.033236496,0.04292621,0.022023814,0.0911544,-0.0010011148,7.8836975,-2.262026,12.644089,1.3642914,0.1823088,-0.0020022297,0.20718642,-0.059446864,0.14840423,0.01601275,253.24467,253.03853,339.39938,0.89773464,13.800338,0.38882694
2,75,10,0.008,0.12340375,0.055963673,0.044795647,0.022644429,0.11828321,-0.009789604,8.053535,-2.2585402,12.821,1.9091704,0.23656642,-0.019579208,0.21164982,-0.059355248,0.15048066,0.022408025,253.2428,252.97589,339.55545,0.34936976,13.800338,0.37805724
2,76,10,0.008,0.09741664,0.030430773,0.043370377,0.023615485,0.08722209,-0.0027855316,7.92438,-1.9098222,13.093016,2.5519881,0.17444418,-0.005571063,0.20825556,-0.050190825,0.1536733,0.029952804,253.20447,252.88562,338.87457,-0.6421659,13.800338,0.37498173
2,77,10,0.008,0.10573231,0.03637428,0.045396306,0.023961725,0.09536021,-0.0043134256,8.10735,-1.5914481,13.188647,2.4713454,0.19072042,-0.008626851,0.21306409,-0.041823834,0.15479575,0.029006291,253.19476,252.76408,338.98587,-0.87989736,13.797627,0.42853326
2,78,10,0.008,0.120017014,0.05029662,0.045989122,0.023731267,0.11213454,-0.012366376,8.160114,-1.7685999,13.1250725,3.0855393,0.22426908,-0.024732752,0.21445075,-0.046479445,0.15404956,0.03621511,253.2085,252.7696,339.4379,-1.3169395,13.797627,0.43688095
2,79,10,0.008,0.10656506,0.036455538,0.044919588,0.025189934,0.095466666,-0.004049467,8.064669,-1.6716614,13.52243,3.4897854,0.19093333,-0.008098934,0.21194242,-0.043931864,0.15871337,0.04095977,253.22293,252.96034,339.03592,-1.818124,13.797627,0.4264195
2,80,10,0.008,0.10756758,0.037470967,0.045092978,0.025003638,0.096787095,-0.0039746617,8.080219,-1.8374866,13.472332,2.8022072,0.19357419,-0.007949323,0.21235107,-0.0482898,0.15812539,0.03288963,253.29192,253.2269,339.49786,-0.9647206,13.797627,0.41206047
2,81,10,0.008,0.12951624,0.05830746,0.045469955,0.025738832,0.12073469,-0.012165845,8.113925,-1.9142565,13.668964,3.387834,0.24146938,-0.02433169,0.21323685,-0.050307352,0.16043326,0.03976316,253.3733,253.55618,339.9484,-1.4735776,13.794825,0.450251
2,82,10,0.008,0.1031035,0.034424603,0.042887047,0.02579185,0.09276934,-0.0050976025,7.8801007,-1.8296456,13.683037,3.7507522,0.18553868,-0.010195205,0.20709188,-0.04808375,0.16059841,0.044022743,253.3899,253.65802,339.51102,-1.9211066,13.794825,0.43236756
2,83,10,0.008,0.10761625,0.039176874,0.0403687,0.028070679,0.09896574,-0.004491288,7.6452384,-1.6112995,14.274721,2.7048447,0.19793148,-0.008982576,0.20091963,-0.04234554,0.16754307,0.031746887,253.39868,253.61276,339.91855,-1.0935452,13.794825,0.39066306
2,84,10,0.008,0.126177,0.053135097,0.04583556,0.027206348,0.11525526,-0.011414385,8.146479,-1.6762985,14.053236,3.3851352,0.23051052,-0.02282877,0.2140924,-0.04405373,0.16494347,0.039731484,253.36632,253.44937,339.94547,-1.7088367,13.794825,0.41400117
2,85,10,0.008,0.10884932,0.038309783,0.044184808,0.026354726,0.09786443,-0.0046805716,7.9984374,-1.1660833,13.831537,3.4915442,0.19572885,-0.009361143,0.21020183,-0.030645093,0.16234139,0.04098041,253.33728,253.37958,339.09326,-2.325461,13.791886,0.4200976
2,86,10,0.008,0.11213213,0.039201025,0.044806447,0.028124662,0.098996244,-0.004911792,8.054506,-1.3471837,14.288442,2.207772,0.19799249,-0.009823584,0.21167533,-0.035404474,0.16770409,0.025912719,253.41754,253.6888,339.92447,-0.8605883,13.791886,0.39134336
2,87,10,0.008,0.12390411,0.050752267,0.04590786,0.027243987,0.11264132,-0.012369982,8.152902,-1.8824207,14.062955,2.439154,0.22528264,-0.024739964,0.21426119,-0.0494707,0.16505753,0.028628465,253.4882,253.98753,340.57327,-0.55673325,13.791886,0.40058577
2,88,10,0.008,0.10642302,0.037894838,0.042023003,0.026505183,0.097332984,-0.0050129346,7.8003163,-1.694717,13.870963,2.8458643,0.19466597,-0.010025869,0.20499513,-0.044537775,0.16280413,0.03340204,253.49358,254.03413,340.1102,-1.1511472,13.791886,0.39610764
2,89,10,0.008,0.10500354,0.03576527,0.040559355,0.028678916,0.094558544,-0.0043101357,7.6632705,-0.8334029,14.428547,1.814161,0.18911709,-0.008620271,0.20139353,-0.021902123,0.16934851,0.021292891,253.49274,253.96759,340.309,-0.9807581,13.788896,0.34200722
2,90,10,0.008,0.11958106,0.046895783,0.043894228,0.02879105,0.10827717,-0.011441448,7.972093,-0.9532737,14.456727,2.239157,0.21655434,-0.022882896,0.20950949,-0.025052382,0.16967925,0.026281089,253.45294,253.7314,340.22,-1.2858832,13.788896,0.3539369
2,91,10,0.008,0.110075116,0.036141437,0.04673837,0.027195305,0.09505451,-0.0050795567,8.226318,-0.5992652,14.050383,2.6314764,0.19010901,-0.010159113,0.21619059,-0.015748905,0.16490999,0.030885754,253.36375,253.37677,339.11682,-2.0322113,13.788896,0.3551365
2,92,10,0.008,0.11507792,0.037951965,0.048391882,0.028734071,0.09740632,-0.006727691,8.370568,-0.64426273,14.442414,1.3131666,0.19481264,-0.013455382,0.21998155,-0.016931457,0.16951127,0.015412692,253.3834,253.40773,339.47696,-0.6689039,13.788896,0.31246
2,93,10,0.008,0.12906617,0.05304352,0.047124736,0.028897913,0.11515589,-0.013611377,8.260249,-0.32609847,14.48353,0.98009825,0.23031178,-0.027222754,0.21708232,-0.008569986,0.16999386,0.011503453,253.42485,253.58023,339.93817,-0.6539998,13.78594,0.28239605
2,94,10,0.008,0.10838881,0.03431835,0.045721028,0.028349433,0.092626065,-0.0052868463,8.136295,-0.19839069,14.345426,1.6499097,0.18525213,-0.010573693,0.21382476,-0.00521378,0.1683729,0.019365065,253.42194,253.59552,339.3208,-1.451519,13.78594,0.2906028
2,95,10,0.008,0.11202334,0.034432434,0.04724841,0.030342493,0.09277989,-0.006574879,8.271081,-0.17713998,14.8411255,0.74422324,0.18555978,-0.013149758,0.217367,-0.004655301,0.17419097,0.008734981,253.44873,253.67308,339.65918,-0.56708324,13.78594,0.27935898
2,96,10,0.008,0.13176693,0.052692294,0.047930654,0.031143975,0.11477401,-0.012685027,8.330583,-0.07465914,15.035858,1.2894646,0.22954802,-0.025370054,0.2189307,-0.001962068,0.17647655,0.015134503,253.42867,253.57121,340.0209,-1.2148055,13.78594,0.28592005
2,97,10,0.008,0.10519707,0.0330359,0.046170905,0.025990259,0.090878904,-0.0060780235,8.176227,0.8002444,13.735565,0.61651605,0.18175781,-0.012156047,0.21487416,0.021030711,0.16121495,0.0072360793,253.36699,253.37952,339.18347,-1.4167604,13.783119,0.24966745
2,98,10,0.008,0.1150748,0.03952662,0.0491853,0.02636288,0.09940651,-0.00713067,8.43891,0.93705165,13.833676,-0.2864496,0.19881302,-0.01426134,0.22177759,0.024626052,0.1623665,-0.0033620717,253.3746,253.33694,339.59067,-0.65060204,13.783119,0.2650195
2,99,10,0.008,0.12936378,0.052719455,0.04881061,0.027833708,0.11480359,-0.012682963,8.406705,0.6672388,14.214341,0.31972188,0.22960718,-0.025365926,0.22093123,0.017535275,0.16683437,0.0037525892,253.39722,253.43758,339.58383,-0.98696065,13.783119,0.28002706
2,100,10,0.008,0.109771155,0.038128708,0.04367533,0.027967118,0.09763287,-0.0057402477,7.95219,0.60231936,14.248366,0.5212838,0.19526574,-0.011480495,0.20898643,0.015829174,0.16723372,0.006118328,253.36612,253.3529,338.68777,-1.1236031,13.783119,0.25155637
3,1,10,0.0064000003,0.12161194,0.038774766,0.052136242,0.03070093,0.09845655,-0.0009656765,8.688375,0.06823534,14.928527,0.87265384,0.1969131,-0.001931353,0.22833362,0.0017932485,0.17521681,0.0102423765,254.11472,256.71606,342.52145,-0.9408892,13.780582,0.30539474
3,2,10,0.0064000003,0.12581012,0.041506995,0.052654646,0.031648476,0.10186633,-0.0020014911,8.731463,-0.030530525,15.157151,-0.87034404,0.20373265,-0.0040029823,0.229466,-0.0008023532,0.17790018,-0.010215263,254.14087,256.77518,342.8283,0.90087456,13.780582,0.344659
3,3,10,0.0064000003,0.13853076,0.054856542,0.05561504,0.028059172,0.11710737,-0.006823369,8.97356,-0.16177276,14.271795,-0.3250711,0.23421474,-0.013646738,0.23582841,-0.0042514536,0.16750872,-0.0038153715,254.16563,256.8938,343.20532,0.48684385,13.780582,0.33445188
3,4,10,0.0064000003,0.12191731,0.041123994,0.052846365,0.027946945,0.10139526,-0.00039715334,8.747345,0.1566458,14.243227,0.30318397,0.20279051,-0.0007943067,0.22988337,0.00411671,0.1671734,0.0035584865,254.10028,256.7093,342.1941,-0.45982978,13.780582,0.2930899
3,5,10,0.0064000003,0.115604155,0.037748713,0.04842943,0.029426014,0.09714514,-0.0017263787,8.373816,0.661057,14.615273,-0.879778,0.19429028,-0.0034527574,0.22006688,0.017372815,0.17154013,-0.010325998,254.08455,256.55762,342.7221,0.21872103,13.778668,0.33089885
3,6,10,0.0064000003,0.12254704,0.050115947,0.0454513,0.026979797,0.111932956,-0.008460012,8.11226,0.67601335,13.994602,-0.46184593,0.22386591,-0.016920025,0.2131931,0.017765881,0.16425528,-0.0054207016,254.0605,256.36356,343.1468,-0.21416742,13.778668,0.32562643
3,7,10,0.0064000003,0.10279638,0.03236785,0.043886717,0.026541814,0.08995534,-0.0013885876,7.9714103,0.8249649,13.880545,0.0067030783,0.17991067,-0.0027771753,0.20949157,0.021680374,0.16291659,7.868054e-5,254.02594,256.2633,342.3147,-0.83166796,13.778668,0.28738555
3,8,10,0.0064000003,0.11383474,0.037669405,0.0462313,0.029934036,0.09704304,-0.0022159128,8.181571,0.9556742,14.740894,-0.76504827,0.19408607,-0.0044318256,0.21501465,0.02511546,0.17301455,-0.008979407,254.01918,256.16647,342.4103,-0.1906259,13.778668,0.32625318
3,9,10,0.0064000003,0.12528309,0.055418607,0.046812568,0.02305191,0.117705785,-0.0073512937,8.232844,1.1461567,12.935841,0.39472407,0.23541157,-0.014702587,0.21636212,0.030121418,0.15182856,0.0046328967,253.9826,256.02844,342.32675,-1.5408807,13.776744,0.27396694
3,10,10,0.0064000003,0.10076534,0.0327172,0.04527538,0.02277276,0.09043948,4.2572392e-5,8.096545,1.5468618,12.857279,1.1461695,0.18087897,8.5144784e-5,0.21278012,0.04065209,0.15090646,0.01345264,253.90175,255.71046,341.44193,-2.6930313,13.776744,0.2947405
3,11,10,0.0064000003,0.103851765,0.034660242,0.044590518,0.024601009,0.09308631,-0.0025315406,8.035074,1.5615431,13.363421,-0.20220916,0.18617262,-0.005063081,0.21116467,0.041037925,0.15684709,-0.0023733366,253.8709,255.47867,341.6254,-1.359334,13.776744,0.31725648
3,12,10,0.0064000003,0.11574453,0.044914745,0.04643748,0.024392307,0.105965495,-0.006978816,8.199795,1.5566232,13.306616,-0.14060651,0.21193099,-0.013957632,0.21549357,0.040908627,0.15618037,-0.0016503142,253.82098,255.20778,341.65002,-1.4160167,13.776744,0.3163202
3,13,10,0.0064000003,0.09614898,0.02976208,0.043734916,0.022651985,0.08625845,0.00028334316,7.9576135,1.8455207,12.823139,0.3698656,0.1725169,0.0005666863,0.20912895,0.048500955,0.15050577,0.0043411315,253.71248,254.86095,340.49356,-2.2153864,13.774718,0.3080245
3,14,10,0.0064000003,0.09579387,0.029138735,0.042829175,0.023825964,0.08535036,-0.0027094476,7.874782,2.167253,13.151233,-0.8281095,0.17070071,-0.0054188953,0.20695211,0.056956198,0.15435661,-0.009719556,253.63495,254.38084,340.78687,-1.3391435,13.774718,0.31847748
3,15,10,0.0064000003,0.104625486,0.038367793,0.04328463,0.02297307,0.09793849,-0.008373732,7.9165425,2.2016852,12.9137,-0.38625866,0.19587699,-0.016747463,0.20804958,0.057861086,0.1515687,-0.0045335377,253.5678,254.0176,340.76236,-1.8154266,13.774718,0.33510643
3,16,10,0.0064000003,0.09059628,0.02810943,0.041084472,0.021402383,0.083829336,-0.002370266,7.712719,2.358104,12.464426,0.35935488,0.16765867,-0.004740532,0.20269305,0.061971825,0.14629553,0.0042177625,253.4788,253.73059,339.61206,-2.717459,13.774718,0.33648312
3,17,10,0.0064000003,0.09270605,0.030907802,0.03886098,0.022937259,0.087903075,-0.0032700242,7.50111,2.2082827,12.903631,-1.2337129,0.17580615,-0.0065400484,0.19713189,0.058034472,0.15145051,-0.014480146,253.47676,253.63242,339.94345,-0.9745698,13.77258,0.28443062
3,18,10,0.0064000003,0.10340819,0.04208973,0.03925668,0.022061782,0.10257891,-0.0075790044,7.5392036,2.1101735,12.654981,-0.8758569,0.20515782,-0.015158009,0.19813299,0.055456117,0.1485321,-0.010279969,253.4602,253.48193,340.12604,-1.2343166,13.77258,0.28181982
3,19,10,0.0064000003,0.08622604,0.02412529,0.0407539,0.021346847,0.07766159,-0.001838551,7.6816278,2.2885165,12.448245,-0.23456292,0.15532318,-0.003677102,0.20187595,0.06014304,0.1461056,-0.002753077,253.38766,253.19666,339.2579,-2.0539536,13.77258,0.31139982
3,20,10,0.0064000003,0.09233439,0.030831244,0.03874934,0.022753807,0.08779414,-0.0025440753,7.4903283,2.1886806,12.851927,-1.355402,0.17558828,-0.0050881505,0.19684853,0.057519317,0.15084365,-0.015908416,253.39601,253.13478,339.39816,-0.83327866,13.77258,0.31561702
3,21,10,0.0064000003,0.09510292,0.040584303,0.03246242,0.022056188,0.10072773,-0.0052374876,6.855815,1.6240149,12.653377,-1.9362723,0.20145546,-0.010474975,0.18017331,0.04267969,0.14851326,-0.022726119,253.44673,253.3546,339.7386,0.3122574,13.770367,0.27303898
3,22,10,0.0064000003,0.08090799,0.030710336,0.029891552,0.020306105,0.08762182,0.0027336222,6.578743,1.6951451,12.141002,-0.94968784,0.17524365,0.0054672444,0.17289174,0.044549026,0.14249949,-0.011146525,253.43675,253.42155,339.05,-0.7454573,13.770367,0.32629928
3,23,10,0.0064000003,0.0817575,0.030008692,0.030079499,0.021669311,0.086615086,0.00032995347,6.5993934,1.682461,12.541912,-2.0080419,0.17323017,0.00065990695,0.17343442,0.044215683,0.147205,-0.023568476,253.44887,253.3535,339.59454,0.32558084,13.770367,0.3293119
3,24,10,0.0064000003,0.091899954,0.041598413,0.029094653,0.021206887,0.10197844,-0.0059989174,6.4904566,1.5740147,12.407368,-1.8834301,0.20395689,-0.011997835,0.17057155,0.041365672,0.14562584,-0.02210591,253.43466,253.17377,339.90298,0.30941546,13.770367,0.30035272
3,25,10,0.0064000003,0.07157399,0.02355742,0.028751539,0.01926503,0.076742135,0.002473123,6.4520717,1.4075586,11.825678,-1.7891072,0.15348427,0.004946246,0.16956279,0.03699114,0.13879852,-0.020998826,253.39378,253.06989,339.0264,0.38154864,13.768046,0.26286352
3,26,10,0.0064000003,0.076033644,0.027945297,0.028201347,0.019887002,0.083584234,0.0018942968,6.3900404,1.3263439,12.015058,-2.8327425,0.16716847,0.0037885937,0.16793257,0.034856804,0.14102128,-0.033248026,253.44334,253.26213,339.39423,1.5063986,13.768046,0.2625585
3,27,10,0.0064000003,0.09084013,0.04207881,0.0279186,0.020842716,0.1025656,-0.0043123453,6.3579264,1.0027524,12.300376,-2.7600658,0.2051312,-0.008624691,0.1670886,0.026352696,0.14437006,-0.03239502,253.47716,253.39426,339.61002,1.7573134,13.768046,0.27743867
3,28,10,0.0064000003,0.07238767,0.024793986,0.028401392,0.019192291,0.07873053,0.0032515111,6.412664,1.1382095,11.80333,-1.8216861,0.15746106,0.0065030223,0.16852713,0.029912556,0.13853624,-0.021381212,253.47223,253.51628,339.2169,0.6834767,13.768046,0.32805052
3,29,10,0.0064000003,0.075656876,0.027223045,0.028900908,0.01953292,0.08249704,0.0018484989,6.46881,0.99298465,11.907616,-3.407414,0.16499408,0.0036969979,0.17000267,0.026095996,0.13976023,-0.039992973,253.45927,253.4062,339.70392,2.4144292,13.765837,0.33234575
3,30,10,0.0064000003,0.08092151,0.032370303,0.029562,0.018989207,0.08995874,-0.0021152187,6.5423775,0.8762004,11.740718,-3.5114253,0.17991748,-0.0042304373,0.17193604,0.023026869,0.13780133,-0.04121376,253.41887,253.11794,339.78314,2.6352248,13.765837,0.3384707
3,31,10,0.0064000003,0.068513766,0.023563026,0.027206168,0.017744571,0.07675126,0.0044738385,6.2762804,0.9234948,11.349427,-2.8277643,0.15350252,0.008947677,0.16494292,0.024269773,0.13320875,-0.0331896,253.36134,252.89978,338.95795,1.9042695,13.765837,0.36346355
3,32,10,0.0064000003,0.06883051,0.025507737,0.025761314,0.017561462,0.07985571,0.0020769488,6.1073484,0.87776786,11.290718,-3.755976,0.15971142,0.0041538975,0.16050331,0.023068057,0.13251966,-0.044084057,253.35582,252.83757,339.22388,2.8782082,13.765837,0.35433915
3,33,10,0.0064000003,0.079492986,0.034617994,0.025867183,0.019007811,0.09302956,-0.00076247135,6.119885,0.72123826,11.746468,-3.8983588,0.18605912,-0.0015249427,0.16083278,0.0189544,0.13786882,-0.04575521,253.34064,252.82074,339.28354,3.1771207,13.76392,0.41401592
3,34,10,0.0064000003,0.07308857,0.02465959,0.030452067,0.01797691,0.07851686,0.0063144076,6.6401367,0.91772723,11.423487,-2.7409923,0.15703373,0.012628815,0.1745052,0.024118204,0.134078,-0.03217115,253.30417,252.76814,338.42007,1.8232651,13.76392,0.45395336
3,35,10,0.0064000003,0.07546491,0.027478293,0.029815517,0.0181711,0.08288289,0.004307855,6.5703697,0.9452973,11.485022,-3.8590045,0.16576578,0.00861571,0.1726717,0.024842754,0.13480023,-0.045293313,253.3072,252.64767,338.58148,2.9137073,13.76392,0.43389168
3,36,10,0.0064000003,0.07727919,0.0306825,0.027498206,0.019098483,0.087582104,-0.00017327657,6.3098764,0.895958,11.77445,-4.073045,0.17516421,-0.00034655313,0.16582583,0.023546098,0.13819726,-0.047805518,253.30945,252.61266,338.9009,3.1770868,13.76392,0.423594
3,37,10,0.0064000003,0.06910347,0.025630416,0.026354939,0.01711812,0.08004751,0.007820624,6.1773143,1.0518563,11.147288,-2.9907887,0.16009502,0.015641248,0.16234204,0.027643155,0.13083623,-0.035103027,253.23512,252.41063,338.03128,1.9389324,13.762376,0.42187017
3,38,10,0.0064000003,0.06679317,0.023498822,0.027035037,0.016259313,0.076646626,0.0039744736,6.2565103,1.2861261,10.864063,-3.4418764,0.15329325,0.007948947,0.16442335,0.033799864,0.12751201,-0.040397458,253.1747,252.11499,338.0578,2.1557503,13.762376,0.41289222
3,39,10,0.0064000003,0.074987605,0.031598546,0.026564945,0.016824113,0.0888799,-0.0015564004,6.2018766,1.3073493,11.051145,-3.5036244,0.1777598,-0.003112801,0.16298756,0.03435761,0.1297078,-0.041122194,253.11647,251.79501,337.9174,2.1962752,13.762376,0.42424056
3,40,10,0.0064000003,0.06442699,0.021678103,0.025882987,0.016865894,0.07361743,0.0061398395,6.121754,1.2858034,11.06486,-3.3149805,0.14723486,0.012279679,0.1608819,0.03379139,0.12986876,-0.03890808,253.06184,251.55579,336.9738,2.0291772,13.762376,0.425816
3,41,10,0.0064000003,0.06444528,0.024804663,0.021828149,0.017812466,0.07874748,0.0032729588,5.6218224,1.5066789,11.3711195,-3.4650357,0.15749496,0.0065459176,0.14774352,0.039596062,0.13346335,-0.04066928,253.04611,251.47789,337.32022,1.9583567,13.761181,0.3426806
3,42,10,0.0064000003,0.072867,0.031635527,0.02418694,0.017044527,0.088931896,-0.0016857967,5.917784,1.6000831,11.123301,-2.7108974,0.17786379,-0.0033715933,0.15552151,0.042050768,0.13055469,-0.031817928,253.00833,251.31123,337.2949,1.1108143,13.761181,0.3641019
3,43,10,0.0064000003,0.0679444,0.024081409,0.025562538,0.018300451,0.07759093,0.006599165,6.08374,1.5101771,11.525827,-2.1416194,0.15518185,0.01319833,0.15988289,0.039688,0.13527916,-0.025136288,252.97415,251.14682,336.42883,0.6314423,13.761181,0.36358854
3,44,10,0.0064000003,0.06841624,0.025347192,0.023232987,0.019836063,0.07960401,0.0034502803,5.799909,1.3886831,11.9996605,-3.0849829,0.15920801,0.0069005606,0.15242371,0.03649509,0.14084056,-0.03620858,253.00691,251.21204,336.9798,1.6962998,13.761181,0.3707433
3,45,10,0.0064000003,0.06908635,0.029560212,0.020119222,0.019406915,0.08596542,-0.0002620281,5.3972716,1.5706418,11.869146,-2.2436116,0.17193083,-0.0005240562,0.14184225,0.041277017,0.1393087,-0.026333373,253.01083,251.23962,337.37173,0.6729698,13.760227,0.29488242
3,46,10,0.0064000003,0.06410552,0.023333063,0.021937212,0.018835241,0.07637582,0.006564513,5.6358495,1.5905092,11.693024,-1.2743193,0.15275164,0.013129026,0.14811216,0.04179914,0.13724154,-0.014956745,252.96997,251.20312,336.54507,-0.3161899,13.760227,0.31386834
3,47,10,0.0064000003,0.06867112,0.025039338,0.024930652,0.018701136,0.079119116,0.004653689,6.008077,1.7776488,11.651322,-1.5811921,0.15823823,0.009307378,0.15789443,0.04671725,0.1367521,-0.018558525,252.95364,251.08131,336.62003,-0.19645667,13.760227,0.32260466
3,48,10,0.0064000003,0.077816375,0.03143086,0.027434727,0.018950792,0.08864375,-0.00054323603,6.302589,1.7004541,11.728835,-1.257407,0.1772875,-0.0010864721,0.16563432,0.044688553,0.13766187,-0.014758242,252.95671,251.12166,336.72278,-0.44304717,13.760227,0.3362619
3,49,10,0.0064000003,0.067317925,0.023427913,0.025782436,0.018107578,0.076530896,0.0063606864,6.1098514,1.7187991,11.464929,0.14276525,0.15306179,0.012721373,0.1605691,0.045170665,0.1345644,0.0016756428,252.89792,250.91377,335.76108,-1.8615644,13.75934,0.22330609
3,50,10,0.0064000003,0.06859259,0.024385711,0.026304306,0.01790258,0.078079626,0.0036451244,6.1713777,1.8215644,11.399846,-0.62502086,0.15615925,0.0072902488,0.16218603,0.047871374,0.13380052,-0.0073358975,252.85861,250.71922,335.92075,-1.1965436,13.75934,0.24379393
3,51,10,0.0064000003,0.07621753,0.031371575,0.026901305,0.017944656,0.08856011,-0.0026393135,6.2410164,1.7962104,11.413237,-0.37355927,0.17712022,-0.005278627,0.16401617,0.04720507,0.13395767,-0.0043844827,252.8298,250.58221,335.99707,-1.4226512,13.75934,0.27106142
3,52,10,0.0064000003,0.07147785,0.025454517,0.02794958,0.01807375,0.07977236,0.0051124156,6.3614535,1.7071105,11.454215,-0.0922645,0.15954472,0.010224831,0.16718128,0.044863466,0.13443865,-0.0010829122,252.80043,250.47496,335.16666,-1.614846,13.75934,0.25659046
3,53,10,0.0064000003,0.074145526,0.028303534,0.02576546,0.020076534,0.08411827,0.0018706333,6.1078396,1.9882895,12.072177,0.22389838,0.16823654,0.0037412667,0.16051623,0.052252956,0.14169168,0.0026279069,252.79706,250.42708,335.34525,-2.2121878,13.758294,0.25840294
3,54,10,0.0064000003,0.08370504,0.037856836,0.026347755,0.019500446,0.09728417,-0.0019797648,6.176471,2.1427913,11.897712,0.40872273,0.19456834,-0.0039595296,0.16231991,0.056313332,0.139644,0.004797195,252.76416,250.2488,335.55875,-2.551514,13.758294,0.26852724
3,55,10,0.0064000003,0.07512487,0.028117156,0.027000414,0.020007297,0.083840854,0.0037393027,6.2525024,1.9583002,12.051343,0.6602486,0.16768171,0.0074786055,0.16431803,0.051464837,0.14144716,0.007749368,252.7139,250.04242,334.7534,-2.6185489,13.758294,0.25871792
3,56,10,0.0064000003,0.077747114,0.027650744,0.027052617,0.023043754,0.08314256,0.0020575023,6.2585435,1.8069894,12.933553,-0.010364494,0.16628513,0.0041150046,0.1644768,0.047488328,0.15180169,-0.00012164646,252.74475,250.09514,335.16742,-1.7966249,13.758294,0.28637275
3,57,10,0.0064000003,0.08222099,0.034410335,0.027850395,0.019960253,0.09275012,-0.000829563,6.3501554,1.9381833,12.037165,1.0378797,0.18550023,-0.001659126,0.16688438,0.05093615,0.14128076,0.012181643,252.75572,250.19585,335.31622,-2.976063,13.756825,0.30574378
3,58,10,0.0064000003,0.07740686,0.029322857,0.02763571,0.020448294,0.08561959,0.0056702225,6.325633,1.8651423,12.183435,1.6370255,0.17123918,0.011340445,0.16623992,0.04901661,0.14299753,0.019213839,252.71431,250.12622,334.5974,-3.5021677,13.756825,0.28307346
3,59,10,0.0064000003,0.081203684,0.029286161,0.027586328,0.024331199,0.085566,0.0025845708,6.319979,1.998855,13.289939,1.0150172,0.171132,0.0051691416,0.16609132,0.05253063,0.15598461,0.0119133005,252.68225,249.93503,334.79364,-3.0138721,13.756825,0.32493436
3,60,10,0.0064000003,0.08858508,0.03599419,0.029333398,0.023257496,0.09486067,-0.0025935203,6.5170317,2.1818125,12.993396,1.1399578,0.18972135,-0.0051870407,0.17126995,0.05733882,0.15250409,0.013379735,252.63463,249.74791,334.7721,-3.3217702,13.756825,0.3504889
3,61,10,0.0064000003,0.08533603,0.034714658,0.02881809,0.021803278,0.09315935,0.0038584634,6.4595356,1.99256,12.580622,1.4042002,0.1863187,0.0077169267,0.16975892,0.0523652,0.14765933,0.016481163,252.5417,249.40071,333.77893,-3.3967602,13.754876,0.32094175
3,62,10,0.0064000003,0.085389264,0.030687062,0.03003634,0.024665862,0.087588616,0.0022336654,6.594656,2.0059228,13.381025,0.7056053,0.17517723,0.004467331,0.17330995,0.052716374,0.1570537,0.00828172,252.50806,249.24664,334.04486,-2.711528,13.754876,0.35257202
3,63,10,0.0064000003,0.0930291,0.04134435,0.030857734,0.02082701,0.10166655,-0.0024584576,6.6842194,1.9483838,12.29574,1.0829241,0.2033331,-0.004916915,0.1756637,0.051204227,0.14431566,0.012710334,252.4641,249.06818,333.80936,-3.031308,13.754876,0.3591066
3,64,10,0.0064000003,0.08493031,0.035570182,0.031210989,0.018149136,0.09430029,0.002698836,6.7223706,1.6800135,11.478078,1.3097619,0.18860058,0.005397672,0.17666632,0.044151366,0.13471873,0.015372737,252.3913,248.75525,332.94373,-2.9897754,13.754876,0.3427216
3,65,10,0.0064000003,0.0805407,0.033373453,0.02981468,0.01735257,0.09134201,0.0009756952,6.570278,1.4188122,11.223367,-0.038654443,0.18268402,0.0019513904,0.17266928,0.037286896,0.13172916,-0.00045368887,252.37135,248.58896,333.23746,-1.3801577,13.752429,0.3636578
3,66,10,0.0064000003,0.086610526,0.039073385,0.028767752,0.01876939,0.09883495,-0.0011021189,6.4538913,1.5934602,11.6725645,0.39557448,0.1976699,-0.0022042377,0.16961059,0.041876722,0.13700143,0.0046428815,252.35689,248.6019,333.37222,-1.9890347,13.752429,0.34585434
3,67,10,0.0064000003,0.08411441,0.033851985,0.03256612,0.017696306,0.09199455,0.0047636894,6.866758,1.5244257,11.333982,0.85153663,0.1839891,0.009527379,0.18046086,0.040062457,0.13302746,0.0099945245,252.29597,248.402,332.7167,-2.3759623,13.752429,0.32326514
3,68,10,0.0064000003,0.09005022,0.034020994,0.036642276,0.01938695,0.092223905,0.0023686888,7.2838316,1.8025906,11.863039,0.5021231,0.18444781,0.0047373776,0.19142172,0.047372732,0.13923703,0.0058934423,252.26003,248.19128,332.83328,-2.3047137,13.752429,0.33916292
3,69,10,0.0064000003,0.09337744,0.039159957,0.036248427,0.017969053,0.09894437,7.06318e-5,7.2445807,1.687452,11.420992,0.8176669,0.19788875,0.0001412636,0.1903902,0.044346847,0.1340487,0.009596998,252.23903,248.17998,332.74283,-2.5051188,13.749578,0.2762902
3,70,10,0.0064000003,0.08992059,0.034675073,0.036984332,0.018261189,0.09310622,0.006367687,7.3177495,1.6294526,11.513455,0.93409234,0.18621244,0.012735374,0.1923131,0.042822596,0.13513397,0.010963484,252.2304,248.20947,332.29483,-2.563545,13.749578,0.2611269
3,71,10,0.0064000003,0.093364686,0.03655418,0.038144797,0.018665712,0.09559574,0.0059465053,7.4316683,1.6990632,11.640283,0.1975019,0.19119148,0.011893011,0.19530693,0.044651996,0.13662252,0.0023180884,252.23882,248.22743,332.74142,-1.8965651,13.749578,0.29945144
3,72,10,0.0064000003,0.09369254,0.035287846,0.039897844,0.018506853,0.0939253,0.0030570545,7.6005216,1.9410996,11.590641,0.7491036,0.1878506,0.006114109,0.19974445,0.05101281,0.1360399,0.008792263,252.18964,248.09375,332.6845,-2.6902032,13.749578,0.31290963
3,73,10,0.0064000003,0.08981125,0.030468332,0.039403073,0.01993985,0.0872759,0.010055667,7.553248,1.2189667,12.031011,0.73121095,0.1745518,0.020111334,0.19850208,0.032034885,0.14120853,0.008582255,252.10587,247.80489,331.6351,-1.9501777,13.746468,0.23726381
3,74,10,0.0064000003,0.09773607,0.035107985,0.0435689,0.019059181,0.09368563,0.0071733072,7.9424953,1.3413074,11.76233,0.48486304,0.18737125,0.0143466145,0.20873165,0.03525005,0.138055,0.0056908587,252.09302,247.703,331.9657,-1.8261704,13.746468,0.26489133
3,75,10,0.0064000003,0.10116845,0.03837919,0.043477144,0.019312123,0.09795304,0.004783332,7.9341273,1.5814703,11.840125,0.7476273,0.19590607,0.009566664,0.20851174,0.04156162,0.13896807,0.008774938,252.10243,247.73422,332.18805,-2.3290975,13.746468,0.26796594
3,76,10,0.0064000003,0.10112525,0.036441017,0.044228755,0.020455472,0.09544765,0.008998234,8.002415,1.303497,12.185572,0.56632686,0.1908953,0.017996468,0.21030633,0.03425637,0.14302263,0.0066470057,252.10602,247.80489,331.67484,-1.8698238,13.746468,0.25842527
3,77,10,0.0064000003,0.10389689,0.038462274,0.04378524,0.021649385,0.098059006,0.006879521,7.962191,1.0261214,12.536144,-0.013099699,0.19611801,0.013759042,0.20924923,0.026966844,0.1471373,-0.00015375364,252.11961,247.83627,332.13834,-1.0130217,13.743297,0.2546381
3,78,10,0.0064000003,0.113019146,0.041217312,0.04509166,0.026710175,0.101510234,0.0024936222,8.080101,1.3497072,13.924498,0.7191737,0.20302047,0.0049872445,0.21234797,0.0354708,0.16343248,0.008440972,252.12042,247.84904,332.24567,-2.068881,13.743297,0.26871768
3,79,10,0.0064000003,0.11097251,0.03746738,0.045119036,0.028386096,0.09678246,0.009405595,8.082553,1.0654411,14.354698,0.79044294,0.19356492,0.01881119,0.21241242,0.028000183,0.16848174,0.009277467,252.12186,247.94443,331.65744,-1.8558841,13.743297,0.25625902
3,80,10,0.0064000003,0.1143204,0.044088002,0.042534187,0.0276982,0.104985714,0.007960378,7.847616,0.9223865,14.179697,0.2854796,0.20997143,0.015920756,0.20623818,0.02424065,0.16642776,0.0033506865,252.1441,247.93225,331.90826,-1.2078662,13.743297,0.30155674
3,81,10,0.0064000003,0.10129295,0.04161532,0.03532071,0.024356922,0.10199916,0.0077089253,7.1512737,0.45931312,13.296962,0.2761976,0.20399833,0.015417851,0.18793805,0.012070911,0.15606704,0.0032417427,252.18837,248.11859,332.35638,-0.7355107,13.740223,0.22924632
3,82,10,0.0064000003,0.0975299,0.040465135,0.03377519,0.023289572,0.10057974,0.013005772,6.9930654,-0.025609335,13.002352,0.0031297472,0.20115948,0.026011543,0.18378028,-0.00067302433,0.15260921,3.673362e-5,252.22076,248.40242,332.16556,0.022479588,13.740223,0.24235865
3,83,10,0.0064000003,0.09719386,0.036970325,0.03891542,0.021308117,0.09613834,0.010743469,7.506363,0.15798518,12.436945,-0.38219908,0.19227669,0.021486938,0.19726992,0.00415191,0.145973,-0.00448589,252.204,248.37552,332.66827,0.2242139,13.740223,0.23625983
3,84,10,0.0064000003,0.09908722,0.03792232,0.039514218,0.021650687,0.09736827,0.007753678,7.563893,0.5591548,12.536521,0.6086432,0.19473654,0.015507356,0.19878183,0.014694797,0.14714172,0.0071436735,252.1263,248.0941,332.36844,-1.167798,13.740223,0.25396967
3,85,10,0.0064000003,0.09516238,0.035543896,0.038625937,0.020992545,0.094265446,0.013461298,7.4783916,0.004840658,12.344507,0.74854195,0.18853089,0.026922597,0.19653483,0.00012721919,0.14488804,0.0087856725,252.02928,247.68576,331.41257,-0.7533826,13.737279,0.27916113
3,86,10,0.0064000003,0.10125405,0.036031738,0.04369243,0.02152989,0.09491014,0.010841116,7.9537477,0.08200859,12.501499,0.13655783,0.18982027,0.021682233,0.20902734,0.0021552148,0.14673068,0.0016027852,252.00691,247.59595,331.49277,-0.21856642,13.737279,0.28061965
3,87,10,0.0064000003,0.10925309,0.040809926,0.04680203,0.021641133,0.101007335,0.008403552,8.231918,0.066182375,12.533755,0.6254591,0.20201467,0.016807104,0.21633777,0.0017392996,0.14710926,0.007341042,251.98492,247.54991,331.31937,-0.69164145,13.737279,0.28337678
3,88,10,0.0064000003,0.11453366,0.040156055,0.052500974,0.021876631,0.10019488,0.01306796,8.718712,-0.08677473,12.601768,0.66131294,0.20038976,0.02613592,0.22913091,-0.0022804714,0.14790751,0.007761859,251.95111,247.41083,330.71582,-0.57453823,13.737279,0.33047694
3,89,10,0.0064000003,0.117676206,0.03951,0.056187876,0.021978328,0.09938561,0.012927867,9.019657,-0.44894078,12.631022,0.45293096,0.19877122,0.025855733,0.23703982,-0.011798315,0.1482509,0.005316073,251.98149,247.57022,330.99606,-0.0039901733,13.73452,0.29918024
3,90,10,0.0064000003,0.117678605,0.04230195,0.051731408,0.023645245,0.10283719,0.00941299,8.654576,-0.3644588,13.101262,0.8049693,0.20567438,0.01882598,0.2274454,-0.0095781125,0.1537701,0.009447962,252.01385,247.74109,331.18875,-0.4405105,13.73452,0.2963921
3,91,10,0.0064000003,0.11593106,0.042517047,0.04827193,0.02514208,0.10309831,0.014377184,8.360188,-0.4543965,13.509578,0.69334567,0.20619662,0.028754368,0.21970874,-0.0119417,0.15856254,0.008137833,251.94977,247.41762,330.47485,-0.23894918,13.73452,0.32719797
3,92,10,0.0064000003,0.11636894,0.04254108,0.046791386,0.027036482,0.10312744,0.011815363,8.230982,-0.28586286,14.009296,0.24147132,0.20625488,0.023630725,0.21631317,-0.007512577,0.16442774,0.0028341606,251.95076,247.34319,330.60556,0.044391543,13.73452,0.30595866
3,93,10,0.0064000003,0.11105427,0.04326495,0.039308235,0.02848108,0.10400114,0.009953561,7.5441523,-0.44636458,14.378693,1.0890301,0.20800228,0.019907122,0.19826305,-0.011730621,0.16876338,0.012781998,251.98303,247.57188,330.67783,-0.64266557,13.731949,0.2703458
3,94,10,0.0064000003,0.107831374,0.040712014,0.03849453,0.028624829,0.10088609,0.015159862,7.4656596,-1.008852,14.414934,0.7067658,0.20177218,0.030319724,0.19620024,-0.026513,0.16918874,0.008295344,251.94725,247.47884,330.0803,0.30208623,13.731949,0.29642028
3,95,10,0.0064000003,0.11288301,0.04239381,0.04152606,0.028963141,0.102948785,0.012478779,7.754058,-0.9864058,14.499868,0.25735456,0.20589757,0.024957558,0.20377944,-0.025923103,0.17018561,0.0030205827,251.95728,247.40665,330.65622,0.72905123,13.731949,0.27358347
3,96,10,0.0064000003,0.11240247,0.04209607,0.043585837,0.026720565,0.102586634,0.009064406,7.944039,-0.6647412,13.927207,0.723821,0.20517327,0.018128812,0.20877221,-0.01746964,0.16346426,0.008495517,251.98366,247.50136,331.15918,-0.059079766,13.731949,0.28358248
3,97,10,0.0064000003,0.10472381,0.036186397,0.041268628,0.027268784,0.09511361,0.013695084,7.7299857,-1.0589134,14.069353,1.1851275,0.19022723,0.027390167,0.20314682,-0.02782862,0.16513263,0.0139099,252.00328,247.66687,330.66168,-0.12621415,13.729515,0.25686324
3,98,10,0.0064000003,0.11386672,0.041211966,0.044368155,0.02828659,0.101503655,0.011201146,8.015015,-0.9529674,14.3295145,1.0973126,0.20300731,0.022402292,0.2106375,-0.025044324,0.16818617,0.012879208,252.06784,248.0999,331.2594,-0.14434516,13.729515,0.2459837
3,99,10,0.0064000003,0.12083229,0.042958956,0.047089055,0.03078427,0.10363271,0.008225854,8.257122,-0.6862041,14.948776,1.644098,0.20726542,0.016451707,0.21700013,-0.018033693,0.17545447,0.019296853,252.06512,248.14006,331.3526,-0.95789397,13.729515,0.26311707
3,100,10,0.0064000003,0.1178381,0.03823917,0.046551473,0.033047456,0.09777419,0.012095705,8.209853,-0.7319379,15.488531,2.0046904,0.19554839,0.02419141,0.2157579,-0.019235592,0.18178959,0.023529142,252.03261,248.00055,330.73993,-1.2727525,13.729515,0.28871217
4,1,10,0.0051200003,0.06846019,0.022455495,0.0259768,0.020027896,0.07492579,0.015157723,6.132838,-0.9668969,12.057543,-1.5234184,0.14985158,0.030315446,0.1611732,-0.025410399,0.14151995,-0.01788043,251.74763,247.85655,332.86813,2.4903154,13.727201,0.3182381
4,2,10,0.0051200003,0.07321961,0.027882822,0.023384998,0.02195179,0.08349075,0.013184353,5.8188524,-0.984576,12.623396,-2.1099873,0.1669815,0.026368706,0.15292154,-0.025875017,0.14816137,-0.024765015,251.85619,248.2815,333.87296,3.0945632,13.727201,0.29624388
4,3,10,0.0051200003,0.08502152,0.036852233,0.02467209,0.023497194,0.095984675,0.007572787,5.9768405,-0.79120374,13.060182,-1.8035067,0.19196935,0.015145574,0.15707351,-0.02079312,0.15328795,-0.021167843,251.91112,248.49113,334.36978,2.5947104,13.727201,0.31984672
4,4,10,0.0051200003,0.07138532,0.025292443,0.026327504,0.019765371,0.07951799,0.015342337,6.174098,-1.1339526,11.97826,-1.8394868,0.15903598,0.030684674,0.16225752,-0.029800685,0.14058937,-0.02159014,251.8993,248.51419,333.8165,2.9734395,13.727201,0.33949584
4,5,10,0.0051200003,0.07514094,0.026991026,0.028891055,0.019258853,0.08214473,0.012983103,6.4677076,-1.0285399,11.823783,-2.6316013,0.16428946,0.025966207,0.16997369,-0.027030408,0.13877627,-0.030887224,251.89954,248.4885,334.41028,3.6601412,13.72527,0.33254862
4,6,10,0.0051200003,0.089097224,0.04125117,0.027966479,0.019879572,0.10155192,0.0062599108,6.363376,-0.6481226,12.012813,-2.1459227,0.20310384,0.0125198215,0.16723181,-0.017032897,0.14099494,-0.025186788,251.89986,248.40738,334.5898,2.7940452,13.72527,0.3417269
4,7,10,0.0051200003,0.07250123,0.023513332,0.028400684,0.020587217,0.07667029,0.012767113,6.4125843,-0.8368925,12.224752,-1.5868981,0.15334058,0.025534226,0.16852503,-0.021993846,0.14348246,-0.018625498,251.91101,248.55556,334.24164,2.4237905,13.72527,0.33901396
4,8,10,0.0051200003,0.07419841,0.025041673,0.02649175,0.022664987,0.079122804,0.010456011,6.193327,-1.0304775,12.826818,-2.7112067,0.15824561,0.020912021,0.16276287,-0.02708132,0.15054895,-0.031821553,251.97546,248.76472,334.9883,3.7416842,13.72527,0.3587792
4,9,10,0.0051200003,0.08371195,0.033180412,0.027289852,0.023241691,0.091077454,0.0050450154,6.285926,-0.9360443,12.988981,-2.6517673,0.18215491,0.010090031,0.1651964,-0.024599582,0.15245226,-0.031123916,252.04393,248.99387,335.40906,3.5878115,13.723221,0.3846976
4,10,10,0.0051200003,0.07124902,0.02296007,0.028301181,0.019987773,0.075762905,0.0124616595,6.401341,-1.1765995,12.045461,-1.9236741,0.15152581,0.024923319,0.16822955,-0.030921461,0.14137812,-0.022578249,252.08517,249.2854,335.0752,3.1002736,13.723221,0.37314653
4,11,10,0.0051200003,0.079644024,0.02813281,0.02851836,0.022992859,0.08386419,0.010935858,6.4258556,-1.2681752,12.919262,-2.3062472,0.16772838,0.021871716,0.1688738,-0.03332811,0.15163396,-0.027068524,252.14334,249.51065,335.72437,3.5744224,13.723221,0.40136218
4,12,10,0.0051200003,0.093498126,0.044042367,0.028042385,0.021413367,0.10493137,0.0056253574,6.372006,-0.95001125,12.467625,-1.9758334,0.20986274,0.011250715,0.16745861,-0.02496664,0.14633307,-0.023190446,252.19182,249.58963,335.96054,2.9258447,13.723221,0.3782932
4,13,10,0.0051200003,0.07512589,0.025282998,0.031144673,0.01869822,0.07950314,0.011990817,6.7152243,-1.1489351,11.650414,-1.2351495,0.15900628,0.023981635,0.17647853,-0.03019443,0.13674143,-0.0144970035,252.2178,249.78618,335.10434,2.3840847,13.721113,0.37981808
4,14,10,0.0051200003,0.0772197,0.02726092,0.031442277,0.018516505,0.08255441,0.010624083,6.747232,-1.303374,11.593664,-2.0401366,0.16510881,0.021248166,0.1773197,-0.034253143,0.13607536,-0.023945177,252.29163,250.02744,336.0089,3.3435106,13.721113,0.420332
4,15,10,0.0051200003,0.09086858,0.040256735,0.0315358,0.019076038,0.100320406,0.0061651864,6.7572594,-1.2258263,11.767529,-2.2574618,0.20064081,0.012330373,0.17758322,-0.03221515,0.13811603,-0.026495934,252.33606,250.14883,336.65787,3.483288,13.721113,0.421349
4,16,10,0.0051200003,0.07785036,0.023324478,0.0360404,0.01848548,0.07636177,0.011849304,7.2237625,-1.5145562,11.583948,-1.7988882,0.15272354,0.023698607,0.18984309,-0.03980308,0.13596132,-0.021113632,252.31526,250.19296,336.03586,3.3134444,13.721113,0.43412614
4,17,10,0.0051200003,0.07872187,0.025662025,0.034477286,0.01858256,0.080096856,0.009233861,7.0653744,-1.4456047,11.614326,-2.6028988,0.16019371,0.018467722,0.1856806,-0.037991013,0.13631786,-0.03055034,252.3329,250.1914,336.60034,4.0485034,13.718915,0.43513766
4,18,10,0.0051200003,0.09009421,0.038437016,0.031208176,0.020449014,0.098026805,0.002454928,6.7220674,-0.98624665,12.183649,-2.4164326,0.19605361,0.004909856,0.17665836,-0.025918918,0.14300005,-0.028361779,252.3285,250.0449,336.892,3.4026792,13.718915,0.42045814
4,19,10,0.0051200003,0.07414287,0.02224842,0.03215841,0.019736044,0.07457952,0.008519295,6.8236365,-0.8811483,11.96937,-1.5676391,0.14915904,0.01703859,0.17932765,-0.023156893,0.14048503,-0.01839945,252.28905,249.88037,336.10544,2.4487875,13.718915,0.40492442
4,20,10,0.0051200003,0.07909554,0.025480995,0.034029223,0.019585328,0.07981384,0.0074925697,7.019315,-1.1812433,11.923579,-2.434428,0.15962768,0.0149851395,0.18447012,-0.031043496,0.1399476,-0.02857299,252.31277,249.90471,336.50067,3.6156712,13.718915,0.4452815
4,21,10,0.0051200003,0.08487777,0.036457278,0.031391613,0.017028878,0.095468946,0.0007810855,6.741795,-1.0109395,11.118194,-1.5375952,0.19093789,0.001562171,0.17717679,-0.026567854,0.13049474,-0.018046822,252.35898,250.07817,336.82608,2.5485346,13.716731,0.410222
4,22,10,0.0051200003,0.075808,0.025741963,0.033672888,0.016393159,0.08022151,0.0067439056,6.982466,-1.2469543,10.908689,-0.6503738,0.16044302,0.013487811,0.18350174,-0.03277042,0.12803577,-0.0076334635,252.39102,250.35889,336.3075,1.8973281,13.716731,0.42548466
4,23,10,0.0051200003,0.0781491,0.029251317,0.03337254,0.015525247,0.08551508,0.0071261683,6.9512563,-1.3357997,10.61599,-1.9838727,0.17103016,0.014252337,0.18268153,-0.035105295,0.12460035,-0.023284804,252.45337,250.53587,337.08096,3.3196723,13.716731,0.4526859
4,24,10,0.0051200003,0.0937182,0.04197185,0.035096634,0.01664972,0.102435164,5.247391e-6,7.1285534,-1.2997079,10.993719,-1.6154773,0.20487033,1.0494782e-5,0.18734096,-0.03415679,0.12903379,-0.018960936,252.50821,250.74947,337.56918,2.9151852,13.716731,0.46853134
4,25,10,0.0051200003,0.07356768,0.025054907,0.032757215,0.015755557,0.07914371,0.0059184725,6.886874,-1.3241807,10.694442,-0.24012849,0.15828742,0.011836945,0.18098955,-0.034799945,0.12552114,-0.0028184014,252.46768,250.71849,336.70908,1.5643092,13.714625,0.42398956
4,26,10,0.0051200003,0.07771616,0.026696378,0.035418924,0.015600853,0.08169513,0.0029900556,7.1612096,-1.2763997,10.641808,-1.0100248,0.16339026,0.005980111,0.18819916,-0.03354424,0.12490337,-0.011854706,252.48518,250.74521,337.34985,2.2864246,13.714625,0.453377
4,27,10,0.0051200003,0.097071484,0.04601816,0.03608345,0.01496987,0.10725922,-0.003816212,7.228076,-1.1364686,10.42438,-0.83750176,0.21451844,-0.007632424,0.18995644,-0.029866805,0.12235142,-0.009829798,252.51125,250.77194,337.6235,1.9739704,13.714625,0.4593293
4,28,10,0.0051200003,0.08141436,0.026019989,0.039112624,0.016281744,0.08065356,0.002839478,7.5253577,-1.2255416,10.871554,-0.06675211,0.16130713,0.005678956,0.19776912,-0.032207694,0.12759994,-0.00078347477,252.5341,250.83191,336.979,1.2922937,13.714625,0.471427
4,29,10,0.0051200003,0.07988718,0.02878133,0.03502566,0.016080197,0.08482531,0.0008304712,7.121342,-1.2265425,10.804059,-0.053721573,0.16965061,0.0016609424,0.18715143,-0.03223398,0.12680772,-0.00063053047,252.60559,251.0857,337.47763,1.280264,13.712637,0.45196277
4,30,10,0.0051200003,0.09308605,0.044934534,0.033343382,0.0148081295,0.10598884,-0.005379975,6.948219,-1.2377523,10.367912,0.29828134,0.21197768,-0.01075995,0.1826017,-0.032528583,0.12168866,0.0035009433,252.67328,251.33124,337.92883,0.939471,13.712637,0.43533584
4,31,10,0.0051200003,0.078490965,0.027234828,0.03630489,0.014951242,0.08251489,0.0025920838,7.250221,-1.443711,10.4178915,0.6155622,0.16502978,0.0051841675,0.19053842,-0.03794126,0.12227527,0.0072248825,252.70576,251.54697,337.61017,0.82814884,13.712637,0.4407454
4,32,10,0.0051200003,0.08729023,0.033221025,0.036889773,0.017179428,0.09113318,0.00159995,7.3083897,-1.5950615,11.1672325,0.017041601,0.18226635,0.0031999,0.1920671,-0.0419188,0.13107032,0.00020001995,252.78154,251.79735,338.16135,1.57802,13.712637,0.49513468
4,33,10,0.0051200003,0.10077211,0.05321337,0.029507766,0.01805098,0.11534011,-0.005173452,6.536373,-1.3126996,11.446999,1.1732835,0.23068023,-0.010346904,0.17177825,-0.034498215,0.13435394,0.013770883,252.88342,252.16493,338.8446,0.1394161,13.7107725,0.3802394
4,34,10,0.0051200003,0.07421568,0.027019383,0.031125253,0.016071042,0.08218787,0.0014586613,6.7131305,-1.5668037,10.800982,1.6728554,0.16437574,0.0029173226,0.1764235,-0.041176166,0.12677161,0.019634385,252.90605,252.36636,338.21347,-0.10605168,13.7107725,0.378979
4,35,10,0.0051200003,0.078691944,0.030747067,0.03149526,0.016449615,0.08767421,0.0020189467,6.752914,-1.2631835,10.927455,1.5757226,0.17534842,0.0040378934,0.17746903,-0.03319693,0.12825605,0.018494332,252.95427,252.56679,338.72153,-0.3125391,13.7107725,0.37709555
4,36,10,0.0051200003,0.09897722,0.051321443,0.030692043,0.016963733,0.113271184,-0.0043120836,6.6662493,-1.0713519,11.096907,1.9646558,0.22654237,-0.008624167,0.17519145,-0.028155506,0.1302449,0.023059253,252.98065,252.5975,339.129,-0.8933039,13.7107725,0.37505937
4,37,10,0.0051200003,0.07179264,0.029602535,0.0257247,0.016465401,0.08602694,0.0006999098,6.1030064,-1.0754325,10.932697,2.9053323,0.17205387,0.0013998196,0.16038921,-0.028262757,0.12831758,0.034100007,252.98631,252.68155,338.6685,-1.8298998,13.708983,0.29880074
4,38,10,0.0051200003,0.07556522,0.032512967,0.026725754,0.016326496,0.090156764,-0.00016848186,6.2206197,-1.2080027,10.886485,1.5508114,0.18031353,-0.0003369637,0.16348013,-0.031746726,0.12777518,0.018201942,253.01825,252.69499,339.41074,-0.34280872,13.708983,0.31330237
4,39,10,0.0051200003,0.087599166,0.043566775,0.026439438,0.017592952,0.10436328,-0.008300293,6.187208,-1.1830132,11.300836,2.0018766,0.20872656,-0.016600586,0.16260208,-0.03109001,0.13263842,0.023496112,253.072,252.87386,339.8704,-0.8188634,13.708983,0.3164479
4,40,10,0.0051200003,0.07334077,0.028179862,0.026631212,0.018529695,0.08393429,-0.00014348915,6.209607,-1.2362474,11.597793,2.3627582,0.16786858,-0.0002869783,0.16319072,-0.03248903,0.13612382,0.027731799,253.0479,252.8187,339.0344,-1.1265107,13.708983,0.31912905
4,41,10,0.0051200003,0.06775628,0.029422529,0.0223675,0.015966251,0.08576498,-0.002191773,5.6908536,-1.1701432,10.76571,2.1440828,0.17152996,-0.004383546,0.14955768,-0.030751787,0.12635763,0.025165202,253.06615,252.81183,339.48517,-0.97393954,13.707207,0.24663386
4,42,10,0.0051200003,0.07694508,0.036901895,0.023594908,0.016448282,0.09604933,-0.009575511,5.8449097,-1.1467315,10.927013,2.392149,0.19209866,-0.019151023,0.15360634,-0.030136513,0.12825085,0.028076759,253.05696,252.676,339.71756,-1.2454175,13.707207,0.26119488
4,43,10,0.0051200003,0.070235014,0.027567398,0.026481356,0.01618626,0.08301716,-0.0033642102,6.192112,-1.3690019,10.83963,2.853215,0.16603433,-0.0067284205,0.16273093,-0.035977874,0.12722524,0.03348832,253.03577,252.65923,338.80386,-1.4842131,13.707207,0.28479114
4,44,10,0.0051200003,0.07281138,0.029841825,0.027650615,0.015318937,0.08637393,-0.0021151425,6.327338,-1.5954049,10.5452175,1.9526787,0.17274787,-0.004230285,0.16628474,-0.04192781,0.12376969,0.022918683,253.11893,253.00726,339.28735,-0.35727382,13.707207,0.3067583
4,45,10,0.0051200003,0.086599,0.045413543,0.02561547,0.015569987,0.106552266,-0.010233518,6.090036,-1.6440169,10.631274,2.5826657,0.21310453,-0.020467035,0.16004834,-0.043205358,0.12477975,0.030312866,253.20274,253.36072,339.7845,-0.9386488,13.705384,0.26614255
4,46,10,0.0051200003,0.07307384,0.028255802,0.02879984,0.0160182,0.08404731,-0.0029810558,6.4574895,-1.8064212,10.783211,2.9340906,0.16809462,-0.0059621115,0.16970515,-0.047473386,0.12656303,0.03443756,253.25797,253.63115,339.46442,-1.1276695,13.705384,0.31172165
4,47,10,0.0051200003,0.07617459,0.031405378,0.02739612,0.017373092,0.08860781,-0.003446202,6.2981524,-1.6043454,11.230002,2.924222,0.17721562,-0.006892404,0.16551773,-0.04216278,0.13180703,0.034321725,253.32329,253.83553,339.9171,-1.3198766,13.705384,0.29789692
4,48,10,0.0051200003,0.093439505,0.044946626,0.027692104,0.020800779,0.1060031,-0.00954281,6.332084,-1.4979202,12.287993,3.5256965,0.2120062,-0.01908562,0.16640945,-0.039365884,0.14422475,0.04138126,253.3478,253.8628,340.27692,-2.0277762,13.705384,0.3168608
4,49,10,0.0051200003,0.07451436,0.027952781,0.027592659,0.018968914,0.083595425,-0.004277446,6.320704,-1.3318437,11.734442,3.8822546,0.16719085,-0.008554892,0.16611038,-0.03500133,0.13772768,0.0455662,253.32585,253.7418,339.69254,-2.5504107,13.703504,0.26483637
4,50,10,0.0051200003,0.08057746,0.034041412,0.028673315,0.017862737,0.09225158,-0.0036010463,6.4432893,-1.3635697,11.387155,3.4261992,0.18450315,-0.0072020926,0.16933197,-0.035835106,0.13365155,0.04021346,253.3325,253.66603,339.73752,-2.0626295,13.703504,0.27284852
4,51,10,0.0051200003,0.08827229,0.041633837,0.02667134,0.019967107,0.10202186,-0.0073307487,6.2142835,-1.4084035,12.039233,3.53219,0.20404372,-0.014661497,0.16331363,-0.03701335,0.14130501,0.041457478,253.3573,253.7605,339.8266,-2.1237864,13.703504,0.27197573
4,52,10,0.0051200003,0.07435465,0.02930097,0.024058864,0.020994816,0.08558763,-0.001909057,5.902095,-1.4726384,12.345176,4.0641203,0.17117526,-0.003818114,0.1551092,-0.03870147,0.14489588,0.047700766,253.33858,253.72928,339.23074,-2.591482,13.703504,0.3042003
4,53,10,0.0051200003,0.07559316,0.031678278,0.023507122,0.02040776,0.08899196,-0.0018556708,5.8340263,-1.1915458,12.171353,3.107046,0.17798392,-0.0037113416,0.15332033,-0.031314258,0.14285573,0.03646754,253.38376,253.85771,339.93292,-1.9155,13.701575,0.21662699
4,54,10,0.0051200003,0.09074958,0.0451441,0.023474025,0.02213145,0.106235705,-0.009573851,5.829918,-1.1208408,12.674946,3.5679944,0.21247141,-0.019147702,0.15321235,-0.029456096,0.14876643,0.041877713,253.42604,254.01085,340.3529,-2.4471536,13.701575,0.22607349
4,55,10,0.0051200003,0.075850435,0.030081453,0.024358233,0.021410746,0.08672003,-0.0036943574,5.938702,-1.1586871,12.46686,4.112756,0.17344005,-0.0073887147,0.15607125,-0.030450715,0.14632411,0.048271596,253.39452,254.01059,339.6348,-2.9540687,13.701575,0.25108263
4,56,10,0.0051200003,0.07846204,0.030378526,0.026101287,0.021982228,0.08714718,-0.0048690494,6.1475153,-1.0957847,12.632145,3.4025877,0.17429437,-0.009738099,0.16155893,-0.028797626,0.14826405,0.039936326,253.38191,253.84091,339.90735,-2.306803,13.701575,0.22777958
4,57,10,0.0051200003,0.09246504,0.04613902,0.024435036,0.021890987,0.10739998,-0.010931504,5.9480577,-0.9259109,12.6059,3.4389489,0.21479996,-0.021863008,0.1563171,-0.024333274,0.14795603,0.040363096,253.4001,253.89386,340.0201,-2.513038,13.69958,0.2038896
4,58,10,0.0051200003,0.07740157,0.031628802,0.02390579,0.02186698,0.08892244,-0.003644268,5.883289,-1.1050625,12.598987,3.6099935,0.17784488,-0.007288536,0.15461497,-0.029041437,0.14787488,0.04237066,253.41772,254.07256,339.40784,-2.504931,13.69958,0.22542794
4,59,10,0.0051200003,0.08308717,0.034141976,0.027197821,0.021747373,0.092387736,-0.00272089,6.275318,-1.1323043,12.564484,2.8047984,0.18477547,-0.00544178,0.16491762,-0.029757366,0.14746991,0.032920048,253.46033,254.1573,340.13873,-1.672494,13.69958,0.19653608
4,60,10,0.0051200003,0.09018819,0.04055247,0.025679827,0.023955893,0.10068822,-0.010627702,6.0976815,-1.1904927,13.187042,3.1054285,0.20137644,-0.021255404,0.16024926,-0.031286582,0.15477692,0.03644855,253.49171,254.25221,340.8153,-1.9149357,13.69958,0.20872125
4,61,10,0.0051200003,0.0758113,0.028332666,0.025624538,0.021854095,0.08416155,-0.004011367,6.091113,-0.9471357,12.595273,3.0907495,0.1683231,-0.008022734,0.16007666,-0.024891073,0.1478313,0.03627627,253.43604,254.08237,339.8019,-2.1436138,13.697578,0.21764795
4,62,10,0.0051200003,0.08090426,0.03144661,0.028019223,0.02143843,0.08866596,-0.005709512,6.3693733,-0.9776229,12.474918,2.244004,0.17733192,-0.011419024,0.16738944,-0.025692288,0.14641868,0.026337976,253.44156,254.0045,339.9364,-1.266381,13.697578,0.20661664
4,63,10,0.0051200003,0.10085466,0.04777746,0.029219953,0.023857241,0.10929028,-0.012266005,6.504418,-1.1567446,13.159861,2.8105,0.21858056,-0.02453201,0.17093845,-0.03039966,0.1544579,0.03298697,253.50157,254.21977,340.40384,-1.6537553,13.697578,0.21772869
4,64,10,0.0051200003,0.07881927,0.030133877,0.025363231,0.023322158,0.08679556,-0.0048345276,6.0599775,-1.2108642,13.011447,3.0320702,0.17359112,-0.009669055,0.15925838,-0.031821944,0.15271594,0.03558755,253.48947,254.18173,339.94043,-1.821206,13.697578,0.23189169
4,65,10,0.0051200003,0.08181104,0.03309472,0.026935067,0.021781255,0.09095977,-0.0044401437,6.244931,-0.9632674,12.5742655,1.7430447,0.18191954,-0.008880287,0.16411906,-0.025315015,0.14758474,0.020458192,253.4972,254.15112,340.2266,-0.77977735,13.695656,0.22922194
4,66,10,0.0051200003,0.08848213,0.03879831,0.026619006,0.023064809,0.09848643,-0.010080852,6.2081842,-0.8923981,12.93946,2.0292487,0.19697286,-0.020161703,0.16315332,-0.023452543,0.15187103,0.023817385,253.49274,254.10815,340.4114,-1.1368506,13.695656,0.2281941
4,67,10,0.0051200003,0.07903522,0.028483333,0.02792575,0.022626143,0.08438503,-0.0036550288,6.358741,-0.7865443,12.815823,2.691233,0.16877006,-0.0073100575,0.16711,-0.020670675,0.15041989,0.031587128,253.42284,253.91998,339.43848,-1.9046886,13.695656,0.24844944
4,68,10,0.0051200003,0.085871525,0.035050314,0.029614905,0.021206304,0.09360865,-0.00450778,6.548229,-0.8758879,12.407198,1.5071641,0.1872173,-0.00901556,0.17208982,-0.023018647,0.14562385,0.017689655,253.41124,253.79028,339.7523,-0.63127625,13.695656,0.22725593
4,69,10,0.0051200003,0.095696256,0.046353213,0.028136214,0.021206822,0.10764898,-0.009248712,6.382657,-0.8985278,12.407349,1.3105663,0.21529797,-0.018497424,0.16773853,-0.02361364,0.14562562,0.015382176,253.43394,253.87437,339.9888,-0.4120385,13.693921,0.21935111
4,70,10,0.0051200003,0.07519976,0.03002804,0.02442886,0.020742862,0.086643,-0.0035031773,5.947305,-0.9705376,12.270876,1.708227,0.173286,-0.0070063546,0.15629734,-0.025506072,0.14402382,0.02004954,253.43872,253.93951,339.31287,-0.73768944,13.693921,0.22120011
4,71,10,0.0051200003,0.07474313,0.029477334,0.023777595,0.021488199,0.08584482,-0.0047738478,5.8674936,-0.8915408,12.48939,1.163089,0.17168964,-0.0095476955,0.15419985,-0.02343002,0.14658853,0.0136512285,253.49072,254.13344,339.82748,-0.2715482,13.693921,0.21642962
4,72,10,0.0051200003,0.09495911,0.04708903,0.025951732,0.02191835,0.10850003,-0.010912343,6.1298785,-0.8177101,12.613776,2.0178442,0.21700007,-0.021824686,0.16109541,-0.021489728,0.14804848,0.023683531,253.5105,254.2478,340.36557,-1.200134,13.693921,0.21667555
4,73,10,0.0051200003,0.073032655,0.027585803,0.027019002,0.01842785,0.08304487,-0.0016306167,6.254654,-0.5462001,11.565876,1.8524607,0.16608974,-0.0032612334,0.16437458,-0.014354332,0.13574922,0.021742417,253.4687,254.12926,339.6396,-1.3062606,13.692348,0.19107273
4,74,10,0.0051200003,0.07728009,0.029867541,0.027329493,0.020083059,0.08641114,-0.0030296373,6.29049,-0.45176968,12.074138,0.812997,0.17282228,-0.0060592745,0.16531634,-0.011872671,0.1417147,0.009542183,253.44868,253.97386,339.9457,-0.3612273,13.692348,0.17877363
4,75,10,0.0051200003,0.08825824,0.03974724,0.026317282,0.022193711,0.099683546,-0.008916536,6.1728992,-0.44079572,12.692764,1.2575648,0.19936709,-0.017833073,0.16222602,-0.011584274,0.14897554,0.014760093,253.42862,253.80382,340.03424,-0.81676906,13.692348,0.18066533
4,76,10,0.0051200003,0.071366996,0.025687201,0.026244309,0.019435486,0.080136135,-0.002333136,6.164335,-0.36689574,11.87788,1.8433532,0.16027227,-0.004666272,0.16200095,-0.009642149,0.13941121,0.021635521,253.41563,253.84268,339.3253,-1.4764574,13.692348,0.187821
4,77,10,0.0051200003,0.0800019,0.03128609,0.02858586,0.020129949,0.088439375,-0.0019789408,6.4334555,-0.16507559,12.088224,0.63571924,0.17687875,-0.0039578816,0.16907354,-0.004338248,0.14188005,0.007461466,253.4394,253.9775,339.66376,-0.47064364,13.690932,0.17396876
4,78,10,0.0051200003,0.08951382,0.038628884,0.030209836,0.020675108,0.09827116,-0.0061834427,6.613675,-0.26287463,12.250818,0.85688734,0.19654232,-0.012366885,0.17380977,-0.006908441,0.14378841,0.0100573255,253.46944,254.0865,340.1848,-0.59401274,13.690932,0.18768112
4,79,10,0.0051200003,0.07152129,0.024482712,0.028466083,0.018572494,0.07823476,0.0015077333,6.419963,-0.14916688,11.611178,1.2101039,0.15646952,0.0030154665,0.16871895,-0.00392016,0.13628094,0.014203047,253.43817,254.00063,339.6684,-1.0609369,13.690932,0.18499507
4,80,10,0.0051200003,0.07976219,0.033171438,0.027857145,0.018733604,0.09106514,-0.0009756608,6.3509254,-0.003340673,11.661431,0.5938665,0.18213028,-0.0019513216,0.1669046,-8.779222e-5,0.13687076,0.0069702393,253.41635,253.88329,339.5251,-0.59052587,13.690932,0.17321913
4,81,10,0.0051200003,0.09149599,0.04565866,0.027301073,0.018536255,0.10683943,-0.0059987674,6.287219,0.081184655,11.599847,0.7736146,0.21367887,-0.011997535,0.16523036,0.0021335613,0.13614792,0.009079953,253.42975,253.92175,339.637,-0.8547993,13.689683,0.20585918
4,82,10,0.0051200003,0.07241324,0.027876787,0.027257374,0.01727908,0.083481714,0.0004015032,6.282184,0.14270966,11.199574,1.4114534,0.16696343,0.0008030064,0.16509807,0.0037504602,0.13144991,0.016566295,253.4276,254.02,338.9445,-1.554163,13.689683,0.23043412
4,83,10,0.0051200003,0.07494665,0.02722476,0.029557511,0.018164376,0.08249964,8.255995e-6,6.5418806,0.15710674,11.482896,0.36672312,0.16499928,1.651199e-5,0.17192298,0.0041288226,0.13477528,0.0043042526,253.45001,254.08481,339.71185,-0.5238299,13.689683,0.19413354
4,84,10,0.0051200003,0.09159933,0.041533064,0.030943263,0.019123,0.10189831,-0.0063616033,6.6934767,0.12323224,11.782006,0.6421609,0.20379663,-0.012723207,0.17590697,0.0032385897,0.13828593,0.0075370725,253.42216,253.92226,340.2874,-0.76539314,13.689683,0.20042542
4,85,10,0.0051200003,0.070359334,0.024738934,0.028526051,0.017094351,0.078643076,0.00063035043,6.426722,0.41165784,11.139546,0.53861904,0.15728615,0.0012607009,0.16889657,0.010818519,0.13074537,0.0063217953,253.34485,253.59671,339.20352,-0.95027685,13.688586,0.19323696
4,86,10,0.0051200003,0.07778108,0.031185143,0.027819917,0.018776022,0.08829658,-0.0019212264,6.3466797,0.40813863,11.674628,-0.12280597,0.17659315,-0.0038424528,0.16679303,0.010726028,0.13702562,-0.0014413836,253.3346,253.47379,339.07156,-0.28533268,13.688586,0.17967983
4,87,10,0.0051200003,0.09114851,0.044084247,0.02837848,0.018685788,0.10498124,-0.0074528945,6.4100766,0.3969385,11.64654,0.4830262,0.20996249,-0.014905789,0.16845913,0.010431687,0.13669597,0.0056692977,253.35347,253.54344,339.21085,-0.8799647,13.688586,0.19652045
4,88,10,0.0051200003,0.07250004,0.026494773,0.027865527,0.018139742,0.081386074,-0.0004657319,6.35188,0.37290558,11.475107,0.6004626,0.16277215,-0.0009314638,0.1669297,0.009800089,0.13468386,0.0070476593,253.3661,253.66505,338.7838,-0.97336817,13.688586,0.19576555
4,89,10,0.0051200003,0.083631456,0.03435434,0.029491141,0.019785974,0.09267462,0.0003254829,6.534532,0.51429445,11.984501,-0.949531,0.18534924,0.0006509658,0.17172985,0.013515842,0.14066263,-0.01114469,253.42424,253.84935,339.2959,0.43523657,13.687697,0.17432803
4,90,10,0.0051200003,0.08770549,0.040790983,0.026526071,0.020388441,0.10098389,-0.0059301173,6.197337,0.5036875,12.165591,-0.73870134,0.20196778,-0.011860235,0.16286826,0.013237091,0.1427881,-0.008670166,253.42772,253.74448,339.48706,0.23501384,13.687697,0.2048779
4,91,10,0.0051200003,0.06644322,0.023061052,0.024242345,0.019139819,0.07592933,0.0026543823,5.924558,0.51096046,11.787185,-0.62529284,0.15185866,0.0053087645,0.15569954,0.013428224,0.13834673,-0.0073390887,253.41687,253.71362,338.9458,0.11433238,13.687697,0.22600825
4,92,10,0.0051200003,0.075539626,0.031686503,0.025072964,0.018780155,0.08900352,0.0015525402,6.025201,0.49966478,11.675911,-1.3720355,0.17800704,0.0031050805,0.15834445,0.013131369,0.1370407,-0.016103636,253.46735,253.99138,339.39456,0.8723707,13.687697,0.24098404
4,93,10,0.0051200003,0.081712514,0.04105169,0.023103636,0.017557187,0.10130608,-0.004279593,5.783741,0.6156135,11.289344,-1.5563011,0.20261216,-0.008559186,0.1519988,0.01617854,0.13250354,-0.018266384,253.49347,254.17993,339.8046,0.9406876,13.686918,0.23817186
4,94,10,0.0051200003,0.06308557,0.022950638,0.022451503,0.017683428,0.07574734,0.0023567616,5.701529,0.5862437,11.329857,-1.2695563,0.15149468,0.004713523,0.14983825,0.015406694,0.13297905,-0.01490084,253.44781,254.01219,338.9813,0.6833126,13.686918,0.25424543
4,95,10,0.0051200003,0.07246612,0.028139237,0.024989959,0.019336922,0.08387377,0.00091064133,6.0152197,0.6387131,11.847723,-2.1079183,0.16774754,0.0018212827,0.15808213,0.016785607,0.13905726,-0.024740735,253.43637,253.87573,339.44263,1.4692051,13.686918,0.2362938
4,96,10,0.0051200003,0.083845735,0.03923025,0.027242973,0.017372511,0.09903314,-0.0048684725,6.2805247,0.5143298,11.229813,-1.704073,0.19806628,-0.009736945,0.16505446,0.013516775,0.13180482,-0.020000776,253.40428,253.67047,339.46475,1.1897432,13.686918,0.24633291
4,97,10,0.0051200003,0.06440546,0.02467354,0.025262654,0.014469268,0.078539066,0.002552429,6.0479493,0.76646495,10.248599,-1.9652615,0.15707813,0.005104858,0.1589423,0.02014298,0.12028827,-0.023066364,253.33183,253.36923,338.55063,1.1987965,13.686216,0.20658213
4,98,10,0.0051200003,0.06778373,0.02603234,0.024661098,0.017090287,0.0806727,0.0022485158,5.975509,0.74407226,11.138223,-3.0427265,0.1613454,0.0044970317,0.15703852,0.019554486,0.13072982,-0.035712615,253.33574,253.21655,338.73904,2.2986543,13.686216,0.20799838
4,99,10,0.0051200003,0.08081391,0.03860592,0.023776896,0.018431092,0.09824195,-0.0030543413,5.867408,0.5023605,11.566894,-2.8240042,0.1964839,-0.0061086826,0.15419759,0.0132022165,0.13576116,-0.033145472,253.39082,253.37831,338.90735,2.3216436,13.686216,0.19727899
4,100,10,0.0051200003,0.063707575,0.023363,0.023603152,0.016741425,0.0764248,0.00443131,5.845931,0.65906733,11.023954,-2.3786588,0.1528496,0.00886262,0.15363318,0.017320527,0.12938866,-0.027918428,253.41678,253.55086,338.544,1.7195914,13.686216,0.20717299
5,1,10,0.0040960005,0.07020287,0.022688929,0.029308474,0.01820547,0.075314224,6.4895125e-5,6.514263,1.2313153,11.495879,-0.32354212,0.15062845,0.00012979025,0.17119718,0.032359414,0.13492765,-0.0037974275,253.81453,254.87244,341.0886,-0.90777314,13.685722,0.40767542
5,2,10,0.0040960005,0.074142925,0.028409207,0.02784596,0.017887756,0.084275156,-0.002597114,6.3496494,1.2726058,11.395127,-1.125297,0.16855031,-0.005194228,0.16687109,0.033444546,0.13374512,-0.013207659,253.8389,254.91776,341.53516,-0.14730883,13.685722,0.41772458
5,3,10,0.0040960005,0.08382335,0.037608173,0.028236102,0.017979078,0.096964136,-0.008477164,6.393977,1.2387564,11.424177,-1.1311767,0.19392827,-0.016954329,0.16803601,0.032554965,0.13408609,-0.013276668,253.82022,254.78816,341.79718,-0.10757971,13.685722,0.42933932
5,4,10,0.0040960005,0.0704454,0.023929372,0.029875185,0.016640844,0.07734561,-0.0006279689,6.5769415,1.4550669,10.99079,-0.6122489,0.15469122,-0.0012559379,0.1728444,0.038239673,0.1289994,-0.0071859937,253.72423,254.44756,340.8114,-0.842818,13.685722,0.43379506
5,5,10,0.0040960005,0.06940138,0.025177708,0.027603472,0.016620206,0.079337426,-0.002700291,6.321942,1.5131352,10.983972,-1.823409,0.15867485,-0.005400582,0.16614293,0.03976574,0.12891938,-0.021401437,253.70299,254.22934,341.23642,0.31027377,13.6851845,0.42112705
5,6,10,0.0040960005,0.08301993,0.039922256,0.027038962,0.01605871,0.09990277,-0.007824418,6.2569637,1.2923628,10.796836,-1.7298483,0.19980554,-0.015648836,0.16443528,0.033963766,0.12672296,-0.020303307,253.70631,254.19626,341.34225,0.43748546,13.6851845,0.42925966
5,7,10,0.0040960005,0.059956938,0.019337159,0.025522485,0.015097293,0.06952906,-0.0005617379,6.0789723,1.2148321,10.468651,-1.2279146,0.13905811,-0.0011234758,0.15975758,0.031926226,0.12287104,-0.014412086,253.66316,254.0713,340.50272,0.013082504,13.6851845,0.40642753
5,8,10,0.0040960005,0.064070545,0.023317624,0.025116937,0.015635984,0.07635055,-0.0021478,6.030482,1.3948847,10.653783,-1.7399213,0.1527011,-0.0042956,0.15848324,0.036658075,0.12504393,-0.020421548,253.66145,254.0583,340.86176,0.34503663,13.6851845,0.42047623
5,9,10,0.0040960005,0.079088464,0.040047247,0.024120864,0.014920352,0.10005904,-0.0074724797,5.9096956,1.3319803,10.4071245,-1.5263892,0.20011808,-0.014944959,0.15530893,0.03500492,0.122148894,-0.017915308,253.62567,253.9362,340.82486,0.1944089,13.684522,0.36380905
5,10,10,0.0040960005,0.06159884,0.0235982,0.02430468,0.013695959,0.07680853,-0.0004966415,5.932171,1.3160822,9.970969,-1.1240697,0.15361705,-0.000993283,0.15589958,0.034587108,0.117029734,-0.013193254,253.52177,253.57106,339.68167,-0.19201255,13.684522,0.35742816
5,11,10,0.0040960005,0.05899077,0.020727832,0.023223957,0.015038981,0.07198582,-0.0024783008,5.7987823,1.4245358,10.448415,-2.2636669,0.14397164,-0.0049566017,0.15239409,0.037437312,0.122633524,-0.02656876,253.42596,252.99866,339.78006,0.8391311,13.684522,0.3673651
5,12,10,0.0040960005,0.077074975,0.037599847,0.023937557,0.015537575,0.0969534,-0.0079077,5.887197,1.5280148,10.620203,-2.0735905,0.1939068,-0.0158154,0.15471767,0.040156778,0.12464981,-0.02433782,253.3412,252.55788,339.53763,0.54557574,13.684522,0.37471995
5,13,10,0.0040960005,0.057106853,0.021843074,0.022148717,0.013115064,0.07389701,-0.001676084,5.6629534,1.4629954,9.757227,-1.605635,0.14779402,-0.003352168,0.14882445,0.03844805,0.11452102,-0.018845411,253.25397,252.27759,338.37097,0.14263964,13.6838455,0.30496463
5,14,10,0.0040960005,0.056209754,0.020307727,0.021944735,0.013957293,0.07125259,-0.0032275359,5.6368155,1.4885001,10.065649,-2.3697908,0.14250518,-0.0064550717,0.14813755,0.03911832,0.11814099,-0.02781434,253.24893,252.13182,338.75092,0.8812907,13.6838455,0.31808618
5,15,10,0.0040960005,0.07344711,0.03532428,0.022096364,0.016026465,0.09397377,-0.0070015904,5.656256,1.3251432,10.785992,-2.3304653,0.18794754,-0.014003181,0.14864846,0.034825236,0.12659568,-0.02735277,253.27797,252.21846,339.11917,1.0053221,13.6838455,0.32859978
5,16,10,0.0040960005,0.05962102,0.021163743,0.02388649,0.014570788,0.07273882,-0.00036697,5.880914,1.1885792,10.284489,-2.0467215,0.14547764,-0.00073394,0.15455255,0.031236297,0.120709516,-0.024022458,253.26581,252.27158,338.2597,0.85814226,13.6838455,0.33538476
5,17,10,0.0040960005,0.05521926,0.02167565,0.019488271,0.014055338,0.07361326,-0.0018545692,5.3119664,0.97442144,10.100942,-2.7018678,0.14722653,-0.0037091384,0.1396004,0.025608152,0.11855521,-0.03171194,253.28119,252.29578,338.62042,1.7274463,13.683209,0.2768196
5,18,10,0.0040960005,0.06589464,0.03087283,0.020633014,0.014388797,0.08785333,-0.006798341,5.4657526,0.9994559,10.22006,-2.0682786,0.17570665,-0.013596682,0.14364196,0.026266059,0.11995331,-0.024275491,253.30663,252.4183,339.02557,1.0688226,13.683209,0.29826397
5,19,10,0.0040960005,0.056243207,0.019222438,0.022366524,0.014654246,0.069322504,0.0015016269,5.690729,0.82623476,10.3139,-1.885366,0.13864501,0.0030032538,0.14955442,0.02171374,0.121054724,-0.022128629,253.28732,252.40523,338.38782,1.0591311,13.683209,0.31481415
5,20,10,0.0040960005,0.060349118,0.02216139,0.021917367,0.016270358,0.07443351,-0.00089083373,5.6333003,0.9392537,10.867753,-2.6598024,0.14886703,-0.0017816675,0.14804515,0.024683913,0.12755531,-0.031218221,253.25908,252.19861,338.58316,1.7205487,13.683209,0.3125782
5,21,10,0.0040960005,0.06721446,0.034705423,0.019013088,0.013495951,0.09314696,-0.0057159206,5.2468066,0.9437094,9.897898,-2.0560648,0.18629391,-0.011431841,0.13788795,0.024801023,0.116172075,-0.024132127,253.2326,252.10399,338.63022,1.1123555,13.682621,0.27343273
5,22,10,0.0040960005,0.054783385,0.021000272,0.020647785,0.013135328,0.07245735,0.0006728574,5.467709,0.97190416,9.764761,-1.4186895,0.1449147,0.0013457148,0.14369337,0.025541998,0.11460946,-0.01665122,253.19485,252.0277,337.60828,0.44678533,13.682621,0.30756518
5,23,10,0.0040960005,0.054028362,0.020099292,0.019921323,0.014007745,0.070885986,-0.0008158206,5.3706613,0.83332455,10.083825,-2.3437634,0.14177197,-0.0016316412,0.14114292,0.021900076,0.11835432,-0.027508859,253.22328,252.07532,337.8784,1.5104388,13.682621,0.2892556
5,24,10,0.0040960005,0.06972718,0.03490334,0.020602854,0.014220987,0.093412176,-0.0050824825,5.461757,0.69861686,10.160289,-2.5344281,0.18682435,-0.010164965,0.14353694,0.018359901,0.11925178,-0.029746702,253.25876,252.1106,338.3556,1.8358113,13.682621,0.29951084
5,25,10,0.0040960005,0.05600102,0.021147298,0.021216122,0.0136376,0.07271055,0.0012172587,5.5424485,0.7065731,9.949704,-1.8101158,0.1454211,0.0024345175,0.14565755,0.018569,0.11678013,-0.02124541,253.23785,252.1688,337.95566,1.1035427,13.682104,0.2942414
5,26,10,0.0040960005,0.0511007,0.020312285,0.019346194,0.01144222,0.07126059,-0.0008995563,5.2925677,0.803597,9.113734,-2.172064,0.14252117,-0.0017991127,0.1390906,0.02111882,0.10696831,-0.025493616,253.22234,252.11115,338.15265,1.3684671,13.682104,0.29626063
5,27,10,0.0040960005,0.06484912,0.032829545,0.02015063,0.011868946,0.09059463,-0.004157524,5.4014826,0.8133624,9.282123,-1.9071838,0.18118925,-0.008315048,0.14195292,0.021375464,0.10894469,-0.022384703,253.17384,251.85345,338.16254,1.0938213,13.682104,0.31047717
5,28,10,0.0040960005,0.0552646,0.019221257,0.022631846,0.013411495,0.06932037,0.002937134,5.724383,0.85792017,9.866879,-1.5716444,0.13864075,0.005874268,0.15043885,0.022546465,0.11580801,-0.018446462,253.09187,251.49203,337.38028,0.71372426,13.682104,0.34194648
5,29,10,0.0040960005,0.0534363,0.020991988,0.017901083,0.014543228,0.07244306,0.0013356257,5.091061,0.9384369,10.274757,-2.0745778,0.14488612,0.0026712513,0.13379493,0.024662469,0.120595306,-0.024349416,253.06522,251.32642,337.44168,1.1361408,13.68168,0.2688777
5,30,10,0.0040960005,0.06292163,0.0287241,0.019921606,0.014275926,0.08474093,-0.0043666903,5.370699,1.1068238,10.179896,-1.5126346,0.16948186,-0.008733381,0.14114392,0.029087735,0.11948191,-0.017753862,253.04077,251.24527,337.32532,0.40581083,13.68168,0.29064125
5,31,10,0.0040960005,0.05392216,0.018989088,0.021908931,0.013024143,0.06890045,0.0016448599,5.6322155,1.1208801,9.723347,-0.90705854,0.1378009,0.0032897198,0.14801666,0.029457131,0.11412337,-0.010646188,252.98651,251.0775,336.46542,-0.21382159,13.68168,0.3226226
5,32,10,0.0040960005,0.05451503,0.019523695,0.021397814,0.013593522,0.06986361,-0.0011327168,5.5661306,1.1345412,9.933613,-1.815975,0.13972722,-0.0022654335,0.14627992,0.02981615,0.11659126,-0.021314178,252.97836,250.95247,336.89694,0.6814338,13.68168,0.29433358
5,33,10,0.0040960005,0.06101691,0.027344843,0.019472672,0.014199393,0.08268138,-0.0058944887,5.30984,1.4701748,10.152573,-1.3425815,0.16536276,-0.011788977,0.13954452,0.038636725,0.1191612,-0.015757944,252.92708,250.69247,337.04578,-0.12759328,13.681269,0.23770155
5,34,10,0.0040960005,0.05527788,0.019619616,0.02213349,0.0135247735,0.07003502,0.00041633635,5.661006,1.4233469,9.908462,-1.1335937,0.14007004,0.0008326727,0.14877328,0.03740607,0.11629606,-0.013305042,252.83174,250.35071,336.11633,-0.2897532,13.681269,0.2756897
5,35,10,0.0040960005,0.05589414,0.020207733,0.021993833,0.0136925755,0.07107695,-0.0017075033,5.643118,1.4724741,9.969738,-1.8952056,0.1421539,-0.0034150067,0.14830318,0.038697153,0.11701528,-0.022244114,252.76341,249.99992,336.00504,0.42273152,13.681269,0.27913645
5,36,10,0.0040960005,0.067321315,0.02993168,0.02409118,0.013298456,0.08650387,-0.0061740857,5.906058,1.6657884,9.825211,-1.3924378,0.17300774,-0.012348171,0.15521334,0.043777525,0.11531893,-0.016343107,252.70119,249.72388,335.79868,-0.2733506,13.681269,0.30628175
5,37,10,0.0040960005,0.05764237,0.020036016,0.023366986,0.014239369,0.07077432,0.00060959987,5.816611,1.6833103,10.166855,-1.1001843,0.14154863,0.0012191997,0.15286264,0.04423801,0.11932883,-0.012912913,252.63814,249.51381,334.90405,-0.58312595,13.680869,0.27358946
5,38,10,0.0040960005,0.05882389,0.01932186,0.023747861,0.015754169,0.06950155,-0.0010610943,5.8638244,1.7375094,10.693969,-1.6351728,0.1390031,-0.0021221887,0.15410341,0.04566237,0.12551561,-0.019192098,252.62599,249.43541,335.16815,-0.102336526,13.680869,0.27066088
5,39,10,0.0040960005,0.07308574,0.032056708,0.026309112,0.014719918,0.08952194,-0.004806402,6.171941,1.9667673,10.336986,-0.8749182,0.17904387,-0.009612804,0.16220084,0.051687367,0.12132567,-0.0102689555,252.5932,249.30972,334.9802,-1.0918491,13.680869,0.29370722
5,40,10,0.0040960005,0.064113945,0.020700205,0.028443985,0.014969754,0.07193783,0.0007342365,6.41747,1.8525307,10.42434,-0.5129148,0.14387566,0.001468473,0.16865344,0.048685186,0.122350946,-0.0060201036,252.55255,249.24915,334.22733,-1.339616,13.680869,0.3243131
5,41,10,0.0040960005,0.05981359,0.021104218,0.024353253,0.01435612,0.072636455,-0.00040904712,5.9380956,1.9167192,10.208448,-1.3131148,0.14527291,-0.00081809424,0.15605529,0.05037207,0.119817026,-0.0154120885,252.55127,249.21625,334.59833,-0.60360444,13.680459,0.23883618
5,42,10,0.0040960005,0.06649664,0.026509283,0.02562514,0.014362218,0.08140836,-0.003170712,6.091185,2.0914261,10.210615,-1.0530896,0.16281672,-0.006341424,0.16007854,0.05496344,0.11984247,-0.012360161,252.52043,249.09915,334.5974,-1.0383365,13.680459,0.25007737
5,43,10,0.0040960005,0.0621899,0.021133695,0.026701253,0.014354954,0.072687164,0.0033959048,6.2177677,1.9258779,10.2080345,-0.8713605,0.14537433,0.0067918096,0.16340518,0.050612774,0.11981216,-0.010227198,252.46962,248.99933,333.8544,-1.0545175,13.680459,0.25439182
5,44,10,0.0040960005,0.064600274,0.021854209,0.02673524,0.016010823,0.07391585,0.00044821578,6.221724,1.8465788,10.7807255,-1.805057,0.1478317,0.00089643156,0.16350915,0.04852877,0.12653388,-0.021186037,252.4544,248.94543,334.03394,-0.041521788,13.680459,0.25789574
5,45,10,0.0040960005,0.073766656,0.033896696,0.024723373,0.015146585,0.092055276,-0.0022623409,5.983049,1.9907546,10.485727,-1.4796236,0.18411055,-0.0045246817,0.15723668,0.052317753,0.12307146,-0.017366407,252.4071,248.75478,334.01523,-0.51113105,13.679951,0.2358078
5,46,10,0.0040960005,0.06821315,0.027374307,0.025757434,0.015081408,0.08272591,0.0038738167,6.1068883,2.0411093,10.463142,-1.0538976,0.16545182,0.0077476334,0.16049123,0.053641085,0.122806385,-0.012369648,252.32088,248.40381,333.13538,-0.9872117,13.679951,0.2553725
5,47,10,0.0040960005,0.0692919,0.026165687,0.025983049,0.017143158,0.080879055,-0.000109960485,6.133575,2.1589026,11.1554365,-1.4355768,0.16175811,-0.00021992097,0.16119258,0.056736745,0.13093188,-0.01684943,252.30112,248.28583,333.4293,-0.72332585,13.679951,0.26282242
5,48,10,0.0040960005,0.07713008,0.031895544,0.028223263,0.017011274,0.08929662,-0.002608224,6.392523,2.4785855,11.112446,-0.7219843,0.17859323,-0.005216448,0.1679978,0.06513812,0.13042727,-0.008473965,252.28864,248.23738,333.43588,-1.7566011,13.679951,0.2782052
5,49,10,0.0040960005,0.07084267,0.02732805,0.028448137,0.015066483,0.08265599,0.0046562958,6.4179387,2.303508,10.457965,-0.25312188,0.16531198,0.0093125915,0.16866575,0.06053702,0.1227456,-0.0029709043,252.2439,248.15536,332.4608,-2.0503862,13.679331,0.25371563
5,50,10,0.0040960005,0.07148893,0.025736134,0.03042796,0.015324839,0.08021243,0.0019311544,6.637509,2.2556827,10.547249,-0.7132121,0.16042486,0.0038623088,0.17443612,0.059280153,0.123793535,-0.008371001,252.241,248.16092,332.7253,-1.5424707,13.679331,0.2678682
5,51,10,0.0040960005,0.07731262,0.0333433,0.02922299,0.014746331,0.09130074,-0.001862841,6.5047555,2.3042722,10.346256,-0.010865491,0.18260148,-0.003725682,0.17094733,0.06055711,0.12143447,-0.00012752715,252.24838,248.23486,332.74524,-2.2934067,13.679331,0.26592043
5,52,10,0.0040960005,0.07195992,0.029453771,0.028222937,0.014283209,0.085810505,0.0029119067,6.392487,2.0513277,10.182493,0.12245885,0.17162101,0.0058238134,0.16799684,0.053909644,0.11951238,0.0014373044,252.2382,248.24709,332.2717,-2.1737866,13.679331,0.24418202
5,53,10,0.0040960005,0.0680649,0.027921328,0.024857529,0.01528604,0.08354838,0.0015632753,5.9992595,1.77392,10.533888,-1.256932,0.16709676,0.0031265507,0.1576627,0.046619263,0.12363672,-0.01475267,252.25426,248.18864,332.6916,-0.51698804,13.678594,0.2564222
5,54,10,0.0040960005,0.07183136,0.03334069,0.024328517,0.014162157,0.091297165,-0.0015136632,5.935078,1.9213445,10.139252,-1.0877948,0.18259433,-0.0030273264,0.15597601,0.050493617,0.11900486,-0.012767493,252.26453,248.18475,332.91864,-0.83354974,13.678594,0.27292746
5,55,10,0.0040960005,0.071446836,0.030397365,0.02483272,0.016216755,0.0871742,0.0032419171,5.9962654,1.7800179,10.849836,-0.8677123,0.1743484,0.0064838342,0.15758401,0.046779506,0.12734503,-0.010184382,252.27174,248.34079,332.48978,-0.91230553,13.678594,0.23535721
5,56,10,0.0040960005,0.068670675,0.028784916,0.02435549,0.015530267,0.08483059,0.0017408434,5.938368,1.7602533,10.617704,-1.4466496,0.16966118,0.0034816868,0.15606245,0.046260092,0.12462049,-0.016979394,252.30981,248.53807,333.09378,-0.31360376,13.678594,0.27562356
5,57,10,0.0040960005,0.0713821,0.033001263,0.0222061,0.016174736,0.09083125,-0.00024238741,5.670284,1.804028,10.835771,-1.1010631,0.1816625,-0.00048477482,0.14901711,0.047410503,0.12717994,-0.012923229,252.31837,248.58649,333.4087,-0.7029649,13.677624,0.28376475
5,58,10,0.0040960005,0.07144955,0.032425817,0.022552935,0.016470794,0.09003585,0.004599455,5.714394,1.8404278,10.934488,-0.7196013,0.1800717,0.00919891,0.15017635,0.0483671,0.12833859,-0.008445989,252.2814,248.46997,332.9216,-1.1208265,13.677624,0.24805045
5,59,10,0.0040960005,0.07274722,0.028486572,0.025099728,0.01916092,0.08438983,0.00095190445,6.028416,2.081949,11.793682,-1.1285454,0.16877966,0.0019038089,0.15842894,0.05471437,0.13842298,-0.0132457875,252.23573,248.25577,333.16064,-0.9534036,13.677624,0.29437694
5,60,10,0.0040960005,0.082510106,0.03383976,0.025911586,0.022758761,0.09197793,-0.00096908,6.125136,2.3635623,12.853326,-0.7166426,0.18395586,-0.00193816,0.16097076,0.06211527,0.15086007,-0.008411268,252.18872,248.065,332.9599,-1.6469197,13.677624,0.31176072
5,61,10,0.0040960005,0.073733255,0.029762758,0.024240257,0.019730242,0.08625943,0.00726456,5.9243035,1.8746479,11.96761,-0.5905402,0.17251886,0.01452912,0.15569283,0.04926643,0.14046438,-0.0069311997,252.1368,248.0114,332.18643,-1.2841077,13.676505,0.24868673
5,62,10,0.0040960005,0.075202025,0.029544806,0.028320221,0.017336996,0.08594301,0.0048529417,6.4034934,2.13307,11.2183275,-0.61930823,0.17188603,0.009705883,0.16828613,0.056057844,0.13167003,-0.007268848,252.10495,247.86182,332.2705,-1.5137618,13.676505,0.27161554
5,63,10,0.0040960005,0.08340691,0.035305668,0.031903308,0.016197933,0.09394901,0.0011615368,6.7965193,2.3284914,10.843539,0.043103382,0.18789802,0.0023230736,0.17861497,0.061193597,0.1272711,0.00050590676,252.05902,247.67284,331.9974,-2.371595,13.676505,0.27319208
5,64,10,0.0040960005,0.07650315,0.03148798,0.030431937,0.014583234,0.08872426,0.0059804027,6.637942,1.8048733,10.288881,0.07107929,0.17744853,0.011960805,0.17444752,0.04743273,0.12076106,0.00083426334,252.04593,247.80049,331.13242,-1.8759526,13.676505,0.23986317
5,65,10,0.0040960005,0.07615074,0.03086432,0.028054943,0.017231474,0.08784122,0.00572739,6.373432,1.4309131,11.184136,-0.16930968,0.17568244,0.01145478,0.1674961,0.037604913,0.13126871,-0.0019871977,252.07487,247.93594,331.48975,-1.2616034,13.67534,0.21286234
5,66,10,0.0040960005,0.079932876,0.037163258,0.026981508,0.01578811,0.09638887,0.0027862652,6.2503138,1.6165105,10.705483,0.06397428,0.19277774,0.0055725304,0.16426049,0.04248248,0.12565075,0.000750868,252.08406,247.91035,331.82977,-1.6804848,13.67534,0.23365298
5,67,10,0.0040960005,0.07466546,0.03338669,0.025247352,0.016031416,0.09136012,0.006499601,6.046118,1.3206708,10.787659,-0.34290048,0.18272024,0.012999202,0.15889415,0.034707706,0.12661523,-0.004024642,252.0811,247.86667,331.3421,-0.9777703,13.67534,0.20644213
5,68,10,0.0040960005,0.07766381,0.03269051,0.027676558,0.017296743,0.09040259,0.004331434,6.330306,1.3260683,11.2052965,-0.9513827,0.18080518,0.008662868,0.16636273,0.034849565,0.13151708,-0.011166424,252.12622,247.99348,332.0831,-0.3746856,13.67534,0.22532196
5,69,10,0.0040960005,0.08379691,0.037613485,0.02937992,0.016803509,0.09697098,0.0034304573,6.522198,1.1631638,11.044376,-0.5541483,0.19394197,0.0068609146,0.17140572,0.030568372,0.12962835,-0.0065040626,252.12675,248.05855,332.34634,-0.60901546,13.674066,0.19226934
5,70,10,0.0040960005,0.082721815,0.03175855,0.032359898,0.018603366,0.089104645,0.008029188,6.8449807,0.9761049,11.620826,-0.31979394,0.17820929,0.016058376,0.17988858,0.02565239,0.13639416,-0.003753434,252.06134,247.94424,331.61224,-0.656311,13.674066,0.21458584
5,71,10,0.0040960005,0.08728152,0.032937475,0.035431378,0.018912664,0.09074342,0.005577982,7.1624675,1.1947764,11.7170315,-0.56774795,0.18148685,0.011155964,0.18823224,0.031399157,0.13752332,-0.0066636843,252.02928,247.7509,331.79306,-0.62702847,13.674066,0.24780846
5,72,10,0.0040960005,0.09118554,0.03639673,0.03635864,0.01843017,0.095389634,0.002235676,7.2555857,1.3740757,11.566605,-0.21349882,0.19077927,0.004471352,0.19067942,0.036111202,0.13575776,-0.002505848,252.03542,247.7935,331.83414,-1.1605768,13.674066,0.24979243
5,73,10,0.0040960005,0.08165478,0.032254063,0.03179528,0.01760544,0.08979708,0.008690385,6.7850018,0.680603,11.304848,-0.20260027,0.17959416,0.01738077,0.1783123,0.017886488,0.1326855,-0.0023779315,252.0655,248.0539,331.65836,-0.47800276,13.672859,0.22376865
5,74,10,0.0040960005,0.079515666,0.029931014,0.03139232,0.018192327,0.08650291,0.006499819,6.74187,0.7098784,11.491728,-0.15201722,0.17300582,0.012999638,0.17717879,0.018655857,0.13487893,-0.0017842313,252.11455,248.27344,332.20218,-0.55786115,13.672859,0.20900948
5,75,10,0.0040960005,0.08718112,0.03556337,0.033903413,0.017714333,0.09429126,0.0027119827,7.0063267,1.0117465,11.339754,0.5823577,0.18858252,0.0054239654,0.18412879,0.026589062,0.1330952,0.0068351612,252.12256,248.31775,332.20438,-1.5941043,13.672859,0.21844295
5,76,10,0.0040960005,0.08296591,0.032645255,0.03248417,0.017836483,0.09033999,0.0073711607,6.8581123,0.74899644,11.378782,0.5277058,0.18067998,0.014742321,0.18023366,0.019683896,0.1335533,0.006193707,252.12926,248.38705,331.81207,-1.2767022,13.672859,0.22287372
5,77,10,0.0040960005,0.07924945,0.03034321,0.030061359,0.018844878,0.08709651,0.0073579447,6.597403,0.47709766,11.696013,-0.039094366,0.17419302,0.0147158895,0.17338212,0.012538305,0.13727665,-0.0004588501,252.17274,248.54062,332.5026,-0.4380033,13.671748,0.1589211
5,78,10,0.0040960005,0.08451822,0.03417303,0.029533261,0.020811921,0.09242974,0.0046696006,6.5391965,0.75073224,12.2912855,0.7720902,0.18485948,0.009339201,0.17185244,0.01972952,0.14426337,0.009062055,252.178,248.56952,332.51465,-1.5228224,13.671748,0.18705346
5,79,10,0.0040960005,0.08261746,0.032781307,0.030270403,0.019565756,0.09052804,0.008441165,6.620301,0.4909201,11.917622,0.36275575,0.18105608,0.01688233,0.17398392,0.012901552,0.13987765,0.0042576827,252.1426,248.41414,331.83612,-0.85367584,13.671748,0.22632577
5,80,10,0.0040960005,0.08187355,0.03553236,0.028542655,0.017798532,0.09425014,0.0047089783,6.4285917,0.46182805,11.366672,-0.58963096,0.18850029,0.009417957,0.16894571,0.012137006,0.13341114,-0.0069205244,252.15881,248.375,332.34418,0.12780291,13.671748,0.18257871
5,81,10,0.0040960005,0.0850366,0.038022127,0.028792704,0.018221768,0.097496316,0.0027363535,6.456689,0.53232384,11.501023,0.30768883,0.19499263,0.005472707,0.16968413,0.013989664,0.13498802,0.0036113604,252.16849,248.41924,332.44476,-0.84001267,13.67066,0.17446133
5,82,10,0.0040960005,0.08070506,0.035600074,0.02640156,0.018703423,0.09433991,0.008726777,6.182776,0.14756598,11.652034,0.27848998,0.18867981,0.017453553,0.16248557,0.0038780828,0.13676046,0.0032686505,252.151,248.40916,331.799,-0.42605597,13.67066,0.17075056
5,83,10,0.0040960005,0.076379985,0.032944463,0.025329193,0.018106326,0.09075305,0.0072349166,6.055909,0.20640671,11.464535,-0.19049354,0.1815061,0.014469833,0.15915148,0.005424444,0.13455975,-0.0022358298,252.17593,248.41068,332.49557,-0.015913174,13.67066,0.1596983
5,84,10,0.0040960005,0.08018698,0.035455666,0.027940724,0.01679058,0.094148375,0.004332612,6.3604455,0.24376798,11.040128,-0.0022538311,0.18829675,0.008665224,0.16715479,0.0064063095,0.12957847,-2.6450916e-5,252.19583,248.51147,332.65186,-0.24151415,13.67066,0.18486437
5,85,10,0.0040960005,0.07341959,0.03085277,0.025150284,0.017416535,0.087824784,0.010074743,6.034484,-0.3680866,11.244033,0.09487773,0.17564957,0.020149486,0.15858841,-0.009673447,0.13197172,0.0011135848,252.18257,248.61894,332.02493,0.2732089,13.669597,0.19626208
5,86,10,0.0040960005,0.07424198,0.031681366,0.025279202,0.01728141,0.0889963,0.0075410786,6.0499306,-0.41827947,11.200329,-0.07944978,0.1779926,0.015082157,0.15899435,-0.010992533,0.13145877,-0.00093250506,252.20502,248.59738,332.38763,0.49772924,13.669597,0.15832648
5,87,10,0.0040960005,0.080438726,0.036897592,0.025823938,0.017717198,0.09604373,0.0042259875,6.114767,-0.14378892,11.34067,0.26233152,0.19208746,0.008451975,0.16069828,-0.0037788225,0.13310596,0.0030789978,252.23221,248.73433,332.64316,-0.1185426,13.669597,0.18089353
5,88,10,0.0040960005,0.07142024,0.028608853,0.025049342,0.017762039,0.08457076,0.010195917,6.0223613,-0.28891316,11.355013,0.3053132,0.16914152,0.020391835,0.15826984,-0.0075927493,0.1332743,0.0035834752,252.23302,248.77942,332.31735,-0.01640004,13.669597,0.20640777
5,89,10,0.0040960005,0.070165984,0.028058158,0.024858383,0.017249443,0.08375285,0.008545848,5.9993625,-0.509706,11.189966,-0.49189666,0.1675057,0.017091695,0.15766542,-0.013395257,0.13133714,-0.0057734135,252.24292,248.84825,332.76413,1.0016026,13.668501,0.17590487
5,90,10,0.0040960005,0.07615286,0.031711757,0.026804037,0.01763707,0.089038976,0.0060914285,6.2297235,-0.14270347,11.314997,0.15538557,0.17807795,0.012182857,0.16371939,-0.0037502977,0.13280463,0.0018237687,252.2126,248.80739,332.94937,-0.012682095,13.668501,0.21247844
5,91,10,0.0040960005,0.07271834,0.0285786,0.027002657,0.017137079,0.08452603,0.010282674,6.2527623,-0.21771933,11.1534605,0.21655917,0.16905206,0.020565348,0.16432485,-0.0057217414,0.13090867,0.0025417667,252.12683,248.46188,332.11862,0.0011601597,13.668501,0.23397267
5,92,10,0.0040960005,0.07353764,0.02900192,0.026903255,0.017632468,0.08514975,0.006727656,6.2412424,-0.13321482,11.31352,-0.38274446,0.1702995,0.013455312,0.16402212,-0.0035009324,0.1327873,-0.004492289,252.11511,248.363,332.49744,0.51595926,13.668501,0.1948584
5,93,10,0.0040960005,0.07812806,0.033605274,0.025684731,0.018838055,0.091658704,0.0039996263,6.098263,-0.1333303,11.693895,-0.112073146,0.18331741,0.0079992525,0.16026457,-0.003503968,0.1372518,-0.0013154065,252.14851,248.52077,332.80844,0.24540344,13.667445,0.18846656
5,94,10,0.0040960005,0.07495512,0.028938558,0.026110902,0.019905658,0.085056685,0.010868914,6.1486483,-0.6363115,12.020694,0.2712833,0.17011337,0.021737829,0.16158868,-0.016722493,0.14108741,0.0031840615,252.1725,248.68752,332.09323,0.36502817,13.667445,0.20067905
5,95,10,0.0040960005,0.0851997,0.03657174,0.027484646,0.02114331,0.095618695,0.008063964,6.30832,-0.89509106,12.388757,0.04938164,0.19123739,0.016127927,0.16578494,-0.023523316,0.1454074,0.000579595,252.25671,248.87639,332.3429,0.84570944,13.667445,0.15973583
5,96,10,0.0040960005,0.08363959,0.037139002,0.02566679,0.020833798,0.09635741,0.0045812563,6.0961337,-0.81933856,12.297742,0.33889785,0.19271483,0.009162513,0.16020858,-0.021532511,0.14433917,0.0039776564,252.35439,249.26164,333.04324,0.4804407,13.667445,0.20150153
5,97,10,0.0040960005,0.0689023,0.027971473,0.023172714,0.017758116,0.08362337,0.0109422505,5.792382,-1.3208935,11.353758,-0.28846085,0.16724674,0.021884501,0.15222587,-0.03471356,0.13325958,-0.0033856775,252.33884,249.26703,332.90167,1.6093544,13.66642,0.21227375
5,98,10,0.0040960005,0.06569116,0.024468426,0.022825494,0.018397238,0.07821193,0.0089414725,5.748821,-1.1069263,11.556266,-0.57611555,0.15642387,0.017882945,0.15108109,-0.029090421,0.13563642,-0.0067618904,252.32329,249.15236,333.63385,1.6830418,13.66642,0.19713435
5,99,10,0.0040960005,0.07397319,0.031859726,0.02403345,0.01808001,0.08924647,0.00494482,5.8989773,-0.7693484,11.456199,-0.046365373,0.17849293,0.00988964,0.15502726,-0.020218752,0.13446192,-0.00054419163,252.2815,249.00497,333.46497,0.81571376,13.66642,0.20794065
5,100,10,0.0040960005,0.06646332,0.025395826,0.02381429,0.017253205,0.07968034,0.010828475,5.87202,-1.1292865,11.191185,-0.2059972,0.15936068,0.02165695,0.1543188,-0.029678056,0.13135146,-0.002417799,252.2147,248.81598,332.46967,1.3352838,13.66642,0.23206866
6,1,10,0.0032768005,0.10788609,0.023801286,0.05274777,0.031337034,0.07713833,0.00852551,8.739181,-1.9719198,15.082391,-3.2029936,0.15427665,0.01705102,0.22966883,-0.05182274,0.1770227,-0.037593685,252.92647,252.26227,338.30606,5.1749134,13.66547,0.66133916
6,2,10,0.0032768005,0.112458035,0.028627405,0.053220786,0.03060985,0.084598176,0.0073710987,8.778277,-2.1337304,14.906366,-4.201269,0.16919635,0.0147421975,0.2306963,-0.056075193,0.17495671,-0.04931047,253.0017,252.5,339.15756,6.3349996,13.66547,0.7059457
6,3,10,0.0032768005,0.12565121,0.03965408,0.054787442,0.031209689,0.09956666,0.0012512051,8.906543,-1.9862574,15.051713,-3.8761513,0.19913332,0.0025024102,0.23406717,-0.052199565,0.17666264,-0.04549456,253.07388,252.75694,339.87878,5.8624086,13.66547,0.71065503
6,4,10,0.0032768005,0.11634421,0.025541786,0.05832333,0.03247909,0.07990899,0.008877102,9.189457,-2.0831223,15.354764,-2.9528668,0.15981798,0.017754205,0.24150224,-0.054745194,0.18021956,-0.034657925,253.09663,252.97455,339.26938,5.035989,13.66547,0.7120327
6,5,10,0.0032768005,0.11846265,0.030071462,0.058089662,0.030301522,0.086705625,0.005906016,9.17103,-2.1563795,14.831102,-3.0658062,0.17341125,0.011812032,0.24101797,-0.05667043,0.17407332,-0.0359835,253.13727,253.16,339.74323,5.2221856,13.664544,0.7133793
6,6,10,0.0032768005,0.13293396,0.042179395,0.058862716,0.031891856,0.10268811,-0.0002219011,9.231852,-2.0377457,15.215319,-2.4092698,0.20537622,-0.0004438022,0.2426164,-0.053552695,0.1785829,-0.028277704,253.14157,253.17093,340.20068,4.447016,13.664544,0.704556
6,7,10,0.0032768005,0.117287576,0.022891762,0.06314504,0.031250775,0.07565012,0.007873615,9.5617695,-2.2648757,15.061616,-2.6336153,0.15130024,0.01574723,0.25128677,-0.05952174,0.17677888,-0.030910859,253.08432,252.88301,339.41895,4.898491,13.664544,0.7315638
6,8,10,0.0032768005,0.12399925,0.027227309,0.06601371,0.03075823,0.0825035,0.005744311,9.776551,-2.1635044,14.942453,-3.215246,0.165007,0.011488622,0.25693133,-0.056857686,0.17538024,-0.037737474,253.07027,252.68852,339.53943,5.3787503,13.664544,0.7410478
6,9,10,0.0032768005,0.13131794,0.041409474,0.063681565,0.026226908,0.10174659,-0.0015207174,9.602305,-1.9773128,13.797956,-2.3519623,0.20349318,-0.0030414348,0.25235206,-0.05196447,0.16194724,-0.027605087,253.07532,252.64877,339.50916,4.329275,13.663473,0.68926865
6,10,10,0.0032768005,0.11980953,0.026615053,0.06366183,0.029532647,0.0815706,0.0055228397,9.600817,-2.0404158,14.641729,-1.9105465,0.1631412,0.011045679,0.25231296,-0.05362287,0.17185065,-0.022424178,253.06274,252.63405,338.7631,3.9509623,13.663473,0.70270365
6,11,10,0.0032768005,0.13571055,0.029254196,0.07492565,0.031530697,0.08551929,0.003874117,10.415591,-2.3217173,15.1289215,-2.5569236,0.17103858,0.007748234,0.2737255,-0.061015543,0.17756885,-0.030010734,253.11865,252.81311,339.30377,4.878641,13.663473,0.773316
6,12,10,0.0032768005,0.14717053,0.037552617,0.07844336,0.031174544,0.09689249,-0.002858979,10.6572895,-2.1313982,15.043234,-1.8939971,0.19378498,-0.005717958,0.28007743,-0.056013934,0.17656314,-0.022229927,253.16298,253.006,339.7021,4.0253954,13.663473,0.77861834
6,13,10,0.0032768005,0.13050878,0.027241921,0.075922206,0.02734465,0.08252563,0.0055355546,10.48463,-2.3083265,14.08891,-1.0021646,0.16505127,0.011071109,0.27553985,-0.060663637,0.16536218,-0.011762441,253.16187,253.02707,339.03528,3.310491,13.662322,0.74665064
6,14,10,0.0032768005,0.13797623,0.03488779,0.07483094,0.02825749,0.09339137,0.0050688307,10.409007,-2.271923,14.322144,-1.1188798,0.18678273,0.010137661,0.27355245,-0.05970697,0.16809964,-0.013132334,253.20988,253.20871,339.25583,3.3908029,13.662322,0.74839175
6,15,10,0.0032768005,0.15113072,0.050371617,0.07216145,0.028597653,0.11221811,-0.0002596494,10.221656,-2.180309,14.408091,-0.91670704,0.22443622,-0.0005192988,0.26862884,-0.05729929,0.1691084,-0.010759433,253.29372,253.51439,340.03787,3.097016,13.662322,0.7234957
6,16,10,0.0032768005,0.13141114,0.027048744,0.07556004,0.028802358,0.08223251,0.005027251,10.459593,-2.4801123,14.459565,-0.92852044,0.16446503,0.010054502,0.27488187,-0.06517824,0.16971257,-0.010898098,253.3033,253.6336,339.69528,3.4086328,13.662322,0.74338573
6,17,10,0.0032768005,0.12278217,0.028623786,0.0680656,0.026092779,0.08459283,0.0044486504,9.927332,-2.4320517,13.7626295,-1.168839,0.16918565,0.008897301,0.26089385,-0.063915186,0.1615326,-0.013718708,253.29956,253.54526,340.1646,3.6008906,13.66119,0.68472373
6,18,10,0.0032768005,0.13764048,0.042110045,0.07081566,0.024714766,0.10260366,-0.0024216997,10.125892,-2.1712065,13.394282,-1.0064808,0.20520732,-0.0048433994,0.26611212,-0.057060048,0.1572093,-0.011813109,253.27225,253.34636,340.3603,3.1776872,13.66119,0.66732854
6,19,10,0.0032768005,0.12860398,0.027202077,0.07469626,0.026705641,0.08246526,0.0033993106,10.399633,-2.1234477,13.923318,-0.49576452,0.16493052,0.0067986213,0.27330616,-0.055804938,0.1634186,-0.0058188126,253.21689,253.18718,339.4705,2.6192122,13.66119,0.6704087
6,20,10,0.0032768005,0.14087097,0.03081494,0.08209097,0.027965069,0.087770924,0.0009362809,10.902254,-2.247927,14.247845,-1.4243568,0.17554185,0.0018725618,0.2865152,-0.059076346,0.1672276,-0.01671774,253.23907,253.1905,339.95526,3.6722836,13.66119,0.7478378
6,21,10,0.0032768005,0.13946547,0.040747814,0.075332575,0.023385076,0.10093044,-0.004637,10.443836,-2.167067,13.028987,0.09471901,0.20186087,-0.009274,0.2744678,-0.05695131,0.1529218,0.0011117217,253.26926,253.26901,340.11703,2.072348,13.660242,0.6740421
6,22,10,0.0032768005,0.13339852,0.027909154,0.078569956,0.026919408,0.083530165,0.002380101,10.665885,-2.2685688,13.97893,1.0067484,0.16706033,0.004760202,0.28030333,-0.059618853,0.16407135,0.011816244,253.23369,253.08643,339.12747,1.2618203,13.660242,0.6967916
6,23,10,0.0032768005,0.14501148,0.031371515,0.08746781,0.026172161,0.08856003,0.0016020911,11.253634,-2.492336,13.783547,0.28771648,0.17712006,0.0032041823,0.29574957,-0.0654995,0.16177812,0.003376939,253.26572,253.10318,339.4637,2.2046196,13.660242,0.7583084
6,24,10,0.0032768005,0.15837523,0.047934953,0.08740234,0.023037937,0.10947026,-0.00077154493,11.249422,-2.3314261,12.931918,0.83995795,0.21894053,-0.0015430899,0.29563886,-0.061270714,0.15178253,0.00985862,253.29716,253.18805,339.47726,1.4914682,13.660242,0.7431352
6,25,10,0.0032768005,0.120466,0.02743426,0.07202528,0.021006465,0.08281645,0.004863363,10.212007,-2.383582,12.348599,2.0008605,0.1656329,0.009726726,0.26837525,-0.06264137,0.14493607,0.02348419,253.27115,253.19255,338.49814,0.38272166,13.65951,0.6474037
6,26,10,0.0032768005,0.128685,0.032279417,0.07541855,0.020987032,0.089832366,0.003538002,10.449794,-2.4809964,12.342886,1.0121156,0.17966473,0.007076004,0.27462438,-0.0652015,0.14486901,0.011879243,253.28204,253.17947,339.36584,1.4688808,13.65951,0.68398315
6,27,10,0.0032768005,0.14146246,0.044520356,0.07434147,0.022600634,0.10549924,-0.0034736546,10.3749075,-2.1185026,12.808595,1.4111607,0.21099848,-0.0069473092,0.27265632,-0.055675,0.15033507,0.016562862,253.26233,253.07251,339.7761,0.7073419,13.65951,0.65087366
6,28,10,0.0032768005,0.12361358,0.025344208,0.07536274,0.022906635,0.07959932,0.0011856236,10.445928,-2.1785817,12.895016,1.7177112,0.15919864,0.0023712472,0.27452275,-0.057253875,0.15134938,0.020160856,253.2374,253.06844,338.99478,0.4608705,13.65951,0.64069945
6,29,10,0.0032768005,0.11880115,0.03414645,0.06423049,0.02042421,0.09239379,-0.0016258112,9.643601,-2.3559096,12.176257,1.8461446,0.18478759,-0.0032516224,0.25343734,-0.06191418,0.1429133,0.02166828,253.30875,253.3292,339.50623,0.509765,13.658935,0.5472376
6,30,10,0.0032768005,0.13465081,0.048325848,0.065550536,0.02077442,0.1099157,-0.0065003117,9.742193,-2.5166845,12.280207,2.2377996,0.2198314,-0.013000623,0.25602838,-0.06613936,0.14413334,0.026265152,253.4109,253.7946,340.2092,0.2788849,13.658935,0.555675
6,31,10,0.0032768005,0.114878535,0.026802769,0.066296116,0.021779649,0.081857756,0.0008503197,9.797442,-2.749957,12.573803,2.3492818,0.16371551,0.0017006394,0.25748032,-0.07226988,0.1475793,0.02757362,253.45212,254.02002,339.90466,0.4006753,13.658935,0.56123793
6,32,10,0.0032768005,0.12362393,0.030921316,0.069790006,0.022912607,0.08792229,0.0009969327,10.052297,-2.9587939,12.896696,1.6148022,0.17584458,0.0019938655,0.26417798,-0.07775816,0.15136911,0.018953018,253.51018,254.20695,340.3389,1.3439916,13.658935,0.5920566
6,33,10,0.0032768005,0.119469814,0.041028198,0.056486994,0.021954617,0.10127709,-0.0037636447,9.0436325,-2.8730323,12.6242075,3.2674644,0.20255418,-0.0075272894,0.23766993,-0.075504325,0.1481709,0.038350374,253.57793,254.48524,340.88876,-0.39443207,13.658436,0.47198236
6,34,10,0.0032768005,0.103870414,0.024822831,0.05546406,0.023583524,0.078776315,0.0021583897,8.961371,-2.7238245,13.084152,4.0624366,0.15755263,0.0043167793,0.23550808,-0.0715831,0.15356928,0.047681004,253.56194,254.5151,340.34232,-1.3386121,13.658436,0.4864418
6,35,10,0.0032768005,0.12115361,0.036936518,0.05994418,0.024272911,0.09609438,0.00023240363,9.316273,-2.7006752,13.274013,3.1169846,0.19218875,0.00046480726,0.244835,-0.07097474,0.15579766,0.036584187,253.5314,254.3203,340.54056,-0.41630936,13.658436,0.5094939
6,36,10,0.0032768005,0.13737783,0.050680883,0.062582225,0.024114719,0.112562075,-0.004021583,9.519062,-2.6300209,13.230685,3.4651587,0.22512415,-0.008043166,0.2501644,-0.06911793,0.15528914,0.040670723,253.50969,254.16022,340.6141,-0.83513784,13.658436,0.51546144
6,37,10,0.0032768005,0.096483134,0.025551194,0.04866311,0.022268834,0.079923704,0.0018424661,8.393992,-2.332642,12.714226,4.7460284,0.15984741,0.0036849321,0.22059716,-0.06130266,0.14922746,0.05570435,253.46184,253.94713,339.74945,-2.4133863,13.657948,0.41652206
6,38,10,0.0032768005,0.10520445,0.03554995,0.0478033,0.0218512,0.09427347,0.0005191828,8.319508,-2.195239,12.594441,4.4755874,0.18854694,0.0010383656,0.21863966,-0.05769167,0.14782152,0.052530162,253.4456,253.76329,339.65598,-2.2803483,13.657948,0.41733477
6,39,10,0.0032768005,0.116659135,0.045261353,0.047385953,0.024011832,0.10637358,-0.0054879594,8.283111,-2.0619082,13.202431,4.977886,0.21274716,-0.010975919,0.21768315,-0.054187704,0.15495752,0.058425672,253.44109,253.67683,339.72363,-2.915978,13.657948,0.43235764
6,40,10,0.0032768005,0.094920665,0.026314642,0.046215635,0.022390384,0.08110894,0.0009822099,8.180185,-2.2966576,12.748879,4.884991,0.16221789,0.0019644198,0.21497822,-0.06035699,0.14963417,0.05733536,253.42688,253.6512,338.88528,-2.5883336,13.657948,0.41977367
6,41,10,0.0032768005,0.09365812,0.032334063,0.039537035,0.021787016,0.08990838,0.00037798294,7.5660763,-2.3105667,12.575931,4.2230997,0.17981675,0.0007559659,0.19883922,-0.060722526,0.14760426,0.049566712,253.51111,254.03735,339.68988,-1.912533,13.657401,0.35268617
6,42,10,0.0032768005,0.10401097,0.042256366,0.04022469,0.021529917,0.102781765,-0.0044848965,7.63159,-2.2977972,12.501508,4.994957,0.20556353,-0.008969793,0.20056094,-0.060386937,0.14673077,0.05862604,253.61636,254.56303,340.75757,-2.6971598,13.657401,0.35225725
6,43,10,0.0032768005,0.091722816,0.027364327,0.0406324,0.023726089,0.08271083,0.0014304628,7.670169,-2.3658383,13.12364,5.5206847,0.16542166,0.0028609256,0.2015748,-0.062175065,0.15403275,0.06479652,253.60448,254.62627,340.36273,-3.1548464,13.657401,0.3924956
6,44,10,0.0032768005,0.09966905,0.032389536,0.044598754,0.02268075,0.08998547,0.00022078268,8.035816,-2.5850127,12.831277,4.3576984,0.17997093,0.00044156535,0.21118417,-0.06793505,0.1506013,0.051146492,253.61201,254.6438,340.70013,-1.7726858,13.657401,0.38231134
6,45,10,0.0032768005,0.10114862,0.040209826,0.039659716,0.021279078,0.10026194,-0.0036198816,7.5778055,-2.2895548,12.428469,5.1451855,0.20052388,-0.007239763,0.19914748,-0.060170326,0.1458735,0.060389277,253.59375,254.49521,340.6864,-2.8556306,13.656756,0.37245315
6,46,10,0.0032768005,0.08948662,0.027033724,0.038812757,0.02364014,0.08220968,0.002023716,7.4964547,-2.1566558,13.099848,5.785735,0.16441935,0.004047432,0.19700953,-0.0566777,0.1537535,0.06790744,253.53648,254.27318,339.79294,-3.6290793,13.656756,0.40043077
6,47,10,0.0032768005,0.09517209,0.032489993,0.040387925,0.022294177,0.090124905,9.4821655e-5,7.6470594,-2.1915433,12.721458,5.0757284,0.18024981,0.00018964331,0.20096748,-0.057594545,0.14931235,0.05957406,253.56558,254.30328,340.18277,-2.884185,13.656756,0.3675905
6,48,10,0.0032768005,0.10125043,0.04005568,0.038767755,0.022427002,0.100069575,-0.003982863,7.492108,-2.2559686,12.7593,5.5550942,0.20013915,-0.007965726,0.19689529,-0.059287667,0.14975648,0.065200396,253.64856,254.66904,340.65045,-3.2991257,13.656756,0.3867486
6,49,10,0.0032768005,0.07841471,0.026220806,0.031494822,0.020699078,0.0809642,0.0009735026,6.752867,-2.0436442,12.257917,5.961196,0.1619284,0.0019470052,0.17746781,-0.053707693,0.14387174,0.06996683,253.64384,254.7331,339.79892,-3.9175518,13.655992,0.41882357
6,50,10,0.0032768005,0.083097726,0.032062706,0.030914064,0.020120952,0.08953031,0.00088248367,6.6903176,-2.0193863,12.085522,5.0462894,0.17906062,0.0017649673,0.17582396,-0.053070195,0.14184834,0.059228525,253.66667,254.83562,340.44412,-3.0269032,13.655992,0.37407315
6,51,10,0.0032768005,0.09589461,0.042275567,0.03180119,0.021817856,0.102805115,-0.0046339603,6.785633,-1.9904859,12.584826,5.550986,0.20561023,-0.009267921,0.17832889,-0.05231068,0.14770868,0.06515217,253.67162,254.7541,340.91934,-3.5605,13.655992,0.38392746
6,52,10,0.0032768005,0.07660507,0.024043735,0.030769452,0.021791877,0.07753021,0.0013540381,6.674651,-1.8053577,12.5773325,5.6802206,0.15506043,0.0027080763,0.17541224,-0.04744545,0.14762072,0.06666901,253.6038,254.47972,340.30182,-3.874863,13.655992,0.40268096
6,53,10,0.0032768005,0.077213764,0.025697695,0.030922443,0.020593626,0.080152504,-0.00025012065,6.6912246,-1.6064554,12.226655,4.430287,0.16030501,-0.0005002413,0.17584778,-0.042218238,0.1435048,0.051998477,253.55666,254.20769,340.40143,-2.8238316,13.655119,0.35996512
6,54,10,0.0032768005,0.10068929,0.050042536,0.032433897,0.018212853,0.11185095,-0.0060206116,6.8528037,-1.697384,11.498211,5.028535,0.2237019,-0.012041223,0.18009414,-0.04460787,0.134955,0.05902014,253.55376,254.21547,340.4624,-3.331151,13.655119,0.360542
6,55,10,0.0032768005,0.075391725,0.02417851,0.031866636,0.019346576,0.0777472,0.0008012088,6.792612,-1.6130466,11.85068,5.802293,0.1554944,0.0016024176,0.17851229,-0.042391438,0.13909197,0.068101786,253.5214,254.24274,339.72885,-4.189246,13.655119,0.40001178
6,56,10,0.0032768005,0.08346208,0.03297301,0.03202981,0.018459259,0.09079236,-0.0014116415,6.809981,-1.6549814,11.575728,4.699691,0.18158472,-0.002823283,0.17896874,-0.043493513,0.13586485,0.055160485,253.54343,254.26938,340.3208,-3.0447094,13.655119,0.35634747
6,57,10,0.0032768005,0.08325881,0.03782081,0.027085744,0.018352255,0.09723786,-0.0042729564,6.2623744,-1.3024147,11.5421295,4.770384,0.19447573,-0.008545913,0.16457747,-0.03422792,0.1354705,0.055990208,253.56143,254.29088,340.48285,-3.4679692,13.654171,0.37274185
6,58,10,0.0032768005,0.07144628,0.024558725,0.02800399,0.018883564,0.07835612,0.0023215655,6.367642,-1.1028718,11.708014,5.1408224,0.15671223,0.004643131,0.16734393,-0.028983872,0.13741748,0.06033807,253.53389,254.25668,339.46274,-4.0379505,13.654171,0.40271205
6,59,10,0.0032768005,0.07945821,0.03186001,0.029231966,0.01836623,0.08924686,-0.00010274486,6.505755,-1.1264303,11.546522,4.113752,0.17849372,-0.00020548972,0.17097358,-0.029602997,0.13552207,0.048283298,253.5297,254.17613,339.76593,-2.9873216,13.654171,0.37615383
6,60,10,0.0032768005,0.09038538,0.044793766,0.027281754,0.018309863,0.10582269,-0.0041219085,6.2849936,-1.2678577,11.52879,4.473338,0.21164538,-0.008243817,0.16517189,-0.033319764,0.13531394,0.05250377,253.52768,254.11826,340.08926,-3.2054806,13.654171,0.38326502
6,61,10,0.0032768005,0.06623968,0.023576468,0.025492832,0.017170379,0.07677315,0.0010379613,6.0754395,-0.92123395,11.16429,3.9964128,0.1535463,0.0020759227,0.15966475,-0.024210364,0.13103579,0.046906088,253.51219,254.17436,339.6643,-3.0751789,13.653194,0.39643562
6,62,10,0.0032768005,0.07862097,0.0332086,0.028471434,0.016940936,0.09111614,0.0006018043,6.420566,-0.95094913,11.089448,3.1433864,0.18223228,0.0012036086,0.1687348,-0.024991289,0.13015735,0.036894076,253.52223,254.20236,339.88965,-2.1924372,13.653194,0.3898866
6,63,10,0.0032768005,0.090604775,0.042367592,0.029590204,0.01864698,0.10291695,-0.005044535,6.545497,-1.1457248,11.6344385,3.9016447,0.2058339,-0.01008907,0.17201804,-0.030110065,0.13655394,0.045793783,253.5159,254.0973,340.119,-2.75592,13.653194,0.40430343
6,64,10,0.0032768005,0.068868496,0.02421422,0.027241375,0.0174129,0.077804595,0.0012201704,6.28034,-0.9963944,11.24286,4.135676,0.15560919,0.0024403408,0.16504961,-0.0261856,0.13195795,0.048540622,253.47328,253.94719,339.40634,-3.1392815,13.653194,0.4193477
6,65,10,0.0032768005,0.07134528,0.029385412,0.025364684,0.016595181,0.08571087,-0.00018815846,6.06015,-0.7942736,10.975699,2.5017192,0.17142174,-0.00037631692,0.15926294,-0.020873804,0.12882228,0.029362792,253.49335,253.94983,339.59305,-1.7074456,13.652264,0.3822011
6,66,10,0.0032768005,0.075454876,0.034837086,0.024151849,0.016465936,0.09332348,-0.0049651866,5.913491,-0.9293057,10.932876,2.9261105,0.18664695,-0.009930373,0.15540865,-0.024422487,0.12831967,0.034343887,253.52817,254.04823,339.92917,-1.9968048,13.652264,0.37905952
6,67,10,0.0032768005,0.0617317,0.021126581,0.024920559,0.01568456,0.07267493,0.0016748711,6.0068607,-0.79380053,10.67032,3.3196883,0.14534986,0.0033497422,0.15786247,-0.020861361,0.12523802,0.03896333,253.50937,254.07837,339.39035,-2.5258877,13.652264,0.39375004
6,68,10,0.0032768005,0.06367892,0.023042003,0.024640355,0.015996564,0.07589796,-0.00039437143,5.9729953,-0.85166186,10.775926,2.1137323,0.15179592,-0.00078874285,0.15697247,-0.022381982,0.12647752,0.024808971,253.53596,254.13562,339.9907,-1.2620704,13.652264,0.38289562
6,69,10,0.0032768005,0.07694665,0.03817397,0.022985158,0.015787527,0.0976908,-0.0044904356,5.7688923,-0.74082816,10.705285,1.754684,0.1953816,-0.008980871,0.15160857,-0.019469231,0.12564842,0.02059481,253.54396,254.10034,340.14224,-1.0138558,13.65134,0.360562
6,70,10,0.0032768005,0.061818857,0.021323001,0.025955576,0.014540281,0.07301199,0.001412237,6.1303325,-0.6012681,10.273718,2.331771,0.14602397,0.002824474,0.16110735,-0.01580154,0.12058309,0.027368098,253.51442,253.98438,339.13803,-1.7305028,13.65134,0.37107536
6,71,10,0.0032768005,0.07038391,0.028181413,0.026651122,0.015551372,0.0839366,0.00071331806,6.211928,-0.5990947,10.624918,1.3894484,0.1678732,0.0014266361,0.16325171,-0.015744422,0.12470514,0.01630802,253.54454,254.10007,339.8089,-0.7903537,13.65134,0.3572538
6,72,10,0.0032768005,0.07833593,0.036797248,0.024940902,0.016597787,0.095913045,-0.0043079006,6.0093117,-0.77839744,10.9765625,1.7673599,0.19182609,-0.008615801,0.15792689,-0.02045656,0.1288324,0.020743592,253.55287,254.11414,340.27463,-0.9889624,13.65134,0.365513
6,73,10,0.0032768005,0.059779443,0.023006594,0.022784773,0.013988079,0.075839624,0.001843089,5.74369,-0.4801131,10.076746,1.2730271,0.15167925,0.003686178,0.15094626,-0.01261754,0.11827121,0.014941577,253.49919,253.92815,339.42715,-0.792914,13.650491,0.33536297
6,74,10,0.0032768005,0.061519653,0.025317375,0.021047572,0.015154706,0.07955717,-0.0005309973,5.520388,-0.5360715,10.488538,0.45375445,0.15911435,-0.0010619946,0.14507781,-0.014088151,0.12310445,0.0053257365,253.51608,253.93796,339.59003,0.082317024,13.650491,0.34111464
6,75,10,0.0032768005,0.072660245,0.036687057,0.021734016,0.014239168,0.09576933,-0.0050400803,5.6096873,-0.6616824,10.166782,1.1337601,0.19153866,-0.010080161,0.14742461,-0.017389247,0.119327985,0.013307001,253.53085,254.01878,339.8237,-0.47207767,13.650491,0.34981248
6,76,10,0.0032768005,0.056415875,0.019466082,0.023085248,0.013864542,0.06976045,0.0022678918,5.7814393,-0.45177877,10.032149,1.5616949,0.1395209,0.0045357835,0.1519383,-0.011872903,0.11774779,0.018329686,253.45766,253.70752,338.91016,-1.1099161,13.650491,0.35994175
6,77,10,0.0032768005,0.05773521,0.021372784,0.022965612,0.013396811,0.07309717,-9.449428e-5,5.766439,-0.12521432,9.861477,-0.21126904,0.14619434,-0.00018898856,0.1515441,-0.0032906749,0.11574459,-0.0024796762,253.42471,253.45839,339.30548,0.33648336,13.64973,0.3040301
6,78,10,0.0032768005,0.06624989,0.029398266,0.0214733,0.015378322,0.085729614,-0.004383519,5.57594,-0.22260068,10.565637,0.17662556,0.17145923,-0.008767038,0.1465377,-0.0058500236,0.12400936,0.0020730617,253.38324,253.21721,339.50427,0.04597512,13.64973,0.3186017
6,79,10,0.0032768005,0.05692363,0.019784687,0.022956846,0.014182099,0.070329025,0.0021017937,5.765338,-0.09414966,10.146388,0.6573306,0.14065805,0.0042035873,0.15151517,-0.0024742887,0.11908862,0.007715122,253.31871,252.98119,338.25696,-0.5631809,13.64973,0.3277851
6,80,10,0.0032768005,0.05722443,0.020005561,0.021318113,0.015900752,0.07072051,-0.00014063151,5.555755,-0.054201223,10.743605,-0.1200281,0.14144102,-0.00028126303,0.14600724,-0.0014244185,0.12609819,-0.0014087721,253.32469,252.95384,338.35748,0.17422932,13.64973,0.34422886
6,81,10,0.0032768005,0.06517703,0.03056203,0.0193205,0.015294501,0.087409995,-0.004224605,5.289052,0.0062132557,10.536803,-0.6183909,0.17481999,-0.00844921,0.1389982,0.00016328061,0.123670936,-0.0072580827,253.32698,252.88187,338.53195,0.61217767,13.649127,0.3003377
6,82,10,0.0032768005,0.054946102,0.020486915,0.02051577,0.013943421,0.071566254,0.0019686068,5.450202,-0.0828301,10.060646,-0.27489772,0.14313251,0.0039372137,0.14323327,-0.002176805,0.11808226,-0.0032264849,253.32527,252.95656,337.84418,0.35772783,13.649127,0.31765047
6,83,10,0.0032768005,0.060661554,0.024380472,0.019793412,0.016487673,0.07807124,-0.001198138,5.3533916,0.062783904,10.940091,-1.182097,0.15614247,-0.002396276,0.14068906,0.0016499842,0.12840433,-0.013874329,253.34464,253.0006,338.40182,1.119313,13.649127,0.3262491
6,84,10,0.0032768005,0.07085189,0.03420006,0.020739745,0.01591209,0.092466295,-0.004885176,5.4798717,0.098081104,10.747434,-0.27450624,0.18493259,-0.009770352,0.144013,0.0025776203,0.12614313,-0.0032218923,253.27962,252.61137,338.32532,0.17642513,13.649127,0.32626218
6,85,10,0.0032768005,0.05424112,0.019145088,0.021771135,0.013324896,0.06918289,3.631827e-5,5.6144757,0.42313924,9.834971,-0.52073514,0.13836578,7.263654e-5,0.14755045,0.0111202495,0.115433514,-0.006111894,253.19728,252.26257,337.52817,0.0975959,13.648649,0.27516863
6,86,10,0.0032768005,0.06092912,0.02521023,0.020126782,0.015592107,0.07938865,-0.00047894506,5.3982854,0.394438,10.638824,-1.6022885,0.1587773,-0.0009578901,0.14186889,0.010365972,0.124868356,-0.018806132,253.19499,252.18994,337.87738,1.2078505,13.648649,0.27959767
6,87,10,0.0032768005,0.06281297,0.026313676,0.020162575,0.016336719,0.08110745,-0.00571765,5.4030833,0.27478674,10.889894,-1.1878425,0.1622149,-0.0114353,0.14199498,0.0072214915,0.12781517,-0.013941774,253.1956,252.2128,337.94333,0.9130558,13.648649,0.29763675
6,88,10,0.0032768005,0.05503345,0.019518565,0.021324037,0.014190848,0.06985443,0.001410823,5.556526,0.40121475,10.149517,-1.2561562,0.13970886,0.002821646,0.14602752,0.010544069,0.119125344,-0.014743559,253.1299,251.94475,337.10773,0.8549415,13.648649,0.29796606
6,89,10,0.0032768005,0.061905313,0.023679702,0.022541698,0.015683915,0.07694105,-0.00026812396,5.7129707,0.821507,10.670099,-2.5205054,0.1538821,-0.0005362479,0.15013893,0.0215895,0.12523544,-0.029583285,253.09312,251.73727,337.20663,1.6989985,13.648273,0.29237327
6,90,10,0.0032768005,0.06551072,0.028362898,0.023048807,0.014099014,0.08420644,-0.0049742186,5.776874,0.9060068,10.116624,-1.6907518,0.16841288,-0.009948437,0.15181834,0.02381019,0.11873927,-0.019844431,253.06357,251.61024,337.11346,0.784745,13.648273,0.3013895
6,91,10,0.0032768005,0.057136163,0.018952914,0.023776226,0.014407022,0.06883479,0.002119171,5.8673253,0.86093,10.226531,-1.3794097,0.13766958,0.004238342,0.15419541,0.022625552,0.120029256,-0.01619019,253.01204,251.45508,336.34366,0.51847965,13.648273,0.31176317
6,92,10,0.0032768005,0.059626155,0.019869203,0.023645878,0.016111074,0.07047908,-0.00064670766,5.8512197,0.9395799,10.814425,-2.319414,0.14095816,-0.0012934153,0.15377216,0.024692496,0.1269294,-0.027223067,252.98766,251.19078,336.56528,1.3798339,13.648273,0.31374362
6,93,10,0.0032768005,0.0653456,0.025891418,0.024014972,0.015439215,0.08045405,-0.0055034915,5.89671,1.1693606,10.5865345,-2.3445652,0.1609081,-0.011006983,0.15496765,0.03073122,0.12425464,-0.027518263,252.9631,251.03282,336.60464,1.1752045,13.647934,0.32116893
6,94,10,0.0032768005,0.062200062,0.022493485,0.025958564,0.013748011,0.07498914,0.0006609005,6.1306844,1.177604,9.9899,-1.7189611,0.14997828,0.001321801,0.16111661,0.03094785,0.11725191,-0.020175524,252.91896,250.98302,335.85196,0.54135716,13.647934,0.32112896
6,95,10,0.0032768005,0.07274006,0.033205096,0.023308551,0.016226416,0.091111325,-0.0018729321,5.8093333,1.1650308,10.853068,-2.793033,0.18222265,-0.0037458641,0.15267138,0.030617425,0.12738295,-0.032781944,252.92839,250.9695,336.26123,1.628002,13.647934,0.31692445
6,96,10,0.0032768005,0.06184183,0.02128614,0.02326291,0.01729278,0.07294885,-0.007051647,5.8036427,1.2344139,11.204012,-2.3701196,0.1458977,-0.014103294,0.15252183,0.03244085,0.13150202,-0.027818197,252.93857,250.94402,336.4667,1.1357057,13.647934,0.32817227
6,97,10,0.0032768005,0.05855201,0.018608911,0.023596771,0.01634633,0.06820724,-0.001052091,5.8451414,1.2729088,10.893097,-2.8661437,0.13641448,-0.002104182,0.1536124,0.033452507,0.12785277,-0.03364006,252.93852,250.96378,335.8431,1.5932349,13.647551,0.31682783
6,98,10,0.0032768005,0.06337398,0.020727124,0.025292167,0.017354686,0.07198459,-0.002765234,6.051481,1.3061718,11.224051,-3.4248793,0.14396918,-0.005530468,0.15903512,0.03432667,0.13173719,-0.040197965,252.96059,251.09679,336.1061,2.1187077,13.647551,0.32814547
6,99,10,0.0032768005,0.065457314,0.023196924,0.025486976,0.016773412,0.07615268,-0.005215091,6.0747414,1.4470085,11.034481,-2.8871374,0.15230536,-0.010430182,0.1596464,0.0380279,0.1295122,-0.033886462,252.94356,251.07504,336.28937,1.4401289,13.647551,0.3490616
6,100,10,0.0032768005,0.062330924,0.020209402,0.026427783,0.015693739,0.07107989,-0.0006145746,6.185845,1.3515694,10.67344,-2.9492774,0.14215977,-0.0012291492,0.16256624,0.035519745,0.12527466,-0.034615807,252.90948,250.95352,335.6183,1.597708,13.647551,0.35310394
7,1,10,0.0026214404,0.102547094,0.026551321,0.054038618,0.02195716,0.08147288,-0.0040127095,8.845467,3.0074494,12.624939,-0.7368001,0.16294576,-0.008025419,0.23246208,0.07903686,0.14817949,-0.008647852,252.22984,248.4719,332.6855,-2.2706494,13.647091,0.5534943
7,2,10,0.0026214404,0.10148328,0.025662947,0.0544659,0.02135443,0.08009829,-0.0059540197,8.880369,3.1083846,12.450454,-1.2868677,0.16019659,-0.011908039,0.2333793,0.08168951,0.14613155,-0.015104029,252.14825,248.08997,332.74405,-1.8215169,13.647091,0.56724614
7,3,10,0.0026214404,0.10689971,0.028206037,0.055763613,0.02293006,0.083973266,-0.009735622,8.9855385,3.198336,12.901608,-0.8459639,0.16794653,-0.019471245,0.2361432,0.08405343,0.15142675,-0.00992911,252.07501,247.69894,332.57352,-2.352372,13.647091,0.5822542
7,4,10,0.0026214404,0.10989563,0.027077116,0.05704048,0.025778038,0.08227563,-0.0058599305,9.087832,2.9882812,13.679371,-0.9418412,0.16455126,-0.011719861,0.23883149,0.07853309,0.1605554,-0.011054439,252.01521,247.51117,331.90936,-2.0464401,13.647091,0.597459
7,5,10,0.0026214404,0.10564045,0.027377408,0.052793235,0.025469802,0.0827306,-0.008185546,8.742946,3.1565297,13.5973425,-1.9797906,0.1654612,-0.016371092,0.22976778,0.08295476,0.15959261,-0.0232369,251.99503,247.43158,332.34564,-1.1767391,13.646591,0.56880945
7,6,10,0.0026214404,0.11059681,0.029720176,0.05371797,0.027158668,0.086197704,-0.010234287,8.819186,3.3286219,14.040916,-1.4216244,0.17239541,-0.020468574,0.23177138,0.087477386,0.16479887,-0.016685674,251.94302,247.24825,332.35788,-1.9069974,13.646591,0.5810499
7,7,10,0.0026214404,0.11162494,0.028986052,0.05716538,0.025473507,0.08512645,-0.0056340154,9.097776,3.3115869,13.5983305,-1.127057,0.1702529,-0.011268031,0.23909283,0.08702969,0.15960422,-0.013228322,251.8926,247.13849,331.51318,-2.1845298,13.646591,0.6269152
7,8,10,0.0026214404,0.117290914,0.029607575,0.062139213,0.025544126,0.08603426,-0.007080483,9.485311,3.5860078,13.617166,-1.4227489,0.17206852,-0.014160966,0.24927738,0.094241604,0.1598253,-0.016698861,251.904,247.14642,331.706,-2.163259,13.646591,0.6209847
7,9,10,0.0026214404,0.11762488,0.032135952,0.060417306,0.02507162,0.08963252,-0.008949585,9.352966,3.720946,13.490635,-1.3234162,0.17926504,-0.01789917,0.24579932,0.0977878,0.1583402,-0.015533004,251.89148,247.16515,331.70193,-2.3975298,13.646011,0.59079105
7,10,10,0.0026214404,0.11490274,0.03172154,0.060008086,0.023173114,0.08905271,-0.0024623657,9.321238,3.3656533,12.969803,-1.1521755,0.17810541,-0.0049247313,0.24496548,0.08845059,0.15222718,-0.013523138,251.828,247.04362,330.80023,-2.2134776,13.646011,0.5902434
7,11,10,0.0026214404,0.109573275,0.029489057,0.058707234,0.02137698,0.08586189,-0.005685552,9.219651,3.2717962,12.457027,-1.8071028,0.17172378,-0.011371104,0.24229576,0.08598399,0.14620869,-0.021210046,251.78226,246.78468,330.86664,-1.4646934,13.646011,0.56124395
7,12,10,0.0026214404,0.1154206,0.03307088,0.06166368,0.020686036,0.090927005,-0.011321634,9.448948,3.4507475,12.254055,-0.8397394,0.18185401,-0.022643268,0.24832173,0.090686895,0.14382641,-0.00985607,251.75339,246.63625,330.79697,-2.6110082,13.646011,0.569023
7,13,10,0.0026214404,0.11235382,0.03367725,0.0580967,0.020579867,0.09175681,-0.006186791,9.171585,3.2620807,12.2225685,-1.680734,0.18351363,-0.012373582,0.24103257,0.08572864,0.14345685,-0.019726852,251.73924,246.61316,330.29785,-1.5813466,13.645351,0.51372504
7,14,10,0.0026214404,0.112168625,0.03286736,0.057485987,0.021815276,0.09064679,-0.00897316,9.123252,3.2374237,12.584084,-2.532398,0.18129358,-0.01794632,0.23976235,0.085080646,0.14769995,-0.02972287,251.78767,246.71887,330.91672,-0.7050257,13.645351,0.5205822
7,15,10,0.0026214404,0.117884256,0.034493875,0.059509028,0.023881355,0.092862636,-0.0108573465,9.282396,3.2883441,13.166511,-2.0297987,0.18572527,-0.021714693,0.24394472,0.08641887,0.15453593,-0.023823839,251.81436,246.81787,331.26846,-1.2585454,13.645351,0.54304945
7,16,10,0.0026214404,0.11488229,0.031554867,0.059973013,0.023354415,0.088818446,-0.005380817,9.318513,3.0637207,13.020442,-1.8868843,0.17763689,-0.010761634,0.24489388,0.08051566,0.15282151,-0.022146454,251.79483,246.7979,330.65674,-1.1768364,13.645351,0.54631436
7,17,10,0.0026214404,0.108029425,0.032965064,0.051749676,0.023314685,0.09078142,-0.006729468,8.656105,2.925733,13.009361,-2.871011,0.18156284,-0.013458936,0.22748555,0.076889336,0.15269147,-0.033697184,251.81093,246.80086,330.8662,-0.05472207,13.644672,0.5019004
7,18,10,0.0026214404,0.112847425,0.033800732,0.052493572,0.026553119,0.091924876,-0.00868181,8.718098,3.098131,13.883501,-2.7653747,0.18384975,-0.01736362,0.22911476,0.08142001,0.16295128,-0.03245733,251.77318,246.61028,331.0044,-0.33275628,13.644672,0.53244
7,19,10,0.0026214404,0.110827416,0.030944426,0.052950773,0.026932215,0.08795514,-0.003810908,8.755981,2.954577,13.982256,-2.853552,0.17591028,-0.007621816,0.23011035,0.077647366,0.16411038,-0.033492275,251.68596,246.33197,330.26904,-0.101024866,13.644672,0.5353068
7,20,10,0.0026214404,0.11081263,0.030705849,0.055881336,0.024225444,0.08761542,-0.006600493,8.995019,3.1392403,13.261024,-3.1212325,0.17523085,-0.013200986,0.23639233,0.08250036,0.15564525,-0.036634035,251.62462,245.9497,330.2647,-0.018007755,13.644672,0.5431331
7,21,10,0.0026214404,0.10610278,0.030722009,0.05240517,0.0229756,0.087638475,-0.009221965,8.710753,3.226436,12.9144125,-2.8887897,0.17527695,-0.01844393,0.22892176,0.0847919,0.15157704,-0.03390585,251.5778,245.81215,330.1054,-0.33764625,13.644019,0.50255257
7,22,10,0.0026214404,0.108778,0.03254315,0.05337365,0.022861196,0.0901986,-0.0041655987,8.790875,2.9510248,12.882219,-2.5566921,0.1803972,-0.008331197,0.23102738,0.07755402,0.15119919,-0.030008005,251.55559,245.85446,329.5694,-0.39433265,13.644019,0.5081037
7,23,10,0.0026214404,0.10959599,0.030615404,0.056567255,0.022413334,0.08748629,-0.0065723285,9.050055,3.0652242,12.75541,-2.8878846,0.17497258,-0.013144657,0.23783872,0.08055519,0.14971083,-0.033895228,251.56802,245.84132,329.85663,-0.17733955,13.644019,0.5247618
7,24,10,0.0026214404,0.11233658,0.0334404,0.056812514,0.022083668,0.091433585,-0.008885001,9.069653,3.18143,12.661257,-2.5738266,0.18286717,-0.017770002,0.23835376,0.08360912,0.14860575,-0.030209122,251.605,245.96051,330.1054,-0.60760355,13.644019,0.52568334
7,25,10,0.0026214404,0.10553815,0.034710776,0.049684264,0.021143114,0.09315414,-0.0027389477,8.4816065,2.6293142,12.388699,-2.8138878,0.18630828,-0.0054778955,0.22289968,0.06909932,0.14540672,-0.03302673,251.65327,246.3164,329.73962,0.18457365,13.643485,0.46775338
7,26,10,0.0026214404,0.103118226,0.032647394,0.047374927,0.023095904,0.09034295,-0.0053735767,8.282147,2.4769025,12.948178,-3.432595,0.1806859,-0.010747153,0.21765782,0.06509389,0.15197337,-0.04028852,251.72226,246.67378,330.43552,0.9556925,13.643485,0.46096212
7,27,10,0.0026214404,0.10761514,0.03497465,0.04986105,0.022779439,0.09350755,-0.007942815,8.496682,2.5602758,12.859164,-2.7423062,0.1870151,-0.01588563,0.22329588,0.06728498,0.15092859,-0.032186568,251.72487,246.72328,330.44424,0.18203044,13.643485,0.45764443
7,28,10,0.0026214404,0.11281714,0.038050268,0.051334225,0.023432638,0.09753239,-0.0033761347,8.621288,2.4043834,13.04223,-2.7956583,0.19506478,-0.0067522693,0.22657058,0.06318805,0.15307723,-0.032812774,251.71019,246.66069,329.9588,0.39127493,13.643485,0.47420362
7,29,10,0.0026214404,0.10584521,0.033064276,0.047723133,0.02505781,0.09091792,-0.0047888565,8.312528,2.4709423,13.48692,-3.6135652,0.18183585,-0.009577713,0.21845625,0.06493726,0.15829659,-0.04241258,251.75006,246.71935,330.63925,1.142623,13.643099,0.4343513
7,30,10,0.0026214404,0.11275694,0.034283668,0.051120516,0.027352748,0.092579246,-0.009232079,8.603324,2.7006907,14.090997,-2.6986315,0.18515849,-0.018464157,0.22609846,0.07097512,0.16538666,-0.03167397,251.75316,246.73042,330.58453,-0.0020592213,13.643099,0.45208645
7,31,10,0.0026214404,0.11934038,0.04221716,0.05069586,0.026427368,0.102734074,-0.003872348,8.567516,2.407128,13.850587,-2.5980434,0.20546815,-0.007744696,0.22515741,0.06326018,0.16256496,-0.03049336,251.73384,246.69922,329.77448,0.19091535,13.643099,0.4613839
7,32,10,0.0026214404,0.11708767,0.03983989,0.05122792,0.026019864,0.09979966,-0.0057443446,8.612357,2.3979652,13.743385,-2.9985838,0.19959933,-0.011488689,0.22633585,0.063019395,0.16130674,-0.035194516,251.79443,246.92964,330.21988,0.6006186,13.643099,0.46062183
7,33,10,0.0026214404,0.11398059,0.038851075,0.05082504,0.024304476,0.09855338,-0.0054448573,8.578424,2.401742,13.282638,-2.427315,0.19710676,-0.010889715,0.2254441,0.063118644,0.15589893,-0.028489517,251.82413,247.16512,330.5434,0.025573015,13.642857,0.41509792
7,34,10,0.0026214404,0.11457916,0.039944828,0.04942396,0.025210371,0.09993101,-0.0016789194,8.459358,2.1496825,13.527914,-2.5593557,0.19986202,-0.0033578388,0.222315,0.056494445,0.15877774,-0.03003928,251.77325,247.06427,329.92447,0.4096732,13.642857,0.4274646
7,35,10,0.0026214404,0.105860874,0.033718217,0.048970994,0.023171667,0.0918126,-0.0029382694,8.420505,2.4877279,12.969398,-2.817751,0.1836252,-0.005876539,0.22129391,0.06537839,0.15222242,-0.033072066,251.73856,246.73914,330.24673,0.33002305,13.642857,0.4215946
7,36,10,0.0026214404,0.10511998,0.03467231,0.04900707,0.021440601,0.09310251,-0.005741687,8.423606,2.5849485,12.475551,-2.3664353,0.18620501,-0.011483374,0.2213754,0.06793339,0.1464261,-0.02777496,251.72783,246.57988,330.2131,-0.21851325,13.642857,0.41580793
7,37,10,0.0026214404,0.09886762,0.03722658,0.04168155,0.019959489,0.09647095,-0.00062422256,7.768561,1.8618195,12.036935,-2.1994908,0.1929419,-0.0012484451,0.2041606,0.048929296,0.14127806,-0.02581552,251.73927,246.75615,329.65588,0.33767128,13.64274,0.3297668
7,38,10,0.0026214404,0.088152796,0.030193081,0.037609577,0.020350134,0.08688078,-0.0020199378,7.3793464,1.7212584,12.154156,-2.9206858,0.17376156,-0.0040398757,0.19393189,0.045235306,0.1426539,-0.034280214,251.78685,246.91653,330.34515,1.1994274,13.64274,0.32506675
7,39,10,0.0026214404,0.09200747,0.03412029,0.03880076,0.01908642,0.092358395,-0.005089239,7.4952965,2.1029842,11.770732,-2.2315445,0.18471679,-0.010178478,0.19697909,0.05526718,0.13815361,-0.026191734,251.79816,246.91534,330.53406,0.1285603,13.64274,0.330514
7,40,10,0.0026214404,0.091247454,0.03233288,0.038314026,0.020600548,0.08990673,-0.0006469279,7.448136,1.9573296,12.228707,-2.2186518,0.17981346,-0.0012938558,0.19573969,0.051439334,0.14352891,-0.026040412,251.75534,246.76427,330.01254,0.26132214,13.64274,0.34349608
7,41,10,0.0026214404,0.086046174,0.02954516,0.035891403,0.020609608,0.08594353,-0.0039083785,7.208815,1.9472846,12.231397,-2.7779043,0.17188706,-0.007816757,0.18945026,0.05117535,0.14356047,-0.032604393,251.72643,246.55356,330.5152,0.8306197,13.64265,0.31667054
7,42,10,0.0026214404,0.087771356,0.030188555,0.037409145,0.020173656,0.08687427,-0.006784322,7.3596563,2.3890347,12.101342,-2.220744,0.17374854,-0.013568644,0.19341443,0.0627847,0.142034,-0.026064979,251.69147,246.36127,330.66513,-0.16829085,13.64265,0.34664822
7,43,10,0.0026214404,0.088228226,0.027136743,0.039997093,0.021094391,0.08236617,-0.0014448774,7.609969,2.2899616,12.374415,-2.1720588,0.16473234,-0.0028897547,0.19999273,0.060181025,0.14523908,-0.025493555,251.6514,246.26056,330.24854,-0.117902756,13.64265,0.34507647
7,44,10,0.0026214404,0.093568146,0.02868257,0.0414931,0.023392472,0.08467965,-0.0049865716,7.7509794,2.3828773,13.031046,-2.797099,0.1693593,-0.009973143,0.20369855,0.06262285,0.15294598,-0.032829676,251.65625,246.29999,330.743,0.41422176,13.64265,0.36647782
7,45,10,0.0026214404,0.09653866,0.032359418,0.039630275,0.024548974,0.08994362,-0.006773054,7.574992,2.4130926,13.349281,-2.3357174,0.17988724,-0.013546108,0.19907354,0.06341694,0.15668112,-0.027414415,251.66165,246.36542,330.8136,-0.07737517,13.642558,0.34827006
7,46,10,0.0026214404,0.09136549,0.02786311,0.039278585,0.024223788,0.08346123,-0.00012254971,7.541306,2.2191198,13.260571,-2.3336315,0.16692246,-0.00024509942,0.19818826,0.058319267,0.15563993,-0.02738994,251.63765,246.39172,330.16666,0.11451173,13.642558,0.36723682
7,47,10,0.0026214404,0.086906835,0.025581753,0.03842547,0.022899613,0.079971485,-0.00039057486,7.4589605,2.0476372,12.893038,-3.1360033,0.15994297,-0.0007811497,0.19602416,0.05381265,0.15132618,-0.036807418,251.64615,246.40356,330.4536,1.088366,13.642558,0.35510817
7,48,10,0.0026214404,0.090566665,0.030494211,0.037614822,0.022457633,0.08731296,-0.00288792,7.3798604,2.1462584,12.768009,-2.7550735,0.17462592,-0.00577584,0.19394541,0.056404445,0.14985871,-0.032336425,251.68016,246.61028,330.7033,0.6088152,13.642558,0.3508658
7,49,10,0.0026214404,0.08131033,0.027503558,0.032831356,0.020975415,0.08292098,0.0030551406,6.894664,1.6702459,12.33947,-2.4810398,0.16584197,0.006110281,0.18119425,0.043894663,0.14482892,-0.029120082,251.67274,246.74718,330.09747,0.8107939,13.64247,0.31150168
7,50,10,0.0026214404,0.08354691,0.028041976,0.033368517,0.022136416,0.08372869,0.0028372868,6.950837,1.8299699,12.676368,-2.8707213,0.16745739,0.0056745736,0.18267052,0.04809228,0.14878312,-0.03369379,251.6895,246.83427,330.6364,1.0407515,13.64247,0.33734426
7,51,10,0.0026214404,0.085979655,0.031316087,0.035126198,0.019537374,0.08848176,-0.0005437332,7.131555,2.045767,11.908973,-2.4966898,0.17696352,-0.0010874664,0.18741985,0.05376349,0.13977616,-0.029303763,251.69,246.80797,330.97876,0.45092273,13.64247,0.3374392
7,52,10,0.0026214404,0.08297619,0.028895978,0.033535067,0.020545144,0.084994085,0.0033239853,6.9681625,1.7161999,12.212254,-2.4818132,0.16998817,0.0066479705,0.18312582,0.045102354,0.14333577,-0.029129162,251.65926,246.64331,330.30316,0.7656133,13.64247,0.30417755
7,53,10,0.0026214404,0.07796512,0.026292456,0.030655751,0.02101691,0.081074744,0.0024890627,6.6623077,1.4076118,12.351669,-3.2666228,0.16214949,0.0049781254,0.17508784,0.036992542,0.1449721,-0.038340498,251.70813,246.82616,331.0248,1.8590109,13.64226,0.283602
7,54,10,0.0026214404,0.080841966,0.02926083,0.031910922,0.019670216,0.085528985,0.00020660648,6.7973304,1.6452384,11.949391,-2.7274077,0.17105797,0.00041321295,0.17863628,0.04323746,0.14025055,-0.032011706,251.76056,247.15504,331.4135,1.0821693,13.64226,0.2991953
7,55,10,0.0026214404,0.07762997,0.027721616,0.030730085,0.019178268,0.08324905,0.005800041,6.67038,1.3029733,11.799021,-2.5667646,0.1664981,0.011600082,0.17529999,0.03424261,0.13848563,-0.030126235,251.73984,247.22992,331.03116,1.2637913,13.64226,0.28291416
7,56,10,0.0026214404,0.07440814,0.025222762,0.028546628,0.02063875,0.07940838,0.0033859715,6.4290395,1.2652953,12.240042,-3.2466156,0.15881675,0.006771943,0.16895747,0.03325241,0.14366193,-0.038105685,251.72304,247.07225,331.52005,1.9813204,13.64226,0.29207098
7,57,10,0.0026214404,0.07629229,0.029699424,0.028177941,0.018414924,0.086167604,0.0010989135,6.3873878,1.2834998,11.56182,-2.7479346,0.17233521,0.002197827,0.16786286,0.033730846,0.1357016,-0.032252636,251.73682,247.167,331.6352,1.4644347,13.641959,0.2548371
7,58,10,0.0026214404,0.07484432,0.029073114,0.02707899,0.018692216,0.0852542,0.007258415,6.261594,0.76710343,11.648543,-2.3601851,0.1705084,0.01451683,0.16455695,0.02015976,0.13671948,-0.0277016,251.7412,247.27124,330.95453,1.5930817,13.641959,0.22942902
7,59,10,0.0026214404,0.07547249,0.028273994,0.026578212,0.02062028,0.08407436,0.0035575447,6.203425,0.77484477,12.234565,-3.2957387,0.16814873,0.0071150893,0.16302826,0.020363197,0.14359763,-0.038682234,251.77777,247.28838,331.5988,2.520894,13.641959,0.24264756
7,60,10,0.0026214404,0.079340726,0.031855457,0.025716614,0.02176866,0.089240484,-0.0018728041,6.1020474,0.9550542,12.570629,-3.068754,0.17848097,-0.0037456083,0.160364,0.025099171,0.14754206,-0.036018103,251.84047,247.46954,332.0453,2.1136997,13.641959,0.2764033
7,61,10,0.0026214404,0.06928711,0.027643569,0.023315495,0.018328043,0.083131775,0.008016724,5.810199,0.34325585,11.534513,-3.1650002,0.16626355,0.016033448,0.15269412,0.009020883,0.1353811,-0.037147757,251.83989,247.48102,331.5233,2.8217444,13.641581,0.21546416
7,62,10,0.0026214404,0.069878794,0.026899189,0.024154902,0.018824702,0.08200486,0.005157454,5.9138637,0.43582085,11.689752,-3.6183243,0.16400972,0.010314908,0.15541847,0.01145353,0.13720314,-0.042468436,251.86324,247.49327,332.1946,3.1825035,13.641581,0.2074245
7,63,10,0.0026214404,0.072603755,0.027597807,0.025588341,0.019417608,0.08306294,0.0017357182,6.08681,0.9205907,11.8724165,-3.1250243,0.16612588,0.0034714364,0.15996356,0.024193458,0.13934708,-0.036678556,251.87015,247.48834,332.6025,2.2044337,13.641581,0.24053632
7,64,10,0.0026214404,0.069142744,0.026532037,0.023605544,0.019005163,0.08144329,0.00770161,5.8462276,0.56812674,11.745649,-3.2907264,0.16288657,0.01540322,0.15364096,0.014930578,0.13785921,-0.038623404,251.83733,247.42108,331.94327,2.7225997,13.641581,0.25344452
7,65,10,0.0026214404,0.069718294,0.027864294,0.021879783,0.019974217,0.083463006,0.0066423174,5.628468,0.3210998,12.041376,-4.045144,0.16692601,0.013284635,0.14791816,0.008438619,0.14133017,-0.047478046,251.81554,247.25768,332.27252,3.7240443,13.641224,0.23539358
7,66,10,0.0026214404,0.07227874,0.031342763,0.021512246,0.019423734,0.08851944,0.0024850531,5.5809937,0.5643056,11.874288,-3.393938,0.17703888,0.0049701063,0.14667054,0.014830158,0.13936906,-0.0398348,251.81017,247.27588,332.3054,2.8296325,13.641224,0.24097383
7,67,10,0.0026214404,0.064284265,0.02413828,0.020996323,0.019149661,0.077682495,0.009562789,5.5136642,0.094784744,11.790217,-3.1717012,0.15536499,0.019125579,0.14490108,0.0024909768,0.1383823,-0.0372264,251.77867,247.16144,331.4001,3.0769165,13.641224,0.23712222
7,68,10,0.0026214404,0.06574607,0.024772793,0.022839874,0.018133406,0.07869688,0.006627407,5.7506313,-0.06952902,11.473104,-4.101404,0.15739375,0.013254814,0.15112866,-0.0018272448,0.13466033,-0.048138358,251.81514,247.2086,332.03458,4.1709332,13.641224,0.22588676
7,69,10,0.0026214404,0.07100912,0.029821461,0.023082295,0.018105363,0.08634446,0.004177433,5.7810693,0.013490504,11.464231,-3.648535,0.17268892,0.008354866,0.15192859,0.00035453687,0.13455617,-0.04282302,251.8954,247.5524,332.55655,3.6350446,13.640875,0.25650957
7,70,10,0.0026214404,0.06513434,0.024296992,0.022680746,0.018156601,0.07793746,0.01104456,5.7305636,-0.2584236,11.480439,-3.1624212,0.15587492,0.02208912,0.15060128,-0.006791468,0.13474643,-0.037117485,251.93344,247.88533,332.14694,3.4208448,13.640875,0.23607846
7,71,10,0.0026214404,0.06638277,0.02622643,0.021449065,0.01870728,0.08097288,0.007729376,5.5727925,-0.17755285,11.653235,-3.5480325,0.16194576,0.015458752,0.14645499,-0.004666154,0.13677455,-0.041643422,251.99213,248.15329,333.04678,3.7255855,13.640875,0.24316204
7,72,10,0.0026214404,0.07540117,0.033713717,0.02398349,0.017703963,0.09180648,0.003128347,5.892843,0.0979242,11.336433,-3.3752694,0.18361296,0.006256694,0.15486604,0.0025734878,0.13305624,-0.039615694,252.00214,248.10791,333.47092,3.2773452,13.640875,0.26572984
7,73,10,0.0026214404,0.06515328,0.024570826,0.023889568,0.016692886,0.07837542,0.008443534,5.881293,-0.31013626,11.007962,-2.5522792,0.15675084,0.016887069,0.1545625,-0.008150493,0.12920095,-0.02995622,252.0157,248.21155,332.76276,2.8624156,13.64051,0.25585338
7,74,10,0.0026214404,0.065476015,0.025955418,0.023713026,0.015807567,0.08055343,0.0077196634,5.8595214,-0.50402033,10.712078,-3.3617063,0.16110685,0.015439327,0.15399034,-0.013245836,0.12572815,-0.039456498,252.12863,248.63307,333.48883,3.8657265,13.64051,0.2736903
7,75,10,0.0026214404,0.07715505,0.036724348,0.024651486,0.015779221,0.09581799,0.0048363195,5.9743443,-0.43222928,10.70247,-3.1976614,0.19163598,0.009672639,0.15700792,-0.011359142,0.12561537,-0.037531096,252.2199,249.02902,334.0711,3.6298907,13.64051,0.28883746
7,76,10,0.0026214404,0.066470146,0.024583483,0.025393503,0.016493157,0.078395605,0.010571237,6.0635924,-0.8322835,10.94191,-2.9229798,0.15679121,0.021142473,0.15935339,-0.021872712,0.12842569,-0.034307145,252.25801,249.23384,333.65128,3.7552633,13.64051,0.2851485
7,77,10,0.0026214404,0.06961723,0.026397662,0.0266476,0.016571969,0.08123679,0.008742035,6.211518,-0.81325954,10.96802,-3.264604,0.16247357,0.01748407,0.16324092,-0.02137276,0.12873216,-0.03831681,252.30554,249.32639,334.19144,4.0778637,13.640113,0.29318482
7,78,10,0.0026214404,0.0708158,0.030974248,0.024787126,0.015054426,0.08799751,0.0042342055,5.990758,-0.44759107,10.453778,-3.0927017,0.17599502,0.008468411,0.15743928,-0.0117628565,0.12269648,-0.036299184,252.32887,249.32751,334.6105,3.5402927,13.640113,0.31599703
7,79,10,0.0026214404,0.059027914,0.0216508,0.023514831,0.013862281,0.073571056,0.01101436,5.834983,-0.6244574,10.03133,-2.5461032,0.14714211,0.02202872,0.15334547,-0.016410965,0.11773819,-0.029883727,252.30283,249.28673,334.04404,3.1705606,13.640113,0.26879275
7,80,10,0.0026214404,0.062186047,0.023606066,0.022615753,0.015964229,0.07682133,0.008753658,5.7223473,-0.45178697,10.765028,-3.1791654,0.15364265,0.017507317,0.15038535,-0.011873125,0.12634963,-0.03731401,252.29407,249.25789,334.52194,3.6309524,13.640113,0.2653216
7,81,10,0.0026214404,0.07522213,0.03673197,0.023269465,0.015220693,0.09582793,0.0031083976,5.804461,-0.14398353,10.511349,-2.7038183,0.19165586,0.006216795,0.15254332,-0.003783939,0.123372175,-0.03173483,252.25706,249.01544,334.80453,2.847802,13.6395855,0.284395
7,82,10,0.0026214404,0.06214446,0.023439419,0.02318066,0.015524382,0.07654969,0.008818792,5.7933745,-0.25145856,10.615694,-2.3916168,0.15309937,0.017637584,0.15225196,-0.006608425,0.12459688,-0.028070517,252.19034,248.73676,333.8823,2.6430755,13.6395855,0.26905873
7,83,10,0.0026214404,0.060965244,0.02089104,0.022720989,0.017353214,0.072268665,0.0064222077,5.735646,-0.33370444,11.223573,-3.1925986,0.14453733,0.012844415,0.15073483,-0.00876987,0.1317316,-0.037471678,252.20403,248.68446,334.24652,3.526303,13.6395855,0.27691603
7,84,10,0.0026214404,0.07273942,0.033742722,0.021289488,0.017707217,0.09184596,0.0018045845,5.552023,-0.3177753,11.337478,-2.935185,0.18369192,0.003609169,0.14590918,-0.008351249,0.13306847,-0.034450397,252.26508,248.9746,334.6231,3.2529602,13.6395855,0.2876128
7,85,10,0.0026214404,0.06238255,0.021851517,0.023831572,0.01669946,0.073911294,0.009323157,5.87415,-0.6521385,11.010129,-2.0184762,0.14782259,0.018646315,0.15437478,-0.01713843,0.12922639,-0.02369095,252.30737,249.22191,334.2223,2.6706147,13.638967,0.27974185
7,86,10,0.0026214404,0.06519692,0.022639818,0.025408285,0.017148817,0.07523267,0.0069212914,6.0653567,-0.92564344,11.15728,-3.1727602,0.15046534,0.013842583,0.15939976,-0.024326248,0.13095349,-0.037238833,252.38712,249.45049,335.2497,4.098404,13.638967,0.31715983
7,87,10,0.0026214404,0.069954745,0.028251478,0.025798308,0.015904961,0.08404088,0.0020516762,6.1117315,-0.79851925,10.745028,-2.8332264,0.16808176,0.0041033523,0.16061851,-0.020985382,0.12611488,-0.033253703,252.45569,249.65182,335.728,3.6317458,13.638967,0.32903758
7,88,10,0.0026214404,0.062175207,0.020604055,0.026241977,0.015329173,0.07177056,0.0074455286,6.164061,-0.96900976,10.548739,-2.1651845,0.14354113,0.014891057,0.16199376,-0.025465919,0.12381104,-0.025412865,252.4656,249.7965,335.13565,3.1341944,13.638967,0.31825247
7,89,10,0.0026214404,0.06592647,0.023274671,0.027236579,0.0154152205,0.07628019,0.0067808833,6.279787,-0.96706873,10.578306,-2.2495909,0.15256038,0.013561767,0.16503508,-0.025414914,0.12415805,-0.02640355,252.49658,249.87668,335.8054,3.2166595,13.638245,0.33895364
7,90,10,0.0026214404,0.07709666,0.03593564,0.025345057,0.015815964,0.09478349,0.0029400599,6.057805,-0.6794357,10.714924,-2.1364639,0.18956698,0.0058801197,0.15920131,-0.017855816,0.12576154,-0.025075775,252.5204,249.9241,336.23227,2.8158996,13.638245,0.35001302
7,91,10,0.0026214404,0.06338077,0.021492934,0.026536599,0.015351233,0.07330234,0.010063603,6.198567,-0.8602874,10.556327,-1.4890679,0.14660469,0.020127205,0.16290058,-0.022608658,0.12390009,-0.017477259,252.51414,249.98994,335.36176,2.3493552,13.638245,0.34884706
7,92,10,0.0026214404,0.071365595,0.02610432,0.029075524,0.01618575,0.08078416,0.009254305,6.488323,-0.9084912,10.839459,-2.0739644,0.16156831,0.01850861,0.17051546,-0.023875467,0.12722322,-0.024342215,252.56787,250.26346,335.85208,2.9824555,13.638245,0.36186582
7,93,10,0.0026214404,0.07730228,0.033761628,0.027509933,0.01603071,0.09187169,0.004779968,6.3112216,-0.7219928,10.78742,-0.7365786,0.18374337,0.009559936,0.16586119,-0.018974233,0.12661244,-0.008645258,252.60545,250.46815,336.3537,1.4585714,13.637322,0.3387732
7,94,10,0.0026214404,0.066197045,0.02112047,0.028121898,0.016954675,0.07266442,0.009910387,6.3810325,-0.7531417,11.093943,-0.48918536,0.14532883,0.019820774,0.16769585,-0.019792842,0.13021012,-0.0057415916,252.54405,250.25252,335.77518,1.2423271,13.637322,0.32400873
7,95,10,0.0026214404,0.06534548,0.022102056,0.027700014,0.0155434115,0.0743338,0.007651792,6.332988,-0.71489364,10.622198,-1.7139955,0.1486676,0.015303584,0.16643322,-0.018787658,0.12467322,-0.02011724,252.50352,249.93486,336.0378,2.428889,13.637322,0.35769048
7,96,10,0.0026214404,0.074757874,0.032282416,0.02666737,0.01580809,0.08983654,6.207508e-5,6.213821,-0.4186101,10.7122555,-1.3762501,0.17967308,0.00012415016,0.16330147,-0.011001228,0.12573023,-0.016153114,252.50533,249.8651,336.26196,1.7948602,13.637322,0.3574962
7,97,10,0.0026214404,0.061959974,0.020034734,0.027200839,0.014724403,0.07077205,0.0064561125,6.275666,-0.60911644,10.33856,0.016909666,0.1415441,0.012912225,0.16492677,-0.0160078,0.12134415,0.00019847504,252.51746,249.99052,335.5814,0.5922068,13.636219,0.31563047
7,98,10,0.0026214404,0.06496795,0.020835573,0.028618632,0.015513745,0.072172664,0.0049934313,6.437142,-0.8341996,10.612057,-1.014115,0.14434533,0.009986863,0.16917042,-0.021923073,0.12455419,-0.011902714,252.60791,250.3142,336.45847,1.8483145,13.636219,0.35937077
7,99,10,0.0026214404,0.07827867,0.033899594,0.029159997,0.015219079,0.09205921,-0.00034603642,6.4977407,-0.79406077,10.510791,-0.9342657,0.18411842,-0.00069207285,0.17076299,-0.020868214,0.12336563,-0.010965523,252.66312,250.532,337.0193,1.7283264,13.636219,0.37992713
7,100,10,0.0026214404,0.0658702,0.019337047,0.030934434,0.015598722,0.069528855,0.005811539,6.692521,-0.879026,10.64108,-0.32572398,0.13905771,0.011623078,0.17588188,-0.023101125,0.12489484,-0.0038230359,252.6527,250.52417,336.29736,1.20475,13.636219,0.37816012
8,1,10,0.0020971524,0.07650093,0.025868947,0.030085137,0.020546844,0.08041913,0.006518541,6.600012,-0.163033,12.212759,1.5830315,0.16083826,0.013037082,0.17345068,-0.004284567,0.1433417,0.018580118,252.1986,248.23557,332.22766,-1.4199985,13.634952,0.40846398
8,2,10,0.0020971524,0.0790099,0.02905361,0.03135196,0.018604329,0.0852256,0.0037117738,6.737535,-0.15148664,11.621126,0.91393596,0.1704512,0.0074235476,0.17706485,-0.00398113,0.13639769,0.0107269045,252.20049,248.16771,332.46365,-0.7624493,13.634952,0.4273018
8,3,10,0.0020971524,0.08252071,0.030439835,0.03470095,0.01737992,0.08723508,0.00021316059,7.0882554,-0.027360858,11.232206,1.2935119,0.17447016,0.00042632117,0.1862819,-0.0007190656,0.13183293,0.015182006,252.17546,248.08801,332.39774,-1.266151,13.634952,0.42426485
8,4,10,0.0020971524,0.074234076,0.024525534,0.032668915,0.017039625,0.07830315,0.004449598,6.8775854,-0.35226765,11.121701,0.73319715,0.1566063,0.008899196,0.18074544,-0.0092577115,0.13053592,0.008605563,252.1368,247.9998,331.99353,-0.3809295,13.634952,0.39675546
8,5,10,0.0020971524,0.0759487,0.028327564,0.029420106,0.018201035,0.08415397,0.0030109119,6.526657,-0.35442114,11.494477,0.7184886,0.16830795,0.0060218237,0.1715229,-0.00931432,0.13491121,0.008432931,252.14397,248.01447,332.52612,-0.36406744,13.633894,0.3796119
8,6,10,0.0020971524,0.07748273,0.030736199,0.028370528,0.018376006,0.08765871,5.2845313e-5,6.4091783,-0.12570761,11.549596,1.5313417,0.17531742,0.000105690626,0.16843553,-0.003303636,0.13555813,0.017973429,252.18016,248.21281,332.75076,-1.405634,13.633894,0.35431266
8,7,10,0.0020971524,0.07427547,0.028631087,0.028163845,0.017480537,0.084603615,0.0051779496,6.3857894,-0.63643956,11.264673,1.5096387,0.16920723,0.010355899,0.16782087,-0.016725853,0.13221398,0.017718697,252.21283,248.491,332.52832,-0.8731991,13.633894,0.34557766
8,8,10,0.0020971524,0.07080825,0.027820652,0.027382907,0.015604691,0.08339762,0.004573894,6.2966337,-0.75844854,10.643116,0.9467483,0.16679524,0.009147788,0.16547781,-0.0199323,0.12491874,0.011112027,252.24503,248.60114,333.18167,-0.18829978,13.633894,0.37803426
8,9,10,0.0020971524,0.0684901,0.029870672,0.025700372,0.01291906,0.08641567,0.0014913369,6.10012,-0.43960586,9.684041,2.0015545,0.17283134,0.0029826737,0.16031335,-0.011553005,0.11366204,0.023492336,252.19159,248.377,333.28662,-1.5619487,13.632827,0.31602395
8,10,10,0.0020971524,0.061473224,0.024459686,0.02454343,0.0124701075,0.07819796,0.006220744,5.9612355,-0.6233491,9.514289,1.8846093,0.15639593,0.012441488,0.15666343,-0.01638183,0.11166964,0.022119746,252.07356,247.93715,332.3365,-1.2612603,13.632827,0.2933315
8,11,10,0.0020971524,0.065238446,0.02621229,0.025411729,0.013614428,0.08095105,0.0042190054,6.0657682,-0.51528597,9.941247,1.3731782,0.1619021,0.008438011,0.15941057,-0.013541903,0.11668088,0.016117057,251.98982,247.49124,332.29395,-0.8578923,13.632827,0.3043185
8,12,10,0.0020971524,0.07020336,0.027404062,0.029571163,0.013228133,0.08277086,0.0007102322,6.5433908,-0.33336955,9.799196,1.984464,0.16554172,0.0014204644,0.17196268,-0.008761066,0.11501362,0.023291742,251.94624,247.35579,332.11862,-1.6510944,13.632827,0.30515388
8,13,10,0.0020971524,0.06460779,0.022375224,0.029120097,0.013112471,0.07479175,0.0052544987,6.4932942,-0.6717356,9.756263,2.6285486,0.1495835,0.010508997,0.17064612,-0.017653452,0.1145097,0.030851398,251.94173,247.51878,331.55307,-1.9568131,13.631777,0.26622605
8,14,10,0.0020971524,0.067684606,0.026484257,0.027405148,0.013795199,0.08136992,0.0031731855,6.299191,-0.587065,10.00703,2.118604,0.16273984,0.006346371,0.165545,-0.01542828,0.117452964,0.02486615,251.96729,247.6208,332.0547,-1.531539,13.631777,0.27515528
8,15,10,0.0020971524,0.06772551,0.028302325,0.02643781,0.012985375,0.084116474,0.0005839128,6.1870184,-0.24164698,9.708865,2.7292135,0.16823295,0.0011678257,0.16259708,-0.006350568,0.11395339,0.032032903,251.9709,247.57213,332.36633,-2.4875665,13.631777,0.26763585
8,16,10,0.0020971524,0.06687236,0.029405028,0.024033034,0.013434299,0.08573947,0.006119933,5.8989263,-0.45442933,9.875263,2.6555095,0.17147894,0.012239866,0.15502591,-0.0119425645,0.115906425,0.031167835,251.93726,247.49623,331.63367,-2.20108,13.631777,0.23882619
8,17,10,0.0020971524,0.062231045,0.026311621,0.022094294,0.013825129,0.081104286,0.0030478118,5.6559916,-0.32440615,10.0178795,2.9005213,0.16220857,0.0060956236,0.1486415,-0.008525507,0.11758031,0.034043547,251.89919,247.32616,331.72964,-2.5761151,13.6307535,0.23186517
8,18,10,0.0020971524,0.06571322,0.028134855,0.023248052,0.014330313,0.08386724,0.0004561773,5.8017898,0.041558083,10.199269,4.0002933,0.16773447,0.0009123546,0.15247312,0.0010921594,0.11970928,0.04695162,251.86617,247.1462,331.72586,-4.0418515,13.6307535,0.25103852
8,19,10,0.0020971524,0.06398085,0.02400756,0.025525333,0.014447956,0.07747187,0.0051027904,6.0793114,-0.2693013,10.241047,3.7551184,0.15494373,0.010205581,0.1597665,-0.007077336,0.12019965,0.044073995,251.86198,247.13129,331.22916,-3.485817,13.6307535,0.24502552
8,20,10,0.0020971524,0.07032856,0.02754467,0.026976649,0.015807241,0.082982935,0.00418645,6.24975,-0.29689705,10.711967,3.081092,0.16596587,0.0083729,0.1642457,-0.0078025605,0.12572685,0.036162917,251.87875,247.2391,331.49628,-2.784195,13.6307535,0.24932934
8,21,10,0.0020971524,0.0680235,0.027009213,0.02599296,0.015021334,0.0821724,0.0024213616,6.1347456,-0.112395644,10.442283,4.3337126,0.1643448,0.0048427233,0.16122332,-0.0029537987,0.12256155,0.050864972,251.83723,247.19176,331.30753,-4.221317,13.629739,0.24409065
8,22,10,0.0020971524,0.06742409,0.024787528,0.02567771,0.01695885,0.07872028,0.0058479817,6.0974298,-0.28077137,11.095309,4.292863,0.15744056,0.011695963,0.16024266,-0.0073787738,0.13022615,0.050385524,251.75923,246.89816,330.26913,-4.0120916,13.629739,0.24456225
8,23,10,0.0020971524,0.07025144,0.02783143,0.026068725,0.016351288,0.08341377,0.002947693,6.1436796,-0.18926586,10.894749,3.8971145,0.16682754,0.005895386,0.16145812,-0.0049739755,0.12787215,0.045740608,251.79306,246.92155,330.8312,-3.7078485,13.629739,0.25415277
8,24,10,0.0020971524,0.0772626,0.029647665,0.027520217,0.02009472,0.08609249,-0.0010889367,6.3124013,0.076029815,12.077643,5.1885204,0.17218497,-0.0021778734,0.16589218,0.0019980918,0.14175585,0.060897905,251.81975,246.99751,330.87418,-5.26455,13.629739,0.27488187
8,25,10,0.0020971524,0.074424006,0.027154125,0.027360009,0.019909872,0.08239254,0.0028082577,6.2940016,-0.5336073,12.021966,4.954351,0.16478509,0.0056165154,0.16540861,-0.014023394,0.14110234,0.058149442,251.82637,247.14575,330.33273,-4.4207435,13.628744,0.26426676
8,26,10,0.0020971524,0.075498596,0.030404624,0.025645604,0.019448368,0.08718461,-0.00025555654,6.093617,-0.44981104,11.881815,4.1591644,0.17436922,-0.0005111131,0.16014245,-0.0118211955,0.1394574,0.048816305,251.87299,247.21802,330.81183,-3.7093534,13.628744,0.2607824
8,27,10,0.0020971524,0.07572072,0.029940568,0.024670118,0.021110034,0.086516716,-0.0027533318,5.9766016,-0.1614134,12.3790045,4.985313,0.17303343,-0.0055066636,0.15706724,-0.0042420025,0.14529292,0.05851285,251.93797,247.41183,331.33768,-4.8238997,13.628744,0.26971835
8,28,10,0.0020971524,0.06797341,0.02738983,0.022074321,0.018509261,0.08274937,0.002164867,5.653434,-0.68242145,11.591396,4.487362,0.16549873,0.004329734,0.1485743,-0.017934281,0.13604875,0.05266837,251.97389,247.70146,331.5067,-3.8049405,13.628744,0.26740706
8,29,10,0.0020971524,0.06373312,0.027269296,0.020471314,0.015992517,0.08256709,0.001057821,5.4442935,-0.7360601,10.774562,3.6562934,0.16513418,0.002115642,0.143078,-0.019343922,0.12646152,0.04291408,252.00328,247.9423,332.2911,-2.9202332,13.627769,0.2615038
8,30,10,0.0020971524,0.0666176,0.028482378,0.022207601,0.015927618,0.084383614,-0.0021905368,5.670475,-0.3301411,10.752678,4.6225343,0.16876723,-0.0043810736,0.14902215,-0.008676228,0.12620467,0.054254893,251.97585,247.81561,332.44595,-4.292393,13.627769,0.28328004
8,31,10,0.0020971524,0.064769164,0.025405686,0.023741892,0.015621588,0.079695806,0.0017061548,5.863087,-0.4150063,10.648877,4.300991,0.15939161,0.0034123096,0.15408404,-0.010906513,0.12498635,0.050480925,251.91588,247.57591,331.62927,-3.8859847,13.627769,0.32162166
8,32,10,0.0020971524,0.06528947,0.026624482,0.022087377,0.016577613,0.08158505,-0.00025921752,5.6551056,-0.46709347,10.969889,3.6913486,0.1631701,-0.00051843503,0.14861822,-0.012275392,0.12875408,0.043325525,251.96184,247.7696,332.04678,-3.224255,13.627769,0.31293607
8,33,10,0.0020971524,0.06476292,0.02769035,0.022140328,0.014932246,0.08320209,-0.003383449,5.66188,-0.3086837,10.411271,4.480224,0.16640417,-0.006766898,0.14879626,-0.008112319,0.12219757,0.0525846,252.03181,248.12042,332.46674,-4.1715403,13.626837,0.30434072
8,34,10,0.0020971524,0.06317294,0.024906226,0.022394696,0.015872017,0.07890853,0.0020450228,5.6943116,-0.746522,10.733893,4.446421,0.15781707,0.0040900456,0.14964858,-0.019618863,0.12598419,0.052187856,252.08115,248.44736,332.1067,-3.6998992,13.626837,0.31930158
8,35,10,0.0020971524,0.060900725,0.027324177,0.018099843,0.015476704,0.08265013,0.0015597696,5.119247,-0.719889,10.59938,3.953834,0.16530026,0.0031195392,0.13453566,-0.018918945,0.1244054,0.04640633,252.14708,248.57416,332.88345,-3.2339451,13.626837,0.27519056
8,36,10,0.0020971524,0.06281191,0.030894123,0.016848719,0.015069066,0.08788362,-0.001623538,4.9391484,-0.5105556,10.45886,4.2982826,0.17576724,-0.003247076,0.12980261,-0.01341758,0.12275612,0.05044914,252.14938,248.51024,333.1953,-3.7877269,13.626837,0.27277187
8,37,10,0.0020971524,0.058125697,0.02570667,0.017108042,0.015310987,0.0801665,0.0032849857,4.9770136,-0.84690017,10.54248,3.8021233,0.160333,0.0065699713,0.13079771,-0.022256842,0.12373757,0.044625696,252.12135,248.4035,332.50876,-2.955223,13.625919,0.29328236
8,38,10,0.0020971524,0.055508338,0.023197364,0.01654302,0.015767956,0.076153405,0.0003467485,4.894137,-0.9303088,10.6986475,2.9177868,0.15230681,0.000693497,0.12861967,-0.024448853,0.12557052,0.0342462,252.14967,248.42984,333.15222,-1.987478,13.625919,0.29641375
8,39,10,0.0020971524,0.06219078,0.030280167,0.015456306,0.016454305,0.08700599,-0.0017935659,4.730658,-0.8303881,10.929013,3.6454086,0.17401198,-0.0035871319,0.12432339,-0.0218229,0.12827434,0.04278633,252.15523,248.58008,333.43207,-2.8150206,13.625919,0.32657835
8,40,10,0.0020971524,0.052619588,0.020586485,0.016807724,0.015225376,0.07173996,0.005130583,4.9331365,-1.0280999,10.512966,3.527023,0.14347991,0.010261166,0.1296446,-0.027018832,0.12339115,0.041396834,252.08504,248.36348,332.76486,-2.4989233,13.625919,0.33906826
8,41,10,0.0020971524,0.056393366,0.025191765,0.017182717,0.014018881,0.07935957,0.0033060021,4.987864,-0.88010275,10.087833,2.2776577,0.15871914,0.0066120042,0.13108286,-0.02312942,0.118401356,0.026732974,252.03908,248.0483,333.17084,-1.397555,13.624968,0.27740973
8,42,10,0.0020971524,0.062420275,0.029190393,0.017202372,0.01602751,0.08542598,-0.0014467692,4.990716,-0.6658215,10.786344,3.1371577,0.17085196,-0.0028935384,0.13115782,-0.017498031,0.1265998,0.036820967,252.01361,247.98006,333.20273,-2.4713361,13.624968,0.31692657
8,43,10,0.0020971524,0.055714216,0.020882485,0.020326031,0.0145057,0.07225387,0.0047641024,5.4249406,-0.7799149,10.261493,3.1584713,0.14450774,0.009528205,0.1425694,-0.020496449,0.12043961,0.037071124,251.99176,247.97783,332.5105,-2.3785565,13.624968,0.33848667
8,44,10,0.0020971524,0.05812358,0.023941766,0.020017978,0.014163838,0.07736564,0.0022551368,5.383674,-0.7786708,10.1398535,2.8019967,0.15473127,0.0045102737,0.1414849,-0.020463746,0.11901192,0.03288717,252.00706,248.06224,332.88232,-2.023326,13.624968,0.3054983
8,45,10,0.0020971524,0.057066716,0.023174275,0.01893283,0.014959612,0.0761155,0.0018776085,5.23572,-0.487311,10.420808,2.6827312,0.152231,0.003755217,0.13759662,-0.012806706,0.12230949,0.03148734,252.0051,248.07855,332.94736,-2.1954203,13.623977,0.28059435
8,46,10,0.0020971524,0.056647375,0.021875141,0.02028292,0.014489314,0.07395124,0.004176733,5.4191837,-0.5959051,10.255695,3.0395064,0.14790247,0.008353466,0.14241812,-0.015660597,0.120371565,0.03567482,251.97905,248.04028,332.11313,-2.4436014,13.623977,0.30348918
8,47,10,0.0020971524,0.057194512,0.020332402,0.023028415,0.013833698,0.071295865,0.0012506477,5.7743177,-0.46667495,10.020984,2.4675536,0.14259173,0.0025012954,0.15175116,-0.012264383,0.11761674,0.028961789,252.03831,248.22813,332.869,-2.0008786,13.623977,0.28155878
8,48,10,0.0020971524,0.070861235,0.032341138,0.023285488,0.015234613,0.08991821,-0.0040963874,5.806459,-0.14849044,10.516154,3.224356,0.17983642,-0.008192775,0.15259583,-0.0039023776,0.123428576,0.037844412,252.10965,248.52644,333.5385,-3.0758655,13.623977,0.31675974
8,49,10,0.0020971524,0.06264514,0.02653338,0.021609627,0.01450213,0.08144535,0.0019614599,5.593612,-0.34697202,10.260231,2.5251336,0.1628907,0.0039229197,0.14700213,-0.009118546,0.12042479,0.029637601,252.14272,248.68427,333.08643,-2.1781616,13.622953,0.26107997
8,50,10,0.0020971524,0.061889917,0.026479524,0.019731443,0.015678948,0.08136265,-0.0006407898,5.3450046,-0.22195235,10.668408,1.7800608,0.1627253,-0.0012815796,0.14046866,-0.005832984,0.1252156,0.020892652,252.19241,248.73457,333.75696,-1.5581084,13.622953,0.23614702
8,51,10,0.0020971524,0.06421171,0.029234244,0.018559743,0.016417725,0.08549012,-0.0024315584,5.1838765,-0.20723066,10.916859,2.1591194,0.17098024,-0.004863117,0.13623415,-0.005446097,0.12813167,0.025341682,252.19551,248.64244,333.82965,-1.9518887,13.622953,0.23193851
8,52,10,0.0020971524,0.060564883,0.024025504,0.020778691,0.015760692,0.07750081,0.0044220677,5.485014,-0.47094697,10.696184,2.0027199,0.15500163,0.008844135,0.14414816,-0.012376655,0.1255416,0.02350601,252.15012,248.533,332.86258,-1.5317729,13.622953,0.25347877
8,53,10,0.0020971524,0.058299255,0.02469282,0.018482592,0.01512384,0.07856975,0.0032334249,5.1730914,-0.37218407,10.477852,0.7210509,0.1571395,0.0064668497,0.1359507,-0.009781131,0.12297902,0.008463007,252.1809,248.70003,333.35995,-0.34886685,13.621971,0.17806524
8,54,10,0.0020971524,0.05955492,0.028196158,0.018130368,0.013228392,0.08395856,-0.00018182637,5.1235614,-0.28455994,9.7992935,1.3776523,0.16791712,-0.00036365274,0.13464905,-0.007478336,0.11501475,0.016169567,252.21318,248.81104,333.64368,-1.0930923,13.621971,0.19362718
8,55,10,0.0020971524,0.052457903,0.02200365,0.018224249,0.012230004,0.07416814,0.004764823,5.1368103,-0.52501243,9.422248,1.5691929,0.14833628,0.009529646,0.13499722,-0.013797518,0.11058935,0.018417686,252.21913,248.88672,332.98636,-1.0441804,13.621971,0.21492943
8,56,10,0.0020971524,0.055495597,0.025108421,0.017209593,0.01317758,0.079228185,0.003141684,4.991763,-0.49716684,9.780456,0.9593643,0.15845637,0.006283368,0.13118534,-0.013065725,0.11479364,0.0112601025,252.27438,249.0953,333.85315,-0.46219745,13.621971,0.1696146
8,57,10,0.0020971524,0.05839209,0.026846606,0.017027598,0.014517885,0.08192467,-0.001038356,4.965299,-0.29976124,10.265801,1.0278457,0.16384934,-0.002076712,0.13048984,-0.007877836,0.120490186,0.012063872,252.36533,249.50667,334.50858,-0.7280845,13.620982,0.15287608
8,58,10,0.0020971524,0.054679956,0.022347203,0.01830052,0.014032234,0.0747449,0.0035551088,5.1475477,-0.58907264,10.092637,1.1696435,0.1494898,0.0071102176,0.13527942,-0.01548104,0.118457735,0.013728161,252.39323,249.67409,334.06107,-0.5805709,13.620982,0.18064976
8,59,10,0.0020971524,0.0513319,0.02111808,0.016704693,0.013509126,0.072660305,0.000463774,4.917993,-0.571261,9.902728,-0.025134154,0.14532061,0.000927548,0.12924664,-0.015012945,0.11622877,-0.00029500024,252.44942,249.68375,334.92447,0.59639513,13.620982,0.120797545
8,60,10,0.0020971524,0.06381165,0.034496423,0.015296216,0.01401901,0.09286606,-0.0033737377,4.706095,-0.5172646,10.087879,0.79493904,0.18573213,-0.0067474754,0.12367787,-0.013593904,0.1184019,0.009330236,252.52577,249.94774,335.39642,-0.27767444,13.620982,0.13973905
8,61,10,0.0020971524,0.048410974,0.020661205,0.015700946,0.012048827,0.07187003,0.004512703,4.767949,-0.6216739,9.352196,0.39391613,0.14374006,0.009025406,0.12530342,-0.016337816,0.10976715,0.0046234103,252.53725,250.08028,334.67062,0.22775775,13.620024,0.16598992
8,62,10,0.0020971524,0.05107473,0.024570681,0.015157163,0.011346884,0.07837519,0.00298692,4.684655,-0.6725191,9.075687,-0.6205542,0.15675038,0.00597384,0.12311443,-0.017674046,0.106521755,-0.0072834734,252.58064,250.26811,335.46466,1.2930733,13.620024,0.14988835
8,63,10,0.0020971524,0.0593843,0.030246012,0.015188122,0.013950171,0.0869569,0.0010890572,4.6894374,-0.62948257,10.063081,-0.5903664,0.1739138,0.0021781144,0.1232401,-0.016543029,0.11811084,-0.0069291554,252.58136,250.2564,335.60638,1.219849,13.620024,0.17248227
8,64,10,0.0020971524,0.048901223,0.021097118,0.016180437,0.011623666,0.07262424,0.005861757,4.840205,-0.8299142,9.185711,-0.23936385,0.14524847,0.011723514,0.12720235,-0.021810444,0.107813105,-0.0028094242,252.55035,250.25438,334.83215,1.069278,13.620024,0.17301416
8,65,10,0.0020971524,0.051692486,0.022670038,0.015346367,0.013676081,0.075282864,0.0035661666,4.713803,-0.6711137,9.963731,-1.5374,0.15056573,0.0071323332,0.12388045,-0.017637113,0.116944775,-0.018044537,252.60216,250.47398,335.57956,2.2085137,13.619069,0.16184817
8,66,10,0.0020971524,0.06500428,0.035421897,0.01667415,0.012908238,0.09410353,-0.0020899454,4.9134946,-0.42204404,9.679985,-0.7167398,0.18820706,-0.0041798907,0.12912843,-0.011091468,0.113614425,-0.008412406,252.65976,250.70833,336.13092,1.1387838,13.619069,0.15889475
8,67,10,0.0020971524,0.053933416,0.021564579,0.017976893,0.014391943,0.073424414,0.003941223,5.1018295,-0.6049788,10.221176,-0.37824643,0.14684883,0.007882446,0.13407794,-0.01589906,0.119966425,-0.004439494,252.67389,250.73686,335.66644,0.9832252,13.619069,0.19605115
8,68,10,0.0020971524,0.05452625,0.024086524,0.017470809,0.012968917,0.07759917,-0.00012002965,5.029505,-0.80189663,9.702711,-1.3330513,0.15519834,-0.0002400593,0.13217719,-0.021074131,0.113881156,-0.015646081,252.76274,250.96452,336.47464,2.134948,13.619069,0.1982321
8,69,10,0.0020971524,0.059015557,0.031276964,0.016088082,0.011650508,0.08842647,-0.0037077055,4.826372,-0.54437184,9.19631,-1.4140673,0.17685294,-0.007415411,0.1268388,-0.014306289,0.10793752,-0.016596973,252.83505,251.15874,337.0031,1.9584391,13.61814,0.21917371
8,70,10,0.0020971524,0.046764534,0.019275302,0.01630199,0.011187245,0.06941776,0.0018341807,4.8583517,-0.7789875,9.011619,-1.1285746,0.13883552,0.0036683613,0.12767924,-0.020472076,0.105769776,-0.013246132,252.8519,251.36858,336.59998,1.9075621,13.61814,0.20204619
8,71,10,0.0020971524,0.044706434,0.01897469,0.015316884,0.010414859,0.06887432,0.0015827782,4.709273,-0.9565342,8.694966,-2.1574879,0.13774864,0.0031655564,0.1237614,-0.02513806,0.10205322,-0.025322534,252.87784,251.49416,337.28256,3.114022,13.61814,0.21555504
8,72,10,0.0020971524,0.053526893,0.027574692,0.015219997,0.010732203,0.083028145,-0.0015784713,4.6943555,-0.80897915,8.826442,-1.6660936,0.16605629,-0.0031569425,0.12336935,-0.021260267,0.103596345,-0.01955502,252.89587,251.51012,337.60828,2.4750729,13.61814,0.2028174
8,73,10,0.0020971524,0.044227935,0.016551297,0.01600504,0.011671598,0.06432592,0.0035503106,4.813899,-0.7904635,9.20463,-1.6324973,0.12865184,0.0071006212,0.12651102,-0.020773668,0.10803517,-0.019160692,252.87343,251.55086,337.19073,2.4229608,13.61722,0.23144199
8,74,10,0.0020971524,0.045046434,0.019176312,0.01612707,0.009743048,0.06923928,0.0018462292,4.8322167,-0.8738949,8.409857,-2.3221264,0.13847856,0.0036924584,0.1269924,-0.022966271,0.09870688,-0.027254896,252.87091,251.51709,337.52454,3.1960213,13.61722,0.24683118
8,75,10,0.0020971524,0.053210184,0.028092794,0.014413446,0.010703942,0.083804525,-0.0015734844,4.568279,-0.67876863,8.814813,-2.0231555,0.16760905,-0.0031469688,0.12005601,-0.01783828,0.10345986,-0.023745868,252.86542,251.4641,337.72095,2.701924,13.61722,0.23629409
8,76,10,0.0020971524,0.04463359,0.017979043,0.015229201,0.011425348,0.06704298,0.005056837,4.6957746,-0.7200044,9.107013,-1.6772435,0.13408595,0.010113674,0.12340665,-0.018921975,0.10688942,-0.01968588,252.80084,251.27632,337.00867,2.3972478,13.61722,0.2473819
8,77,10,0.0020971524,0.046819784,0.019922905,0.015459619,0.0114372615,0.07057426,0.0038750921,4.7311645,-0.630271,9.111759,-2.9422534,0.14114852,0.0077501843,0.12433672,-0.016563747,0.106945135,-0.034533367,252.78654,251.159,337.3415,3.5725243,13.616283,0.26819128
8,78,10,0.0020971524,0.06334129,0.03739125,0.01428089,0.011669152,0.09668408,-0.0015653181,4.5472236,-0.47236463,9.203667,-2.296025,0.19336817,-0.0031306362,0.11950268,-0.012413912,0.10802385,-0.026948549,252.78233,251.1324,337.5868,2.7683897,13.616283,0.24649043
8,79,10,0.0020971524,0.04699141,0.018013949,0.01642986,0.012547601,0.06710803,0.0046300795,4.8773685,-0.44995576,9.543805,-1.7152772,0.13421606,0.009260159,0.12817901,-0.011825,0.112016074,-0.020132292,252.7467,251.06985,336.89093,2.165233,13.616283,0.22626522
8,80,10,0.0020971524,0.046842087,0.018500071,0.016213337,0.012128677,0.068007484,0.002792167,4.8451233,-0.5417257,9.383135,-2.7842386,0.13601497,0.005584334,0.1273316,-0.014236749,0.11013027,-0.03267873,252.77505,251.10196,337.4736,3.3259642,13.616283,0.25648627
8,81,10,0.0020971524,0.057358235,0.03041295,0.014657616,0.01228767,0.087196544,-0.0027224584,4.606811,-0.31302574,9.444434,-2.4163826,0.17439309,-0.005444917,0.12106864,-0.008226431,0.11084976,-0.028361192,252.81818,251.28009,337.96252,2.7294083,13.615283,0.24000032
8,82,10,0.0020971524,0.045659274,0.017278345,0.01616258,0.012218351,0.06572356,0.0034222093,4.8375335,-0.51277244,9.417758,-2.0277398,0.13144712,0.0068444186,0.12713213,-0.013475842,0.11053665,-0.023799676,252.82632,251.45638,337.436,2.540512,13.615283,0.24372388
8,83,10,0.0020971524,0.05259038,0.021946223,0.018118631,0.012525524,0.07407129,0.0015178308,5.1219034,-0.65930474,9.535406,-2.8520558,0.14814258,0.0030356615,0.13460547,-0.017326767,0.11191749,-0.033474706,252.9049,251.79282,338.33246,3.5113606,13.615283,0.28686398
8,84,10,0.0020971524,0.058757495,0.02976156,0.017217206,0.011778732,0.086257696,-0.002072108,4.992867,-0.4376901,9.246779,-2.3384738,0.17251539,-0.004144216,0.13121435,-0.011502652,0.108529866,-0.027446771,252.92926,251.83241,338.72916,2.7761638,13.615283,0.2719343
8,85,10,0.0020971524,0.04733203,0.0179826,0.016954333,0.012395094,0.06704961,0.003336609,4.9546046,-0.38987693,9.485628,-1.7365938,0.13409922,0.006673218,0.1302088,-0.010246105,0.11133326,-0.02038248,252.89284,251.7085,337.87033,2.1264708,13.614242,0.24379061
8,86,10,0.0020971524,0.051952187,0.020217927,0.018798394,0.012935865,0.07109488,0.0029439987,5.2170987,-0.51430535,9.690338,-2.3142817,0.14218976,0.0058879973,0.13710724,-0.01351613,0.113735944,-0.027162831,252.93742,251.88394,338.25885,2.828587,13.614242,0.29207313
8,87,10,0.0020971524,0.059843577,0.028235331,0.01874699,0.012861256,0.08401686,-0.0021860232,5.2099605,-0.53135645,9.662352,-1.8289189,0.16803372,-0.0043720463,0.13691965,-0.013964242,0.11340748,-0.021466104,252.99286,252.07329,338.7614,2.3602753,13.614242,0.28627238
8,88,10,0.0020971524,0.052837912,0.01943065,0.021167194,0.012240068,0.06969693,0.0028215481,5.536054,-0.7048323,9.426124,-1.6138564,0.13939387,0.0056430963,0.1454895,-0.01852325,0.11063484,-0.01894191,253.00568,252.14743,338.26578,2.3186889,13.614242,0.30011338
8,89,10,0.0020971524,0.057144936,0.02361799,0.021885952,0.011640992,0.07684073,0.001125286,5.62926,-0.5568587,9.192555,-1.9849248,0.15368146,0.002250572,0.14793901,-0.014634456,0.10789343,-0.023297153,253.09596,252.41385,338.95282,2.5417836,13.613146,0.32315373
8,90,10,0.0020971524,0.07097981,0.037917446,0.020555846,0.012506518,0.09736201,-0.003680395,5.4555225,-0.32611755,9.528168,-1.2906312,0.19472402,-0.00736079,0.1433731,-0.008570478,0.111832544,-0.0151482,253.1465,252.51993,339.2983,1.6167487,13.613146,0.30539298
8,91,10,0.0020971524,0.052763328,0.01867599,0.019633953,0.014453387,0.068330064,0.002550817,5.331784,-0.36525527,10.242973,-0.69418514,0.13666013,0.005101634,0.1401212,-0.009599036,0.12022224,-0.00814768,253.14868,252.63484,338.5151,1.0594404,13.613146,0.2720545
8,92,10,0.0020971524,0.054871917,0.020209113,0.020503012,0.014159793,0.07107938,0.0016238412,5.4485064,-0.41961646,10.138406,-1.6149782,0.14215876,0.0032476825,0.14318873,-0.011027673,0.11899493,-0.01895507,253.18474,252.73221,339.07205,2.0345945,13.613146,0.31064868
8,93,10,0.0020971524,0.06682041,0.034432758,0.018974224,0.013413431,0.09278033,-0.005029549,5.2414403,-0.2460643,9.867591,-1.1822515,0.18556066,-0.010059098,0.13774696,-0.0064666728,0.11581637,-0.013876138,253.21042,252.75366,339.52408,1.4283158,13.612,0.25945443
8,94,10,0.0020971524,0.057276458,0.022620039,0.021636156,0.013020264,0.0751998,0.0006325637,5.5970445,-0.37018824,9.721899,-0.81677306,0.1503996,0.0012651274,0.14709234,-0.009728687,0.11410637,-0.009586504,253.21193,252.89125,339.1141,1.1869613,13.612,0.2560931
8,95,10,0.0020971524,0.05801792,0.022152266,0.023594432,0.012271223,0.07441819,-0.00091818545,5.8448515,-0.475075,9.438112,-1.5084372,0.14883637,-0.0018363709,0.15360479,-0.012485143,0.11077555,-0.017704597,253.27191,253.14745,339.7101,1.9835122,13.612,0.31777838
8,96,10,0.0020971524,0.06901496,0.03209135,0.023050997,0.013872611,0.08957029,-0.008079985,5.777149,-0.4145449,10.0350685,-1.334882,0.17914058,-0.01615997,0.15182555,-0.0108943945,0.11778205,-0.015667567,253.2917,253.16043,340.10724,1.749427,13.612,0.31025222
8,97,10,0.0020971524,0.058979426,0.021029748,0.024174266,0.013775413,0.072508186,-0.0015088262,5.916234,-0.5384222,9.999851,-0.6710996,0.14501637,-0.0030176523,0.15548076,-0.014149928,0.117368706,-0.007876722,253.30066,253.26129,339.48596,1.2095218,13.610843,0.2763507
8,98,10,0.0020971524,0.05910126,0.02026321,0.024519304,0.014318748,0.07117445,-0.0031547588,5.9583054,-0.7447647,10.195153,-1.6444677,0.1423489,-0.0063095177,0.15658641,-0.019572696,0.11966097,-0.019301193,253.35345,253.34293,340.0056,2.3892324,13.610843,0.32845765
8,99,10,0.0020971524,0.0671619,0.029596193,0.022753282,0.014812432,0.08601772,-0.007053192,5.73972,-0.6785368,10.369418,-1.5174723,0.17203544,-0.014106384,0.1508419,-0.017832192,0.12170634,-0.017810643,253.41615,253.49231,340.57013,2.1960092,13.610843,0.32353857
8,100,10,0.0020971524,0.060677797,0.02297784,0.024034023,0.013665933,0.075792216,0.00023734276,5.899048,-0.733801,9.960036,-0.9930198,0.15158443,0.0004746855,0.1550291,-0.019284556,0.11690138,-0.011655121,253.43991,253.73155,340.34348,1.7268208,13.610843,0.3210914
9,1,10,0.001677722,0.10247076,0.029378438,0.056167666,0.016924657,0.0857007,0.0034519397,9.018034,-0.90671426,11.084119,0.50196886,0.1714014,0.0069038793,0.23699719,-0.023828762,0.1300948,0.005891629,253.74062,254.95595,341.05847,0.4047454,13.609692,0.6100359
9,2,10,0.001677722,0.10636436,0.0330222,0.055200826,0.018141337,0.090860054,0.00016483724,8.940081,-1.041917,11.475612,-0.46238354,0.18172011,0.00032967448,0.23494856,-0.027381964,0.13468978,-0.0054270257,253.77142,255.04755,341.53693,1.5043005,13.609692,0.62246895
9,3,10,0.001677722,0.105484106,0.03539123,0.05236464,0.017728232,0.09406278,-0.0028923182,8.707384,-0.8189956,11.3442,-0.22879429,0.18812557,-0.0057846364,0.22883321,-0.021523515,0.1331474,-0.0026853688,253.72014,254.73045,341.4401,1.0477899,13.609692,0.5967149
9,4,10,0.001677722,0.09645976,0.02820319,0.05082614,0.017430428,0.08396903,0.0024050835,8.578517,-0.7538725,11.248515,0.337386,0.16793805,0.004810167,0.22544654,-0.019812055,0.13202435,0.003959899,253.6025,254.28746,340.2299,0.4164865,13.609692,0.59650326
9,5,10,0.001677722,0.09240112,0.028064044,0.049205262,0.015131805,0.08376163,0.00066317304,8.44062,-0.6914055,10.480611,-0.5684025,0.16752326,0.0013263461,0.22182259,-0.018170396,0.1230114,-0.0066713635,253.52808,253.9289,340.4694,1.2598081,13.608698,0.5696364
9,6,10,0.001677722,0.09952911,0.034929167,0.04894592,0.015654018,0.09344673,-0.004401517,8.418349,-0.4473171,10.659925,-0.37115172,0.18689346,-0.008803034,0.22123724,-0.01175565,0.12511602,-0.004356228,253.43166,253.41635,340.29065,0.8184688,13.608698,0.5605438
9,7,10,0.001677722,0.08699401,0.023821387,0.047396477,0.015776144,0.07717089,0.0018062376,8.284031,-0.38405678,10.701426,-0.14462511,0.15434179,0.0036124752,0.21770732,-0.010093135,0.12560312,-0.0016974777,253.30844,252.86928,339.17184,0.5286819,13.608698,0.5610585
9,8,10,0.001677722,0.09049467,0.0268141,0.048996985,0.014683581,0.081875056,2.7210122e-5,8.422739,-0.3995913,10.32422,-1.0763291,0.16375011,5.4420245e-5,0.22135262,-0.0105014,0.121175826,-0.0126329195,253.26036,252.55402,339.23447,1.4759204,13.608698,0.57000273
9,9,10,0.001677722,0.088441566,0.030426318,0.04533523,0.012680015,0.08721571,-0.0050188894,8.101894,-0.31845847,9.59403,-0.28545928,0.17443141,-0.010037779,0.21292071,-0.008369186,0.11260557,-0.0033504432,253.22198,252.36348,339.34888,0.6039177,13.607619,0.5098012
9,10,10,0.001677722,0.07896239,0.022273974,0.043243367,0.0134450495,0.07462234,0.0007559041,7.9127674,-0.40356323,9.879214,0.13852777,0.14924468,0.0015118083,0.2079504,-0.010605783,0.11595279,0.0016259135,253.15152,252.11697,338.24222,0.26503545,13.607619,0.48746124
9,11,10,0.001677722,0.08051201,0.02637522,0.042056434,0.012080358,0.081202246,0.00086151424,7.803418,-0.5330552,9.364425,-0.84407073,0.16240449,0.0017230285,0.20507665,-0.014008879,0.10991068,-0.009906892,253.18233,252.1931,338.70984,1.377126,13.607619,0.49175984
9,12,10,0.001677722,0.08449709,0.03298747,0.038986225,0.012523388,0.090812266,-0.0033535764,7.513188,-0.4826452,9.534592,-0.6477254,0.18162453,-0.006707153,0.1974493,-0.012684085,0.111907944,-0.0076023834,253.22028,252.36517,339.3381,1.1303706,13.607619,0.4786317
9,13,10,0.001677722,0.06739019,0.021731146,0.03309279,0.0125662545,0.07370744,0.0020252047,6.9220605,-0.5266569,9.550897,0.061499238,0.14741488,0.0040504094,0.18191424,-0.013840742,0.112099305,0.00072181347,253.1804,252.35466,338.5989,0.4651577,13.6065035,0.41608137
9,14,10,0.001677722,0.06856943,0.022113884,0.03292468,0.013530865,0.07435369,0.0008151766,6.9044557,-0.58747387,9.910692,-0.8326726,0.14870737,0.0016303532,0.18145159,-0.015439029,0.11632225,-0.0097731175,253.14835,252.15141,338.7051,1.4201465,13.6065035,0.41464484
9,15,10,0.001677722,0.07693747,0.03107796,0.03198027,0.0138792405,0.08814471,-0.0031260655,6.8047113,-0.39957345,10.037466,-0.32312196,0.17628942,-0.006252131,0.17883028,-0.010500952,0.11781019,-0.003792499,253.13423,251.99489,338.68616,0.7226954,13.6065035,0.39957142
9,16,10,0.001677722,0.0684888,0.023533856,0.03173481,0.013220132,0.07670374,0.002198919,6.778548,-0.52165884,9.796234,-0.31773084,0.15340748,0.004397838,0.17814267,-0.013709372,0.114978835,-0.0037292158,253.10101,251.92212,337.94043,0.8393897,13.6065035,0.3924427
9,17,10,0.001677722,0.060677603,0.022211047,0.026510559,0.011955998,0.074516855,0.0011889491,6.1955247,-0.6435023,9.316099,-1.1673807,0.14903371,0.0023778982,0.16282064,-0.016911464,0.109343484,-0.013701605,253.1265,252.00229,338.44467,1.810883,13.605392,0.34315562
9,18,10,0.001677722,0.06781431,0.030158544,0.026697114,0.010958659,0.08683108,-0.0030060937,6.217286,-0.5218495,8.919077,-0.679246,0.17366216,-0.0060121873,0.16339251,-0.013714386,0.104683615,-0.00797234,253.13405,252.04195,338.54807,1.2010956,13.605392,0.33454645
9,19,10,0.001677722,0.057382394,0.019945046,0.025739664,0.0116976835,0.070613466,0.0031361643,6.104781,-0.679618,9.214912,-0.5763523,0.14122693,0.0062723286,0.16043586,-0.017860593,0.10815583,-0.006764672,253.08438,251.87709,337.62973,1.2559702,13.605392,0.32219273
9,20,10,0.001677722,0.05630476,0.020402472,0.02442195,0.011480339,0.07141861,0.002133062,5.9464645,-0.79789627,9.128902,-1.428282,0.14283723,0.004266124,0.15627524,-0.020968998,0.107146345,-0.016763812,253.07303,251.80252,337.74612,2.2261782,13.605392,0.3161954
9,21,10,0.001677722,0.056918778,0.025961382,0.020303901,0.010653497,0.08056268,-0.0021829112,5.4219856,-0.62233806,8.794017,-0.6535579,0.16112536,-0.0043658223,0.14249176,-0.016355269,0.10321578,-0.0076708384,253.01938,251.53575,337.75925,1.275896,13.604304,0.26907766
9,22,10,0.001677722,0.048378445,0.01859499,0.020214042,0.009569416,0.06818172,0.0025589725,5.409975,-0.60084087,8.334584,-0.36637902,0.13636345,0.005117945,0.14217609,-0.015790315,0.09782339,-0.00430021,252.86879,250.855,336.4959,0.9672199,13.604304,0.2631645
9,23,10,0.001677722,0.049695767,0.019411612,0.019672005,0.010612152,0.06966278,0.00018676178,5.3369474,-0.5202427,8.776937,-0.93912274,0.13932556,0.00037352357,0.14025693,-0.013672168,0.103015296,-0.011022523,252.78784,250.47395,336.41733,1.4593654,13.604304,0.25344583
9,24,10,0.001677722,0.05554623,0.0256103,0.01979555,0.01014038,0.08001609,-0.0048285387,5.3536806,-0.3540207,8.579626,-0.30602026,0.16003218,-0.0096570775,0.14069666,-0.009303796,0.100699455,-0.0035917736,252.77272,250.42136,336.4648,0.660041,13.604304,0.25481015
9,25,10,0.001677722,0.04424766,0.017389968,0.016720386,0.010137307,0.065935515,0.0015893672,4.920303,-0.7037608,8.578326,-0.13981281,0.13187103,0.0031787343,0.12930733,-0.01849509,0.100684196,-0.0016409869,252.76642,250.4132,335.7287,0.84357363,13.603253,0.20780095
9,26,10,0.001677722,0.043105748,0.017804576,0.014721359,0.010579812,0.066716895,0.00011052846,4.6168165,-0.72606915,8.763553,-0.7453446,0.13343379,0.00022105692,0.12133161,-0.019081363,0.102858216,-0.008748144,252.79822,250.4819,336.23703,1.4714137,13.603253,0.20236526
9,27,10,0.001677722,0.049325675,0.025234662,0.015027071,0.009063942,0.07942711,-0.00426958,4.6645083,-0.49285945,8.111475,-0.35870937,0.15885422,-0.00853916,0.122584954,-0.012952526,0.09520474,-0.0042101876,252.80807,250.51878,336.62814,0.8515688,13.603253,0.21488631
9,28,10,0.001677722,0.039982215,0.015982678,0.015251557,0.008747978,0.06321131,0.001665832,4.69922,-0.45627204,7.9688387,-0.2263414,0.12642261,0.003331664,0.123497196,-0.011991,0.093530625,-0.0026565797,252.77028,250.4826,335.9487,0.68261343,13.603253,0.21609615
9,29,10,0.001677722,0.038131416,0.017307822,0.011571629,0.009251964,0.0657796,0.0017742511,4.093228,-0.42680332,8.195174,-0.7844288,0.1315592,0.0035485022,0.107571505,-0.011216545,0.09618713,-0.009206876,252.70975,250.1663,336.0741,1.2112321,13.602274,0.2013064
9,30,10,0.001677722,0.042139016,0.020689212,0.0114879515,0.009961853,0.071918726,-0.0015599245,4.0784016,-0.2778434,8.503765,-0.089794524,0.14383745,-0.003119849,0.10718186,-0.0073018214,0.09980908,-0.0010539226,252.63863,249.8409,335.8761,0.3676379,13.602274,0.2122775
9,31,10,0.001677722,0.039544508,0.017650617,0.012540161,0.009353732,0.06642781,0.003811452,4.2610855,-0.45103386,8.240123,0.15869719,0.13285562,0.007622904,0.11198286,-0.011853332,0.09671469,0.001862636,252.55363,249.56895,334.76343,0.29233667,13.602274,0.22208586
9,32,10,0.001677722,0.03746453,0.016595764,0.011464392,0.009404373,0.06441227,0.002424771,4.0742173,-0.42319882,8.262399,-0.40998012,0.12882455,0.004849542,0.1070719,-0.011121819,0.096976146,-0.004811955,252.51907,249.3643,334.82666,0.83317894,13.602274,0.2057596
9,33,10,0.001677722,0.044536024,0.02335717,0.012608762,0.008570095,0.07641526,-0.002136745,4.272725,-0.20840289,7.8874025,0.6364234,0.15283053,-0.00427349,0.11228874,-0.0054769027,0.092574805,0.007469731,252.49095,249.17233,334.70532,-0.42802054,13.601385,0.23094721
9,34,10,0.001677722,0.03795182,0.015056804,0.013574369,0.009320647,0.061353084,0.0019358731,4.433314,-0.37277937,8.225536,0.52392155,0.12270617,0.0038717461,0.116509095,-0.009796777,0.0965435,0.0061492897,252.45995,249.0403,334.13004,-0.15114218,13.601385,0.24702318
9,35,10,0.001677722,0.037431516,0.015312582,0.011132053,0.010986878,0.06187201,0.00018532581,4.0147295,-0.527694,8.9305525,-0.364393,0.12374402,0.00037065163,0.10550854,-0.01386799,0.10481831,-0.0042768996,252.46849,249.07314,334.6041,0.892087,13.601385,0.23473576
9,36,10,0.001677722,0.044692103,0.022773452,0.010977802,0.010940849,0.07545438,-0.0036228597,3.9868174,-0.32125238,8.911827,0.47075886,0.15090875,-0.0072457194,0.104775004,-0.008442627,0.104598515,0.0055253194,252.45041,249.06822,334.80164,-0.14950648,13.601385,0.23789766
9,37,10,0.001677722,0.038427472,0.016171223,0.011931706,0.010324544,0.06358306,0.0015563426,4.156425,-0.46569785,8.657185,0.8296875,0.12716612,0.0031126852,0.10923235,-0.012238707,0.10160977,0.009738082,252.39792,248.94357,334.19476,-0.36398962,13.600614,0.25436407
9,38,10,0.001677722,0.03705055,0.016107725,0.010758524,0.0101843,0.06345811,0.00015444912,3.946799,-0.42693803,8.598186,-0.20934862,0.12691621,0.00030889825,0.1037233,-0.011220085,0.100917295,-0.0024571326,252.37317,248.76985,334.46042,0.6362866,13.600614,0.2507426
9,39,10,0.001677722,0.041597795,0.019767692,0.01208825,0.009741854,0.07029881,-0.0031551563,4.1836023,-0.1478152,8.409342,0.74741495,0.14059763,-0.0063103125,0.10994658,-0.003884637,0.09870083,0.008772444,252.34447,248.66125,334.2612,-0.5995997,13.600614,0.27609777
9,40,10,0.001677722,0.03917746,0.01615464,0.012777164,0.010245655,0.06355045,0.0015355364,4.301163,-0.23269357,8.624046,0.9414734,0.1271009,0.0030710727,0.11303612,-0.0061152717,0.101220824,0.011050117,252.27348,248.41635,333.28674,-0.7087799,13.600614,0.27739733
9,41,10,0.001677722,0.040065065,0.016515777,0.012091345,0.011457941,0.06425686,0.000882761,4.184138,-0.29235277,9.119992,0.48396087,0.12851372,0.001765522,0.10996065,-0.0076831398,0.10704177,0.005680271,252.26799,248.39021,333.6257,-0.1916081,13.599962,0.26849285
9,42,10,0.001677722,0.04555591,0.021070108,0.01339394,0.011091861,0.07257773,-0.0025703125,4.4037523,-0.10259609,8.97312,1.35288,0.14515546,-0.005140625,0.11573219,-0.0026962697,0.105317906,0.015878815,252.24176,248.34525,333.55106,-1.250284,13.599962,0.2980242
9,43,10,0.001677722,0.04405637,0.017907875,0.015208042,0.010940453,0.066910155,0.0014682179,4.6925116,-0.05843731,8.911665,1.63797,0.13382031,0.0029364359,0.12332089,-0.0015357528,0.10459662,0.019224929,252.18611,248.1845,332.6748,-1.5795326,13.599962,0.332274
9,44,10,0.001677722,0.04624808,0.017680433,0.015690653,0.012876994,0.06648389,-0.0007820792,4.7663846,0.014255947,9.6682625,1.0522856,0.13296779,-0.0015641584,0.12526233,0.00037465192,0.11347684,0.012350724,252.17227,248.05417,332.86984,-1.0665416,13.599962,0.33528745
9,45,10,0.001677722,0.055393074,0.02541131,0.018160677,0.011821087,0.07970463,-0.0040224735,5.1278424,0.087274805,9.26339,2.0993702,0.15940925,-0.008044947,0.13476156,0.0022936156,0.108724825,0.024640402,252.20233,248.11926,332.9098,-2.186645,13.599419,0.3228611
9,46,10,0.001677722,0.047247283,0.017427899,0.01784065,0.011978734,0.06600738,0.0014578283,5.0824604,-0.19774535,9.324954,1.9521396,0.13201477,0.0029156567,0.1335689,-0.005196822,0.109447405,0.022912348,252.236,248.30563,332.4782,-1.7543943,13.599419,0.32319626
9,47,10,0.001677722,0.052314803,0.0193137,0.018622851,0.01437825,0.06948687,-8.153996e-5,5.1926823,-0.18233791,10.216313,1.4152334,0.13897374,-0.00016307992,0.13646556,-0.0047919173,0.11990934,0.01661066,252.27315,248.45847,333.03824,-1.2328955,13.599419,0.3282329
9,48,10,0.001677722,0.05745994,0.024683297,0.020203296,0.012573347,0.07855459,-0.0024487711,5.4085364,-0.008963768,9.553592,1.8136927,0.15710919,-0.0048975423,0.1421383,-0.00023557682,0.11213094,0.021287393,252.26567,248.49664,333.38077,-1.8047289,13.599419,0.3350983
9,49,10,0.001677722,0.054367747,0.020927757,0.021387497,0.012052494,0.072332144,0.0018556459,5.564788,-0.15594266,9.353619,2.032058,0.14466429,0.0037112918,0.14624465,-0.0040982324,0.10978385,0.023850357,252.23793,248.541,332.8136,-1.8761153,13.598947,0.3394156
9,50,10,0.001677722,0.051899508,0.019443862,0.020521818,0.011933824,0.069720626,0.0012161979,5.4510055,-0.2468788,9.307456,1.3247228,0.13944125,0.0024323957,0.14325438,-0.0064880606,0.109242044,0.015548333,252.23166,248.49341,333.1571,-1.0778439,13.598947,0.32790273
9,51,10,0.001677722,0.05685942,0.024357233,0.020297766,0.012204419,0.07803402,-0.0011959386,5.4211664,-0.2746753,9.412386,2.020666,0.15606804,-0.0023918771,0.14247023,-0.007218563,0.11047361,0.023716645,252.23328,248.54472,333.24338,-1.7459905,13.598947,0.33653325
9,52,10,0.001677722,0.05438949,0.021385252,0.02056012,0.012444122,0.073118486,0.0029860786,5.45609,-0.29877,9.50437,2.188141,0.14623697,0.005972157,0.143388,-0.007851784,0.11155322,0.02568231,252.19879,248.49524,332.6145,-1.8893712,13.598947,0.3423907
9,53,10,0.001677722,0.05442981,0.02101859,0.020455787,0.012955432,0.07248895,0.0011242124,5.442228,-0.10738827,9.697665,1.6381572,0.1449779,0.0022484248,0.14302373,-0.0028221991,0.11382193,0.019227121,252.17795,248.37248,332.95706,-1.530769,13.598494,0.31371665
9,54,10,0.001677722,0.0608072,0.02487022,0.0222697,0.01366728,0.07885148,-0.0021559505,5.6783986,0.124050565,9.9605255,2.1835546,0.15770295,-0.004311901,0.14923036,0.0032600923,0.11690714,0.025628487,252.14543,248.20512,332.94742,-2.3076053,13.598494,0.33782732
9,55,10,0.001677722,0.057852924,0.019399988,0.024865277,0.013587662,0.06964192,0.0014419054,6.000195,0.030383639,9.931472,1.9093212,0.13928384,0.0028838108,0.15768728,0.0007984807,0.11656613,0.022409787,252.11322,248.1345,332.3109,-1.9397048,13.598494,0.38218856
9,56,10,0.001677722,0.06110588,0.020201055,0.026632277,0.014272547,0.07106521,0.00023550533,6.2097316,0.14826904,10.178691,1.6209276,0.14213042,0.00047101066,0.16319399,0.0038965542,0.119467765,0.019024897,252.09647,248.08817,332.5738,-1.7691966,13.598494,0.39030668
9,57,10,0.001677722,0.06873389,0.024180563,0.029298183,0.015255146,0.077750504,-0.0031080283,6.513119,0.5782144,10.523238,2.7315319,0.15550101,-0.0062160566,0.17116712,0.015195683,0.123511724,0.032060113,252.04471,247.9225,332.28488,-3.3097463,13.598039,0.40015486
9,58,10,0.001677722,0.07062304,0.02387667,0.030899253,0.015847115,0.07726039,0.0010766516,6.6887145,0.31844985,10.725469,3.01756,0.15452078,0.0021533032,0.17578183,0.008368974,0.12588532,0.035417236,252.02606,248.0105,331.51755,-3.33601,13.598039,0.40662703
9,59,10,0.001677722,0.07070585,0.024251534,0.030145204,0.016309114,0.07786452,-0.00040472616,6.6065965,0.48861694,10.880689,2.6514544,0.15572904,-0.0008094523,0.17362374,0.012841037,0.12770714,0.031120243,252.06474,248.07942,332.14606,-3.1400714,13.598039,0.40800512
9,60,10,0.001677722,0.07591694,0.027991643,0.031258218,0.016667077,0.08365352,-0.004553222,6.727454,0.6366454,10.999451,3.325807,0.16730703,-0.009106444,0.17679994,0.016731286,0.12910104,0.039035153,252.09174,248.1862,332.49323,-3.9624524,13.598039,0.42433318
9,61,10,0.001677722,0.075568765,0.025688456,0.031959236,0.017921079,0.080138095,2.0561194e-5,6.8024735,0.60934925,11.405736,2.7846787,0.16027619,4.112239e-5,0.17877147,0.016013935,0.13386963,0.032683905,252.06407,248.1158,331.988,-3.394028,13.597597,0.4184236
9,62,10,0.001677722,0.07483087,0.021829972,0.034300093,0.018700799,0.073874846,-0.0017834883,7.047195,0.76948994,11.651218,2.0267398,0.14774969,-0.0035669766,0.18520284,0.020222485,0.13675086,0.023787942,252.03564,247.96768,332.47348,-2.7962298,13.597597,0.43448335
9,63,10,0.001677722,0.08275887,0.026330825,0.03749209,0.018935964,0.08113388,-0.002748511,7.367811,0.8978119,11.724245,2.6738944,0.16226776,-0.005497022,0.19362874,0.023594832,0.137608,0.03138362,251.9428,247.54143,332.0734,-3.5717063,13.597597,0.45201722
9,64,10,0.001677722,0.0809124,0.022788966,0.038138226,0.01998521,0.07548007,0.0013446576,7.4310274,0.7037307,12.044689,2.840679,0.15096015,0.0026893152,0.1952901,0.018494299,0.14136906,0.03334118,251.86707,247.26414,330.9987,-3.5444098,13.597597,0.460179
9,65,10,0.001677722,0.07914176,0.024031745,0.036007315,0.0191027,0.07751088,-1.3205439e-5,7.2204466,0.7700872,11.77575,2.2411401,0.15502176,-2.6410878e-5,0.18975593,0.020238163,0.13821252,0.02630436,251.89873,247.32173,331.2819,-3.0112274,13.597204,0.41305682
9,66,10,0.001677722,0.08239613,0.028221235,0.034918357,0.019256538,0.083995886,-0.0024020448,7.1104255,0.93855935,11.8230715,3.0855494,0.16799177,-0.0048040897,0.18686454,0.024665684,0.13876793,0.036215235,251.96793,247.65504,331.753,-4.024109,13.597204,0.4290297
9,67,10,0.001677722,0.081817254,0.027383557,0.035877604,0.018556094,0.08273989,0.0008664799,7.207429,0.7015446,11.606051,3.3029735,0.16547978,0.0017329598,0.18941385,0.018436832,0.13622075,0.038767155,251.98862,247.95135,331.3458,-4.004518,13.597204,0.433169
9,68,10,0.001677722,0.081826106,0.026522003,0.03643982,0.018864283,0.08142789,-0.00018279985,7.2636814,0.54738146,11.702034,2.7656753,0.16285577,-0.0003655997,0.19089217,0.014385392,0.13734731,0.032460857,252.0264,248.03235,331.64154,-3.3130567,13.597204,0.41909727
9,69,10,0.001677722,0.08628345,0.030841308,0.03743281,0.018009333,0.08780847,-0.002631736,7.3619843,0.7005307,11.433786,3.0272534,0.17561693,-0.005263472,0.1934756,0.018410191,0.13419886,0.035531014,252.07294,248.17093,331.74673,-3.7277842,13.596811,0.40247524
9,70,10,0.001677722,0.0830691,0.02950794,0.03590799,0.017653164,0.08588938,0.000657284,7.2104807,0.33358487,11.320157,2.8991637,0.17177875,0.001314568,0.18949404,0.008766724,0.1328652,0.03402761,252.1219,248.46547,331.66687,-3.2327485,13.596811,0.41356146
9,71,10,0.001677722,0.08132596,0.027428059,0.03569636,0.018201541,0.082807094,-0.00013053289,7.189201,0.17731191,11.4946375,2.1078336,0.16561419,-0.00026106578,0.1889348,0.0046598404,0.13491309,0.024739733,252.16547,248.66556,332.28284,-2.2851455,13.596811,0.40766072
9,72,10,0.001677722,0.09025754,0.032366667,0.0379101,0.019980771,0.08995369,-0.0023736795,7.40877,0.4053337,12.043351,2.9422042,0.17990738,-0.004747359,0.19470516,0.01065232,0.14135335,0.03453278,252.1982,248.86093,332.47827,-3.347538,13.596811,0.42442936
9,73,10,0.001677722,0.08497146,0.028999768,0.036585692,0.019385997,0.08514659,0.0011395945,7.278206,0.2937619,11.862747,2.7857015,0.17029318,0.002279189,0.19127387,0.0077201575,0.1392336,0.032695904,252.19539,248.92334,331.95834,-3.0794635,13.596376,0.38917524
9,74,10,0.001677722,0.086770006,0.029964099,0.036544554,0.020261355,0.086550705,-0.00066233537,7.2741117,0.4420237,12.127618,2.1222744,0.17310141,-0.0013246707,0.1911663,0.011616548,0.14234239,0.024909228,252.21425,248.83,332.46817,-2.5642982,13.596376,0.38405952
9,75,10,0.001677722,0.086806044,0.029799813,0.038032856,0.018973375,0.08631311,-0.0033929686,7.4207554,0.6894647,11.735822,2.5668643,0.17262623,-0.006785937,0.19502014,0.018119387,0.13774388,0.030127404,252.23619,248.92381,332.74554,-3.256329,13.596376,0.4017873
9,76,10,0.001677722,0.082241625,0.029008796,0.03456562,0.018667202,0.085159846,0.00036008836,7.07442,0.2571445,11.640745,2.393285,0.17031969,0.00072017673,0.18591832,0.006757857,0.13662797,0.028090097,252.23796,249.13048,332.09082,-2.6504295,13.596376,0.41396692
9,77,10,0.001677722,0.07930201,0.030202977,0.03152302,0.017576018,0.08689502,-0.0013206045,6.7558904,0.34153315,11.295396,1.5805959,0.17379004,-0.002641209,0.17754723,0.008975612,0.13257457,0.018551528,252.28058,249.2732,332.6389,-1.922129,13.595952,0.3742808
9,78,10,0.001677722,0.079222396,0.027952192,0.034560386,0.016709821,0.083594546,-0.0022199557,7.073884,0.5900013,11.013544,2.050729,0.16718909,-0.0044399113,0.18590423,0.015505454,0.12926647,0.024069505,252.31238,249.23604,332.9068,-2.6407304,13.595952,0.37520295
9,79,10,0.001677722,0.07904565,0.027900353,0.0352206,0.015924696,0.08351699,0.0007402879,7.1411324,0.3586093,10.751692,2.1127949,0.16703399,0.0014805758,0.18767153,0.0094243875,0.12619309,0.024797969,252.32657,249.38533,332.3638,-2.471404,13.595952,0.3882097
9,80,10,0.001677722,0.08274981,0.029700672,0.03536922,0.017679913,0.086169414,0.0006856833,7.156183,0.45750505,11.328731,1.6149333,0.17233883,0.0013713666,0.18806706,0.0120234005,0.13296583,0.018954543,252.32927,249.4707,332.92654,-2.0724382,13.595952,0.38867152
9,81,10,0.001677722,0.080946766,0.03013693,0.03400461,0.016805224,0.08679996,-0.0025009643,7.0167756,0.8246224,11.044939,2.1671016,0.17359991,-0.0050019287,0.18440339,0.021671377,0.12963496,0.025435373,252.29393,249.41663,332.99472,-2.991724,13.59556,0.37385505
9,82,10,0.001677722,0.07705392,0.0256756,0.034599185,0.016779136,0.08011804,0.0006655572,7.0778537,0.73435974,11.036364,1.9144477,0.16023608,0.0013311144,0.18600856,0.019299222,0.1295343,0.022469958,252.25716,249.27153,332.19696,-2.6488075,13.59556,0.39290887
9,83,10,0.001677722,0.07997564,0.02912589,0.03431074,0.016539015,0.085331544,-0.0008979193,7.04829,0.9270732,10.95711,1.6283507,0.17066309,-0.0017958386,0.18523158,0.024363812,0.1286041,0.019112026,252.29521,249.37476,332.73938,-2.555424,13.59556,0.38852307
9,84,10,0.001677722,0.08362866,0.031608645,0.036108013,0.015912006,0.0888941,-0.004061126,7.230536,1.0945514,10.747408,2.2644544,0.1777882,-0.008122252,0.19002108,0.028765216,0.1261428,0.026578002,252.28125,249.25284,332.7978,-3.359006,13.59556,0.39701006
9,85,10,0.001677722,0.07652216,0.027329084,0.03409892,0.015094153,0.08265755,-5.111956e-5,7.0264993,1.0894158,10.467563,1.5555542,0.1653151,-0.00010223912,0.18465893,0.028630218,0.12285826,0.01825761,252.22656,248.97948,332.11508,-2.64497,13.595238,0.37194493
9,86,10,0.001677722,0.07855991,0.026833242,0.03468619,0.017040486,0.08190428,-0.0006824773,7.086747,1.0979257,11.121983,0.61650646,0.16380855,-0.0013649546,0.18624228,0.028853888,0.13053921,0.007235965,252.22984,248.9274,332.64914,-1.7144321,13.595238,0.3660816
9,87,10,0.001677722,0.080949865,0.028940769,0.03556952,0.01643958,0.08505993,-0.0029936817,7.176417,1.3168962,10.924123,1.2795603,0.17011987,-0.0059873634,0.18859883,0.03460851,0.12821692,0.015018253,252.212,248.81668,332.87982,-2.5964565,13.595238,0.38645864
9,88,10,0.001677722,0.07690287,0.024629494,0.035796326,0.016477052,0.07846893,0.0010156109,7.19926,1.042411,10.936564,1.2538743,0.15693787,0.0020312218,0.18919916,0.027394954,0.12836297,0.014716781,252.16206,248.68408,332.19382,-2.2962852,13.595238,0.3888831
9,89,10,0.001677722,0.072635636,0.024079595,0.032352027,0.016204014,0.07758801,0.00048593903,6.844148,1.1391639,10.845573,0.06971494,0.15517601,0.00097187806,0.17986669,0.029937645,0.12729499,0.00081824895,252.14485,248.60365,332.5876,-1.2088788,13.5949955,0.3401069
9,90,10,0.001677722,0.07972959,0.03162102,0.031908967,0.016199606,0.0889115,-0.0040336493,6.7971215,1.377433,10.844099,0.6789498,0.177823,-0.008067299,0.17863081,0.036199436,0.12727767,0.007968868,252.13368,248.52849,332.68143,-2.0563827,13.5949955,0.3453207
9,91,10,0.001677722,0.07187077,0.025177293,0.030295182,0.016398294,0.07933677,-0.00024735363,6.623011,1.0677818,10.910397,0.40374154,0.15867354,-0.00049470726,0.17405511,0.028061686,0.12805583,0.004738734,252.13313,248.60579,332.30255,-1.4715233,13.5949955,0.33741006
9,92,10,0.001677722,0.07326912,0.025799058,0.030397063,0.017072996,0.08031043,-0.0030595858,6.634138,1.1240126,11.132587,-0.46571335,0.16062085,-0.0061191716,0.17434753,0.029539462,0.13066368,-0.005466101,252.18361,248.77875,333.13605,-0.6582992,13.5949955,0.33772692
9,93,10,0.001677722,0.0773081,0.032390278,0.02739641,0.017521413,0.089986496,-0.0046586213,6.298187,1.2278641,11.277836,-0.50752074,0.17997299,-0.009317243,0.16551861,0.032268718,0.13236848,-0.005956793,252.2492,249.20845,333.57947,-0.7203434,13.594826,0.3134912
9,94,10,0.001677722,0.069387324,0.02429747,0.028589454,0.016500399,0.07793823,0.00031371738,6.433861,0.9455614,10.944311,-0.121851295,0.15587646,0.00062743475,0.16908416,0.024849683,0.12845388,-0.0014301768,252.28548,249.45372,333.13574,-0.8237101,13.594826,0.31671247
9,95,10,0.001677722,0.07249637,0.027315779,0.027843567,0.017337028,0.08263743,0.0010439457,6.349377,0.77637875,11.218339,-0.71985966,0.16527486,0.0020878913,0.16686392,0.020403503,0.13167015,-0.008449024,252.35428,249.67982,333.64758,-0.05651909,13.594826,0.2921705
9,96,10,0.001677722,0.073276624,0.029207835,0.027081108,0.016987683,0.0854515,-0.0010956576,6.2618384,1.0627848,11.104738,-0.15500456,0.170903,-0.0021913152,0.16456339,0.02793037,0.1303368,-0.0018192976,252.32993,249.64622,333.73828,-0.90778023,13.594826,0.2997102
9,97,10,0.001677722,0.06302165,0.022348154,0.024297047,0.016376449,0.0747465,0.0041232686,5.931239,1.0631186,10.903128,-0.64955586,0.149493,0.008246537,0.1558751,0.027939139,0.1279705,-0.0076238676,252.21303,249.18951,332.80316,-0.41356272,13.594724,0.29004687
9,98,10,0.001677722,0.06487809,0.023644077,0.024719171,0.016514843,0.07688315,0.0008419898,5.9825406,1.2135946,10.9491,-1.2878307,0.1537663,0.0016839796,0.15722331,0.031893708,0.12851009,-0.015115326,252.17772,248.87634,333.06528,0.074236155,13.594724,0.27764964
9,99,10,0.001677722,0.07237463,0.029930642,0.02478965,0.017654335,0.08650237,-0.0013667763,5.9910636,1.2376097,11.320533,-0.70327467,0.17300475,-0.0027335526,0.1574473,0.032524828,0.13286962,-0.008254365,252.1865,248.87062,333.022,-0.5343351,13.594724,0.27483854
9,100,10,0.001677722,0.06260644,0.023531983,0.024084216,0.0149902385,0.07670069,0.002779385,5.905204,0.9333294,10.43147,-0.46215272,0.15340137,0.00555877,0.1551909,0.02452823,0.12243463,-0.005424308,252.21654,249.11888,332.59103,-0.47117668,13.594724,0.25029448
10,1,10,0.0013421776,0.07022396,0.019130027,0.032376606,0.018717328,0.06915567,0.00025627913,6.8467484,0.30643108,11.656365,-1.0516521,0.13831134,0.00051255827,0.17993501,0.008053119,0.13681129,-0.012343288,253.41559,253.83649,339.99435,0.745221,13.594623,0.5224287
10,2,10,0.0013421776,0.074795835,0.023404326,0.033037495,0.018354015,0.07649236,-0.0015357481,6.916274,0.27275547,11.542684,-1.2480915,0.15298472,-0.0030714963,0.18176219,0.0071681147,0.13547699,-0.014648912,253.44745,253.93979,339.9921,0.97533596,13.594623,0.54708195
10,3,10,0.0013421776,0.09061624,0.03732332,0.032817204,0.02047572,0.09659622,-0.0056907963,6.8931775,0.17063025,12.191603,-1.2913948,0.19319244,-0.011381593,0.18115519,0.0044842246,0.14309339,-0.01515716,253.47958,254.03212,340.3548,1.1207646,13.594623,0.544742
10,4,10,0.0013421776,0.07564113,0.020922543,0.034058873,0.020659713,0.072323136,-0.0010664185,7.0223713,0.046253398,12.246258,-1.1676892,0.14464627,-0.002132837,0.18455046,0.0012155615,0.14373487,-0.013705215,253.45493,254.00685,339.9411,1.1214358,13.594623,0.56040025
10,5,10,0.0013421776,0.084755085,0.023308072,0.04021569,0.021231323,0.07633491,-0.0017003184,7.630737,0.06586233,12.414515,-1.6901754,0.15266982,-0.0034006368,0.2005385,0.0017308756,0.14570972,-0.01983767,253.47072,254.01053,340.36462,1.6243131,13.594419,0.59480184
10,6,10,0.0013421776,0.094775744,0.032040965,0.039985362,0.022749415,0.08949995,-0.0066630617,7.6088533,0.12053241,12.850686,-1.3174665,0.1789999,-0.013326123,0.1999634,0.0031676292,0.15082909,-0.015463167,253.49496,254.05989,340.8343,1.1969341,13.594419,0.5879449
10,7,10,0.0013421776,0.0838544,0.019525036,0.040574167,0.023755196,0.06986601,-0.00051902334,7.664671,0.0330883,13.131687,-1.0531237,0.13973202,-0.0010380467,0.2014303,0.000869568,0.15412721,-0.012360558,253.4988,254.10957,340.31738,1.0200354,13.594419,0.59696007
10,8,10,0.0013421776,0.09299269,0.025357869,0.042939834,0.024694994,0.07962077,-0.0012846916,7.8849487,0.004658863,13.388923,-1.2318853,0.15924154,-0.0025693832,0.20721929,0.000122446,0.15714641,-0.014458688,253.5411,254.26643,340.38123,1.2272265,13.594419,0.64179325
10,9,10,0.0013421776,0.09518828,0.028783925,0.043375,0.023029355,0.08482913,-0.005939036,7.9248023,-0.13002923,12.929511,-1.2023448,0.16965826,-0.011878072,0.20826666,-0.0034172125,0.15175426,-0.014111974,253.6289,254.69054,341.10318,1.332374,13.594096,0.6375318
10,10,10,0.0013421776,0.08950809,0.021262513,0.044102743,0.024142832,0.07290836,0.0001482168,7.991007,-0.13127321,13.238395,-0.91451657,0.14581671,0.0002964336,0.21000654,-0.0034499168,0.15537964,-0.010733715,253.69421,255.02621,340.9781,1.0457897,13.594096,0.65603536
10,11,10,0.0013421776,0.096378416,0.024893243,0.046902627,0.02458255,0.07888796,-0.00012548719,8.240759,-0.34197167,13.358406,-1.6245311,0.15777592,-0.00025097438,0.21657014,-0.0089871185,0.15678823,-0.019067183,253.73773,255.08438,341.22046,1.9665028,13.594096,0.69155294
10,12,10,0.0013421776,0.10698652,0.037586413,0.04443358,0.024966527,0.09693608,-0.0036482194,8.020921,-0.2601605,13.462334,-1.2407374,0.19387215,-0.007296439,0.21079274,-0.0068371175,0.158008,-0.0145625705,253.74796,255.07758,341.3583,1.5008979,13.594096,0.6790836
10,13,10,0.0013421776,0.08665787,0.02088482,0.041124053,0.024648996,0.072257906,0.0026205832,7.716434,-0.3332746,13.37645,-0.6480371,0.14451581,0.0052411663,0.20279066,-0.008758578,0.15699999,-0.007606037,253.7036,254.97644,340.47403,0.9813117,13.593636,0.62351984
10,14,10,0.0013421776,0.090302385,0.023278717,0.042790487,0.024233187,0.07628682,0.0014992257,7.8712244,-0.20426078,13.263144,-1.1788671,0.15257365,0.0029984515,0.20685862,-0.0053680353,0.15567012,-0.01383642,253.73761,255.08168,340.75568,1.3831279,13.593636,0.6396869
10,15,10,0.0013421776,0.10832536,0.041576594,0.042870417,0.023878353,0.101951696,-0.004062618,7.878573,-0.107127644,13.165683,-1.2152528,0.20390339,-0.008125236,0.20705172,-0.0028153574,0.15452622,-0.014263469,253.8018,255.37843,341.48273,1.3223804,13.593636,0.6415394
10,16,10,0.0013421776,0.08990136,0.023340493,0.041796524,0.024764342,0.07638798,0.0037680657,7.779268,-0.33629337,13.407708,-1.170346,0.15277596,0.0075361314,0.20444198,-0.008837907,0.1573669,-0.013736412,253.82516,255.60014,341.26593,1.5066394,13.593636,0.637892
10,17,10,0.0013421776,0.09269804,0.025398869,0.04394589,0.02335328,0.079685114,0.0029701446,7.976784,-0.6209769,13.020124,-1.9847307,0.15937023,0.0059402892,0.20963275,-0.01631952,0.1528178,-0.023294883,253.87218,255.72751,341.67258,2.6057076,13.593054,0.61059695
10,18,10,0.0013421776,0.10112779,0.033690147,0.043189876,0.024247762,0.09177438,-0.0029158955,7.9078727,-0.50137913,13.267131,-1.495145,0.18354876,-0.005831791,0.20782174,-0.013176412,0.15571693,-0.01754859,253.90392,255.90373,342.11508,1.9965241,13.593054,0.5968804
10,19,10,0.0013421776,0.09239009,0.025183417,0.041160025,0.026046652,0.07934642,0.003835853,7.719808,-0.49330077,13.750459,-0.9607612,0.15869284,0.007671706,0.20287934,-0.012964109,0.16138975,-0.011276496,253.85991,255.80319,341.47006,1.454062,13.593054,0.5940146
10,20,10,0.0013421776,0.09487981,0.024577625,0.045404617,0.024897568,0.07838626,0.0017725476,8.108091,-0.5274419,13.443727,-1.6354735,0.15677252,0.0035450952,0.2130836,-0.013861339,0.15778963,-0.019195626,253.83424,255.61409,341.67465,2.1629155,13.593054,0.62403226
10,21,10,0.0013421776,0.11104251,0.045404688,0.043471225,0.022166597,0.10654188,-0.0037170886,7.9335876,-0.53259015,12.685007,-1.3169125,0.21308376,-0.007434177,0.20849754,-0.0139966495,0.1488845,-0.01545666,253.83002,255.56924,341.93225,1.8495027,13.592399,0.5448029
10,22,10,0.0013421776,0.086952224,0.020498378,0.0435915,0.022862345,0.07158627,0.0016533769,7.9445567,-0.6892785,12.8825445,-1.3555586,0.14317255,0.0033067537,0.20878577,-0.01811449,0.15120299,-0.015910247,253.80167,255.48547,341.31668,2.044837,13.592399,0.5505544
10,23,10,0.0013421776,0.097025365,0.024688298,0.047722254,0.024614811,0.07856255,0.0019057855,8.312451,-0.5881138,13.367171,-1.783464,0.1571251,0.003811571,0.21845424,-0.015455853,0.15689108,-0.020932592,253.77864,255.26988,341.34036,2.3715777,13.592399,0.5911947
10,24,10,0.0013421776,0.11417541,0.039956525,0.048198238,0.026020642,0.09994564,-0.0024899454,8.353803,-0.22440994,13.743591,-1.0231277,0.19989128,-0.004979891,0.21954097,-0.0058975797,0.16130915,-0.012008498,253.73462,255.06128,341.18628,1.2475376,13.592399,0.574338
10,25,10,0.0013421776,0.09577914,0.024518916,0.04627365,0.024986582,0.078292586,0.0034861348,8.185318,-0.5103341,13.467738,-0.7731425,0.15658517,0.0069722696,0.2151131,-0.013411744,0.15807144,-0.009074413,253.65067,254.78886,340.1891,1.2834766,13.591757,0.5318089
10,26,10,0.0013421776,0.099969625,0.028163865,0.047804087,0.02400167,0.083910465,0.002190887,8.319575,-0.6379225,13.1996355,-1.8171518,0.16782093,0.004381774,0.21864146,-0.016764814,0.15492472,-0.021328002,253.66014,254.76918,340.71347,2.4550743,13.591757,0.5679065
10,27,10,0.0013421776,0.1124289,0.038291767,0.04927044,0.024866696,0.09784141,-0.0019408767,8.446211,-0.6065631,13.435389,-1.4879608,0.19568282,-0.0038817534,0.22196946,-0.015940718,0.15769178,-0.017464267,253.69017,254.88852,341.12988,2.094524,13.591757,0.542815
10,28,10,0.0013421776,0.09167149,0.021552242,0.045258082,0.024861166,0.07340341,0.0035453576,8.094996,-0.7645285,13.433896,-1.2612869,0.14680682,0.007090715,0.21273947,-0.020092083,0.15767424,-0.014803766,253.68353,254.90085,340.61823,2.0258155,13.591757,0.55221
10,29,10,0.0013421776,0.09329271,0.025573784,0.04582001,0.021898916,0.07995903,0.0020771136,8.145096,-1.046773,12.608184,-2.079231,0.15991805,0.004154227,0.21405609,-0.02750958,0.14798282,-0.02440403,253.69093,254.88872,340.91138,3.126004,13.591201,0.55513674
10,30,10,0.0013421776,0.101778924,0.033806626,0.045969114,0.02200319,0.09193289,-0.0026470905,8.1583395,-0.8030158,12.638166,-1.5391761,0.18386579,-0.005294181,0.21440409,-0.021103537,0.14833473,-0.018065378,253.68932,254.88371,341.20532,2.342192,13.591201,0.51603776
10,31,10,0.0013421776,0.0889782,0.023130665,0.04352241,0.022325132,0.076043844,0.0031801101,7.9382567,-0.777603,12.7302885,-0.9189037,0.15208769,0.0063602203,0.20862025,-0.020435704,0.14941597,-0.010785221,253.63007,254.72069,340.39038,1.6965067,13.591201,0.5165331
10,32,10,0.0013421776,0.095815405,0.024745239,0.04943754,0.021632625,0.0786531,0.002437252,8.460521,-0.9543187,12.531291,-1.5089507,0.1573062,0.004874504,0.22234555,-0.025079828,0.14708033,-0.017710626,253.61636,254.6248,340.38513,2.4632695,13.591201,0.5607221
10,33,10,0.0013421776,0.10731433,0.039278682,0.048713513,0.019322138,0.09909425,-0.0042911055,8.398339,-0.95972544,11.843193,-0.96272033,0.1981885,-0.008582211,0.22071138,-0.02522194,0.1390041,-0.011299488,253.62962,254.69437,340.71835,1.9224458,13.590787,0.5188959
10,34,10,0.0013421776,0.08347523,0.019867543,0.044650108,0.018957587,0.07047614,0.0016502179,8.040442,-1.0876582,11.730938,-1.0802981,0.14095227,0.0033004358,0.21130572,-0.028584033,0.13768655,-0.012679512,253.60258,254.61319,340.33286,2.1679564,13.590787,0.52242976
10,35,10,0.0013421776,0.09535175,0.027045676,0.04923596,0.019070111,0.08222785,0.0012040656,8.443254,-1.2536962,11.765701,-1.6612545,0.1644557,0.0024081313,0.22189178,-0.032947604,0.13809457,-0.01949822,253.62239,254.65968,340.68198,2.9149508,13.590787,0.5602493
10,36,10,0.0013421776,0.10282688,0.035732474,0.048518836,0.01857556,0.094515175,-0.002280878,8.381541,-1.0646603,11.612138,-1.1908318,0.18903035,-0.004561756,0.22026992,-0.027979659,0.13629219,-0.013976853,253.6423,254.66011,340.835,2.2554922,13.590787,0.5295273
10,37,10,0.0013421776,0.08519361,0.023177292,0.04364977,0.018366555,0.07612045,0.0026926936,7.9498634,-1.2285826,11.546624,-0.46211475,0.1522409,0.005385387,0.20892528,-0.032287613,0.13552326,-0.0054238588,253.62788,254.708,340.20703,1.6906974,13.590522,0.4892876
10,38,10,0.0013421776,0.09256635,0.02758859,0.04626789,0.018709868,0.08304907,0.0024111655,8.184809,-1.3370901,11.654042,-1.4095439,0.16609813,0.004822331,0.21509972,-0.0351392,0.13678402,-0.016543882,253.66603,254.78085,340.92844,2.746634,13.590522,0.5106829
10,39,10,0.0013421776,0.10115294,0.03631535,0.04660298,0.018234607,0.095282935,-0.0032380072,8.214394,-1.1784221,11.5050745,-1.1150445,0.19056587,-0.0064760144,0.21587723,-0.03096935,0.13503557,-0.013087323,253.6932,254.82118,341.268,2.2934666,13.590522,0.47071385
10,40,10,0.0013421776,0.08277265,0.022045292,0.042628895,0.018098464,0.074238285,0.0023142134,7.856348,-1.2538913,11.462044,-0.6326767,0.14847657,0.004628427,0.20646766,-0.03295272,0.13453053,-0.0074257525,253.69107,254.82579,340.53128,1.8865681,13.590522,0.45312518
10,41,10,0.0013421776,0.08642185,0.029265182,0.040217042,0.016939625,0.08553535,0.0021505137,7.6308637,-1.3589913,11.089019,-0.6450753,0.1710707,0.0043010274,0.20054187,-0.035714764,0.13015231,-0.007571278,253.74953,255.00801,341.01492,2.0040665,13.590367,0.43462467
10,42,10,0.0013421776,0.092300214,0.034960125,0.04129012,0.016049972,0.093488134,-0.0022621523,7.7319975,-1.3409244,10.793899,-0.020813605,0.18697627,-0.0045243045,0.2031997,-0.035239987,0.12668848,-0.00024428754,253.82242,255.37326,341.3128,1.361738,13.590367,0.42037326
10,43,10,0.0013421776,0.08539374,0.027866447,0.04121622,0.01631107,0.08346623,0.004186262,7.7250757,-1.3504244,10.881342,0.25389037,0.16693246,0.008372524,0.20301779,-0.035489637,0.1277148,0.0029799251,253.80334,255.40822,340.6408,1.096534,13.590367,0.4395592
10,44,10,0.0013421776,0.08369878,0.025928855,0.04174989,0.016020034,0.080512196,0.001949006,7.774927,-1.4239527,10.783827,-0.74341947,0.16102439,0.003898012,0.2043279,-0.037421998,0.12657027,-0.008725545,253.79303,255.3018,341.26843,2.1673722,13.590367,0.45742148
10,45,10,0.0013421776,0.08875919,0.034615073,0.0403793,0.013764822,0.09302563,-0.0020657806,7.646243,-1.2057583,9.996006,0.011108938,0.18605126,-0.004131561,0.20094602,-0.031687766,0.11732358,0.00013039088,253.74649,255.05118,341.50522,1.1946493,13.590282,0.40193638
10,46,10,0.0013421776,0.07334821,0.02080834,0.038663663,0.013876204,0.07212548,0.0027087417,7.482042,-1.2189806,10.036368,0.13012664,0.14425096,0.0054174834,0.19663078,-0.032035246,0.1177973,0.0015272998,253.64546,254.657,340.55035,1.088854,13.590282,0.4100739
10,47,10,0.0013421776,0.077346504,0.024024118,0.0393537,0.013968692,0.07749858,0.0011931527,7.548514,-1.2532986,10.069759,-0.8417696,0.15499716,0.0023863055,0.19837767,-0.032937143,0.11818922,-0.009879885,253.58183,254.23796,340.53717,2.0950682,13.590282,0.42207387
10,48,10,0.0013421776,0.08244683,0.028384766,0.04052633,0.0135357315,0.084238894,-0.0021191293,7.660151,-1.0211595,9.912474,-0.18717417,0.16847779,-0.0042382586,0.20131153,-0.026836429,0.11634316,-0.0021968724,253.54568,254.02878,340.55106,1.2083337,13.590282,0.41195646
10,49,10,0.0013421776,0.07044415,0.020818086,0.037420172,0.012205892,0.07214237,0.0029199435,7.360742,-0.9209969,9.412954,1.144832,0.14428474,0.005839887,0.19344294,-0.02420413,0.11048028,0.013436943,253.47688,253.86415,339.53763,-0.22383511,13.590254,0.37950814
10,50,10,0.0013421776,0.07703639,0.02594728,0.038329724,0.012759382,0.0805408,0.0017791541,7.4496613,-1.0105282,9.624008,0.38496712,0.1610816,0.0035583081,0.19577979,-0.02655706,0.11295743,0.0045183715,253.47711,253.81854,339.80075,0.6255611,13.590254,0.3820787
10,51,10,0.0013421776,0.07904953,0.029938897,0.0367928,0.01231783,0.0865143,-0.0023771636,7.2987776,-0.9444366,9.4560175,0.7071406,0.1730286,-0.0047543272,0.1918145,-0.02482013,0.11098572,0.008299742,253.49376,253.76834,339.97263,0.23729599,13.590254,0.3608395
10,52,10,0.0013421776,0.06682791,0.020842664,0.034689836,0.011295408,0.07218494,0.0032037983,7.087121,-1.0577723,9.055078,1.0242058,0.14436989,0.0064075966,0.18625207,-0.02779863,0.10627986,0.012021154,253.48163,253.74352,339.2301,0.033566475,13.590254,0.35876858
10,53,10,0.0013421776,0.06457573,0.022568848,0.02983487,0.012172012,0.07511466,0.0019684853,6.5725026,-0.9736447,9.399882,0.7180442,0.15022932,0.0039369706,0.17272773,-0.025587734,0.11032684,0.008427716,253.49272,253.7148,339.8097,0.25560045,13.590248,0.32243925
10,54,10,0.0013421776,0.07469596,0.033690218,0.029535566,0.011470176,0.09177448,-0.0030985745,6.539451,-0.68054783,9.124861,1.41952,0.18354896,-0.006197149,0.17185915,-0.017885027,0.10709891,0.016660972,253.47717,253.61916,339.86893,-0.7389722,13.590248,0.33842555
10,55,10,0.0013421776,0.059020378,0.017440727,0.028778974,0.012800677,0.06603167,0.0031382937,6.4551497,-0.87364924,9.639569,1.5065118,0.13206334,0.0062765875,0.16964367,-0.02295981,0.11314008,0.017681997,253.43951,253.50519,339.04736,-0.63286257,13.590248,0.34571022
10,56,10,0.0013421776,0.062353544,0.02197542,0.028779835,0.011598291,0.074120544,0.0019804002,6.4552464,-0.9863073,9.175679,0.413537,0.14824109,0.0039608004,0.1696462,-0.025920512,0.10769536,0.0048537008,253.47404,253.58238,339.69824,0.57277036,13.590248,0.32842907
10,57,10,0.0013421776,0.06987999,0.032703627,0.02535498,0.011821381,0.09042072,-0.0014725614,6.0589905,-0.87948626,9.263504,0.8596133,0.18084145,-0.0029451228,0.15923247,-0.023113227,0.10872617,0.01008932,253.51921,253.74234,340.24573,0.019872963,13.590185,0.34770113
10,58,10,0.0013421776,0.055168822,0.019737255,0.024795623,0.010635942,0.07024467,0.0033334563,5.991785,-0.9063603,8.786769,1.4750468,0.14048934,0.0066669127,0.15746626,-0.023819482,0.103130706,0.017312694,253.5141,253.83865,339.47687,-0.5686864,13.590185,0.33988655
10,59,10,0.0013421776,0.055593796,0.020551702,0.023912992,0.011129104,0.071679324,0.0017874037,5.8841753,-0.99992573,8.98817,0.52418524,0.14335865,0.0035748074,0.15463826,-0.026278403,0.105494566,0.0061523835,253.54944,253.9496,340.11682,0.4757405,13.590185,0.31220588
10,60,10,0.0013421776,0.064191885,0.028538628,0.024358954,0.0112943025,0.0844669,-0.0027641498,5.93879,-0.9047147,9.054634,0.88805836,0.1689338,-0.0055282996,0.15607356,-0.02377623,0.10627466,0.010423179,253.53902,253.85571,340.22668,0.01665634,13.590185,0.3402247
10,61,10,0.0013421776,0.051987153,0.018376144,0.022923928,0.01068708,0.06777932,0.004219269,5.761203,-0.85396636,8.807866,1.2428657,0.13555863,0.008438538,0.1514065,-0.022442548,0.10337833,0.014587567,253.4823,253.61859,339.48666,-0.38889933,13.590016,0.35672605
10,62,10,0.0013421776,0.056370415,0.021487378,0.023773193,0.011109846,0.07329287,0.0026751298,5.866951,-0.9351963,8.980391,0.6898508,0.14658573,0.0053502596,0.15418558,-0.024577288,0.10540325,0.008096813,253.49522,253.59828,339.6999,0.24534547,13.590016,0.33381677
10,63,10,0.0013421776,0.07010186,0.03384837,0.024780173,0.011473315,0.09198964,-0.002399659,5.9899173,-0.8158885,9.126109,1.474905,0.18397927,-0.004799318,0.1574172,-0.021441847,0.10711356,0.017311024,253.48323,253.5369,339.60956,-0.6590165,13.590016,0.36051667
10,64,10,0.0013421776,0.053824514,0.017745024,0.024911098,0.01116839,0.066605225,0.0030290768,6.00572,-0.7415125,9.004021,1.952334,0.13321045,0.0060581537,0.1578325,-0.019487219,0.1056806,0.022914633,253.42099,253.3692,338.77664,-1.2108216,13.590016,0.37313956
10,65,10,0.0013421776,0.055022128,0.02120358,0.023270419,0.010548129,0.072807245,0.0015441843,5.8045793,-0.62985325,8.750421,1.2092803,0.14561449,0.0030883686,0.15254645,-0.016552774,0.102704085,0.014193379,253.36826,253.07253,339.15186,-0.579427,13.589753,0.33549792
10,66,10,0.0013421776,0.055582263,0.023076383,0.022292495,0.010213381,0.075954564,-0.0018926376,5.681304,-0.5883428,8.610453,1.4363363,0.15190913,-0.0037852752,0.14930671,-0.0154618565,0.10106127,0.016858349,253.30872,252.76405,339.149,-0.8479935,13.589753,0.3486061
10,67,10,0.0013421776,0.04762889,0.01622984,0.021502124,0.0098969275,0.063698195,0.0031303046,5.5796814,-0.70459193,8.476009,1.494372,0.12739639,0.0062606093,0.14663602,-0.018516924,0.099483304,0.017539509,253.22563,252.43951,338.18552,-0.7897801,13.589753,0.34266636
10,68,10,0.0013421776,0.052367687,0.020111399,0.02146736,0.010788927,0.07090733,0.0011721319,5.575168,-0.7516484,8.849737,0.5975398,0.14181466,0.0023442637,0.14651744,-0.019753588,0.10386976,0.00701335,253.18263,252.13895,338.3287,0.15410864,13.589753,0.3194716
10,69,10,0.0013421776,0.061926693,0.030538062,0.021145169,0.01024346,0.087375715,-0.0022702853,5.533173,-0.6416816,8.623122,1.0680065,0.17475143,-0.0045405705,0.14541379,-0.01686362,0.101209976,0.0125352405,253.1826,252.13068,338.25906,-0.4263249,13.589398,0.32292274
10,70,10,0.0013421776,0.047341317,0.01629915,0.021086298,0.00995587,0.06383406,0.0028163928,5.525465,-0.71113664,8.501211,1.6564058,0.12766813,0.0056327856,0.14521122,-0.018688926,0.09977911,0.019441308,253.19223,252.29073,337.7016,-0.94526917,13.589398,0.32086706
10,71,10,0.0013421776,0.05171377,0.018346954,0.02193058,0.011436235,0.067725465,0.0024983992,5.6349974,-0.94837797,9.11135,1.0722094,0.13545093,0.0049967985,0.14808977,-0.024923714,0.10694034,0.012584568,253.24199,252.41177,338.15326,-0.12383139,13.589398,0.31354782
10,72,10,0.0013421776,0.054977078,0.021403747,0.021424506,0.012148823,0.0731501,-0.0014469043,5.569601,-0.8230803,9.3909235,1.1578792,0.1463002,-0.0028938085,0.14637113,-0.021630853,0.1102217,0.01359008,253.28278,252.52965,338.67468,-0.33479893,13.589398,0.33657157
10,73,10,0.0013421776,0.04961732,0.01865238,0.020353183,0.0106117595,0.06828686,0.0033752476,5.428562,-0.7358859,8.776774,1.5752296,0.13657372,0.006750495,0.14266458,-0.019339345,0.103013396,0.018488545,253.25316,252.5093,337.84662,-0.8393437,13.58898,0.31434235
10,74,10,0.0013421776,0.04902842,0.017373305,0.020537486,0.01111763,0.06590392,0.0021127472,5.453086,-0.81277835,8.983535,0.932961,0.13180783,0.0042254943,0.14330906,-0.021360109,0.10544017,0.010950207,253.2416,252.39108,338.0641,-0.12018263,13.58898,0.3171456
10,75,10,0.0013421776,0.055633806,0.025381632,0.020223042,0.010029131,0.07965807,-0.0027970416,5.411179,-0.6237685,8.5324335,1.3856858,0.15931614,-0.005594083,0.14220774,-0.016392862,0.10014555,0.016263857,253.1852,252.06564,338.07498,-0.7619173,13.58898,0.3460159
10,76,10,0.0013421776,0.047669213,0.01793799,0.020169241,0.009561981,0.06696639,0.003333516,5.4039764,-0.6570902,8.331346,1.4805418,0.13393278,0.006667032,0.14201845,-0.017268566,0.09778538,0.017377188,253.12457,251.76738,337.1591,-0.82345164,13.58898,0.327539
10,77,10,0.0013421776,0.045190517,0.018051501,0.01758096,0.0095580565,0.06717794,0.0010153071,5.0453343,-0.79813915,8.329635,0.48986018,0.13435587,0.0020306143,0.13259321,-0.020975387,0.09776531,0.005749512,253.17035,251.96204,337.689,0.30827898,13.5885,0.28390288
10,78,10,0.0013421776,0.050302885,0.022782084,0.017555486,0.009965316,0.075468674,-0.00047653928,5.0416775,-0.82484883,8.505244,0.5031604,0.15093735,-0.00095307856,0.13249712,-0.021677328,0.09982643,0.0059056166,253.20312,252.1833,338.1068,0.3216884,13.5885,0.31338796
10,79,10,0.0013421776,0.044621,0.016043885,0.018494884,0.010082229,0.06333223,0.0038290874,5.174811,-0.75661576,8.55499,0.868847,0.12666446,0.0076581747,0.1359959,-0.019884136,0.100410305,0.010197694,253.15846,252.12152,337.30612,-0.112231255,13.5885,0.33047327
10,80,10,0.0013421776,0.047831986,0.017392648,0.019421512,0.011017825,0.065940596,0.0013791152,5.3028603,-0.72451764,8.943123,0.51099944,0.13188119,0.0027582303,0.13936108,-0.019040586,0.10496583,0.0059976242,253.13893,251.98041,337.6068,0.2135182,13.5885,0.32569936
10,81,10,0.0013421776,0.051572375,0.021088224,0.019131994,0.011352158,0.072608925,-0.0023104227,5.263187,-0.5441672,9.077796,0.8383974,0.14521785,-0.0046208454,0.13831845,-0.014300913,0.10654651,0.009840309,253.10202,251.73714,337.47412,-0.29423016,13.587975,0.31350982
10,82,10,0.0013421776,0.045387812,0.01579389,0.02029678,0.009297138,0.06283687,0.0028581915,5.4210353,-0.54005843,8.2151575,1.2049655,0.12567374,0.005716383,0.14246677,-0.01419293,0.09642167,0.014142735,253.04611,251.48012,336.52603,-0.66490704,13.587975,0.3095733
10,83,10,0.0013421776,0.045244634,0.01730416,0.01795763,0.009982848,0.06577264,0.0022780646,5.099096,-0.66533023,8.512721,0.20652023,0.13154528,0.004556129,0.13400608,-0.01748512,0.0999142,0.0024239356,253.02628,251.3243,336.99353,0.45881,13.587975,0.319601
10,84,10,0.0013421776,0.05166997,0.023163555,0.018076055,0.010430359,0.07609789,-0.0018742438,5.1158814,-0.6319632,8.701434,0.5260594,0.15219578,-0.0037484877,0.13444722,-0.016608223,0.10212913,0.0061743837,252.9916,251.22987,337.0434,0.105903804,13.587975,0.34385312
10,85,10,0.0013421776,0.04284061,0.014351797,0.018225146,0.0102636665,0.059899494,0.0036506788,5.136936,-0.5999484,8.631622,0.43546304,0.11979899,0.0073013576,0.13500054,-0.01576686,0.101309754,0.0051110517,252.9229,251.02237,336.17636,0.16448537,13.58741,0.32440537
10,86,10,0.0013421776,0.04331942,0.015354769,0.016909353,0.0110553,0.06195718,0.0022823538,4.9480286,-0.6878992,8.958319,-0.2959624,0.12391436,0.0045647076,0.13003597,-0.018078241,0.10514419,-0.003473725,252.90219,250.9292,336.31717,0.98386157,13.58741,0.32434422
10,87,10,0.0013421776,0.048825555,0.021584794,0.016940163,0.010300599,0.07345882,-0.00024112969,4.952534,-0.5678349,8.6471405,0.08601218,0.14691764,-0.00048225938,0.13015439,-0.014922906,0.10149187,0.0010095281,252.83444,250.61794,336.21835,0.48182273,13.58741,0.33053565
10,88,10,0.0013421776,0.0411779,0.0150515055,0.016517581,0.009608811,0.061342288,0.004033932,4.890372,-0.5023812,8.351722,0.34923762,0.122684576,0.008067864,0.12852074,-0.01320276,0.09802454,0.004099019,252.7279,250.18999,335.2002,0.15314358,13.58741,0.31441727
10,89,10,0.0013421776,0.04053541,0.013897513,0.015462775,0.011175121,0.058943857,0.0013966145,4.7316475,-0.4727853,9.006734,-0.32641223,0.11788771,0.002793229,0.12434941,-0.012424965,0.10571244,-0.003831117,252.67583,249.91563,335.26538,0.79919755,13.586833,0.30274445
10,90,10,0.0013421776,0.04632928,0.018877197,0.016389098,0.011062983,0.068697155,-0.0014231544,4.871315,-0.38093948,8.961431,0.2710257,0.13739431,-0.0028463088,0.12801991,-0.010011229,0.10518072,0.003181041,252.64697,249.7978,335.2863,0.109913796,13.586833,0.31660512
10,91,10,0.0013421776,0.04309085,0.01476435,0.017381158,0.010945342,0.06075432,0.003389869,5.0165834,-0.39717558,8.913656,0.7010527,0.12150864,0.006779738,0.13183762,-0.01043792,0.10461999,0.008228289,252.59166,249.66312,334.3793,-0.30387715,13.586833,0.32075056
10,92,10,0.0013421776,0.043572947,0.016468247,0.016204176,0.010900525,0.06416433,0.002322403,4.8437552,-0.40138113,8.89539,0.076736756,0.12832867,0.004644806,0.12729563,-0.01054844,0.10440558,0.0009006635,252.5505,249.4538,334.3556,0.3246444,13.586833,0.3203092
10,93,10,0.0013421776,0.046664998,0.018936386,0.01647405,0.011254565,0.06880477,-0.0016166392,4.8839235,-0.036426775,9.038692,0.51556325,0.13760954,-0.0032332784,0.12835127,-0.0009573096,0.106087536,0.0060511865,252.50015,249.1661,334.25308,-0.47913647,13.586265,0.33359486
10,94,10,0.0013421776,0.047680575,0.016553033,0.018493133,0.012634409,0.0643293,0.002447811,5.174566,-0.17383699,9.576762,0.56418926,0.1286586,0.004895622,0.13598946,-0.004568501,0.112402886,0.0066219172,252.46078,249.00714,333.5299,-0.39035225,13.586265,0.33273658
10,95,10,0.0013421776,0.048892487,0.016515413,0.018291926,0.0140851475,0.064256154,-5.0051647e-5,5.1463394,-0.29125032,10.111648,-0.16654089,0.12851231,-0.000100103294,0.13524765,-0.007654166,0.118680865,-0.0019546964,252.49078,249.05272,333.88336,0.4577912,13.586265,0.3299812
10,96,10,0.0013421776,0.050326027,0.017816413,0.019199958,0.013309657,0.06673907,-0.0029031755,5.272527,-0.28646135,9.829346,0.6260239,0.13347813,-0.005806351,0.13856392,-0.007528309,0.11536749,0.0073476704,252.51898,249.23068,334.09683,-0.33956254,13.586265,0.3367528
10,97,10,0.0013421776,0.05113932,0.019392516,0.019005943,0.012740862,0.06962851,0.000783576,5.2458196,-0.25971013,9.6170225,0.79465014,0.13925701,0.001567152,0.13786204,-0.0068252785,0.112875424,0.009326848,252.51282,249.34213,333.64185,-0.53494,13.585743,0.31989545
10,98,10,0.0013421776,0.046368413,0.015044879,0.017512187,0.013811345,0.061328784,-1.7976747e-5,5.0354567,-0.4365217,10.012884,-0.061201617,0.12265757,-3.5953493e-5,0.13233362,-0.011471949,0.11752168,-0.0007183263,252.51767,249.369,334.11124,0.49772334,13.585743,0.31882116
10,99,10,0.0013421776,0.050869048,0.018785404,0.018177249,0.013906398,0.068529926,-0.0025175647,5.130182,-0.2529968,10.04728,0.75113565,0.13705985,-0.0050351294,0.13482302,-0.0066488464,0.11792539,0.008816115,252.49976,249.38333,334.30215,-0.49813884,13.585743,0.3420867
10,100,10,0.0013421776,0.050092515,0.016527308,0.018335499,0.015229707,0.06427929,0.0009020562,5.152465,-0.2454874,10.5144615,0.9835128,0.12855858,0.0018041125,0.13540864,-0.0064515006,0.1234087,0.011543532,252.43916,249.17683,333.68198,-0.7380254,13.585743,0.35551548
