ic,traj,n_steps,eta,loss_total,loss_T,loss_olw,loss_slwd,rmse_T,bias_T,rmse_olw,bias_olw,rmse_slwd,bias_slwd,nrmse_T,nbias_T,nrmse_olw,nbias_olw,nrmse_slwd,nbias_slwd,mean_T,mean_olw,mean_slwd,bias_C,pnorm,gnorm
1,1,10,0.01,3.3538926,0.28958017,1.9083384,1.1559739,0.26906326,0.07227413,52.56496,-4.9253006,91.60417,24.06231,0.5381265,0.14454827,1.3814262,-0.12943865,1.0751623,0.28242043,252.26073,248.5709,332.51633,-19.137009,16.268766,10.937785
1,2,10,0.01,3.4080343,0.29653543,1.9440991,1.1673999,0.27227533,0.07075099,53.055187,-4.691699,92.05577,24.530739,0.54455066,0.14150198,1.3943095,-0.123299606,1.0804628,0.28791842,252.1992,248.24219,332.40903,-19.839039,16.268766,11.162095
1,3,10,0.01,3.4017353,0.29533303,1.9410675,1.1653346,0.27172276,0.06385504,53.01381,-5.3303375,91.974304,24.801413,0.5434455,0.12771007,1.393222,-0.14008318,1.0795066,0.29109532,252.13222,247.94975,332.31287,-19.471075,16.268766,11.126787
1,4,10,0.01,3.3265076,0.29222858,1.8815928,1.1526862,0.27029085,0.068938114,52.19531,-4.307677,91.47381,25.662436,0.5405817,0.13787623,1.3717116,-0.11320742,1.0736322,0.3012011,252.07927,247.7753,331.5556,-21.35476,16.268766,10.817522
1,5,10,0.01,1.5939496,0.20813917,0.86270815,0.52310234,0.22811136,0.053804792,35.342773,12.763416,61.621822,20.27118,0.4562227,0.107609585,0.92882085,0.33542714,0.72325814,0.23792367,252.05147,247.58623,331.75314,-33.034595,16.273922,4.0016494
1,6,10,0.01,1.5971588,0.21337916,0.8660331,0.51774657,0.23096491,0.047824673,35.410812,12.661847,61.305553,20.338514,0.46192983,0.09564935,0.930609,0.3327579,0.7195461,0.23871401,252.01897,247.52878,331.92337,-33.000362,16.273922,4.029996
1,7,10,0.01,1.5871263,0.20612141,0.8674133,0.5135916,0.22700298,0.053479135,35.439022,12.863143,61.059067,20.336205,0.45400596,0.10695827,0.93135023,0.33804804,0.71665305,0.23868696,251.95691,247.36429,331.3289,-33.19935,16.273922,4.0187488
1,8,10,0.01,1.5931063,0.21547042,0.86289173,0.5147441,0.23209396,0.051245134,35.346535,13.390802,61.127533,20.13105,0.46418792,0.10249027,0.9289197,0.35191506,0.7174567,0.23627906,251.95079,247.28433,331.69382,-33.52185,16.273922,4.009903
1,9,10,0.01,0.98252165,0.15045524,0.5601228,0.27194366,0.1939428,0.025800284,28.478052,14.070183,44.430447,11.140275,0.3878856,0.051600568,0.7484135,0.36976954,0.52148217,0.13075392,251.92105,247.15909,331.89072,-25.210457,16.284248,2.7429407
1,10,10,0.01,1.0240841,0.14419135,0.6022619,0.27763084,0.18986268,0.034328766,29.52986,13.669123,44.892628,11.271667,0.37972537,0.06865753,0.77605534,0.3592295,0.52690685,0.13229607,251.8907,247.18964,331.3462,-24.940788,16.284248,2.7778487
1,11,10,0.01,1.062486,0.15558507,0.62426883,0.28263214,0.19722137,0.032323446,30.064533,14.105295,45.295177,10.171593,0.39444274,0.06464689,0.79010683,0.3706922,0.5316316,0.11938444,251.8666,247.06316,331.54025,-24.276888,16.284248,2.7773643
1,12,10,0.01,1.0790814,0.1669921,0.6363956,0.27569377,0.20432334,0.026762757,30.355137,14.613978,44.73575,10.698176,0.40864667,0.053525515,0.79774404,0.38406065,0.5250655,0.12556498,251.82814,246.93076,331.5993,-25.312155,16.284248,2.9025657
1,13,10,0.01,0.7017073,0.1059128,0.39811614,0.1976784,0.16272123,0.010109323,24.008972,6.472675,37.880943,6.5275064,0.32544246,0.020218646,0.63096446,0.1701042,0.4446104,0.076613635,251.78645,246.86952,331.05295,-13.000181,16.292896,1.8207057
1,14,10,0.01,0.73120236,0.11131138,0.42328262,0.19660833,0.1668168,0.008126662,24.756197,6.8939147,37.77828,5.475757,0.3336336,0.016253324,0.65060174,0.18117453,0.4434054,0.06426922,251.76985,246.7719,331.27786,-12.369672,16.292896,1.8736589
1,15,10,0.01,0.74709064,0.121369936,0.4301501,0.1955706,0.17419094,0.0041581593,24.956215,7.759441,37.678448,6.095005,0.34838188,0.0083163185,0.6558583,0.20392092,0.44223365,0.07153735,251.71179,246.5844,331.20627,-13.854446,16.292896,1.909491
1,16,10,0.01,0.75567675,0.110272735,0.4465319,0.19887207,0.1660367,0.010250622,25.426989,7.1428123,37.995144,7.54971,0.3320734,0.020501245,0.6682304,0.18771572,0.44595075,0.08861128,251.63853,246.3779,330.3019,-14.692522,16.292896,1.9246904
1,17,10,0.01,0.59225464,0.09099426,0.35642138,0.144839,0.15082628,-0.013801769,22.716974,-2.5329099,32.425297,0.8306567,0.30165255,-0.027603539,0.5970104,-0.06656579,0.3805772,0.0097494535,251.63788,246.24348,330.22427,1.7022531,16.30355,2.7254243
1,18,10,0.01,0.58289945,0.097452305,0.33578727,0.14965986,0.15608676,-0.018252587,22.049604,-1.6103765,32.960506,1.4477788,0.31217352,-0.036505174,0.5794715,-0.042321276,0.38685897,0.016992645,251.67389,246.40558,330.4229,0.16259766,16.30355,2.6719782
1,19,10,0.01,0.5947115,0.088031955,0.35246715,0.15421237,0.1483509,-0.008348237,22.59061,-2.6708987,33.458065,1.7936885,0.2967018,-0.016696474,0.59368944,-0.07019217,0.39269882,0.0210526,251.65025,246.49791,330.0138,0.87721014,16.30355,2.756801
1,20,10,0.01,0.5762179,0.08971981,0.3428957,0.1436024,0.14976633,-0.012845532,22.281769,-2.5910683,32.286583,1.1627547,0.29953265,-0.025691064,0.58557296,-0.06809422,0.37894908,0.013647301,251.625,246.35127,330.4561,1.4283136,16.30355,2.7329137
1,21,10,0.01,0.43183196,0.08023063,0.24455163,0.10704972,0.14162506,-0.031726297,18.817154,1.835579,27.876225,-2.431942,0.28325012,-0.063452594,0.49452162,0.048239674,0.32718453,-0.028543815,251.56427,246.07457,330.3989,0.59636295,16.318762,1.2720917
1,22,10,0.01,0.4370898,0.071593255,0.2506747,0.114821844,0.13378458,-0.025476243,19.051271,1.3705374,28.870447,-2.2934175,0.26756915,-0.050952487,0.50067425,0.036018226,0.33885372,-0.026917944,251.48386,245.78645,329.6571,0.92288005,16.318762,1.3025529
1,23,10,0.01,0.43493247,0.07749299,0.2512795,0.10615999,0.13918781,-0.029985707,19.074238,1.817467,27.760143,-2.9198701,0.27837563,-0.059971415,0.50127786,0.04776369,0.32582203,-0.034270644,251.44179,245.53473,329.8091,1.1024032,16.318762,1.2958916
1,24,10,0.01,0.46609962,0.08701782,0.27129075,0.10779108,0.14749391,-0.0351224,19.819202,2.7689006,27.972586,-1.7501372,0.29498783,-0.0702448,0.5208558,0.0727677,0.32831553,-0.020541437,251.40213,245.38422,329.71378,-1.0187634,16.318762,1.2805672
1,25,10,0.01,0.3941307,0.068545245,0.2378352,0.08775026,0.13090573,-0.034865536,18.556955,6.6290894,25.23861,-0.28296253,0.26181147,-0.06973107,0.4876835,0.1742149,0.2962267,-0.0033211443,251.37224,245.34642,329.18073,-6.346127,16.334333,1.6356052
1,26,10,0.01,0.38371682,0.07124256,0.23588042,0.076593846,0.13345651,-0.03686197,18.48054,6.48218,23.579693,-0.83115655,0.26691303,-0.07372394,0.48567522,0.17035401,0.27675593,-0.009755327,251.37373,245.38492,329.44574,-5.6510234,16.334333,1.6119875
1,27,10,0.01,0.4063083,0.07709298,0.2504535,0.07876182,0.13882811,-0.04078895,19.04286,7.160278,23.911076,0.5061693,0.27765623,-0.0815779,0.5004533,0.18817465,0.28064537,0.0059409332,251.38387,245.43152,329.42593,-7.666447,16.334333,1.6069494
1,28,10,0.01,0.3924694,0.06456458,0.24188133,0.086023495,0.1270478,-0.034603804,18.714138,6.505721,24.989052,0.7270878,0.2540956,-0.06920761,0.49181432,0.17097269,0.29329762,0.008533859,251.41597,245.63701,328.94748,-7.232809,16.334333,1.5569867
1,29,10,0.01,0.2890976,0.06408051,0.15138419,0.0736329,0.12657064,-0.038236484,14.8050165,3.9248676,23.119432,1.1564873,0.25314128,-0.07647297,0.3890812,0.10314695,0.27135384,0.013573755,251.50795,245.96112,329.7668,-5.081355,16.348871,1.0583816
1,30,10,0.01,0.30242553,0.073544815,0.15490124,0.07397948,0.13559574,-0.043769773,14.97601,4.3030233,23.173779,1.7573216,0.27119148,-0.087539546,0.39357495,0.113085,0.2719917,0.020625766,251.58807,246.34262,330.09915,-6.0603447,16.348871,1.0949354
1,31,10,0.01,0.30356824,0.06563041,0.15855803,0.07937978,0.12809217,-0.03526259,15.15175,3.6739342,24.004696,1.4870951,0.25618434,-0.07052518,0.39819345,0.096552335,0.28174418,0.0174541,251.60365,246.52762,329.6616,-5.1610293,16.348871,1.0564532
1,32,10,0.01,0.29510528,0.067064025,0.1532187,0.07482256,0.12948361,-0.038290218,14.894453,3.538918,23.30545,1.0018593,0.25896722,-0.076580435,0.3914316,0.09300404,0.27353713,0.0117588695,251.61838,246.48578,330.31946,-4.540777,16.348871,1.0513474
1,33,10,0.01,0.25431424,0.065036245,0.124076374,0.065201625,0.12751102,-0.038040124,13.403346,0.40081954,21.75557,2.2023365,0.25502205,-0.07608025,0.35224476,0.010533674,0.2553461,0.025848918,251.61865,246.45918,330.47992,-2.603156,16.36343,0.7375274
1,34,10,0.01,0.24662209,0.058513086,0.120019406,0.0680896,0.12094739,-0.029634336,13.182397,0.072967336,22.232157,1.8745791,0.24189478,-0.059268672,0.34643817,0.0019176067,0.26093984,0.022002023,251.62627,246.66656,330.1144,-1.9475464,16.36343,0.7025051
1,35,10,0.01,0.2389786,0.061409548,0.10962817,0.06794088,0.12390475,-0.032618362,12.598817,-0.29471636,22.207865,0.6136828,0.2478095,-0.065236725,0.33110145,-0.0077452576,0.26065472,0.0072028157,251.66483,246.71489,330.92218,-0.31896645,16.36343,0.74777645
1,36,10,0.01,0.24765883,0.065036595,0.11156671,0.07105553,0.12751137,-0.035931066,12.709721,0.14685722,22.711205,1.0681419,0.25502273,-0.07186213,0.33401603,0.0038594645,0.26656243,0.012536827,251.67654,246.71457,331.12134,-1.2149992,16.36343,0.7724562
1,37,10,0.01,0.22771671,0.058900993,0.10905787,0.059757844,0.121347636,-0.020168617,12.566003,-1.6007134,20.827576,1.5142622,0.24269527,-0.040337235,0.33023912,-0.042067345,0.24445418,0.017772965,251.65692,246.71658,330.47534,0.08645117,16.378395,1.0472394
1,38,10,0.01,0.22910817,0.059709128,0.10880723,0.060591813,0.12217726,-0.021922093,12.551555,-1.8889018,20.972404,0.8353814,0.24435452,-0.043844186,0.3298594,-0.049641013,0.24615404,0.009804909,251.6138,246.55139,330.3998,1.0535204,16.378395,1.067715
1,39,10,0.01,0.24630627,0.06468139,0.12082749,0.060797386,0.12716268,-0.025717292,13.226702,-1.3028065,21.007948,2.149161,0.25432536,-0.051434584,0.3476025,-0.034238227,0.24657126,0.0252248,251.59901,246.63414,330.45303,-0.8463546,16.378395,1.1018088
1,40,10,0.01,0.25770003,0.054664515,0.13843745,0.06459804,0.11690222,-0.016689174,14.157789,-1.5686755,21.654636,2.359592,0.23380443,-0.033378348,0.37207183,-0.04122535,0.25416145,0.027694646,251.59895,246.68991,330.09283,-0.79091644,16.378395,1.1221256
1,41,10,0.01,0.2309111,0.052746497,0.1216688,0.056495816,0.11483303,-0.009149322,13.272669,-0.6884025,20.251133,1.9449085,0.22966605,-0.018298645,0.34881055,-0.018091459,0.23768848,0.02282748,251.64864,246.76584,330.86002,-1.256506,16.393427,0.9311691
1,42,10,0.01,0.23181604,0.055886388,0.1186689,0.05726075,0.11820151,-0.015797239,13.108021,-0.3242028,20.387772,2.9557693,0.23640302,-0.031594478,0.34448352,-0.008520171,0.23929219,0.034691997,251.69295,246.90518,331.026,-2.6315665,16.393427,0.87236726
1,43,10,0.01,0.21828303,0.053511042,0.10886734,0.055904634,0.11566227,-0.0078033474,12.555022,-0.4504191,20.1449,2.69404,0.23132454,-0.015606695,0.3299505,-0.011837157,0.23644161,0.03162007,251.70029,246.9536,330.62766,-2.2436209,16.393427,0.885855
1,44,10,0.01,0.20976484,0.05457782,0.100089796,0.05509723,0.11680948,-0.01144153,12.038255,-1.1560563,19.9989,1.1227982,0.23361896,-0.02288306,0.3163697,-0.030381575,0.234728,0.013178333,251.75197,247.12653,331.4357,0.03325808,16.393427,0.94469106
1,45,10,0.01,0.19812617,0.05707856,0.08914266,0.051904943,0.1194556,-0.0064567327,11.360867,1.3601164,19.410896,0.6028713,0.2389112,-0.0129134655,0.29856768,0.03574434,0.22782657,0.0070759286,251.79498,247.25262,331.82343,-1.9629877,16.407888,0.74517643
1,46,10,0.01,0.20221798,0.0502048,0.09922633,0.05278684,0.11203214,0.0034872799,11.986217,1.326227,19.575104,0.18347453,0.22406428,0.0069745597,0.3150021,0.034853723,0.22975387,0.0021534471,251.8067,247.24657,331.37354,-1.5097015,16.407888,0.77058285
1,47,10,0.01,0.21658364,0.052568406,0.10942472,0.054590527,0.11463901,0.000103097525,12.58712,1.0656205,19.906727,-0.43910772,0.22927801,0.00020619505,0.33079407,0.02800489,0.23364615,-0.0051538306,251.85924,247.40187,331.78464,-0.6265128,16.407888,0.8163382
1,48,10,0.01,0.2176288,0.05713158,0.10647896,0.05401826,0.11951107,-0.0042544696,12.416539,1.2941552,19.80211,0.57684493,0.23902214,-0.008508939,0.32631114,0.034010872,0.23241828,0.006770458,251.88605,247.62378,332.05127,-1.8710002,16.407888,0.8138152
1,49,10,0.01,0.19828866,0.049958985,0.10040237,0.04792731,0.11175753,0.015754554,12.057038,2.5135195,18.652315,-1.201868,0.22351506,0.03150911,0.31686333,0.066056214,0.21892306,-0.01410638,251.84105,247.51483,331.2912,-1.3116515,16.42139,0.8527371
1,50,10,0.01,0.19347563,0.04993449,0.09571187,0.047829263,0.111730136,0.012528215,11.772036,2.264276,18.633224,-1.971769,0.22346027,0.02505643,0.30937335,0.059506003,0.21869902,-0.023142742,251.8503,247.46492,331.62405,-0.29250705,16.42139,0.83541375
1,51,10,0.01,0.19534236,0.05250832,0.09428793,0.0485461,0.11457347,0.0047354107,11.68414,2.6786046,18.772339,-0.65663576,0.22914694,0.009470821,0.3070634,0.07039469,0.22033179,-0.00770696,251.88084,247.5709,331.97208,-2.0219688,16.42139,0.8559194
1,52,10,0.01,0.19609016,0.046350528,0.10224099,0.047498636,0.10764586,0.012789736,12.166933,2.6069756,18.568712,-0.67882776,0.21529172,0.025579471,0.31975144,0.06851225,0.21794182,-0.00796743,251.85164,247.4424,331.4577,-1.9281478,16.42139,0.92235327
1,53,10,0.01,0.16943087,0.046653435,0.08083262,0.04194482,0.10799703,0.015351028,10.818376,1.6929756,17.449396,-2.521018,0.21599406,0.030702056,0.2843108,0.04449201,0.20480435,-0.029589307,251.88135,247.46127,332.03073,0.8280424,16.43385,0.71188664
1,54,10,0.01,0.17558879,0.052347668,0.08146925,0.041771855,0.11439806,0.010489019,10.860894,2.0573335,17.413382,-1.3642225,0.22879612,0.020978037,0.2854282,0.054067474,0.20438164,-0.016011935,251.91327,247.65869,332.28046,-0.69311094,16.43385,0.6575565
1,55,10,0.01,0.17557572,0.04441205,0.08790101,0.043262657,0.105370834,0.01900939,11.281467,1.8049296,17.72139,-2.116558,0.21074167,0.03801878,0.29648104,0.047434203,0.20799677,-0.024842141,251.89374,247.5736,331.7236,0.31162846,16.43385,0.67486423
1,56,10,0.01,0.17606024,0.047447357,0.08652388,0.042089,0.10891207,0.016194046,11.192747,1.4329786,17.47936,-3.007014,0.21782415,0.03238809,0.29414943,0.037659205,0.20515604,-0.035293467,251.91824,247.64635,332.43048,1.5740354,16.43385,0.6629905
1,57,10,0.01,0.17394325,0.047090903,0.086970724,0.03988162,0.108502194,0.013684487,11.221611,0.2779723,17.014832,-1.9889344,0.21700439,0.027368974,0.294908,0.0073052123,0.19970383,-0.023344213,251.9528,247.77281,332.72714,1.710962,16.445454,0.57775205
1,58,10,0.01,0.17304492,0.04754629,0.08668353,0.03881512,0.10902556,0.025487997,11.203068,-0.37574518,16.785786,-2.3210332,0.21805112,0.050975993,0.29442066,-0.009874719,0.19701552,-0.02724208,252.00446,248.10574,332.21866,2.6967783,16.445454,0.5355996
1,59,10,0.01,0.175376,0.048374977,0.09009976,0.036901273,0.10997156,0.024255367,11.421693,-1.1133856,16.36673,-2.8095062,0.21994312,0.048510734,0.30016622,-0.029260173,0.19209704,-0.032975305,252.11064,248.54095,333.0698,3.9228916,16.445454,0.5658431
1,60,10,0.01,0.1840432,0.052059505,0.09105413,0.040929575,0.11408276,0.015795887,11.482025,-0.8388117,17.236929,-1.9172002,0.22816552,0.031591773,0.30175176,-0.022044273,0.20231059,-0.022502268,252.21672,248.97495,333.6983,2.756012,16.445454,0.61833256
1,61,10,0.01,0.18081221,0.045452055,0.097399354,0.03796079,0.10659744,0.02865114,11.875358,-2.4459236,16.600029,0.25805596,0.21319488,0.05730228,0.3120887,-0.06427975,0.19483529,0.0030288154,252.27548,249.31581,333.48865,2.1878676,16.455982,0.7431094
1,62,10,0.01,0.17057525,0.04604614,0.090275265,0.034253832,0.107291825,0.024949813,11.432813,-3.037645,15.768697,-0.5676749,0.21458365,0.049899627,0.30045843,-0.07983041,0.1850779,-0.0066628205,252.36707,249.68568,334.49918,3.60532,16.455982,0.7246234
1,63,10,0.01,0.17804842,0.05316272,0.08828849,0.036597207,0.11528521,0.0153205525,11.306306,-2.0302317,16.29916,0.1231765,0.23057042,0.030641105,0.2971338,-0.053355217,0.19130397,0.0014457293,252.40033,249.73598,334.96133,1.9070553,16.455982,0.72199696
1,64,10,0.01,0.1655704,0.04220199,0.08717237,0.036196034,0.10271561,0.027882116,11.234612,-2.3319752,16.20958,-0.49241376,0.20543122,0.05576423,0.29524967,-0.061285146,0.19025256,-0.005779482,252.37552,249.61746,334.44043,2.824389,16.455982,0.7153236
1,65,10,0.01,0.1499475,0.042084184,0.07811822,0.029745094,0.10257215,0.022477366,10.63518,-3.098717,14.694299,0.2491711,0.2051443,0.044954732,0.27949637,-0.081435405,0.17246766,0.002924532,252.40302,249.73982,335.02185,2.849546,16.465178,0.647119
1,66,10,0.01,0.1621883,0.048137892,0.08207184,0.03197858,0.109701745,0.015037433,10.900985,-2.2662284,15.235993,1.154665,0.21940349,0.030074866,0.28648183,-0.059557293,0.17882556,0.0135523565,252.41122,249.80402,335.2229,1.1115634,16.465178,0.6455872
1,67,10,0.01,0.14439271,0.041995116,0.07208508,0.030312521,0.10246355,0.027417691,10.216247,-2.5879147,14.833794,1.0045073,0.2049271,0.054835383,0.26848665,-0.06801133,0.17410491,0.011789951,252.38863,249.81,334.71893,1.5834074,16.465178,0.6146134
1,68,10,0.01,0.14051408,0.044621404,0.06740062,0.028492041,0.105618894,0.02397858,9.878717,-2.8884497,14.381461,0.64329606,0.21123779,0.04795716,0.2596163,-0.075909495,0.16879585,0.007550395,252.39903,249.83473,335.42688,2.2451537,16.465178,0.60612124
1,69,10,0.01,0.13865338,0.048339646,0.05993267,0.030381072,0.109931394,0.0119923465,9.315378,-1.1479594,14.850557,2.3146553,0.21986279,0.023984693,0.2448115,-0.03016879,0.17430167,0.027167216,252.42654,249.8969,335.95667,-1.166696,16.47332,0.47496694
1,70,10,0.01,0.12438667,0.03925924,0.05465356,0.030473871,0.09906972,0.02014469,8.895654,-1.3456793,14.87322,2.0566416,0.19813944,0.04028938,0.23378101,-0.03536493,0.17456767,0.024138894,252.41481,249.94348,335.33545,-0.7109623,16.47332,0.43264908
1,71,10,0.01,0.12607285,0.041006185,0.05683738,0.028229287,0.10124992,0.017797727,9.071638,-1.7097377,14.314995,1.4951918,0.20249984,0.035595454,0.23840591,-0.04493252,0.16801573,0.017549133,252.45845,250.12836,335.69736,0.21454585,16.47332,0.42138457
1,72,10,0.01,0.14687169,0.05214997,0.06374498,0.030976744,0.11418184,0.010369571,9.607086,-1.4128532,14.995436,2.4547117,0.22836368,0.020739142,0.25247768,-0.037130293,0.17600212,0.028811062,252.54411,250.53662,336.21365,-1.0418584,16.47332,0.5147362
1,73,10,0.01,0.12948522,0.041479845,0.059306674,0.028698694,0.10183301,0.017048214,9.266601,-0.48899618,14.43352,1.3549151,0.20366602,0.034096427,0.24352962,-0.012850997,0.16940689,0.015902704,252.5994,250.77606,336.00955,-0.865919,16.48045,0.4768184
1,74,10,0.01,0.13649511,0.0437478,0.06526989,0.027477434,0.10457987,0.013284606,9.721317,-1.027047,14.1230755,0.63919026,0.20915975,0.026569212,0.25547972,-0.026991177,0.16576318,0.0075022057,252.66292,250.90749,336.762,0.38785678,16.48045,0.5056
1,75,10,0.01,0.14832202,0.049627025,0.06910265,0.029592328,0.11138562,0.007323045,10.002672,-0.22699599,14.656515,1.3603172,0.22277124,0.01464609,0.26287383,-0.005965529,0.1720242,0.01596611,252.68631,250.94221,336.95566,-1.1333213,16.48045,0.56737775
1,76,10,0.01,0.13344127,0.041869998,0.06309569,0.028475588,0.1023108,0.0186199,9.558033,-0.41308963,14.377308,1.0205752,0.2046216,0.0372398,0.25118855,-0.010856147,0.16874711,0.011978536,252.65144,250.92236,336.11743,-0.60748553,16.48045,0.4885854
1,77,10,0.01,0.13572885,0.040097352,0.07030461,0.025326889,0.10012162,0.00774497,10.089289,0.5693278,13.559138,-0.84828717,0.20024323,0.01548994,0.26515016,0.014962139,0.15914424,-0.00995639,252.66106,250.8799,336.61728,0.2789594,16.486456,0.56090224
1,78,10,0.01,0.14593357,0.043682378,0.07451509,0.027736098,0.10450165,-0.0031154447,10.387015,1.1829532,14.189396,-0.03899083,0.2090033,-0.0062308894,0.27297452,0.031088436,0.16654158,-0.00045763873,252.70099,250.94101,337.05554,-1.1439624,16.486456,0.616573
1,79,10,0.01,0.14380294,0.038028177,0.07724056,0.028534211,0.09750407,0.009556313,10.575267,1.1164362,14.392099,-0.53592306,0.19500814,0.019112626,0.27792186,0.029340342,0.16892073,-0.0062901527,252.70486,251.03314,336.48193,-0.5805132,16.486456,0.5609509
1,80,10,0.01,0.14070521,0.04113565,0.07485514,0.02471442,0.10140963,0.006264534,10.410688,0.6106102,13.39419,-1.169789,0.20281926,0.012529068,0.27359667,0.01604705,0.1572082,-0.013729871,252.76898,251.2739,337.37738,0.55917877,16.486456,0.5988605
1,81,10,0.01,0.13539718,0.0407761,0.070288315,0.024332756,0.10096546,-0.008641493,10.088119,1.3179759,13.290363,-1.3898072,0.20193093,-0.017282985,0.26511943,0.03463688,0.1559896,-0.016312229,252.83514,251.52829,337.7099,0.071831346,16.491617,0.5417712
1,82,10,0.01,0.12808731,0.035352554,0.067007184,0.025727578,0.094011374,0.0016635545,9.849844,1.2527094,13.665978,-1.6545784,0.18802275,0.003327109,0.25885746,0.032921653,0.16039819,-0.019419866,252.84645,251.60902,337.09293,0.40186906,16.491617,0.48979163
1,83,10,0.01,0.11980449,0.034498118,0.06214398,0.023162385,0.09286834,0.0007220618,9.485675,0.60085243,12.966802,-2.37062,0.18573669,0.0014441236,0.24928695,0.01579061,0.15219194,-0.02782407,252.88324,251.69739,337.64087,1.7697675,16.491617,0.5517188
1,84,10,0.01,0.1354906,0.04284173,0.0681862,0.024462674,0.10349122,-0.009636661,9.936122,1.3745321,13.325797,-1.4076322,0.20698243,-0.019273322,0.26112488,0.036123198,0.15640548,-0.016521445,252.88396,251.59106,337.85977,0.03310013,16.491617,0.5943747
1,85,10,0.01,0.11928193,0.034263447,0.060360488,0.024657995,0.09255194,-0.0024074488,9.348567,1.0715861,13.37889,-2.2653232,0.18510388,-0.0048148977,0.24568371,0.028161675,0.15702865,-0.026588203,252.85687,251.52444,337.21054,1.193737,16.49614,0.4277814
1,86,10,0.01,0.12032226,0.036835983,0.06085725,0.02262902,0.095963515,-0.0051737926,9.386958,0.5286612,12.816638,-2.7671993,0.19192703,-0.010347585,0.24669263,0.013893419,0.15042946,-0.03247875,252.89734,251.6349,337.77582,2.238538,16.49614,0.48595682
1,87,10,0.01,0.123794675,0.040943842,0.06017072,0.022680113,0.101172924,-0.011614405,9.33386,0.9176486,12.831098,-2.0436494,0.20234585,-0.02322881,0.24529721,0.024116129,0.15059918,-0.023986405,252.95802,251.81755,338.28473,1.1260009,16.49614,0.4414905
1,88,10,0.01,0.11487092,0.032659195,0.0583151,0.023896629,0.09035928,-0.0017675312,9.188808,0.78266144,13.170721,-2.4746768,0.18071856,-0.0035350623,0.2414852,0.02056862,0.15458535,-0.029045392,252.97325,252.02109,337.76666,1.6920154,16.49614,0.4205777
1,89,10,0.01,0.12091361,0.036115475,0.06457824,0.020219889,0.09502036,-0.0051956307,9.669674,-0.29494414,12.1152,-2.0705156,0.19004072,-0.010391261,0.2541225,-0.007751243,0.14219666,-0.024301736,252.98753,252.11726,338.0947,2.3654597,16.500229,0.43859655
1,90,10,0.01,0.12681471,0.044800542,0.061460923,0.020553244,0.10583069,-0.012563254,9.433399,0.26593772,12.214662,-1.2944025,0.21166138,-0.025126508,0.24791314,0.006988934,0.14336403,-0.015192458,253.01329,252.11397,338.519,1.0284648,16.500229,0.32747632
1,91,10,0.01,0.119320504,0.036347922,0.061002247,0.02197034,0.095325656,-0.0018514725,9.398132,0.010135477,12.628727,-1.6809005,0.19065131,-0.003702945,0.24698633,0.00026636652,0.14822395,-0.01972881,253.02614,252.18105,337.8838,1.6707649,16.500229,0.33370027
1,92,10,0.01,0.12038931,0.038378425,0.061321113,0.020689774,0.09795206,-0.002246107,9.422664,-0.39235637,12.255162,-2.1468072,0.19590412,-0.004492214,0.247631,-0.010311271,0.1438394,-0.025197174,253.07672,252.36249,338.5086,2.5391636,16.500229,0.35236707
1,93,10,0.01,0.11477822,0.038980875,0.058090962,0.017706377,0.098717876,-0.010878435,9.171132,-0.08916759,11.337205,0.39213327,0.19743575,-0.02175687,0.24102066,-0.0023433573,0.13306531,0.004602486,253.09418,252.38052,338.95416,-0.30296567,16.50399,0.4273345
1,94,10,0.01,0.11648843,0.035156876,0.06094884,0.02038271,0.093750834,-0.0017300175,9.394018,-0.14235502,12.163881,-0.117157675,0.18750167,-0.003460035,0.24687819,-0.0037411402,0.14276803,-0.0013750843,253.07956,252.42114,338.4859,0.2595127,16.50399,0.48921067
1,95,10,0.01,0.12060927,0.039683532,0.06260274,0.018322987,0.09960363,-0.0038537947,9.520622,-0.59471714,11.532922,-0.8781996,0.19920726,-0.0077075893,0.2502054,-0.01562938,0.13536243,-0.010307469,253.10677,252.49452,338.875,1.4729167,16.50399,0.44394192
1,96,10,0.01,0.12120647,0.04220448,0.060364984,0.01863701,0.102718644,-0.011175856,9.348915,-0.19469476,11.631329,0.091471896,0.20543729,-0.022351712,0.24569286,-0.005116648,0.13651744,0.0010736103,253.12157,252.48363,339.0629,0.10322286,16.50399,0.39227447
1,97,10,0.01,0.10790211,0.037352525,0.05353658,0.017013006,0.09663401,-0.0023045791,8.804282,0.13294543,11.11301,1.8643488,0.19326802,-0.0046091583,0.23137973,0.003493852,0.13043392,0.021881947,253.09904,252.47557,338.16232,-1.9972942,16.507391,0.43988356
1,98,10,0.01,0.10730061,0.04007269,0.051641915,0.0155860055,0.100090824,-0.005910429,8.647087,-0.06642305,10.636742,1.2529843,0.20018165,-0.011820858,0.22724858,-0.0017456232,0.124843925,0.014706332,253.12762,252.53442,338.80612,-1.1865612,16.507391,0.35317978
1,99,10,0.01,0.11523819,0.043555044,0.054690186,0.016992955,0.104349226,-0.012956972,8.898634,0.58677644,11.106461,2.285182,0.20869845,-0.025913944,0.23385933,0.015420696,0.13035703,0.026821285,253.10149,252.3203,338.95947,-2.8719585,16.507391,0.36011785
1,100,10,0.01,0.108269945,0.035806064,0.0533456,0.019118277,0.09461245,-0.0045358036,8.788565,0.5220907,11.780551,1.9335731,0.1892249,-0.009071607,0.23096666,0.013720731,0.13826886,0.022694439,253.09741,252.35004,338.27313,-2.4556637,16.507391,0.41686904
2,1,10,0.008,0.105787404,0.0367557,0.049353685,0.01967802,0.09585888,-0.008548525,8.453342,3.4520578,11.951761,0.23512807,0.19171776,-0.01709705,0.2221569,0.090721324,0.14027837,0.0027597083,252.23134,248.25395,332.85565,-3.687186,16.510498,0.74328095
2,2,10,0.008,0.103612766,0.03601375,0.04840509,0.01919393,0.094886445,-0.011149102,8.37171,3.0988011,11.803836,0.024149692,0.18977289,-0.022298204,0.22001156,0.08143761,0.13854216,0.000283446,252.2222,248.18279,333.25754,-3.1229508,16.510498,0.7328755
2,3,10,0.008,0.10683431,0.038365927,0.049164712,0.019303663,0.09793611,-0.016564544,8.437143,3.385254,11.837529,1.1132627,0.19587222,-0.03312909,0.22173117,0.088965684,0.13893762,0.013066412,252.18517,248.03381,333.244,-4.4985166,16.510498,0.8200064
2,4,10,0.008,0.103359096,0.035007354,0.047895774,0.020455966,0.09355126,-0.008472017,8.327551,3.1166947,12.18572,0.5109971,0.18710253,-0.016944034,0.21885103,0.08190786,0.14302436,0.0059975963,252.14926,247.9505,332.46957,-3.6276917,16.510498,0.73726994
2,5,10,0.008,0.095212355,0.034084916,0.043601077,0.017526357,0.0923105,-0.008506243,7.9454274,2.377035,11.279427,-0.7429093,0.184621,-0.017012486,0.2088087,0.062469345,0.13238715,-0.008719558,252.14798,247.95624,332.8354,-1.6341256,16.512667,0.55842096
2,6,10,0.008,0.1038113,0.038226973,0.049749173,0.015835157,0.0977586,-0.015404995,8.487145,2.9457047,10.72142,0.16604753,0.1955172,-0.03080999,0.22304523,0.07741418,0.12583782,0.0019489039,252.0973,247.74239,332.6662,-3.1117523,16.512667,0.6235817
2,7,10,0.008,0.105436,0.035391036,0.052970365,0.017074602,0.09406253,-0.008371214,8.757601,3.0398052,11.13311,-0.13614832,0.18812506,-0.016742429,0.23015292,0.07988718,0.13066982,-0.0015979789,252.0304,247.48514,331.9073,-2.903657,16.512667,0.6259166
2,8,10,0.008,0.10189202,0.03462881,0.051382873,0.015880339,0.09304409,-0.011720712,8.625373,2.9968987,10.736707,-0.36728528,0.18608817,-0.023441425,0.22667791,0.07875958,0.12601721,-0.004310847,252.02632,247.38329,332.3454,-2.6296134,16.512667,0.6259382
2,9,10,0.008,0.10062009,0.03617006,0.050176702,0.014273333,0.09509214,-0.01223102,8.523534,2.2385752,10.178973,0.17169175,0.19018428,-0.02446204,0.22400157,0.05883057,0.11947106,0.0020151571,252.0326,247.4388,332.63614,-2.4102669,16.51445,0.43156755
2,10,10,0.008,0.10220749,0.03303931,0.052519795,0.016648391,0.09088359,-0.0032152336,8.720275,1.7799982,10.993281,-0.63887364,0.18176718,-0.006430467,0.22917198,0.04677898,0.12902865,-0.0074984897,252.0218,247.5051,332.085,-1.1411245,16.51445,0.5091563
2,11,10,0.008,0.09553781,0.032625332,0.046807602,0.016104877,0.09031242,-0.005149885,8.232408,1.3605448,10.8123455,-0.996998,0.18062484,-0.01029977,0.21635064,0.035755616,0.126905,-0.011701815,252.02592,247.514,332.38644,-0.3635468,16.51445,0.4680047
2,12,10,0.008,0.105983645,0.038053684,0.051561423,0.01636854,0.097536765,-0.010804555,8.640346,1.7694708,10.900494,-0.055973552,0.19507353,-0.02160911,0.2270714,0.046502333,0.1279396,-0.0006569612,251.99919,247.36353,332.3743,-1.7134973,16.51445,0.50054187
2,13,10,0.008,0.09838612,0.031172544,0.0510518,0.016161779,0.08827874,0.0024067766,8.597541,0.42996895,10.8314295,-0.52150416,0.17655748,0.0048135533,0.22594646,0.0112997405,0.12712899,-0.006120914,251.96536,247.27959,331.7274,0.09153521,16.515873,0.43291
2,14,10,0.008,0.09826203,0.0317273,0.05148102,0.015053708,0.08906079,-0.0019119217,8.633606,0.33375487,10.453529,-0.41684583,0.17812158,-0.0038238433,0.22689429,0.0087712025,0.12269355,-0.0048925406,251.96445,247.31075,332.01868,0.08309096,16.515873,0.41709065
2,15,10,0.008,0.10536083,0.03344041,0.056033917,0.015886499,0.0914336,-0.0062339287,9.00729,0.8007897,10.738789,0.8809512,0.1828672,-0.012467857,0.23671484,0.021045053,0.12604165,0.010339769,251.94934,247.24228,332.31622,-1.681741,16.515873,0.4289626
2,16,10,0.008,0.1045663,0.03003557,0.057730146,0.016800584,0.086653866,0.002423927,9.142606,0.9400417,11.043415,0.24890615,0.17330773,0.004847854,0.24027099,0.024704639,0.12961707,0.002921421,251.87236,246.94188,331.6067,-1.1889479,16.515873,0.50543183
2,17,10,0.008,0.10165238,0.030457262,0.05609806,0.015097058,0.087260045,0.0031694018,9.0124445,0.08495801,10.468571,-0.13359094,0.17452009,0.0063388036,0.23685029,0.0022327297,0.12287009,-0.0015679592,251.814,246.69337,331.7874,0.048632927,16.516752,0.63240856
2,18,10,0.008,0.113534085,0.03358923,0.06379534,0.016149513,0.09163682,-0.001967993,9.61088,0.4965025,10.827319,1.0093722,0.18327364,-0.003935986,0.2525774,0.013048259,0.12708074,0.011847045,251.75604,246.49153,331.71732,-1.5058748,16.516752,0.59395707
2,19,10,0.008,0.11343315,0.029604925,0.06710229,0.016725931,0.08603041,0.007347005,9.856832,0.561549,11.018853,0.60665756,0.17206082,0.01469401,0.2590411,0.0147577,0.12932877,0.0071203643,251.68549,246.2067,330.81454,-1.1682066,16.516752,0.5889702
2,20,10,0.008,0.114105046,0.03259627,0.06475722,0.016751561,0.09027219,0.0030822267,9.6830635,0.28883114,11.027292,0.4792761,0.18054438,0.0061644535,0.2544744,0.0075905924,0.12942782,0.005625289,251.69614,246.21579,330.88162,-0.76810724,16.516752,0.61504644
2,21,10,0.008,0.11866109,0.03409209,0.06930977,0.015259225,0.09232022,0.0042667896,10.017652,0.11710704,10.524645,1.627561,0.18464044,0.008533579,0.2632675,0.003077613,0.123528235,0.01910276,251.70952,246.40152,330.85303,-1.744668,16.51709,0.58762515
2,22,10,0.008,0.11855572,0.03224127,0.071093686,0.015220759,0.08977927,0.013728723,10.145751,-0.11972894,10.511372,1.2492927,0.17955855,0.027457446,0.266634,-0.0031465255,0.12337244,0.014663006,251.66983,246.36185,330.0882,-1.1295638,16.51709,0.7346558
2,23,10,0.008,0.12598069,0.035180427,0.07624053,0.014559735,0.09378223,0.00977668,10.506585,-0.34242234,10.280587,0.7368485,0.18756446,0.01955336,0.27611688,-0.008998996,0.120663725,0.008648425,251.67961,246.34848,330.32285,-0.39442614,16.51709,0.5946823
2,24,10,0.008,0.13034312,0.03686181,0.07721485,0.016266469,0.09599715,0.0046859994,10.573507,-0.04299264,10.866454,1.6698713,0.1919943,0.009371999,0.2778756,-0.0011298632,0.12754007,0.019599358,251.71506,246.51625,330.55667,-1.6268787,16.51709,0.56060237
2,25,10,0.008,0.113421984,0.03216217,0.06911655,0.012143261,0.08966907,0.014783191,10.003678,-0.21839035,9.388774,1.1936171,0.17933814,0.029566381,0.26290026,-0.0057393806,0.110196464,0.014009534,251.71965,246.65724,330.0363,-0.97522676,16.516933,0.42717835
2,26,10,0.008,0.11719986,0.033394754,0.07144729,0.012357813,0.09137116,0.010349571,10.170951,-0.34200034,9.471354,0.87973315,0.18274231,0.020699142,0.26729625,-0.008987886,0.1111657,0.010325468,251.74799,246.7208,330.62476,-0.53773284,16.516933,0.4048758
2,27,10,0.008,0.124711595,0.037631277,0.07410099,0.012979324,0.096993916,0.0057439418,10.358115,0.20236237,9.706602,1.9377937,0.19398783,0.0114878835,0.27221498,0.005318155,0.113926835,0.022743972,251.76482,246.69707,330.85983,-2.140156,16.516933,0.41369176
2,28,10,0.008,0.117712975,0.03306822,0.072158396,0.012486351,0.09092335,0.0130159,10.22144,-0.13652918,9.520482,1.5638163,0.1818467,0.0260318,0.26862314,-0.0035880406,0.11174234,0.018354582,251.76424,246.71928,330.36487,-1.4272871,16.516933,0.42618558
2,29,10,0.008,0.11100768,0.035162773,0.06337383,0.0124710845,0.093758695,0.010633888,9.579076,-0.06422336,9.514662,0.60196036,0.18751739,0.021267775,0.2517416,-0.0016878133,0.11167401,0.0070652347,251.78436,246.66765,330.79153,-0.537737,16.516413,0.37357584
2,30,10,0.008,0.11472107,0.036952905,0.06532365,0.012444508,0.09611569,0.006912185,9.725321,0.36183953,9.5045185,1.4183422,0.19223139,0.01382437,0.25558493,0.009509271,0.11155496,0.016647147,251.78212,246.64577,330.8872,-1.7801818,16.516413,0.38227516
2,31,10,0.008,0.10908263,0.03151586,0.065021746,0.012545027,0.088763535,0.015112412,9.70282,0.042303566,9.542827,0.92833257,0.17752707,0.030224824,0.25499362,0.0011117506,0.112004586,0.010895882,251.7601,246.67694,330.0897,-0.9706361,16.516413,0.4289732
2,32,10,0.008,0.11531538,0.036336355,0.06524126,0.01373776,0.09531049,0.013639727,9.719187,-0.41678628,9.986176,0.6385748,0.19062097,0.027279453,0.2554237,-0.010953291,0.11720819,0.0074949795,251.7822,246.76491,330.21725,-0.2217885,16.516413,0.42935097
2,33,10,0.008,0.11856184,0.036290932,0.06905493,0.01321598,0.0952509,0.008494641,9.999217,0.16372311,9.794695,0.62958926,0.1905018,0.016989281,0.26278305,0.0043027014,0.114960775,0.007389519,251.80583,246.93224,330.451,-0.7933124,16.515467,0.46077916
2,34,10,0.008,0.11175576,0.030405138,0.06881656,0.012534068,0.087185346,0.016144073,9.981945,0.22337477,9.538656,0.32508433,0.17437069,0.032288145,0.2623291,0.0058703674,0.11195565,0.0038155299,251.73538,246.60257,329.88272,-0.5484591,16.515467,0.45592496
2,35,10,0.008,0.11374284,0.03296539,0.06804531,0.012732145,0.09078187,0.012337503,9.925852,0.35503662,9.613732,0.2485629,0.18156374,0.024675006,0.26085496,0.00933049,0.11283681,0.0029173933,251.69217,246.40388,330.04703,-0.60359955,16.515467,0.42808947
2,36,10,0.008,0.11609811,0.036908697,0.06714863,0.012040788,0.09605818,0.0059918375,9.860236,1.0724678,9.349076,0.9173018,0.19211636,0.011983675,0.25913054,0.028184842,0.10973053,0.010766413,251.64836,246.27959,330.0847,-1.9897696,16.515467,0.46361113
2,37,10,0.008,0.092924364,0.029084848,0.05292305,0.010916466,0.0852714,0.011868887,8.753689,1.0078874,8.90189,-1.4328823,0.1705428,0.023737773,0.2300501,0.026487641,0.10448189,-0.016817803,251.60791,246.09912,329.49673,0.42499495,16.51431,0.53024757
2,38,10,0.008,0.09996835,0.033216115,0.055282373,0.011469864,0.09112644,0.007666686,8.946683,0.6017695,9.124736,-1.6305875,0.18225288,0.015333372,0.23512204,0.015814722,0.107097454,-0.01913828,251.6448,246.189,330.05716,1.0288179,16.51431,0.41206747
2,39,10,0.008,0.10732374,0.038684387,0.05761208,0.011027277,0.09834173,0.0029384778,9.133252,1.0712502,8.946957,-0.88800794,0.19668347,0.0058769556,0.24002516,0.028152842,0.105010845,-0.01042259,251.69774,246.41173,330.3335,-0.18324226,16.51431,0.454696
2,40,10,0.008,0.09491818,0.02887235,0.054933652,0.011112172,0.08495933,0.011500043,8.91842,0.79218656,8.98133,-1.0509001,0.16991866,0.023000086,0.23437929,0.020818954,0.105414286,-0.012334461,251.68745,246.40059,329.81158,0.25871354,16.51431,0.4060931
2,41,10,0.008,0.09124806,0.032171015,0.04773244,0.011344603,0.0896814,0.0075498074,8.313339,0.34663445,9.074775,-1.8440216,0.1793628,0.015099615,0.21847755,0.009109682,0.10651105,-0.021643365,251.68793,246.34671,330.39835,1.4973872,16.512972,0.41291827
2,42,10,0.008,0.09456381,0.034251966,0.049142312,0.011169542,0.092536435,0.0025680873,8.435222,0.93066543,9.004486,-0.9237898,0.18507287,0.0051361746,0.22168066,0.02445822,0.10568605,-0.010842561,251.64307,246.20099,330.53445,-0.006875634,16.512972,0.42621356
2,43,10,0.008,0.08739069,0.026664129,0.049990118,0.010736439,0.08164577,0.011155812,8.507672,0.90881974,8.828184,-1.4403751,0.16329154,0.022311624,0.2235847,0.023884105,0.10361679,-0.016905745,251.58673,246.0273,329.70886,0.53155535,16.512972,0.40257278
2,44,10,0.008,0.09934781,0.030802093,0.057174236,0.011371477,0.087752625,0.0067497394,9.098481,0.50126314,9.085518,-1.6970304,0.17550525,0.013499479,0.23911135,0.013173374,0.10663713,-0.019918123,251.5792,245.93254,329.887,1.1957673,16.512972,0.39320058
2,45,10,0.008,0.10053324,0.03770029,0.05273937,0.010093577,0.097082816,0.00022211521,8.738485,0.7624015,8.559803,-0.14917816,0.19416563,0.00044423042,0.22965054,0.020036187,0.100466795,-0.0017509126,251.55965,245.90294,329.82205,-0.6132234,16.511608,0.3196261
2,46,10,0.008,0.09236924,0.02885035,0.053830814,0.00968808,0.084926955,0.007923612,8.828444,0.63218313,8.386101,-0.22534592,0.16985391,0.015847225,0.23201469,0.016614,0.09842805,-0.0026448967,251.53491,245.93372,329.28214,-0.40683722,16.511608,0.31400406
2,47,10,0.008,0.09764769,0.02925304,0.058197103,0.010197544,0.0855176,0.004885928,9.179506,0.45454708,8.603774,-0.4878757,0.1710352,0.009771856,0.24124075,0.011945655,0.10098289,-0.0057262196,251.54419,245.85925,329.73294,0.033328623,16.511608,0.33771586
2,48,10,0.008,0.107150465,0.040810764,0.056458943,0.009880763,0.10100837,-0.0013538081,9.041387,0.8399626,8.469084,0.18483196,0.20201674,-0.0027076162,0.2376109,0.022074513,0.099402025,0.0021693807,251.58763,245.9949,329.90466,-1.0247946,16.511608,0.34026095
2,49,10,0.008,0.08404892,0.028207108,0.045696385,0.010145423,0.08397486,0.004619078,8.134102,0.15179671,8.5817585,1.4211305,0.16794972,0.009238156,0.21376713,0.003989257,0.10072449,0.016679877,251.63025,246.2529,329.4185,-1.5729272,16.510342,0.34147957
2,50,10,0.008,0.08261347,0.02945977,0.042756718,0.010396982,0.085819244,0.0022918594,7.8681164,-0.6321961,8.687501,0.90211016,0.17163849,0.0045837187,0.20677698,-0.016614353,0.10196559,0.010588111,251.74304,246.7558,330.6137,-0.26991403,16.510342,0.3723244
2,51,10,0.008,0.09041235,0.041091543,0.038942873,0.010377928,0.10135525,-0.0009402193,7.50901,-0.4452071,8.679536,1.3982729,0.2027105,-0.0018804386,0.19733949,-0.0117002,0.10187212,0.01641159,251.80788,247.12865,331.2105,-0.95306575,16.510342,0.4045956
2,52,10,0.008,0.07856021,0.027548103,0.040016312,0.010995795,0.082988106,0.0071651954,7.611797,-0.52013046,8.934176,1.0955749,0.16597621,0.014330391,0.20004077,-0.0136692105,0.104860835,0.012858813,251.78867,247.00793,330.73657,-0.5754444,16.510342,0.41038924
2,53,10,0.008,0.0792656,0.03171448,0.037180107,0.0103710145,0.0890428,0.004746269,7.3370924,-0.57234854,8.676645,1.4280778,0.1780856,0.009492538,0.19282144,-0.015041527,0.10183818,0.016761417,251.80464,246.9828,331.02838,-0.8557293,16.509136,0.3506842
2,54,10,0.008,0.08570267,0.038018882,0.0371877,0.010496091,0.09749216,0.00028485,7.3378415,-0.110170886,8.728809,2.3827548,0.19498432,0.0005697,0.19284113,-0.002895336,0.10245043,0.027966497,251.7894,246.98462,331.20175,-2.272584,16.509136,0.35779408
2,55,10,0.008,0.07613828,0.027783656,0.038052388,0.010302239,0.08334215,0.007933272,7.4226613,-0.09593374,8.647827,2.3165164,0.1666843,0.015866544,0.1950702,-0.0025211738,0.101499945,0.027189052,251.73943,246.94293,330.30066,-2.2205827,16.509136,0.3830507
2,56,10,0.008,0.073980734,0.02926011,0.03490714,0.009813484,0.085527934,0.004012084,7.109283,-0.34598964,8.440202,1.7697519,0.17105587,0.008024168,0.18683453,-0.009092733,0.09906303,0.020771658,251.75595,246.85017,330.71436,-1.4237623,16.509136,0.37936917
2,57,10,0.008,0.07664458,0.03632411,0.03115566,0.009164801,0.09529442,-0.0011628409,6.716409,0.30367005,8.156479,1.5427705,0.19058885,-0.0023256817,0.17650966,0.00798056,0.095732965,0.018107567,251.80704,247.0487,331.09122,-1.8464406,16.50807,0.29499575
2,58,10,0.008,0.072579086,0.027349677,0.036600225,0.008629192,0.08268869,0.00682941,7.279651,0.02024851,7.914551,1.5573419,0.16537738,0.01365882,0.19131185,0.0005321382,0.092893444,0.018278591,251.8114,247.12602,330.69073,-1.5775905,16.50807,0.31359524
2,59,10,0.008,0.0759004,0.030158576,0.036826804,0.008915013,0.08683112,0.004297773,7.30215,-0.16555436,8.044558,1.006089,0.17366225,0.008595546,0.19190311,-0.0043508243,0.094419345,0.011808514,251.81245,247.07509,331.23383,-0.8405346,16.50807,0.30472
2,60,10,0.008,0.08345046,0.03579868,0.037948783,0.009702996,0.0946027,-0.0013372585,7.4125495,0.37284958,8.392554,1.7394145,0.1892054,-0.002674517,0.19480447,0.009798627,0.09850379,0.020415585,251.78871,246.95947,331.1655,-2.1122642,16.50807,0.32937643
2,61,10,0.008,0.07484791,0.025759434,0.039858364,0.009230108,0.08024873,0.0065514897,7.5967593,0.6855985,8.185489,0.67085975,0.16049746,0.013102979,0.1996456,0.018017778,0.09607345,0.0078739105,251.76729,246.95476,330.69702,-1.3564582,16.5071,0.38216037
2,62,10,0.008,0.07335418,0.028579028,0.035634562,0.0091405865,0.084526666,0.0035570192,7.1829753,0.35329792,8.145697,0.23436992,0.16905333,0.0071140383,0.18877119,0.009284797,0.09560642,0.0027508116,251.76123,246.93695,331.3079,-0.5876678,16.5071,0.3623275
2,63,10,0.008,0.080023445,0.03425482,0.03523528,0.010533346,0.09254029,-0.0026199934,7.1426196,0.7668352,8.744287,0.7064288,0.18508057,-0.005239987,0.18771063,0.02015271,0.10263209,0.00829139,251.77028,246.96208,331.55896,-1.473264,16.5071,0.37933204
2,64,10,0.008,0.07310284,0.028215043,0.035574716,0.009313087,0.08398667,0.0050491686,7.1769414,0.68814456,8.222199,0.5878162,0.16797334,0.010098337,0.18861261,0.018084686,0.09650434,0.006899223,251.75795,246.95688,331.0424,-1.2759607,16.5071,0.41111887
2,65,10,0.008,0.069846794,0.027935896,0.03400822,0.007902679,0.083570175,0.00094247586,7.0171485,0.3987718,7.5740533,-0.7301257,0.16714035,0.0018849517,0.18441318,0.010479866,0.08889701,-0.008569517,251.82327,247.17554,331.7635,0.33135393,16.506315,0.255438
2,66,10,0.008,0.08179203,0.037548047,0.035359766,0.008884216,0.09688659,-0.0046902457,7.155226,1.0021409,8.030651,-0.23580016,0.19377318,-0.009380491,0.18804193,0.026336623,0.09425612,-0.0027676,251.88213,247.46466,332.11664,-0.76634073,16.506315,0.291635
2,67,10,0.008,0.06897822,0.025296211,0.035949472,0.0077325357,0.07952391,0.0042331964,7.214645,0.51253635,7.4920764,-0.32226506,0.15904783,0.008466393,0.18960346,0.013469638,0.08793484,-0.0037824402,251.90019,247.65363,331.6529,-0.19027129,16.506315,0.24739867
2,68,10,0.008,0.068634465,0.027201915,0.033333108,0.0080994405,0.082465015,0.00021281898,6.947148,0.26742318,7.667764,-0.7019529,0.16493003,0.00042563796,0.18257357,0.0070279776,0.08999689,-0.008238853,251.90063,247.5006,332.35223,0.4345297,16.506315,0.22059079
2,69,10,0.008,0.077287756,0.033520255,0.033975556,0.009791946,0.09154269,-0.0068561225,7.013777,0.58715284,8.430935,-0.7445247,0.18308538,-0.013712245,0.18432459,0.015430586,0.09895426,-0.008738519,251.91043,247.48473,332.57346,0.15737188,16.505587,0.4571838
2,70,10,0.008,0.0733501,0.02426441,0.039263148,0.009822544,0.07788519,0.0030016603,7.5398245,0.34184808,8.4440975,-1.0545785,0.15577038,0.0060033207,0.19814931,0.008983884,0.09910875,-0.012377637,251.91547,247.58693,331.82315,0.71273047,16.505587,0.44116455
2,71,10,0.008,0.078731954,0.030183522,0.038848434,0.009700001,0.08686703,0.0011152549,7.499899,-0.11070691,8.391258,-1.625877,0.17373405,0.0022305099,0.19710006,-0.002909417,0.098488584,-0.019082988,251.97617,247.73247,332.5224,1.736584,16.505587,0.47565037
2,72,10,0.008,0.086215846,0.037470177,0.038573436,0.010172235,0.096786074,-0.0024949335,7.4733067,0.10463823,8.59309,-1.2435093,0.19357215,-0.004989867,0.19640121,0.0027499294,0.100857496,-0.014595126,252.0182,247.81013,332.8773,1.1388711,16.505587,0.53979313
2,73,10,0.008,0.079253785,0.026156716,0.044042107,0.009054967,0.08086519,0.006025573,7.985511,-0.296156,8.107457,-2.0211647,0.16173038,0.012051146,0.20986211,-0.007783083,0.09515759,-0.023722501,251.98875,247.87398,332.1564,2.3173206,16.504686,0.554053
2,74,10,0.008,0.08021168,0.03014849,0.040566318,0.009496868,0.0868166,0.004036475,7.663929,-0.19053064,8.30293,-2.3613036,0.1736332,0.00807295,0.20141082,-0.0050072214,0.09745187,-0.027714724,251.94855,247.72035,332.39166,2.551834,16.504686,0.50850946
2,75,10,0.008,0.08575473,0.036118977,0.039210018,0.01042574,0.095024966,-0.00096850115,7.5347223,0.10814374,8.699507,-1.7325068,0.19004993,-0.0019370023,0.1980152,0.0028420554,0.10210651,-0.020334516,251.94284,247.70856,332.5005,1.6243631,16.504686,0.56073934
2,76,10,0.008,0.083459206,0.026819937,0.047579717,0.009059555,0.08188397,0.00621287,8.300029,-0.12989846,8.109511,-1.698891,0.16376793,0.01242574,0.21812776,-0.0034137783,0.095181696,-0.019939963,251.98485,247.85149,331.94238,1.8287895,16.504686,0.56170046
2,77,10,0.008,0.07892279,0.026774477,0.043503586,0.008644732,0.08181454,0.0035395834,7.936539,-0.66163737,7.921674,-2.2917469,0.16362908,0.007079167,0.20857513,-0.017388066,0.09297705,-0.026898336,252.10579,248.27129,333.24228,2.9533842,16.503473,0.3735446
2,78,10,0.008,0.081198744,0.030479282,0.0413316,0.009387856,0.08729158,-0.0019862344,7.7358813,-0.45166263,8.255139,-1.7544099,0.17458317,-0.003972469,0.20330174,-0.011869854,0.09689095,-0.020591589,252.1822,248.71855,333.95746,2.2060726,16.503473,0.36483473
2,79,10,0.008,0.07751002,0.02368774,0.04565189,0.00817039,0.07695411,0.0050721564,8.130141,-0.64924383,7.7012744,-1.7044425,0.15390822,0.010144313,0.21366303,-0.017062362,0.090390205,-0.020005122,252.17764,248.71767,333.3392,2.3536863,16.503473,0.34503418
2,80,10,0.008,0.07677703,0.023038935,0.04504498,0.008693122,0.07589291,0.0027558045,8.075917,-1.1603907,7.9438143,-2.2873902,0.15178582,0.005511609,0.21223803,-0.030495489,0.093236916,-0.026847204,252.25122,248.86952,334.17993,3.447781,16.503473,0.3504813
2,81,10,0.008,0.08283126,0.036270667,0.038045626,0.008514972,0.0952243,-0.0036625667,7.4220014,-0.7201825,7.8619957,-0.5861179,0.1904486,-0.0073251333,0.19505288,-0.018926656,0.09227661,-0.006879291,252.31535,249.09189,334.67554,1.3063004,16.50214,0.33943036
2,82,10,0.008,0.06735713,0.02152436,0.03797643,0.007856342,0.07335591,0.005234734,7.415249,-1.0003465,7.551816,-0.9625258,0.14671183,0.010469468,0.19487542,-0.026289469,0.08863601,-0.011297209,252.32523,249.23053,334.22934,1.9628723,16.50214,0.35077038
2,83,10,0.008,0.06902875,0.025044922,0.036461405,0.0075224205,0.07912794,0.0043640467,7.265832,-1.4652094,7.3895845,-1.6648768,0.15825588,0.0087280935,0.1909487,-0.03850623,0.08673189,-0.019540735,252.36969,249.43454,334.84964,3.1300862,16.50214,0.36076427
2,84,10,0.008,0.078044906,0.033692885,0.035894055,0.008457965,0.09177811,-0.001580089,7.2090816,-1.1442043,7.835634,-0.9541661,0.18355621,-0.003160178,0.18945727,-0.030070102,0.091967195,-0.011199089,252.43051,249.70358,335.13647,2.0983703,16.50214,0.3801512
2,85,10,0.008,0.06933379,0.023102535,0.038975287,0.0072559724,0.07599759,0.0068409815,7.512133,-0.8132026,7.257533,0.47885948,0.15199518,0.013681963,0.1974216,-0.021371257,0.085181996,0.0056203958,252.43541,249.77928,334.5866,0.33434314,16.500763,0.43942618
2,86,10,0.008,0.06803775,0.025210002,0.035753388,0.007074354,0.07938829,0.0057824217,7.1949415,-1.1515689,7.1661286,0.049454045,0.15877658,0.011564843,0.18908566,-0.030263651,0.08410918,0.00058044266,252.46394,249.86253,335.2953,1.1021148,16.500763,0.4587259
2,87,10,0.008,0.07214707,0.029468395,0.03519688,0.007481801,0.085831806,-0.0011814146,7.138726,-0.6187656,7.369606,0.7863137,0.17166361,-0.0023628292,0.18760832,-0.016261378,0.0864974,0.009228999,252.47911,249.8697,335.64355,-0.16754812,16.500763,0.4252172
2,88,10,0.008,0.06986227,0.021884298,0.04054883,0.007429136,0.07396671,0.0070662126,7.6622767,-0.34498397,7.3436227,0.6008636,0.14793342,0.014132425,0.20136741,-0.009066311,0.08619244,0.0070523624,252.44736,249.80934,335.04095,-0.2558796,16.500763,0.49829745
2,89,10,0.008,0.074067906,0.026645761,0.040339835,0.007082316,0.081617646,0.0046738717,7.6425047,0.31376374,7.17016,1.3976095,0.16323529,0.009347743,0.20084779,0.008245822,0.0841565,0.016403805,252.45494,249.8175,335.67172,-1.7113732,16.499414,0.5203782
2,90,10,0.008,0.07716529,0.03215343,0.037288837,0.007723019,0.08965689,-7.48827e-5,7.347813,0.56890655,7.4874644,1.7150518,0.17931378,-0.0001497654,0.19310318,0.014951065,0.08788071,0.020129642,252.47052,249.8172,335.92953,-2.2839584,16.499414,0.46697086
2,91,10,0.008,0.06845186,0.020784065,0.039435502,0.008232294,0.0720834,0.006944955,7.556355,0.5095867,7.730394,1.6540534,0.1441668,0.01388991,0.19858374,0.013392123,0.090731986,0.0194137,252.47699,249.97385,335.18655,-2.16364,16.499414,0.466612
2,92,10,0.008,0.076291226,0.026580792,0.041182056,0.008528375,0.081518084,0.0068034288,7.721874,-0.05137981,7.8681817,1.2299895,0.16303617,0.0136068575,0.20293362,-0.0013502752,0.0923492,0.014436442,252.51254,250.19289,335.68665,-1.1786097,16.499414,0.47950086
2,93,10,0.008,0.080469325,0.033816826,0.037878007,0.008774492,0.09194676,0.0015828959,7.4056344,1.0930146,7.9809065,2.020337,0.18389352,0.0031657917,0.19462273,0.028724825,0.09367226,0.023712786,252.52403,250.13152,336.12634,-3.1133518,16.498047,0.36227497
2,94,10,0.008,0.07325405,0.021257991,0.044041257,0.007954798,0.0729006,0.009499976,7.9854336,1.3072332,7.5989885,2.0103853,0.1458012,0.018999953,0.20986009,0.03435456,0.08918967,0.023595985,252.47061,249.94974,335.31982,-3.3176184,16.498047,0.40775782
2,95,10,0.008,0.07279231,0.02369476,0.04136709,0.0077304575,0.07696551,0.0060510486,7.7392015,1.0457687,7.491069,1.4483538,0.15393102,0.012102097,0.20338902,0.027483184,0.08792302,0.016999394,252.4602,249.79932,335.75174,-2.4941225,16.498047,0.43379527
2,96,10,0.008,0.08414936,0.032369904,0.042966135,0.008813325,0.08995819,-0.0018219519,7.8873625,1.4427679,7.9985466,2.025603,0.17991638,-0.0036439039,0.20728274,0.037916463,0.09387931,0.023774594,252.48671,249.89919,335.91916,-3.468371,16.498047,0.41693026
2,97,10,0.008,0.07082428,0.021194523,0.04216328,0.0074664825,0.072791696,0.007704945,7.8133245,1.6057928,7.362058,0.74550307,0.14558339,0.01540989,0.20533699,0.04220081,0.08640881,0.008750003,252.48491,249.95395,335.23038,-2.351296,16.496708,0.32869557
2,98,10,0.008,0.07560506,0.024392297,0.043623168,0.0075895926,0.07809017,0.0056453063,7.947441,1.0444739,7.4225044,0.08836987,0.15618034,0.011290613,0.2088616,0.027449155,0.08711827,0.0010372021,252.52702,250.03796,335.91196,-1.1328437,16.496708,0.39754337
2,99,10,0.008,0.07853389,0.027048264,0.043262545,0.008223082,0.08223178,-0.0006328129,7.9145217,1.4892612,7.726067,0.75066084,0.16446356,-0.0012656258,0.2079965,0.039138332,0.09068121,0.00881054,252.53134,249.97261,336.2244,-2.239922,16.496708,0.44462168
2,100,10,0.008,0.080875576,0.024295222,0.048716586,0.007863765,0.07793462,0.0067039453,8.398603,1.6063691,7.555383,0.57032126,0.15586925,0.013407891,0.22071834,0.042215962,0.08867787,0.0066938847,252.51958,250.02689,335.5172,-2.1766903,16.496708,0.42554167
3,1,10,0.0064000003,0.08536456,0.029487466,0.04676447,0.009112617,0.085859574,0.008923667,8.228614,1.6171732,8.1332245,-1.8545233,0.17171915,0.017847333,0.21625094,0.0424999,0.09546003,-0.021766627,251.67825,247.50604,331.44122,0.2373501,16.495447,0.7582
3,2,10,0.0064000003,0.077407,0.030780109,0.036973465,0.009653428,0.0877213,0.0061141774,7.3166747,0.95026827,8.371089,-2.2107353,0.1754426,0.012228355,0.19228485,0.02497339,0.09825186,-0.025947496,251.74846,247.79466,332.43625,1.260467,16.495447,0.7226274
3,3,10,0.0064000003,0.07322259,0.027367033,0.0367539,0.009101663,0.08271492,0.0024618462,7.2949166,1.6595626,8.128335,-1.5449091,0.16542985,0.0049236924,0.19171306,0.04361392,0.095402636,-0.018132666,251.74142,247.79979,332.65182,-0.11465347,16.495447,0.71107024
3,4,10,0.0064000003,0.06554646,0.024228951,0.033147626,0.008169881,0.07782826,0.008637016,6.9277925,1.6246775,7.701035,-1.8486822,0.15565652,0.017274031,0.18206489,0.042697117,0.0903874,-0.021698065,251.71109,247.66663,332.19263,0.22400463,16.495447,0.6113807
3,5,10,0.0064000003,0.062968254,0.025108662,0.02901569,0.008843904,0.079228565,0.0054658307,6.4816437,0.17910255,8.012411,-2.250667,0.15845713,0.010931661,0.17033993,0.0047068805,0.09404203,-0.02641618,251.73557,247.66946,332.83792,2.0715644,16.49412,0.48452172
3,6,10,0.0064000003,0.06723432,0.027298247,0.031774003,0.008162077,0.082610905,0.00031224135,6.782731,0.95524156,7.6973557,-1.3399334,0.16522181,0.0006244827,0.17825264,0.025104087,0.09034421,-0.01572686,251.7182,247.58972,332.89166,0.38469183,16.49412,0.53559935
3,7,10,0.0064000003,0.06195899,0.024905544,0.028969502,0.008083945,0.07890745,0.006977789,6.4764824,0.89518034,7.660425,-1.7671131,0.1578149,0.013955578,0.1702043,0.023525663,0.08991076,-0.020740688,251.68152,247.58183,332.1538,0.87193274,16.49412,0.44282153
3,8,10,0.0064000003,0.057939544,0.02468943,0.024742031,0.0085080825,0.07856435,0.004539369,5.985306,0.27961698,7.8588147,-2.2191405,0.1571287,0.009078738,0.157296,0.0073484406,0.09223927,-0.026046155,251.6778,247.50827,332.7018,1.9395236,16.49412,0.41239166
3,9,10,0.0064000003,0.058532838,0.024673343,0.025840065,0.00801943,0.07853875,0.0006460833,6.1166763,-0.116229914,7.629797,-1.0297669,0.1570775,0.0012921666,0.16074845,-0.0030545637,0.08955127,-0.012086423,251.66098,247.36171,332.89557,1.1459968,16.492477,0.34359917
3,10,10,0.0064000003,0.05908922,0.024162497,0.027132403,0.0077943215,0.077721454,0.008366533,6.2677655,-0.031032966,7.5219483,-1.3904177,0.15544291,0.016733065,0.16471916,-0.0008155595,0.08828545,-0.016319394,251.61153,247.2232,332.24634,1.4214506,16.492477,0.343545
3,11,10,0.0064000003,0.05901547,0.024530426,0.026771644,0.007713402,0.07831096,0.0045456123,6.225958,-0.5618225,7.4828014,-1.5308053,0.15662192,0.0090912245,0.16362043,-0.014764897,0.08782598,-0.017967133,251.62828,247.29814,332.76068,2.0926278,16.492477,0.31655386
3,12,10,0.0064000003,0.06757514,0.02786916,0.031910118,0.0077958633,0.08347029,-6.8734994e-6,6.797244,-0.016993629,7.5226927,-0.85195637,0.16694058,-1.3746999e-5,0.17863403,-0.00044659534,0.088294186,-0.00999945,251.6532,247.26562,332.8856,0.86895,16.492477,0.3317564
3,13,10,0.0064000003,0.069019325,0.02403995,0.03821134,0.006768035,0.07752411,0.00778969,7.438147,-0.7190334,7.0092654,-0.33458036,0.15504822,0.01557938,0.1954772,-0.018896459,0.08226807,-0.003926987,251.68785,247.48471,332.38898,1.0536138,16.490623,0.45113626
3,14,10,0.0064000003,0.063711226,0.025574632,0.03093019,0.0072064046,0.07996035,0.0056292205,6.692062,-1.4577951,7.232702,-0.8421847,0.1599207,0.011258441,0.17586981,-0.03831139,0.084890544,-0.00988476,251.78891,247.87413,333.44342,2.29998,16.490623,0.44166517
3,15,10,0.0064000003,0.073085815,0.029454911,0.03630502,0.0073258774,0.08581217,0.00035053867,7.250234,-0.96751875,7.2924094,-0.11472663,0.17162433,0.00070107734,0.19053876,-0.025426744,0.08559134,-0.001346552,251.87828,248.2455,333.91525,1.0822453,16.490623,0.43932343
3,16,10,0.0064000003,0.07023723,0.02280373,0.041305054,0.006128448,0.07550452,0.007364462,7.733396,-1.2048044,6.6698565,-0.12630278,0.15100904,0.014728924,0.20323645,-0.031662695,0.078284405,-0.0014824199,251.90868,248.37851,333.43536,1.3311071,16.490623,0.44883195
3,17,10,0.0064000003,0.06637064,0.026103824,0.03417262,0.006094199,0.08078339,0.0021810508,7.0340877,-1.2497015,6.6511927,0.08365286,0.16156678,0.0043621017,0.18485838,-0.032842606,0.07806535,0.0009818376,251.97395,248.38396,334.21198,1.1660486,16.488546,0.4003616
3,18,10,0.0064000003,0.0644935,0.027692536,0.030961739,0.0058392254,0.08320537,-0.0011392528,6.6954737,-0.7874498,6.5105677,0.73283046,0.16641074,-0.0022785056,0.17595948,-0.020694464,0.07641482,0.008601264,252.0629,248.69196,334.88284,0.054619312,16.488546,0.34340078
3,19,10,0.0064000003,0.059195295,0.021640094,0.032146927,0.005408273,0.07355286,0.0071734227,6.822419,-1.1982057,6.2657127,0.3172235,0.14710572,0.014346845,0.17929564,-0.03148927,0.07354096,0.0037232658,252.1138,249.06494,334.65366,0.8809822,16.488546,0.46038595
3,20,10,0.0064000003,0.06273347,0.02605671,0.03116108,0.00551568,0.080710456,0.005878015,6.716994,-1.7977699,6.3276258,-0.329744,0.16142091,0.01175603,0.17652501,-0.047246046,0.074267626,-0.00387022,252.20557,249.53598,335.5233,2.127514,16.488546,0.5465981
3,21,10,0.0064000003,0.061864085,0.026406607,0.029579256,0.0058782245,0.08125055,0.00089771487,6.5442867,-0.5278485,6.5322723,0.60445946,0.1625011,0.0017954297,0.1719862,-0.013872043,0.07666958,0.0070945676,252.22795,249.65553,335.7684,-0.07661098,16.486294,0.4239939
3,22,10,0.0064000003,0.057465617,0.020845847,0.031058405,0.0055613616,0.072190456,0.0065066842,6.705918,-0.37348607,6.3537745,0.74336195,0.14438091,0.0130133685,0.17623395,-0.009815344,0.07457454,0.008724875,252.15059,249.37134,334.81815,-0.36987588,16.486294,0.48133096
3,23,10,0.0064000003,0.063311376,0.024356695,0.033465628,0.0054890495,0.07803316,0.0043180403,6.960944,-0.5613657,6.312331,0.19127196,0.15606631,0.008636081,0.18293613,-0.014752898,0.07408812,0.002244968,252.13947,249.19646,335.09256,0.37009376,16.486294,0.5420853
3,24,10,0.0064000003,0.066911064,0.026376909,0.034387648,0.0061465064,0.08120485,-0.00055404473,7.056184,-0.0037559741,6.6796765,0.7532559,0.1624097,-0.0011080895,0.18543907,-9.870529e-5,0.07839966,0.008840999,252.15187,249.17644,335.23438,-0.7494999,16.486294,0.48118722
3,25,10,0.0064000003,0.0634876,0.02183017,0.03533428,0.006323144,0.07387518,0.004003697,7.152647,1.0950159,6.7749763,0.8866036,0.14775036,0.008007394,0.18797415,0.02877742,0.0795182,0.010406107,252.11906,249.11482,334.57205,-1.9816195,16.483925,0.4422858
3,26,10,0.0064000003,0.068227395,0.025017913,0.036855955,0.0063535236,0.07908526,0.0017740221,7.3050394,0.6276191,6.7912316,0.24309383,0.15817052,0.0035480442,0.19197905,0.016494052,0.07970899,0.0028532045,252.1338,249.10245,335.231,-0.87071294,16.483925,0.48907718
3,27,10,0.0064000003,0.0774049,0.03267932,0.037622914,0.0071026688,0.09038711,-0.0038808747,7.380655,0.9919186,7.1804557,0.70583755,0.18077423,-0.0077617494,0.19396627,0.026067972,0.08427733,0.008284445,252.1584,249.06885,335.4617,-1.6977562,16.483925,0.43871042
3,28,10,0.0064000003,0.065961644,0.022183975,0.03712962,0.0066480506,0.07447143,0.003463421,7.33211,0.8475995,6.9468575,0.64755595,0.14894286,0.006926842,0.19269048,0.022275234,0.08153558,0.007600394,252.19879,249.3933,334.73486,-1.4951555,16.483925,0.42683044
3,29,10,0.0064000003,0.06312252,0.024911782,0.03211816,0.00609258,0.07891733,-0.00084782706,6.819366,0.72689986,6.650309,0.08165606,0.15783466,-0.0016956541,0.1792154,0.01910319,0.07805498,0.00095840177,252.26009,249.64468,335.35034,-0.8085559,16.48154,0.32823253
3,30,10,0.0064000003,0.068142734,0.031410366,0.02999123,0.0067411372,0.08861485,-0.004788593,6.589703,0.98926383,6.9953237,0.72338444,0.1772297,-0.009577186,0.17317976,0.025998207,0.08210443,0.008490397,252.32637,249.85507,336.0824,-1.7126483,16.48154,0.3327163
3,31,10,0.0064000003,0.056866705,0.02039273,0.029787458,0.006686516,0.07140156,0.0020849218,6.5672784,0.99289054,6.966925,0.76948303,0.14280312,0.0041698436,0.17259043,0.026093524,0.08177112,0.009031457,252.32126,249.91122,335.67993,-1.7623736,16.48154,0.32370135
3,32,10,0.0064000003,0.058644272,0.0219586,0.029995596,0.006690077,0.07409217,0.0007450902,6.5901823,0.5442782,6.9687805,0.14384618,0.14818434,0.0014901804,0.17319237,0.014303836,0.08179289,0.0016883281,252.35764,249.98141,336.332,-0.6881244,16.48154,0.3668415
3,33,10,0.0064000003,0.06121647,0.026834527,0.027284103,0.007097841,0.08190624,-0.0070467177,6.285264,0.91402906,7.178015,0.48711684,0.16381247,-0.014093435,0.165179,0.024021009,0.084248684,0.0057173125,252.40344,250.16757,336.99432,-1.4011459,16.4792,0.35822862
3,34,10,0.0064000003,0.05626204,0.021473955,0.02791715,0.006870932,0.07326997,0.00204806,6.3577614,1.0411727,7.0623465,0.18618286,0.14653994,0.00409612,0.16708426,0.027362395,0.082891084,0.002185235,252.38863,250.21466,336.38495,-1.2273556,16.4792,0.26712096
3,35,10,0.0064000003,0.05821342,0.02382509,0.027885003,0.006503329,0.07717689,-0.00043727082,6.3540993,0.33930892,6.8708277,-0.51268846,0.15435378,-0.00087454164,0.16698803,0.008917163,0.08064322,-0.006017446,252.42969,250.31107,336.9465,0.17337954,16.4792,0.27260825
3,36,10,0.0064000003,0.06141167,0.028108351,0.02630723,0.0069960863,0.08382773,-0.005643731,6.17172,0.47124752,7.126377,0.17539062,0.16765545,-0.011287462,0.16219504,0.012384554,0.08364261,0.0020585663,252.51604,250.68695,337.33286,-0.64663815,16.4792,0.298181
3,37,10,0.0064000003,0.056035742,0.02108786,0.028798478,0.006149405,0.0726083,0.00071918766,6.457337,0.17586282,6.681251,-0.22129583,0.1452166,0.0014383753,0.16970114,0.0046217376,0.07841814,-0.0025973606,252.57541,251.12299,337.09753,0.045433015,16.476887,0.32267892
3,38,10,0.0064000003,0.05744532,0.022974338,0.028532002,0.0059389807,0.07578644,0.0006595114,6.4273925,-0.55793697,6.5659437,-0.8166233,0.15157288,0.0013190228,0.16891418,-0.014662788,0.07706478,-0.009584745,252.6463,251.45293,337.92932,1.3745602,16.476887,0.29937404
3,39,10,0.0064000003,0.06483447,0.030661512,0.027713256,0.006459696,0.087552145,-0.007201256,6.3345017,-0.09511112,6.8477397,-0.19103083,0.17510429,-0.014402512,0.16647299,-0.0024995538,0.08037224,-0.0022421377,252.67499,251.48672,338.24808,0.28614193,16.476887,0.31402332
3,40,10,0.0064000003,0.054725707,0.021445416,0.026781267,0.006499024,0.073221266,0.0020094444,6.227077,0.021290867,6.868553,-0.50074154,0.14644253,0.004018889,0.16364983,0.0005595347,0.08061653,-0.005877227,252.70569,251.60838,337.78183,0.47945067,16.476887,0.30179214
3,41,10,0.0064000003,0.06075941,0.024594517,0.029667076,0.006497815,0.078413196,0.00063356216,6.553994,-0.46624938,6.8679147,-1.3306396,0.15682639,0.0012671243,0.17224133,-0.012253205,0.08060902,-0.015617778,252.76932,251.87181,338.11987,1.796889,16.47448,0.33669892
3,42,10,0.0064000003,0.069942154,0.029526075,0.034040276,0.006375808,0.08591577,-0.005047777,7.020455,-0.15138383,6.803131,-0.720976,0.17183153,-0.010095554,0.18450007,-0.0039784224,0.079848655,-0.00846213,252.81026,251.98642,338.46375,0.8723598,16.47448,0.3588376
3,43,10,0.0064000003,0.06590541,0.023623886,0.03569258,0.006588946,0.07685032,0.0017360804,7.18882,-0.078600295,6.915908,-0.83164006,0.15370063,0.0034721608,0.1889248,-0.0020656448,0.081172325,-0.009760998,252.81592,251.95499,337.74997,0.91024035,16.47448,0.35681045
3,44,10,0.0064000003,0.06706445,0.026442776,0.033454664,0.0071670106,0.081306174,-0.00013156205,6.959804,-0.8216737,7.2129054,-1.4104556,0.16261235,-0.0002631241,0.18290617,-0.02159389,0.0846582,-0.016554585,252.89125,252.14725,338.26828,2.2321293,16.47448,0.3512902
3,45,10,0.0064000003,0.071304314,0.0337983,0.030960571,0.0065454463,0.09192157,-0.0062637087,6.695348,-0.051143914,6.8930407,-0.6272821,0.18384314,-0.012527417,0.17595616,-0.0013440817,0.08090393,-0.0073624356,252.97614,252.51765,338.86838,0.678426,16.471992,0.2968188
3,46,10,0.0064000003,0.061996024,0.024212407,0.03164285,0.006140765,0.07780168,0.00096715055,6.7687182,0.011612651,6.676555,-0.66454554,0.15560336,0.0019343011,0.17788437,0.0003051848,0.07836303,-0.007799802,252.95998,252.60709,338.22278,0.6529329,16.471992,0.2989943
3,47,10,0.0064000003,0.059647955,0.024707524,0.02834733,0.0065931017,0.078593135,-0.00011512381,6.406558,-0.4479734,6.9180884,-1.3708595,0.15718627,-0.00023024762,0.16836666,-0.011772895,0.08119792,-0.01608984,252.95541,252.51266,338.82202,1.8188329,16.471992,0.23734994
3,48,10,0.0064000003,0.07222817,0.0322803,0.032396633,0.0075512375,0.089833595,-0.008270366,6.8488655,0.36429,7.4037247,-0.58294654,0.17966719,-0.016540732,0.17999065,0.009573674,0.08689786,-0.0068420703,252.91595,252.22702,338.98065,0.21865654,16.471992,0.29913172
3,49,10,0.0064000003,0.0650319,0.022052059,0.036519945,0.0064599,0.07424968,-0.0009809302,7.271663,1.332003,6.847848,0.0028676505,0.14849935,-0.0019618603,0.19110192,0.035005525,0.0803735,3.365796e-5,252.85239,252.00935,338.05453,-1.3348707,16.469559,0.23207001
3,50,10,0.0064000003,0.06542515,0.024988621,0.03437185,0.0060646823,0.07903895,-0.0032870637,7.054563,0.76864403,6.6350656,-0.3352076,0.1580779,-0.0065741274,0.18539646,0.020200243,0.07787607,-0.0039343466,252.85992,251.91676,338.5681,-0.43343642,16.469559,0.2987756
3,51,10,0.0064000003,0.07238125,0.029159656,0.035832684,0.0073889103,0.085380994,-0.010774429,7.202916,1.1813953,7.323715,0.3111167,0.17076199,-0.021548858,0.18929523,0.031047495,0.08595877,0.0036515913,252.89366,252.03685,338.976,-1.492512,16.469559,0.3396108
3,52,10,0.0064000003,0.06672065,0.022099132,0.035760716,0.008860801,0.074328884,-0.0044886395,7.195678,1.3539417,8.020062,0.094608426,0.14865777,-0.008977279,0.18910503,0.035582077,0.09413183,0.0011104273,252.88876,252.09235,338.33105,-1.4485501,16.469559,0.33762065
3,53,10,0.0064000003,0.06605341,0.025867134,0.03388881,0.006297468,0.080416314,-0.0039059606,7.0048175,0.7628195,6.7612066,-0.54792637,0.16083263,-0.007811921,0.18408914,0.020047164,0.07935659,-0.0064310357,252.97551,252.35965,338.91437,-0.21489316,16.467323,0.37271246
3,54,10,0.0064000003,0.07102968,0.029196875,0.034825798,0.007007006,0.085435465,-0.009939179,7.1009946,1.2013172,7.131936,-0.017992424,0.17087093,-0.019878358,0.18661672,0.031571046,0.08370786,-0.00021117624,253.03395,252.60637,339.52786,-1.1833248,16.467323,0.35646045
3,55,10,0.0064000003,0.0651336,0.021053996,0.036837712,0.0072418964,0.07254998,-0.0026541946,7.303231,1.5834547,7.25049,-0.15854071,0.14509995,-0.005308389,0.19193153,0.04161376,0.08509933,-0.0018607995,253.0009,252.49309,338.85114,-1.424914,16.467323,0.33695146
3,56,10,0.0064000003,0.069145665,0.023105154,0.0397254,0.006315114,0.0760019,-0.00371284,7.584079,1.0477207,6.7706723,-0.54661727,0.1520038,-0.00742568,0.19931231,0.027534483,0.07946769,-0.0064156726,253.02283,252.5221,339.08908,-0.5011034,16.467323,0.41720232
3,57,10,0.0064000003,0.08167908,0.03357402,0.04111773,0.0069873356,0.09161607,-0.007679881,7.7158403,1.2578224,7.1219187,0.7163678,0.18323214,-0.015359762,0.20277508,0.03305603,0.083590284,0.008408041,253.0749,252.7259,339.55997,-1.9741902,16.465296,0.37564388
3,58,10,0.0064000003,0.070010155,0.021404559,0.041651346,0.006954256,0.073151484,-0.00029519584,7.7657466,1.0799555,7.1050396,0.43822727,0.14630297,-0.0005903917,0.20408662,0.028381618,0.08339218,0.005143493,253.10484,252.98235,339.01105,-1.5181828,16.465296,0.3906311
3,59,10,0.0064000003,0.072589,0.024611365,0.041078925,0.006898707,0.07844005,-0.0015226722,7.7121983,0.31642267,7.0766063,-0.025396626,0.1568801,-0.0030453445,0.20267937,0.008315708,0.083058454,-0.00029808088,253.16951,253.21121,339.59668,-0.29102606,16.465296,0.43430755
3,60,10,0.0064000003,0.08565976,0.034606237,0.04372573,0.007327794,0.093013756,-0.007812925,7.956777,0.7590259,7.2933636,0.9315373,0.18602751,-0.01562585,0.20910698,0.019947486,0.08560254,0.010933495,253.23149,253.47372,340.21902,-1.6905632,16.465296,0.389716
3,61,10,0.0064000003,0.071049035,0.0220145,0.041687112,0.0073474194,0.07418642,0.0025047641,7.7690797,0.43340588,7.3031235,0.72916836,0.14837284,0.0050095282,0.20417422,0.0113900695,0.08571709,0.008558282,253.22542,253.56511,339.7747,-1.1625743,16.463554,0.37075785
3,62,10,0.0064000003,0.07430138,0.024159843,0.043589976,0.0065515526,0.077717185,0.00025210658,7.944416,-0.16357021,6.8962555,0.15501735,0.15543437,0.00050421315,0.20878212,-0.004298677,0.08094166,0.0018194452,253.23592,253.52533,340.23407,0.008552864,16.463554,0.4290078
3,63,10,0.0064000003,0.0817108,0.027522234,0.04644581,0.0077427584,0.08294913,-0.0069208946,8.200531,0.47933483,7.4970264,0.86242855,0.16589826,-0.013841789,0.2155129,0.012597089,0.087992944,0.010122363,253.2665,253.5208,340.44016,-1.3417634,16.463554,0.3796449
3,64,10,0.0064000003,0.080066495,0.023182174,0.048662417,0.008221902,0.07612847,0.00158598,8.393933,0.3893777,7.725514,0.62395686,0.15225694,0.00317196,0.2205956,0.010232988,0.090674706,0.0073234094,253.3083,253.80453,339.90878,-1.0133345,16.463554,0.41441894
3,65,10,0.0064000003,0.073733926,0.025326153,0.041071773,0.007335996,0.079570964,0.0033930496,7.7115273,-0.62926424,7.2974443,-0.39446288,0.15914193,0.006786099,0.20266172,-0.016537296,0.08565043,-0.0046298276,253.36781,253.98268,340.4191,1.0237272,16.462082,0.3529664
3,66,10,0.0064000003,0.080791816,0.032598015,0.04043522,0.0077585764,0.0902746,-0.0039149127,7.651535,0.07109563,7.504681,0.25622538,0.1805492,-0.007829825,0.2010851,0.001868419,0.08808278,0.003007328,253.39525,253.97992,340.6845,-0.327321,16.462082,0.2703774
3,67,10,0.0064000003,0.07191326,0.022914782,0.04121838,0.0077800867,0.075688146,0.0047119553,7.725279,0.36109316,7.515077,0.2682047,0.15137629,0.009423911,0.2030231,0.009489659,0.0882048,0.0031479301,253.37152,253.93687,340.16193,-0.62929785,16.462082,0.29399526
3,68,10,0.0064000003,0.07265123,0.023615507,0.04175495,0.0072807744,0.07683669,0.0029327928,7.7753983,0.12943877,7.2699265,-0.06586733,0.15367338,0.0058655855,0.20434028,0.003401696,0.085327454,-0.0007730873,253.3531,253.7795,340.2497,-0.063571446,16.462082,0.38663608
3,69,10,0.0064000003,0.081732884,0.035539966,0.038115624,0.008077295,0.09426023,-0.0011992579,7.428826,0.29438734,7.657274,0.25129336,0.18852046,-0.0023985158,0.19523223,0.0077366,0.08987377,0.0029494413,253.36957,253.84111,340.44568,-0.5456807,16.460812,0.25005233
3,70,10,0.0064000003,0.07545872,0.024398796,0.04356127,0.007498655,0.07810057,0.0068743736,7.9417996,0.38144845,7.377903,0.12330306,0.15620114,0.013748747,0.20871337,0.0100246025,0.086594775,0.0014472146,253.35231,253.8576,339.76468,-0.5047515,16.460812,0.2965357
3,71,10,0.0064000003,0.07195366,0.026764482,0.037604168,0.0075850133,0.08179927,0.004933177,7.378816,-0.32008147,7.4202647,-0.8404407,0.16359854,0.009866354,0.19391795,-0.008411853,0.08709198,-0.00986429,253.4064,253.99544,340.30002,1.1605222,16.460812,0.27478555
3,72,10,0.0064000003,0.07878005,0.032564204,0.03809714,0.008118702,0.090227775,-0.0019405572,7.427025,0.18202657,7.6768756,-0.3404294,0.18045555,-0.0038811143,0.19518489,0.004783722,0.09010384,-0.0039956365,253.44667,254.0977,340.86298,0.15840283,16.460812,0.24489547
3,73,10,0.0064000003,0.06821524,0.023024946,0.03659519,0.008595104,0.075869866,0.0072777704,7.27915,0.30372378,7.898904,-0.4167872,0.15173973,0.014555541,0.1912987,0.007981975,0.09270979,-0.0048918505,253.42462,254.05688,340.12067,0.113063425,16.459684,0.26400977
3,74,10,0.0064000003,0.071829274,0.026009956,0.03755467,0.008264646,0.080638014,0.0065596127,7.3739576,-0.27918914,7.745569,-0.9647332,0.16127603,0.013119225,0.19379027,-0.007337186,0.0909101,-0.011323118,253.44661,254.07915,340.58508,1.2439224,16.459684,0.25599653
3,75,10,0.0064000003,0.08127729,0.032434147,0.039620586,0.009222558,0.09004741,-0.0013510797,7.574066,0.31987575,8.182139,-0.27267572,0.18009482,-0.0027021593,0.1990492,0.008406446,0.09603415,-0.0032004088,253.46039,254.01295,340.84067,-0.047200024,16.459684,0.28496218
3,76,10,0.0064000003,0.0740026,0.026233891,0.03872595,0.009042764,0.0809844,0.0068096854,7.488067,0.23534547,8.101992,-0.23922294,0.1619688,0.013619371,0.1967891,0.006184966,0.09509345,-0.0028077706,253.47037,254.093,339.92953,0.0038774759,16.459684,0.25968796
3,77,10,0.0064000003,0.07038189,0.028200712,0.034665536,0.007515642,0.08396534,0.0068398835,7.084638,-0.18973556,7.386255,-0.63482636,0.16793068,0.013679767,0.18618684,-0.004986321,0.0866928,-0.0074509853,253.53978,254.36514,340.44962,0.82456195,16.458588,0.24340446
3,78,10,0.0064000003,0.081649475,0.036471236,0.03639278,0.008785463,0.09548722,0.00036730504,7.2589912,0.30850732,7.9858947,0.2153185,0.19097444,0.0007346101,0.19076891,0.008107684,0.0937308,0.002527203,253.57288,254.57414,340.9407,-0.5238258,16.458588,0.30988684
3,79,10,0.0064000003,0.07554432,0.029645402,0.03657653,0.0093223825,0.0860892,0.007703216,7.2772946,0.47409198,8.226302,0.31018642,0.1721784,0.015406432,0.19124992,0.012459306,0.096552484,0.0036406722,253.53342,254.55934,340.40625,-0.7842784,16.458588,0.26441133
3,80,10,0.0064000003,0.074911326,0.029970964,0.037104636,0.00783572,0.08656062,0.005526723,7.3296423,-0.00061751856,7.5418997,-0.44245818,0.17312124,0.011053446,0.19262564,-1.6228118e-5,0.0885196,-0.005193151,253.53024,254.46005,340.79333,0.4430757,16.458588,0.23534793
3,81,10,0.0064000003,0.07513754,0.033027966,0.033834457,0.008275119,0.09086799,-2.818773e-5,6.999198,0.79808986,7.750475,0.5503303,0.18173598,-5.637546e-5,0.18394145,0.020974092,0.09096768,0.006459251,253.53426,254.34761,340.81076,-1.3484201,16.457506,0.256363
3,82,10,0.0064000003,0.0721826,0.026889013,0.036639284,0.008654303,0.08198935,0.006805578,7.283534,0.75578445,7.9260592,0.31704393,0.1639787,0.013611156,0.19141391,0.019862283,0.09302851,0.0037211592,253.50902,254.2168,339.96313,-1.0728284,16.457506,0.23048447
3,83,10,0.0064000003,0.075590916,0.029782007,0.037692454,0.008116454,0.08628732,0.0059748725,7.387473,0.36751667,7.6758127,-0.3110079,0.17257464,0.011949745,0.19414544,0.009658471,0.09009136,-0.003650313,253.5619,254.30074,340.01544,-0.05650878,16.457506,0.22412212
3,84,10,0.0064000003,0.08372299,0.036441166,0.039511766,0.0077700564,0.095447846,0.0002562399,7.563658,0.5336164,7.510231,0.13569024,0.19089569,0.0005124798,0.19877566,0.014023634,0.08814792,0.0015926012,253.65569,254.71559,340.49918,-0.66930664,16.457506,0.24878216
3,85,10,0.0064000003,0.06951284,0.02508489,0.037374545,0.0070534027,0.07919105,0.008896811,7.356252,0.5829919,7.15551,0.2798843,0.1583821,0.017793622,0.19332497,0.015321238,0.08398454,0.0032850157,253.65225,254.7799,340.00656,-0.8628762,16.456524,0.16552043
3,86,10,0.0064000003,0.06511792,0.025917612,0.031636763,0.007563541,0.08049474,0.007148286,6.768068,0.081748575,7.4097543,-0.25342163,0.16098948,0.014296572,0.17786726,0.0021483814,0.08696862,-0.0029744229,253.66273,254.7631,340.48953,0.17167306,16.456524,0.18571429
3,87,10,0.0064000003,0.079904154,0.03591951,0.03605537,0.00792927,0.09476221,-0.00094244047,7.225263,0.56394726,7.5867853,0.5842745,0.18952443,-0.0018848809,0.18988252,0.014820732,0.08904645,0.006857657,253.65994,254.72615,340.63998,-1.1482217,16.456524,0.2057338
3,88,10,0.0064000003,0.07033341,0.026903573,0.034923058,0.008506776,0.08201154,0.0067047845,7.110904,0.3277075,7.85821,0.6765127,0.16402309,0.013409569,0.18687712,0.008612271,0.09223218,0.007940261,253.65826,254.80319,339.75354,-1.0042202,16.456524,0.20256434
3,89,10,0.0064000003,0.070517376,0.032398928,0.030977296,0.0071411543,0.08999851,0.0061544636,6.697157,-0.37591812,7.1998825,-0.031126924,0.17999703,0.012308927,0.17600368,-0.009879264,0.08450535,-0.00036533913,253.74965,255.06885,340.46695,0.40704504,16.455544,0.29064372
3,90,10,0.0064000003,0.07298102,0.035573408,0.030264964,0.0071426462,0.09430457,1.49375865e-5,6.6197066,0.037976813,7.200635,0.37975273,0.18860914,2.9875173e-5,0.17396829,0.0009980418,0.08451418,0.0044571753,253.81346,255.27791,340.70554,-0.41772953,16.455544,0.23931216
3,91,10,0.0064000003,0.067440435,0.027800543,0.0325946,0.007045288,0.083367474,0.009527711,6.8697586,-0.020929009,7.151392,0.09442792,0.16673495,0.019055422,0.18053974,-0.00055002206,0.083936214,0.0011083055,253.81982,255.39795,339.9771,-0.07349891,16.455544,0.23397659
3,92,10,0.0064000003,0.064454086,0.028251663,0.029516127,0.006686297,0.084041156,0.0075703207,6.537299,-0.7838167,6.9668107,-0.6293499,0.16808231,0.0151406415,0.17180258,-0.020598987,0.08176978,-0.0073867086,253.8773,255.6063,340.65973,1.4131665,16.455544,0.28703734
3,93,10,0.0064000003,0.07088329,0.03590832,0.028298019,0.006676952,0.094747454,0.00018731234,6.4009824,-0.29430062,6.9619403,0.1338864,0.18949491,0.00037462468,0.16822015,-0.007734323,0.08171262,0.0015714304,253.90468,255.72661,341.2699,0.16041422,16.4544,0.22043324
3,94,10,0.0064000003,0.06173421,0.026407769,0.028731758,0.0065946835,0.08125234,0.010073022,6.449853,-0.35332105,6.918918,0.30671585,0.16250467,0.020146044,0.16950445,-0.00928541,0.081207655,0.0035999378,253.87535,255.64725,340.92523,0.0466052,16.4544,0.25992304
3,95,10,0.0064000003,0.06887391,0.030579256,0.031524923,0.0067697354,0.08743463,0.007827182,6.756096,-0.5545327,7.010145,-0.28424424,0.17486925,0.015654365,0.1775526,-0.014573315,0.0822784,-0.0033361875,253.84866,255.4421,341.0096,0.83877695,16.4544,0.3031685
3,96,10,0.0064000003,0.07460728,0.037495516,0.030274075,0.006837694,0.0968188,0.0013527084,6.6207027,0.2314788,7.0452437,0.115131535,0.1936376,0.0027054169,0.17399447,0.0060833464,0.08269035,0.0013513047,253.79494,255.08142,340.87018,-0.34661034,16.4544,0.25685033
3,97,10,0.0064000003,0.06574771,0.030092122,0.029725937,0.0059296517,0.086735405,0.008414815,6.560492,0.33513927,6.560785,-0.047699638,0.17347081,0.01682963,0.17241211,0.008807577,0.07700423,-0.0005598527,253.71413,254.83311,339.70016,-0.28743964,16.453045,0.18805625
3,98,10,0.0064000003,0.058171652,0.02495653,0.02720226,0.006012866,0.07898818,0.006646129,6.27583,-0.21492295,6.606661,-0.42704,0.15797636,0.013292258,0.16493107,-0.005648256,0.07754267,-0.0050121876,253.73189,254.92397,340.1369,0.64196295,16.453045,0.22107373
3,99,10,0.0064000003,0.067842,0.034315325,0.027542958,0.005983716,0.09262198,0.00052277127,6.315009,0.021397678,6.5906262,-0.026964577,0.18524396,0.0010455425,0.16596071,0.0005623391,0.07735448,-0.000316485,253.7655,255.0953,340.46375,0.0055668987,16.453045,0.17803727
3,100,10,0.0064000003,0.05815249,0.023812851,0.028625077,0.005714561,0.077157065,0.009027796,6.437867,-0.09995393,6.440694,-0.035620168,0.15431413,0.018055592,0.16918947,-0.002626826,0.075594716,-0.0004180748,253.7622,255.11801,340.08563,0.1355741,16.453045,0.20019862
4,1,10,0.0051200003,0.080993675,0.020499982,0.05360814,0.006885553,0.071589075,0.0026441065,8.810165,2.5145473,7.0698576,1.3383046,0.14317815,0.005288213,0.23153432,0.0660832,0.08297923,0.015707742,253.53235,253.89441,340.47208,-3.8528519,16.451542,0.8097434
4,2,10,0.0051200003,0.07459465,0.024355922,0.04355939,0.0066793375,0.07803192,0.0019091734,7.9416285,2.0487413,6.9631844,0.6603696,0.15606384,0.003818347,0.20870887,0.05384165,0.081727214,0.0077507887,253.52896,253.85437,340.87576,-2.709111,16.451542,0.71408373
4,3,10,0.0051200003,0.085171014,0.02958796,0.048990544,0.0065925126,0.086005755,-0.004081694,8.422186,2.634316,6.917779,1.2998285,0.17201151,-0.008163388,0.22133808,0.06923076,0.08119429,0.01525615,253.48073,253.64883,341.03882,-3.9341445,16.451542,0.8170664
4,4,10,0.0051200003,0.072826944,0.019928299,0.04642709,0.006471554,0.07058381,0.0021545233,8.198878,2.7678075,6.854022,1.1229489,0.14116763,0.0043090465,0.21546946,0.07273898,0.08044597,0.0131801,253.37524,253.21782,339.9562,-3.8907564,16.451542,0.79048985
4,5,10,0.0051200003,0.06603478,0.023202902,0.036213063,0.006618814,0.076162495,0.0010802483,7.241046,2.03875,6.931565,0.010170176,0.15232499,0.0021604965,0.1902973,0.05357909,0.08135609,0.00011936823,253.34158,252.95413,340.05777,-2.0489202,16.450241,0.57042354
4,6,10,0.0051200003,0.07335773,0.026857413,0.03997426,0.0065260497,0.08194116,-0.00470545,7.607797,2.3686793,6.88282,0.47976673,0.16388232,-0.0094109,0.19993564,0.06224974,0.08078397,0.005631044,253.34428,252.91447,340.05978,-2.848446,16.450241,0.6508051
4,7,10,0.0051200003,0.06655766,0.02054347,0.040135443,0.0058787493,0.07166497,0.0036790916,7.6231194,2.133785,6.532564,0.33270702,0.14332993,0.007358183,0.20033832,0.056076657,0.076673,0.0039049995,253.31357,252.90523,339.37338,-2.466492,16.450241,0.6307466
4,8,10,0.0051200003,0.06215568,0.022190593,0.033585537,0.0063795466,0.07448254,0.0026411465,6.9734035,1.8117061,6.8051243,0.053435665,0.14896508,0.005282293,0.18326357,0.047612287,0.079872064,0.0006271781,253.30379,252.84665,339.6351,-1.8651417,16.450241,0.56232023
4,9,10,0.0051200003,0.06610787,0.029160608,0.031207345,0.0057399175,0.08538239,-0.00089802494,6.721978,1.4178314,6.4549675,0.37022993,0.17076477,-0.0017960499,0.17665601,0.037261125,0.07576224,0.004345404,253.28893,252.66623,339.82135,-1.7880614,16.448841,0.36214763
4,10,10,0.0051200003,0.059300665,0.019558646,0.034114085,0.0056279334,0.06992611,0.005363199,7.028061,1.4020324,6.39169,0.22503062,0.13985223,0.010726398,0.18469998,0.03684592,0.07501955,0.0026411938,253.2549,252.54053,339.02072,-1.627063,16.448841,0.37233478
4,11,10,0.0051200003,0.057659063,0.022333687,0.029331503,0.0059938743,0.0747223,0.0039977664,6.516821,0.79794806,6.5962186,-0.1847195,0.1494446,0.007995533,0.17126442,0.02097036,0.077420115,-0.0021680617,253.28879,252.65141,339.39148,-0.61322856,16.448841,0.30849668
4,12,10,0.0051200003,0.06607642,0.028466817,0.03161927,0.005990332,0.08436056,-0.0014540624,6.766196,1.0310452,6.5942693,0.29945442,0.16872112,-0.0029081248,0.17781807,0.027096238,0.077397235,0.0035147094,253.31816,252.7842,339.67648,-1.3304996,16.448841,0.36256477
4,13,10,0.0051200003,0.05286154,0.01989909,0.028213916,0.0047485363,0.07053207,0.008247373,6.3914638,0.06342732,5.8711214,0.06311405,0.14106414,0.016494745,0.16796999,0.0016669047,0.06890962,0.00074077194,253.28986,252.69843,339.05627,-0.12654138,16.447344,0.29282874
4,14,10,0.0051200003,0.05541301,0.023375615,0.026818575,0.0052188234,0.07644543,0.007178728,6.231413,-0.2861365,6.154992,-0.37836295,0.15289086,0.014357456,0.16376378,-0.0075197653,0.072241426,-0.004440865,253.28224,252.62242,339.4555,0.66449946,16.447344,0.324574
4,15,10,0.0051200003,0.06287616,0.02662701,0.030524809,0.005724344,0.081588924,0.0022906184,6.648063,0.13039328,6.4462037,0.0024874522,0.16317785,0.0045812367,0.1747135,0.0034267902,0.075659394,2.919604e-5,253.22914,252.35423,339.41516,-0.13288073,16.447344,0.32114545
4,16,10,0.0051200003,0.057032965,0.018745508,0.033341173,0.004946286,0.06845712,0.008615006,6.9479885,0.27564108,5.9921246,-0.041573185,0.13691424,0.017230012,0.18259566,0.0072439536,0.07032984,-0.00048795072,253.11928,251.89954,338.22296,-0.2340679,16.447344,0.35779062
4,17,10,0.0051200003,0.05768553,0.02186485,0.030472316,0.0053483658,0.07393384,0.007869591,6.6423445,-0.682436,6.230914,-0.5023845,0.14786768,0.015739182,0.17456321,-0.017934667,0.07313252,-0.005896509,253.07283,251.64903,338.34735,1.1848204,16.445593,0.5185299
4,18,10,0.0051200003,0.059421662,0.024766264,0.029205965,0.0054494324,0.078686506,0.0030295367,6.5028605,-0.19496371,6.2895103,-0.06589563,0.15737301,0.0060590734,0.17089753,-0.0051237154,0.07382027,-0.0007734198,253.0423,251.4795,338.36816,0.26085934,16.445593,0.45337868
4,19,10,0.0051200003,0.05502614,0.019890368,0.029950636,0.005185138,0.07051661,0.009925739,6.5852423,-0.111363456,6.135095,-0.01675811,0.14103322,0.019851478,0.17306252,-0.0029266723,0.0720079,-0.00019669082,252.97672,251.23416,337.46133,0.12812157,16.445593,0.4574359
4,20,10,0.0051200003,0.058680184,0.02237992,0.030770916,0.0055293473,0.0747996,0.0085125705,6.67481,-0.65862006,6.3354597,-0.49491474,0.1495992,0.017025141,0.17541641,-0.017308775,0.07435958,-0.0058088377,252.98767,251.20995,337.87442,1.1535348,16.445593,0.4900625
4,21,10,0.0051200003,0.06002993,0.024372106,0.029911125,0.0057467,0.07805784,0.003601002,6.580896,-0.5859828,6.4587803,-0.2614633,0.15611568,0.007202004,0.17294833,-0.01539984,0.07580699,-0.003068806,252.99629,251.24825,338.00806,0.8474461,16.443518,0.46708876
4,22,10,0.0051200003,0.055398814,0.018844482,0.031623386,0.004930948,0.0686376,0.010722182,6.766637,-0.63597554,5.982826,-0.22919919,0.1372752,0.021444364,0.17782965,-0.016713666,0.07022071,-0.0026901218,252.93526,251.12128,337.29877,0.8651747,16.443518,0.50598043
4,23,10,0.0051200003,0.05686608,0.020160345,0.03167945,0.00502628,0.070993565,0.009598528,6.7726326,-1.0295495,6.0403843,-0.58416384,0.14198713,0.019197056,0.17798722,-0.027056925,0.07089626,-0.006856357,252.90929,250.9575,337.64087,1.6137133,16.443518,0.5713024
4,24,10,0.0051200003,0.06491753,0.026909571,0.032691002,0.005316951,0.082020685,0.003955654,6.87991,-0.49728945,6.212588,0.016252287,0.16404137,0.007911308,0.18080653,-0.013068939,0.072917424,0.00019075398,252.84377,250.6822,337.55634,0.48103717,16.443518,0.53498656
4,25,10,0.0051200003,0.0502956,0.016526725,0.029350769,0.004418104,0.064278156,0.010528462,6.518961,-0.30029577,5.663165,0.18366578,0.12855631,0.021056924,0.17132066,-0.007891878,0.06646882,0.002155693,252.76765,250.3837,336.73312,0.11662999,16.44108,0.44067568
4,26,10,0.0051200003,0.053899486,0.01878609,0.030165682,0.0049477154,0.06853118,0.009443464,6.6088405,-0.7157035,5.99299,-0.4550721,0.13706236,0.018886928,0.1736827,-0.018808944,0.07034,-0.0053412034,252.75957,250.30173,336.8843,1.1707757,16.44108,0.47043896
4,27,10,0.0051200003,0.05865924,0.022628568,0.03048704,0.0055436348,0.075213976,0.004486894,6.6439495,-0.3877256,6.3436403,-0.27023098,0.15042795,0.008973788,0.17460538,-0.010189573,0.07445559,-0.0031717112,252.75948,250.29922,336.96274,0.6579566,16.44108,0.42687893
4,28,10,0.0051200003,0.05119306,0.016771045,0.029153556,0.00526846,0.064751536,0.01126987,6.497023,-0.2576302,6.184194,-0.16605452,0.12950307,0.02253974,0.17074412,-0.006770613,0.07258416,-0.0019489891,252.70099,250.12141,336.13748,0.42368472,16.44108,0.43328613
4,29,10,0.0051200003,0.05042801,0.021051588,0.024330743,0.0050456817,0.07254583,0.009154126,5.9353504,-0.25703412,6.052031,-0.6298277,0.14509165,0.018308252,0.15598315,-0.0067549497,0.07103296,-0.0073923147,252.65881,249.88452,336.30783,0.8868618,16.438349,0.28577578
4,30,10,0.0051200003,0.052209254,0.022384899,0.024449283,0.005375071,0.07480792,0.0034639202,5.9497914,0.075924344,6.246451,-0.16142766,0.14961584,0.0069278404,0.15636267,0.0019953167,0.073314875,-0.0018946832,252.60425,249.65094,336.2604,0.08550332,16.438349,0.283812
4,31,10,0.0051200003,0.051766988,0.01834435,0.028445236,0.0049774004,0.06772066,0.009003556,6.4176116,0.16998383,6.0109415,-0.04381122,0.13544132,0.018007113,0.16865715,0.0044672405,0.070550695,-0.00051421346,252.52853,249.37212,335.30817,-0.12617262,16.438349,0.29060712
4,32,10,0.0051200003,0.05315117,0.01849175,0.029186675,0.0054727467,0.06799219,0.00722442,6.5007133,-0.32566193,6.30295,-0.6535478,0.13598438,0.01444884,0.17084108,-0.008558507,0.073978014,-0.0076707206,252.52565,249.30501,335.56393,0.9792098,16.438349,0.32790568
4,33,10,0.0051200003,0.056383822,0.02257449,0.028349172,0.0054601617,0.07512405,0.0012253213,6.4067664,0.2015999,6.295699,-0.14919582,0.1502481,0.0024506426,0.16837212,0.0052981135,0.07389291,-0.0017511182,252.53996,249.39838,335.7621,-0.052404076,16.435404,0.32830626
4,34,10,0.0051200003,0.054156043,0.01622599,0.03289058,0.0050394726,0.06369064,0.008718074,6.9008794,0.18299457,6.0483055,-0.023155848,0.12738128,0.017436149,0.1813576,0.004809163,0.07098924,-0.00027178062,252.52486,249.33607,335.181,-0.15983872,16.435404,0.31874615
4,35,10,0.0051200003,0.05337074,0.016481716,0.03163295,0.0052560745,0.06419057,0.0072022458,6.7676597,-0.2534707,6.1769204,-0.2214741,0.12838113,0.0144044915,0.17785653,-0.0066612945,0.07249879,-0.0025994508,252.54521,249.34608,335.53668,0.47494477,16.435404,0.33452323
4,36,10,0.0051200003,0.054140743,0.018914431,0.029630365,0.005595947,0.06876487,0.0031278657,6.5499377,-0.07037824,6.373501,0.16895051,0.13752975,0.0062557315,0.17213473,-0.001849567,0.074806064,0.0019829785,252.5408,249.40518,335.78473,-0.09857228,16.435404,0.357162
4,37,10,0.0051200003,0.05316536,0.016248811,0.03204592,0.004870632,0.06373541,0.007704181,6.811693,0.5112074,5.946123,0.12254573,0.12747082,0.015408362,0.17901374,0.013434714,0.06978992,0.0014383248,252.44934,249.08238,334.87067,-0.6337531,16.43229,0.4325672
4,38,10,0.0051200003,0.056225184,0.016546668,0.034482114,0.005196405,0.06431693,0.005293082,7.0658693,0.2927716,6.1417584,-0.47260168,0.12863386,0.010586164,0.1856936,0.007694148,0.072086096,-0.005546948,252.406,248.80737,334.85654,0.17983007,16.43229,0.44654733
4,39,10,0.0051200003,0.058364958,0.018958444,0.033667315,0.0057391957,0.06884483,0.0013157165,6.981889,0.43753237,6.4545617,-0.009424826,0.13768966,0.002631433,0.18348655,0.011498512,0.07575748,-0.0001106199,252.40811,248.85094,334.73853,-0.42810753,16.43229,0.4568287
4,40,10,0.0051200003,0.059251145,0.017114298,0.036585372,0.0055514737,0.065410815,0.006813869,7.278174,0.45914513,6.348123,0.3637881,0.13082163,0.013627738,0.19127303,0.012066495,0.07450821,0.0042697974,252.3863,248.83263,334.00336,-0.8229332,16.43229,0.4599453
4,41,10,0.0051200003,0.053017586,0.016982479,0.03052355,0.0055115577,0.06515842,0.0035942474,6.6479263,0.51010597,6.3252597,-0.26032576,0.13031684,0.007188495,0.1747099,0.013405764,0.074239865,-0.0030554545,252.38112,248.73671,334.4378,-0.24978021,16.429005,0.4081901
4,42,10,0.0051200003,0.05381252,0.018629622,0.0295678,0.005615096,0.06824519,0.00066501694,6.5430183,0.8674427,6.3843956,-0.07222871,0.13649037,0.0013300339,0.1719529,0.022796711,0.074933946,-0.00084775203,252.33609,248.59656,334.64694,-0.795214,16.429005,0.42863092
4,43,10,0.0051200003,0.05685211,0.01943318,0.03179969,0.005619241,0.06970147,0.004826024,6.785473,1.1156722,6.3867517,-0.090985425,0.13940294,0.009652048,0.17832467,0.029320266,0.074961595,-0.0010679001,252.24136,248.2861,333.68893,-1.0246868,16.429005,0.42576912
4,44,10,0.0051200003,0.058660895,0.020023333,0.0323654,0.0062721595,0.07075191,0.0029565352,6.845563,0.73390484,6.747607,-0.6243697,0.14150383,0.0059130704,0.17990386,0.019287292,0.07919697,-0.007328256,252.21404,248.1035,333.7392,-0.10953516,16.429005,0.4279725
4,45,10,0.0051200003,0.050129645,0.018807929,0.02491577,0.006405945,0.068571,-0.001979129,6.0062838,0.8536109,6.8191905,-0.04124862,0.137142,-0.003958258,0.1578473,0.022433205,0.08003715,-0.00048413646,252.24503,248.21413,333.81927,-0.81236225,16.425636,0.27913994
4,46,10,0.0051200003,0.052439794,0.018414143,0.0279983,0.006027347,0.06784936,0.0039327326,6.3669944,0.80422974,6.614611,0.22048916,0.13569872,0.007865465,0.16732693,0.021135448,0.07763599,0.0025878916,252.26076,248.38766,333.52145,-1.0247189,16.425636,0.31350803
4,47,10,0.0051200003,0.053873185,0.018456198,0.029277833,0.006139157,0.067926794,0.0023149408,6.510856,0.52376854,6.67568,0.026321007,0.13585359,0.0046298816,0.17110766,0.013764828,0.07835277,0.00030893178,252.28745,248.51823,333.92957,-0.55008954,16.425636,0.31525669
4,48,10,0.0051200003,0.056293685,0.019758359,0.030338679,0.006196649,0.07028221,-0.0006755741,6.6277633,0.7611639,6.7068663,0.40066174,0.14056443,-0.0013511482,0.17418002,0.020003665,0.0787188,0.0047025853,252.27654,248.51515,333.96454,-1.1618257,16.425636,0.32085243
4,49,10,0.0051200003,0.053744614,0.01929094,0.028732168,0.0057215076,0.069445916,0.002572138,6.4498982,0.87613237,6.4446077,0.5854386,0.13889183,0.005144276,0.16950566,0.023025079,0.07564065,0.00687132,252.24585,248.40805,333.2174,-1.461571,16.422304,0.23831274
4,50,10,0.0051200003,0.054336075,0.019437492,0.028562874,0.006335708,0.069709204,0.0009926016,6.4308686,0.5161066,6.781703,0.26810533,0.13941841,0.0019852032,0.16900554,0.013563467,0.07959716,0.0031467646,252.26814,248.44667,333.50742,-0.78421193,16.422304,0.23148489
4,51,10,0.0051200003,0.05390615,0.01987645,0.027857205,0.0061724912,0.07049193,-0.001943936,6.350932,0.7105689,6.69378,0.8443874,0.14098386,-0.003887872,0.16690478,0.018674007,0.0785652,0.009910613,252.29292,248.5775,333.83255,-1.5549563,16.422304,0.22748882
4,52,10,0.0051200003,0.05519508,0.020167222,0.0286236,0.0064042597,0.07100567,0.0025970158,6.4377007,0.7064446,6.8182936,0.83239174,0.14201134,0.0051940316,0.1691851,0.018565618,0.08002662,0.009769819,252.25925,248.54822,333.30707,-1.5388364,16.422304,0.24358715
4,53,10,0.0051200003,0.05525714,0.022863273,0.02606984,0.0063240314,0.07560303,-0.00019676276,6.1438107,0.6887179,6.7754507,0.31013405,0.15120606,-0.00039352552,0.16146158,0.018099751,0.07952378,0.003640057,252.21803,248.30083,333.27368,-0.99885195,16.418982,0.2725938
4,54,10,0.0051200003,0.05607987,0.023287553,0.026608996,0.006183318,0.0763013,-0.0029773996,6.2070165,0.85651344,6.6996484,0.4426867,0.1526026,-0.0059547992,0.16312264,0.022509482,0.078634076,0.005195834,252.20433,248.22063,333.19815,-1.2992002,16.418982,0.29617658
4,55,10,0.0051200003,0.05677192,0.023037398,0.02788762,0.0058469046,0.07589038,0.00015692548,6.354398,0.81185275,6.514847,0.59779406,0.15178075,0.00031385096,0.16699587,0.021335782,0.076465055,0.0070163356,252.1487,248.13579,332.49902,-1.4096467,16.418982,0.31376642
4,56,10,0.0051200003,0.05771407,0.02249689,0.02928153,0.005935651,0.07499482,-0.0009123076,6.511268,0.6182411,6.564103,0.45122203,0.14998963,-0.0018246152,0.17111847,0.016247598,0.077043176,0.005296015,252.09471,247.9032,332.42465,-1.0694631,16.418982,0.3253652
4,57,10,0.0051200003,0.056339484,0.021742038,0.029324664,0.005272781,0.07372591,-0.00529554,6.5160613,1.0586021,6.186729,0.8632654,0.14745182,-0.01059108,0.17124446,0.02782045,0.07261392,0.010132185,252.04915,247.69034,332.25668,-1.9218675,16.41556,0.35587722
4,58,10,0.0051200003,0.060142826,0.024248768,0.030427378,0.005466681,0.07786008,-0.0014814505,6.6374454,1.2128816,6.299456,0.76435876,0.15572016,-0.002962901,0.17443445,0.031874966,0.07393701,0.008971312,251.98119,247.4435,331.4984,-1.9772403,16.41556,0.36387855
4,59,10,0.0051200003,0.062162496,0.023788989,0.03213445,0.0062390584,0.0771184,-0.0035595298,6.8210955,0.99150586,6.729778,0.37486452,0.1542368,-0.0071190596,0.17926085,0.026057137,0.07898771,0.004399801,251.96638,247.31714,331.647,-1.3663704,16.41556,0.36293945
4,60,10,0.0051200003,0.061010167,0.025683198,0.029018255,0.0063087116,0.08012989,-0.007778819,6.4819293,1.0942286,6.7672396,0.7932895,0.16025978,-0.015557638,0.17034745,0.028756725,0.0794274,0.009310876,251.98695,247.35458,331.6956,-1.8875182,16.41556,0.34795845
4,61,10,0.0051200003,0.058506433,0.024906471,0.02764438,0.0059555816,0.07890892,-0.0020600865,6.326625,0.763108,6.5751143,0.40843093,0.15781784,-0.004120173,0.166266,0.020054752,0.07717241,0.004793772,252.02013,247.57106,331.60757,-1.171539,16.412043,0.3147209
4,62,10,0.0051200003,0.06019879,0.026326241,0.027593426,0.0062791277,0.08112682,-0.004250716,6.320792,0.5112767,6.7513537,-0.0628219,0.16225363,-0.008501432,0.16611269,0.013436536,0.07924095,-0.0007373444,252.08484,247.77592,332.49496,-0.44845483,16.412043,0.30647486
4,63,10,0.0051200003,0.058106273,0.023504674,0.028437108,0.0061644916,0.07665617,-0.0070551615,6.4166946,0.37787697,6.689441,0.30775023,0.15331234,-0.014110323,0.16863306,0.009930746,0.07851428,0.0036120783,252.12376,248.0086,332.80002,-0.6856272,16.412043,0.29563156
4,64,10,0.0051200003,0.057094883,0.02271986,0.02802804,0.006346982,0.07536554,-0.0011367033,6.370375,0.16942045,6.7877345,0.3117107,0.15073109,-0.0022734066,0.16741577,0.0044524297,0.07966795,0.0036585617,252.13199,248.21425,332.46616,-0.48113114,16.412043,0.31706643
4,65,10,0.0051200003,0.0539442,0.021675669,0.026509017,0.0057595144,0.07361329,-0.0013567636,6.1953444,0.10685911,6.465977,-0.17515868,0.14722659,-0.0027135273,0.1628159,0.0028082943,0.075891465,-0.0020558452,252.09477,248.01355,332.68073,0.06829957,16.408375,0.24881165
4,66,10,0.0051200003,0.055744234,0.02093497,0.028936125,0.005873141,0.07234461,-0.00506887,6.47275,0.49210832,6.5294466,0.18935567,0.14468922,-0.01013774,0.17010622,0.012932782,0.07663642,0.0022224763,252.0494,247.7217,332.52466,-0.68146396,16.408375,0.2434667
4,67,10,0.0051200003,0.05877567,0.02336817,0.029433377,0.005974122,0.076433256,-0.0011615163,6.5281286,0.4712314,6.58534,0.23984699,0.15286651,-0.0023230326,0.17156158,0.012384132,0.07729244,0.0028150955,252.01326,247.66078,331.64807,-0.7110784,16.408375,0.2642015
4,68,10,0.0051200003,0.05792998,0.021742228,0.029529465,0.0066582905,0.07372623,-0.0022640843,6.538776,0.36198333,6.952205,-0.038303085,0.14745246,-0.0045281686,0.1718414,0.009513055,0.08159835,-0.00044956472,252.00984,247.61804,331.85684,-0.32368025,16.408375,0.27265757
4,69,10,0.0051200003,0.0548317,0.021717187,0.026931526,0.0061829817,0.07368376,-0.0046234303,6.244521,0.45796287,6.6994658,-0.047481384,0.14736752,-0.009246861,0.16410828,0.012035429,0.07863194,-0.00055729196,252.00734,247.6202,331.83374,-0.41048148,16.404736,0.2260193
4,70,10,0.0051200003,0.056185696,0.021880105,0.028239878,0.006065716,0.073959626,-0.00066874333,6.3944044,0.5584702,6.6356316,0.0804422,0.14791925,-0.0013374867,0.16804725,0.014676808,0.07788271,0.0009441538,251.97952,247.60258,331.3103,-0.6389124,16.404736,0.21456923
4,71,10,0.0051200003,0.05929113,0.023943035,0.029341856,0.006006241,0.077367686,-0.0019761585,6.5179706,0.3739047,6.603019,-0.09549004,0.15473537,-0.003952317,0.17129464,0.009826347,0.07749994,-0.0011207714,251.98526,247.6859,331.694,-0.27841467,16.404736,0.25945818
4,72,10,0.0051200003,0.062219787,0.0252748,0.030695317,0.006249669,0.07949025,-0.004767212,6.6666055,0.35085398,6.735498,0.43433473,0.1589805,-0.009534424,0.17520079,0.009220571,0.07905485,0.005097807,252.00096,247.86476,331.68655,-0.7851887,16.404736,0.28081593
4,73,10,0.0051200003,0.06046868,0.026531225,0.027836934,0.0061005205,0.08144204,8.725789e-5,6.348621,0.20023015,6.654641,-0.17419271,0.16288409,0.00017451578,0.16684404,0.005262116,0.07810583,-0.0020445078,252.04155,248.10062,331.10565,-0.02603744,16.401255,0.30285162
4,74,10,0.0051200003,0.06168679,0.027431978,0.028141968,0.006112842,0.08281301,-0.0011757285,6.38331,-0.1909446,6.661358,-0.57974464,0.16562602,-0.002351457,0.16775568,-0.0050180876,0.078184664,-0.006804489,252.12372,248.40633,331.8357,0.77068925,16.401255,0.26868236
4,75,10,0.0051200003,0.06086355,0.025089173,0.030202148,0.005572228,0.07919781,-0.004015483,6.612833,-0.15344588,6.359978,-0.09865395,0.15839562,-0.008030966,0.17378765,-0.0040326095,0.07464736,-0.0011579065,252.12985,248.45503,331.9267,0.25209984,16.401255,0.28675768
4,76,10,0.0051200003,0.058660276,0.023251152,0.029545886,0.005863238,0.07624164,9.964091e-5,6.5405936,-0.06113056,6.5239396,-0.051789273,0.15248328,0.00019928181,0.17188917,-0.0016065331,0.076571785,-0.0006078527,252.09349,248.32579,331.40665,0.11291984,16.401255,0.26342863
4,77,10,0.0051200003,0.057325646,0.026255898,0.024967618,0.0061021294,0.08101836,-0.00034604696,6.0125303,-0.1102819,6.6555185,-0.7556903,0.16203672,-0.0006920939,0.15801145,-0.0028982512,0.07811613,-0.008869573,252.12967,248.38673,332.11285,0.86597216,16.397888,0.30433598
4,78,10,0.0051200003,0.053935003,0.022923227,0.024728712,0.006283063,0.07570209,-0.0040915157,5.9836946,0.4113764,6.753469,-0.3109481,0.15140419,-0.008183031,0.15725365,0.010811119,0.07926577,-0.003649613,252.14879,248.40475,332.55795,-0.10042828,16.397888,0.28699216
4,79,10,0.0051200003,0.055302676,0.024744043,0.024546219,0.0060124127,0.0786512,-0.00022619,5.961575,0.5307818,6.606411,-0.5573948,0.1573024,-0.00045238,0.15667233,0.013949136,0.07753975,-0.006542167,252.10681,248.29088,331.80026,0.026612997,16.397888,0.23950234
4,80,10,0.0051200003,0.058909,0.027839549,0.024736773,0.006332677,0.08342594,-0.0022576153,5.9846697,0.17789063,6.7800813,-0.9351321,0.16685188,-0.0045152307,0.15727928,0.0046750284,0.07957812,-0.010975689,252.10345,248.26366,332.0079,0.7572415,16.397888,0.26068097
4,81,10,0.0051200003,0.05139328,0.022626633,0.022815559,0.005951087,0.07521076,-0.00317032,5.7475696,0.47278953,6.572633,-0.38435626,0.15042152,-0.00634064,0.1510482,0.012425076,0.07714329,-0.0045112064,252.09404,248.15921,332.16016,-0.088433266,16.394686,0.28216496
4,82,10,0.0051200003,0.05231072,0.02290872,0.023947638,0.0054543614,0.07567813,0.0015462068,5.888437,0.6086919,6.2923536,-0.5200214,0.15135626,0.0030924135,0.15475024,0.015996644,0.07385365,-0.0061035156,252.07332,248.13072,331.54913,-0.08867049,16.394686,0.26014194
4,83,10,0.0051200003,0.05204286,0.024295064,0.021956109,0.0057916907,0.07793437,-0.00027971886,5.638276,0.59604037,6.484013,-1.0442616,0.15586874,-0.0005594377,0.14817594,0.015664153,0.07610316,-0.012256545,252.0786,248.2086,332.21997,0.4482212,16.394686,0.25597376
4,84,10,0.0051200003,0.051259503,0.022351863,0.022811947,0.0060956916,0.074752696,-0.0034422672,5.747114,0.68741214,6.6520066,-0.5578147,0.14950539,-0.0068845344,0.15103625,0.018065438,0.07807491,-0.006547097,252.0608,248.23193,332.3751,-0.12959743,16.394686,0.2407276
4,85,10,0.0051200003,0.050030816,0.023045992,0.021275792,0.005709035,0.07590453,0.0030440146,5.5502367,0.58030015,6.4375787,-0.5233227,0.15180907,0.006088029,0.14586224,0.015250499,0.075558156,-0.0061422624,252.03247,248.13019,331.57062,-0.05697745,16.391682,0.15258366
4,86,10,0.0051200003,0.050858647,0.024503108,0.020532776,0.005822764,0.07826734,0.0019277001,5.4524603,0.17241897,6.501384,-0.81005967,0.15653469,0.0038554003,0.14329262,0.0045312336,0.076307036,-0.009507707,252.07011,248.16823,331.89014,0.6376407,16.391682,0.15339482
4,87,10,0.0051200003,0.052396186,0.023872325,0.023073165,0.0054506953,0.07725336,-0.0014725908,5.7799253,0.18363781,6.2902393,0.024907999,0.15450671,-0.0029451817,0.15189853,0.0048260703,0.073828824,0.0002923465,252.08733,248.26454,332.12387,-0.2085458,16.391682,0.16555022
4,88,10,0.0051200003,0.051073477,0.022441866,0.02345817,0.005173439,0.07490305,0.002785166,5.8279486,0.33513996,6.128171,-0.3778071,0.1498061,0.005570332,0.1531606,0.008807598,0.07192662,-0.0044343392,252.07593,248.3479,331.67426,0.04266715,16.391682,0.15187578
4,89,10,0.0051200003,0.052677196,0.027593164,0.019326236,0.005757798,0.08305595,0.0036625494,5.2898374,0.14363849,6.465014,-0.60161465,0.1661119,0.007325099,0.13901883,0.0037748718,0.075880155,-0.0070611807,252.08807,248.41798,332.29184,0.45797616,16.388813,0.13071007
4,90,10,0.0051200003,0.046875685,0.020954698,0.020537024,0.005383962,0.07237869,0.0017047575,5.4530244,0.38220307,6.2516146,-0.023981499,0.14475738,0.003409515,0.14330745,0.010044434,0.073375486,-0.0002814712,252.03206,248.1322,332.40866,-0.35822156,16.388813,0.13162978
4,91,10,0.0051200003,0.05408542,0.02593159,0.022938013,0.0052158143,0.08051644,0.0051296563,5.7629724,0.34220245,6.1532173,-0.15113054,0.16103289,0.010259313,0.151453,0.008993205,0.07222059,-0.0017738264,251.97285,247.90846,331.34387,-0.19107191,16.388813,0.12753677
4,92,10,0.0051200003,0.052330416,0.025429623,0.021127544,0.005773249,0.07973334,0.00324117,5.530866,0.111622505,6.473682,-0.3485985,0.15946668,0.00648234,0.14535317,0.0029334787,0.0759819,-0.0040915143,251.98079,247.90475,331.54498,0.236976,16.388813,0.14836073
4,93,10,0.0051200003,0.054691352,0.026098888,0.023059336,0.0055331285,0.08077575,0.0015309049,5.778194,-0.08634941,6.3376255,0.4656315,0.1615515,0.0030618098,0.15185301,-0.0022692934,0.074385,0.0054651373,252.03543,248.0698,332.03622,-0.37928212,16.386019,0.17211327
4,94,10,0.0051200003,0.053435676,0.023577478,0.02470083,0.0051573673,0.0767748,0.0057565207,5.98032,-0.22115569,6.118644,0.2323452,0.1535496,0.011513041,0.15716498,-0.0058120526,0.07181481,0.0027270454,252.10378,248.36006,331.6855,-0.011189505,16.386019,0.1807573
4,95,10,0.0051200003,0.049745195,0.02201076,0.021837726,0.005896711,0.07418012,0.0050452775,5.623055,-0.4235423,6.542536,0.012313805,0.14836024,0.010090555,0.14777593,-0.011130844,0.07679004,0.00014452923,252.2021,248.8086,332.42795,0.41122848,16.386019,0.1859468
4,96,10,0.0051200003,0.05253642,0.02498554,0.02134265,0.0062082317,0.079034075,0.0020386616,5.558951,-0.46205735,6.7131314,0.64103353,0.15806815,0.0040773232,0.14609124,-0.012143034,0.07879233,0.0075238384,252.26756,249.16283,333.01572,-0.17897618,16.386019,0.21778797
4,97,10,0.0051200003,0.050423454,0.02134629,0.023407448,0.0056697163,0.07305185,0.008402537,5.821645,-0.42021376,6.4153724,0.5081821,0.1461037,0.016805073,0.15299493,-0.011043368,0.07529752,0.0059645562,252.24194,249.12836,332.61905,-0.08796835,16.383173,0.23840673
4,98,10,0.0051200003,0.04782584,0.02097563,0.02109853,0.00575168,0.07241483,0.0074044634,5.5270677,-0.47019732,6.461578,0.16269492,0.14482966,0.014808927,0.14525333,-0.0123569565,0.07583983,0.0019095559,252.21422,248.92638,333.08066,0.3075024,16.383173,0.22609809
4,99,10,0.0051200003,0.051961474,0.02186616,0.024229866,0.0058654486,0.07393605,0.004355708,5.9230337,-0.38122195,6.5251703,0.8675253,0.1478721,0.008711416,0.15565945,-0.010018651,0.07658622,0.010182184,252.16368,248.80736,333.03503,-0.48630333,16.383173,0.27718723
4,100,10,0.0051200003,0.052559435,0.021325199,0.025776254,0.0054579806,0.07301575,0.008634374,6.109119,-0.20281963,6.294441,0.5526336,0.1460315,0.017268747,0.16054985,-0.005330174,0.07387815,0.006486285,252.12573,248.71445,332.224,-0.34981394,16.383173,0.3145513
5,1,10,0.0040960005,0.15209447,0.032586277,0.09536,0.024148175,0.090258345,0.007614047,11.750378,-0.9995598,13.239858,-2.4080062,0.18051669,0.015228094,0.30880415,-0.026268786,0.15539683,-0.028262889,253.51306,254.41402,340.48007,3.407566,16.380222,1.1196661
5,2,10,0.0040960005,0.15426175,0.031391773,0.09894437,0.023925606,0.08858862,0.007557766,11.969175,-1.2736515,13.178703,-2.8407845,0.17717724,0.015115532,0.31455424,-0.033472024,0.15467905,-0.033342425,253.53168,254.3962,340.5793,4.114436,16.380222,1.2088652
5,3,10,0.0040960005,0.17382431,0.0461609,0.10211388,0.025549531,0.10742544,0.0011022903,12.159369,-1.1927642,13.6186075,-2.1923575,0.21485087,0.0022045807,0.31955263,-0.03134626,0.15984221,-0.025731796,253.54997,254.52687,341.021,3.3851218,16.380222,1.2673308
5,4,10,0.0040960005,0.16771485,0.03443521,0.10618868,0.027090963,0.09278363,0.006905336,12.399603,-0.9461251,14.023402,-2.3922327,0.18556726,0.013810672,0.32586604,-0.024864515,0.16459332,-0.028077742,253.5338,254.5314,340.54578,3.3383577,16.380222,1.2420602
5,5,10,0.0040960005,0.14536217,0.035382293,0.090820335,0.019159548,0.09405091,0.0053631645,11.467276,-1.4601533,11.79326,-2.7505865,0.18810181,0.010726329,0.30136412,-0.038373366,0.13841802,-0.03228376,253.58116,254.63577,340.87045,4.21074,16.377722,1.0110426
5,6,10,0.0040960005,0.15536416,0.044164803,0.09163376,0.019565603,0.10507712,-2.4513163e-5,11.518513,-1.2871485,11.917574,-2.0764172,0.21015424,-4.9026326e-5,0.30271068,-0.033826713,0.1398771,-0.024371007,253.61456,254.70941,341.12253,3.3635657,16.377722,1.040754
5,7,10,0.0040960005,0.14012921,0.032373756,0.08801013,0.019745314,0.08996354,0.0055225664,11.288467,-0.95482504,11.97218,-2.071396,0.17992708,0.011045133,0.296665,-0.025093166,0.14051802,-0.024312068,253.58937,254.60742,340.3012,3.0262213,16.377722,0.9745071
5,8,10,0.0040960005,0.14443779,0.034599435,0.09049789,0.01934047,0.093004614,0.006741164,11.446901,-1.2022285,11.848809,-2.477851,0.18600923,0.013482328,0.30082867,-0.031594988,0.13907002,-0.029082652,253.60152,254.56187,340.43988,3.6800795,16.377722,1.0021052
5,9,10,0.0040960005,0.11256919,0.037520036,0.05903047,0.016018683,0.09685045,-0.00059812,9.244998,-1.3608761,10.783372,-1.230188,0.1937009,-0.00119624,0.24296187,-0.035764318,0.12656493,-0.014438772,253.60776,254.54335,340.7642,2.591064,16.375402,0.60380507
5,10,10,0.0040960005,0.10986443,0.034906656,0.058410186,0.016547589,0.09341662,0.003320649,9.196297,-0.9614279,10.9599495,-1.4719976,0.18683323,0.006641298,0.241682,-0.025266666,0.12863743,-0.017276902,253.54971,254.37602,339.88345,2.4334254,16.375402,0.5661797
5,11,10,0.0040960005,0.10884386,0.0325363,0.059618957,0.0166886,0.09018911,0.0035534617,9.290966,-1.2866186,11.006549,-1.7657667,0.18037821,0.0071069235,0.24416994,-0.0338128,0.12918437,-0.020724887,253.51724,254.14445,340.14243,3.0523853,16.375402,0.6369534
5,12,10,0.0040960005,0.11573609,0.039626505,0.059820376,0.016289214,0.09953204,-0.00304286,9.306646,-0.9627715,10.874049,-1.2259978,0.19906408,-0.00608572,0.24458204,-0.025301982,0.1276292,-0.014389594,253.50383,254.03772,340.50732,2.1887693,16.375402,0.66123235
5,13,10,0.0040960005,0.09780436,0.029836496,0.05332871,0.014639153,0.08636622,0.0010345466,8.787175,-1.0570618,10.308589,-0.7879238,0.17273244,0.0020690933,0.2309301,-0.027779965,0.12099237,-0.009247898,253.49522,254.15425,339.8634,1.8449856,16.37353,0.59836864
5,14,10,0.0040960005,0.10190906,0.03490119,0.052682832,0.014325035,0.0934093,0.0012412345,8.7338,-1.5037426,10.19739,-1.3248171,0.1868186,0.002482469,0.22952741,-0.03951889,0.11968724,-0.015549438,253.53294,254.20522,340.33652,2.8285596,16.37353,0.6139477
5,15,10,0.0040960005,0.11283998,0.040311992,0.058337346,0.014190641,0.100389235,-0.004577844,9.190561,-1.3301297,10.149444,-0.62091494,0.20077847,-0.009155688,0.24153125,-0.034956284,0.11912448,-0.007287707,253.5534,254.15872,340.7017,1.9510447,16.37353,0.57267463
5,16,10,0.0040960005,0.11292787,0.034254268,0.062739454,0.015934149,0.09253954,0.0006597415,9.531013,-1.3380287,10.754881,-0.8044093,0.18507908,0.001319483,0.25047845,-0.0351639,0.12623054,-0.009441389,253.55429,254.24031,339.90665,2.142438,16.37353,0.5679884
5,17,10,0.0040960005,0.10395567,0.03398924,0.05874377,0.011222664,0.092180856,0.00015657704,9.222519,-1.0894489,9.025873,-0.4311522,0.18436171,0.00031315407,0.24237114,-0.028631112,0.10593708,-0.005060453,253.59691,254.39249,340.07098,1.5206012,16.371956,0.7045358
5,18,10,0.0040960005,0.11435569,0.04573627,0.0576476,0.010971821,0.1069302,-0.0054185726,9.136066,-1.1278307,8.924432,0.3191493,0.2138604,-0.010837145,0.24009915,-0.029639794,0.10474646,0.003745869,253.64279,254.53436,340.62854,0.8086815,16.371956,0.7020185
5,19,10,0.0040960005,0.09572712,0.027167313,0.056391045,0.012168765,0.08241255,0.00012469804,9.035948,-0.9491262,9.398629,0.21681337,0.1648251,0.00024939608,0.23746799,-0.024943382,0.11031213,0.0025447463,253.61876,254.5161,340.08215,0.7323128,16.371956,0.68288004
5,20,10,0.0040960005,0.09735713,0.030689511,0.055373352,0.011294269,0.08759211,0.0011151702,8.954041,-1.0131998,9.054621,-0.14992616,0.17518422,0.0022303404,0.23531543,-0.026627254,0.1062745,-0.001759691,253.6169,254.4076,340.40878,1.163126,16.371956,0.6555282
5,21,10,0.0040960005,0.0990803,0.034735084,0.054757643,0.009587577,0.09318675,-0.004497207,8.904121,0.3343397,8.342488,1.2722204,0.1863735,-0.008994414,0.23400351,0.008786563,0.09791617,0.01493211,253.58115,254.09026,340.18805,-1.6065601,16.370539,0.6838077
5,22,10,0.0040960005,0.09042779,0.027064104,0.05335842,0.01000527,0.082255855,-0.00037770258,8.789621,0.2590324,8.522277,0.9030017,0.16451171,-0.00075540517,0.23099442,0.006807467,0.10002635,0.010598568,253.58505,254.22096,339.637,-1.1620342,16.370539,0.7306389
5,23,10,0.0040960005,0.08452257,0.026297454,0.048501804,0.00972331,0.08108245,0.001062286,8.38007,-0.39322877,8.401334,0.38581485,0.1621649,0.002124572,0.22023125,-0.0103341965,0.09860685,0.004528328,253.67506,254.61761,340.4467,0.0074139237,16.370539,0.70131886
5,24,10,0.0040960005,0.089588836,0.033056714,0.047088362,0.009443756,0.09090753,-0.005760547,8.25706,-0.2814415,8.27968,1.1372669,0.18181506,-0.011521094,0.21699853,-0.00739638,0.09717899,0.013348151,253.74596,254.93452,340.94742,-0.85582536,16.370539,0.71288085
5,25,10,0.0040960005,0.0803865,0.026797304,0.042599186,0.010990011,0.08184941,0.0020743755,7.85361,0.77063704,8.931827,1.6649345,0.16369882,0.004148751,0.2063957,0.020252617,0.10483325,0.01954141,253.77107,255.18454,340.62915,-2.4355717,16.369303,0.60612154
5,26,10,0.0040960005,0.08757645,0.03174316,0.046129912,0.009703373,0.08908305,0.0035235225,8.172595,0.5797417,8.392717,1.1880137,0.1781661,0.007047045,0.21477875,0.015235818,0.0985057,0.013943771,253.7974,255.20392,341.32742,-1.7677554,16.369303,0.5782207
5,27,10,0.0040960005,0.096508496,0.038371764,0.04729665,0.01084008,0.09794356,-0.0026758662,8.275302,1.060193,8.87069,1.7658802,0.19588712,-0.0053517325,0.21747793,0.027862255,0.1041157,0.02072622,253.75902,254.93785,341.14395,-2.8260732,16.369303,0.5961429
5,28,10,0.0040960005,0.08624442,0.026461834,0.04823419,0.011548394,0.08133547,0.0019215953,8.356918,1.08969,9.155921,1.5426482,0.16267094,0.0038431906,0.21962284,0.028637448,0.10746346,0.018106133,253.68687,254.74318,340.0659,-2.632338,16.369303,0.5782856
5,29,10,0.0040960005,0.0788347,0.028105907,0.041364864,0.009363931,0.08382408,0.0037585984,7.7389927,2.179485,8.244614,1.0537516,0.16764817,0.0075171967,0.20338354,0.05727765,0.0967674,0.012367931,253.68967,254.70224,340.44907,-3.2332368,16.36825,0.53549623
5,30,10,0.0040960005,0.09487072,0.04102871,0.043675803,0.010166209,0.101277724,-0.0012954775,7.952233,2.4229248,8.590546,1.7454538,0.20255545,-0.002590955,0.20898756,0.06367533,0.10082762,0.02048647,253.72832,254.82408,341.03137,-4.168379,16.36825,0.5596296
5,31,10,0.0040960005,0.07376262,0.024037026,0.039936442,0.009789145,0.077519394,0.0034501662,7.604197,2.2000103,8.4297285,1.240785,0.15503879,0.0069003324,0.19984104,0.057817064,0.098940104,0.014563149,253.69402,254.64136,340.13077,-3.4407954,16.36825,0.5356475
5,32,10,0.0040960005,0.07759879,0.02772966,0.04019704,0.009672084,0.083261125,0.0036149614,7.628967,1.919912,8.379175,1.0272329,0.16652225,0.007229923,0.200492,0.05045598,0.098346755,0.0120566785,253.69789,254.56874,340.22507,-2.947145,16.36825,0.5213088
5,33,10,0.0040960005,0.0822173,0.03303934,0.04104861,0.008129348,0.090883635,0.0013125557,7.709352,2.947781,7.681907,1.197843,0.18176727,0.0026251115,0.20260456,0.077468745,0.090162896,0.014059137,253.69714,254.58168,340.42886,-4.145624,16.367527,0.54758835
5,34,10,0.0040960005,0.07242342,0.023383176,0.041720305,0.007319944,0.07645779,0.0064867362,7.7721725,2.8483217,7.2894564,0.7690651,0.15291558,0.0129734725,0.20425549,0.074854925,0.08555667,0.0090265535,253.6624,254.54068,339.61823,-3.6173868,16.367527,0.4894764
5,35,10,0.0040960005,0.07221726,0.024848955,0.040160034,0.0072082705,0.078817755,0.006440329,7.6254535,2.566242,7.2336383,0.19146065,0.15763551,0.012880658,0.20039968,0.06744178,0.084901534,0.0022471847,253.6914,254.56535,340.3508,-2.7577026,16.367527,0.5385683
5,36,10,0.0040960005,0.07858897,0.03082665,0.040082887,0.0076794326,0.0877876,0.0020953896,7.6181264,3.1055365,7.4663057,1.0651438,0.1755752,0.0041907793,0.20020711,0.081614636,0.08763237,0.012501639,253.70786,254.63814,340.76382,-4.17068,16.367527,0.55742425
5,37,10,0.0040960005,0.068244524,0.022317847,0.038147416,0.007779263,0.074695796,0.008615885,7.431922,2.460798,7.514679,0.3150019,0.14939159,0.01723177,0.19531363,0.06467065,0.08820013,0.0036971907,253.6525,254.56483,340.0011,-2.7758,16.367214,0.5100891
5,38,10,0.0040960005,0.07055805,0.025351724,0.037828512,0.0073778117,0.07961112,0.008150521,7.400793,2.2448099,7.318212,-0.07205709,0.15922225,0.016301041,0.19449553,0.058994412,0.08589419,-0.0008457357,253.63612,254.40785,340.30615,-2.1727529,16.367214,0.56726307
5,39,10,0.0040960005,0.08060344,0.030501992,0.04297886,0.0071225925,0.0873241,0.003371391,7.8885303,2.8831935,7.190519,0.6771958,0.1746482,0.006742782,0.20731343,0.07577137,0.08439545,0.007948278,253.58037,254.08545,340.27628,-3.5603893,16.367214,0.57303685
5,40,10,0.0040960005,0.07009539,0.021604089,0.04089191,0.0075993906,0.07349165,0.008367383,7.6946244,2.7572737,7.4272923,0.18485838,0.1469833,0.016734766,0.20221749,0.07246215,0.08717448,0.002169691,253.46947,253.63133,338.9782,-2.942132,16.367214,0.5622645
5,41,10,0.0040960005,0.06414459,0.022168607,0.033091974,0.008884006,0.07444563,0.009167334,6.9219737,1.5767326,8.030556,-0.53601015,0.14889126,0.018334668,0.18191199,0.0414371,0.09425501,-0.0062911822,253.42926,253.40523,339.11115,-1.0407225,16.367208,0.5459797
5,42,10,0.0040960005,0.07316397,0.030678032,0.033127654,0.009358289,0.087575726,0.0042809346,6.925706,2.2381876,8.242129,0.18584219,0.17515145,0.008561869,0.18201004,0.058820385,0.09673825,0.0021812373,253.4016,253.27351,339.39133,-2.4240298,16.367208,0.51420474
5,43,10,0.0040960005,0.063976094,0.021747572,0.03339457,0.008833953,0.07373529,0.009252882,6.9535503,2.048428,8.007902,-0.18482801,0.14747058,0.018505763,0.18274182,0.053833436,0.09398911,-0.0021693346,253.3357,253.08026,338.54205,-1.8636,16.367208,0.5142562
5,44,10,0.0040960005,0.06549391,0.021642422,0.034696866,0.009154623,0.07355682,0.009303998,7.0878377,1.7573491,8.151949,-0.4030338,0.14711364,0.018607996,0.18627095,0.046183772,0.0956798,-0.0047304295,253.31218,252.95052,338.7255,-1.3543153,16.367208,0.56691056
5,45,10,0.0040960005,0.0637385,0.025436604,0.029354103,0.0089478,0.07974429,0.0061411387,6.519332,0.85854465,8.059338,0.060229216,0.15948857,0.012282277,0.17133039,0.022562858,0.09459281,0.0007069207,253.35556,253.08179,338.9262,-0.9187739,16.367434,0.3229509
5,46,10,0.0040960005,0.05693031,0.02097355,0.027609568,0.008347191,0.07241124,0.011143068,6.3226404,0.45760632,7.784153,-0.358827,0.14482248,0.022286136,0.16616127,0.012026057,0.09136296,-0.0042115655,253.36935,253.15263,338.44617,-0.09877932,16.367434,0.33560058
5,47,10,0.0040960005,0.056607045,0.020973088,0.026757052,0.008876904,0.07241044,0.012292955,6.2242613,-0.16104554,8.027346,-0.72945833,0.14482088,0.02458591,0.16357583,-0.00423233,0.09421732,-0.008561681,253.39856,253.26582,338.87515,0.8905039,16.367434,0.39371622
5,48,10,0.0040960005,0.06721557,0.028555067,0.029114991,0.009545515,0.08449122,0.0068146386,6.492725,0.44073537,8.324168,-0.028465888,0.16898245,0.013629277,0.17063116,0.011582683,0.097701155,-0.0003341039,253.40897,253.38786,339.28305,-0.41226947,16.367434,0.31762716
5,49,10,0.0040960005,0.05961559,0.021974916,0.029573243,0.008067431,0.074119695,0.013696613,6.5436206,-0.7715305,7.6525974,-0.47433642,0.14823939,0.027393226,0.17196873,-0.020276101,0.08981888,-0.005567311,253.34772,253.12527,338.43512,1.2458669,16.367655,0.3411834
5,50,10,0.0040960005,0.058134973,0.023446837,0.026348107,0.00834003,0.0765618,0.012744904,6.176513,-1.1756427,7.780814,-0.89525086,0.1531236,0.025489807,0.162321,-0.03089632,0.09132376,-0.010507599,253.34427,253.00748,338.78424,2.0708935,16.367655,0.34873363
5,51,10,0.0040960005,0.072779685,0.034681335,0.02873151,0.009366836,0.09311463,0.00855869,6.4498243,-0.63821363,8.245893,-0.34457788,0.18622926,0.01711738,0.16950372,-0.016772486,0.096782416,-0.0040443293,253.37128,253.10835,338.90555,0.98279154,16.367655,0.2782802
5,52,10,0.0040960005,0.057291336,0.020834042,0.02773562,0.008721672,0.07217001,0.01359386,6.337057,-0.9810094,7.9568477,-0.29047483,0.14434002,0.02718772,0.16654015,-0.025781285,0.09338989,-0.0034093135,253.34126,253.0642,338.1408,1.2714843,16.367655,0.33546224
5,53,10,0.0040960005,0.060565136,0.02351953,0.0275017,0.009543902,0.07668039,0.0146977585,6.3102775,-1.9252796,8.323465,-0.71117735,0.15336078,0.029395517,0.16583636,-0.050597046,0.0976929,-0.008347119,253.32939,252.91103,338.58395,2.636457,16.367632,0.46615943
5,54,10,0.0040960005,0.06683585,0.027446808,0.029169336,0.010219711,0.08283539,0.008342113,6.498782,-0.8762942,8.613119,-0.40420046,0.16567078,0.016684227,0.17079033,-0.023029327,0.101092584,-0.004744118,253.29137,252.64346,338.5023,1.2804947,16.367632,0.39815792
5,55,10,0.0040960005,0.058954425,0.020455873,0.029505549,0.008993003,0.07151201,0.013195855,6.5361276,-1.266886,8.07967,-0.7082915,0.14302403,0.02639171,0.1717718,-0.03329422,0.094831444,-0.008313248,253.24055,252.5254,337.70367,1.9751775,16.367632,0.43790767
5,56,10,0.0040960005,0.056862153,0.021956082,0.026170637,0.008735433,0.074087925,0.013963456,6.1556773,-1.8812608,7.9631233,-1.0067859,0.14817585,0.027926913,0.16177341,-0.049440216,0.09346354,-0.011816692,253.22932,252.48431,338.14853,2.8880467,16.367632,0.43680874
5,57,10,0.0040960005,0.06792947,0.030204054,0.02885889,0.008866526,0.08689657,0.0066597187,6.4641066,-0.9750827,8.022653,-0.29031625,0.17379314,0.013319437,0.16987905,-0.02562553,0.09416223,-0.003407456,253.20001,252.3243,338.25946,1.265399,16.367237,0.46035147
5,58,10,0.0040960005,0.05889253,0.021358456,0.02941731,0.008116764,0.073072664,0.011605972,6.526347,-1.0727874,7.6759586,-0.5743329,0.14614533,0.023211945,0.17151475,-0.028193241,0.09009308,-0.0067409705,253.1106,251.98102,337.39926,1.6471202,16.367237,0.46040833
5,59,10,0.0040960005,0.058285065,0.023135982,0.02713966,0.008009423,0.076052584,0.010426533,6.2686043,-1.3552092,7.6250334,-1.00759,0.15210517,0.020853067,0.16474119,-0.035615392,0.089495376,-0.01182613,253.05571,251.60997,337.60223,2.3627992,16.367237,0.434542
5,60,10,0.0040960005,0.06539507,0.02597152,0.030803416,0.008620132,0.08057841,0.00543921,6.6783333,-0.4578288,7.9103947,-0.6337161,0.16115682,0.01087842,0.17550902,-0.012031902,0.092844665,-0.0074379533,253.0252,251.4239,337.57812,1.0915449,16.367237,0.44420466
5,61,10,0.0040960005,0.057939246,0.020953732,0.030197969,0.0067875464,0.07237702,0.008552781,6.6123767,-0.54033285,7.0193624,-0.55059826,0.14475404,0.017105563,0.17377563,-0.0142001435,0.08238657,-0.006462397,252.9992,251.44089,336.7267,1.0909312,16.366549,0.37314463
5,62,10,0.0040960005,0.054452777,0.02102837,0.026189515,0.0072348933,0.07250581,0.00952912,6.1578965,-1.35461,7.2469835,-1.0271175,0.14501162,0.01905824,0.16183175,-0.03559964,0.085058175,-0.012055323,253.01683,251.494,337.10336,2.3817275,16.366549,0.37607637
5,63,10,0.0040960005,0.06133562,0.027779011,0.025674688,0.00788192,0.08333518,0.0049243574,6.0970707,-0.36976755,7.5640993,-0.6027398,0.16667037,0.009848715,0.16023323,-0.009717622,0.08878018,-0.007074385,253.01196,251.37384,337.30823,0.97250736,16.366549,0.3763346
5,64,10,0.0040960005,0.05445435,0.02008009,0.026746275,0.007627985,0.070852116,0.008932518,6.223007,-0.5076761,7.4412537,-0.72751504,0.14170423,0.017865036,0.16354288,-0.013341913,0.087338336,-0.008538878,252.9624,251.10898,336.46783,1.2351911,16.366549,0.3642754
5,65,10,0.0040960005,0.053803965,0.022769796,0.025133645,0.005900524,0.07544832,0.0053757043,6.0324874,-0.57274985,6.544651,-0.54927224,0.15089664,0.0107514085,0.15853594,-0.015052073,0.07681487,-0.0064468323,252.96075,251.09845,336.65424,1.1220222,16.36561,0.2846991
5,66,10,0.0040960005,0.060027115,0.02687238,0.027352614,0.0058021205,0.081963986,0.002371483,6.29315,0.0488146,6.4898496,-0.17307016,0.16392797,0.004742966,0.16538626,0.0012828653,0.07617165,-0.0020313323,252.95718,251.11624,336.8264,0.12425557,16.36561,0.34863764
5,67,10,0.0040960005,0.054806102,0.020146573,0.029197756,0.0054617724,0.07096931,0.0075647216,6.5019464,-0.09756046,6.2966275,-0.3324303,0.14193863,0.015129443,0.17087351,-0.002563925,0.07390381,-0.0039017498,252.87677,250.81935,335.75296,0.42999077,16.36561,0.29600707
5,68,10,0.0040960005,0.057588845,0.021596879,0.03026697,0.0057249945,0.073479384,0.0061507067,6.6199265,-0.40455195,6.4465704,-0.6243307,0.14695877,0.012301413,0.17397405,-0.010631772,0.07566369,-0.0073277974,252.8587,250.59181,336.19797,1.0288826,16.36561,0.30938232
5,69,10,0.0040960005,0.059769124,0.023739269,0.030242046,0.0057878094,0.07703777,-0.00083965366,6.6172,0.8238585,6.4818406,0.25970206,0.15407553,-0.0016793073,0.1739024,0.0216513,0.076077655,0.0030481333,252.85962,250.56436,336.50543,-1.0835606,16.364506,0.36755785
5,70,10,0.0040960005,0.050551146,0.0191838,0.025639616,0.005727729,0.0692528,0.004148528,6.092905,0.5658516,6.4481106,0.17711848,0.1385056,0.008297056,0.16012375,0.014870783,0.07568176,0.0020788468,252.79607,250.40364,335.8065,-0.7429701,16.364506,0.29215387
5,71,10,0.0040960005,0.05065287,0.017690847,0.027021058,0.0059409654,0.06650347,0.0041646026,6.2548923,0.27806923,6.56704,-0.047130547,0.13300695,0.008329205,0.16438083,0.0073077576,0.07707766,-0.00055317325,252.73915,250.09975,335.85858,-0.23093867,16.364506,0.32063547
5,72,10,0.0040960005,0.059907697,0.021730049,0.03230472,0.005872926,0.07370558,-0.0008050059,6.839143,1.2351441,6.529328,0.3970438,0.14741115,-0.0016100118,0.17973514,0.03246003,0.07663502,0.0046601216,252.67276,249.74156,335.7119,-1.632188,16.364506,0.39259562
5,73,10,0.0040960005,0.05474267,0.017630568,0.03150016,0.0056119403,0.066390075,0.0025966328,6.75344,1.4976635,6.382602,0.86897725,0.13278015,0.0051932656,0.17748284,0.039359145,0.07491288,0.010199224,252.59119,249.45708,334.69675,-2.3666408,16.363329,0.36573905
5,74,10,0.0040960005,0.05105544,0.017019724,0.027914213,0.0061215,0.06522983,0.0026013737,6.357427,0.77187145,6.6660733,0.5146136,0.13045967,0.0052027474,0.16707547,0.020285057,0.078240015,0.0060400446,252.55244,249.31332,334.76392,-1.2864851,16.363329,0.37049693
5,75,10,0.0040960005,0.05730113,0.022118537,0.028967159,0.0062154345,0.07436151,-0.0010944755,6.476221,1.2049321,6.717025,0.76207155,0.14872302,-0.002188951,0.17019741,0.03166605,0.07883803,0.0089444695,252.5211,249.21419,334.67603,-1.9670036,16.363329,0.39364645
5,76,10,0.0040960005,0.05257404,0.018103724,0.028208826,0.006261491,0.06727504,0.0027123566,6.3908873,0.9858354,6.7418656,0.9071428,0.13455008,0.0054247133,0.16795483,0.025908109,0.079129584,0.010647174,252.49876,249.19412,334.00732,-1.8929782,16.363329,0.34616074
5,77,10,0.0040960005,0.051411606,0.017956907,0.027630627,0.005824075,0.06700169,0.0020996027,6.3250513,0.43766096,6.5021157,1.1833366,0.13400339,0.0041992054,0.16622463,0.011501883,0.07631563,0.013888877,252.52498,249.27284,334.456,-1.6209975,16.362085,0.31571653
5,78,10,0.0040960005,0.05573097,0.020042825,0.02993258,0.005755563,0.07078634,-0.0010866956,6.5832567,1.0463446,6.463758,1.3346683,0.14157268,-0.0021733912,0.17301035,0.027498305,0.075865425,0.015665064,252.54407,249.34099,334.65466,-2.381013,16.362085,0.33353415
5,79,10,0.0040960005,0.053133212,0.01790383,0.029767504,0.005461878,0.0669026,0.0041257497,6.5650783,0.7134282,6.296689,1.418536,0.1338052,0.008251499,0.17253262,0.01874915,0.07390452,0.016649418,252.5101,249.28462,334.09555,-2.1319642,16.362085,0.29454052
5,80,10,0.0040960005,0.05706189,0.018717369,0.03225017,0.0060943514,0.06840572,0.0034499976,6.833366,0.35133362,6.651276,1.2515155,0.13681144,0.0068999953,0.17958333,0.00923317,0.07806633,0.014689093,252.47928,249.10735,334.1993,-1.6028491,16.362085,0.32935923
5,81,10,0.0040960005,0.057642803,0.019842036,0.032259863,0.0055409023,0.07043088,0.000112110014,6.8343925,0.62344563,6.3420763,1.5419203,0.14086176,0.00022422003,0.17961031,0.016384372,0.07443724,0.018097587,252.48714,249.06345,334.2678,-2.165366,16.36073,0.29617393
5,82,10,0.0040960005,0.05567835,0.017783947,0.03267186,0.0052225413,0.06667823,0.004575955,6.877896,0.21840206,6.157185,1.5902646,0.13335647,0.00915191,0.18075359,0.0057396814,0.07226715,0.018665008,252.51018,249.25264,333.7406,-1.8086666,16.36073,0.28243
5,83,10,0.0040960005,0.060418084,0.019926447,0.034819,0.0056726374,0.070580535,0.0047592954,7.1003017,-0.45716086,6.4170256,1.4633585,0.14116107,0.009518591,0.1865985,-0.012014352,0.07531691,0.017175507,252.57814,249.62581,334.41968,-1.0061977,16.36073,0.3124435
5,84,10,0.0040960005,0.062824205,0.021747101,0.03527505,0.005802056,0.07373449,0.0011911347,7.1466494,0.102781974,6.4898133,1.6988398,0.14746898,0.0023822694,0.18781653,0.0027011428,0.07617123,0.01993936,252.55583,249.55205,334.59564,-1.8016218,16.36073,0.284807
5,85,10,0.0040960005,0.058156867,0.019396396,0.03304216,0.0057183104,0.06963547,0.0053318716,6.916763,-0.051018454,6.4428062,1.6632031,0.13927095,0.010663743,0.18177502,-0.001340789,0.07561951,0.01952109,252.48042,249.1875,333.73294,-1.6121846,16.359194,0.33746454
5,86,10,0.0040960005,0.060120687,0.01871537,0.035768326,0.0056369905,0.06840207,0.0035954209,7.196444,-0.38437983,6.396831,1.3463404,0.13680413,0.0071908417,0.18912517,-0.010101636,0.075079896,0.015802057,252.50876,249.30293,334.2493,-0.96196055,16.359194,0.35335845
5,87,10,0.0040960005,0.0631499,0.020590814,0.036778037,0.005781046,0.0717475,0.0026935453,7.297312,0.034225542,6.478052,1.5584674,0.143495,0.0053870906,0.191776,0.0008994546,0.07603319,0.018291803,252.52853,249.45293,334.78156,-1.592693,16.359194,0.3579724
5,88,10,0.0040960005,0.059186265,0.016228344,0.037437692,0.0055202264,0.06369526,0.0065767937,7.362465,-0.22446842,6.3302326,1.7392979,0.12739052,0.0131535875,0.19348823,-0.0058991113,0.074298225,0.020414218,252.47385,249.33669,334.00555,-1.5148294,16.359194,0.39421952
5,89,10,0.0040960005,0.053966384,0.016520197,0.032261897,0.0051842905,0.06426546,0.0056156907,6.834609,-0.6385543,6.1345944,1.1212311,0.12853092,0.011231381,0.17961597,-0.016781444,0.072002016,0.01315994,252.43509,249.1458,333.9601,-0.4826768,16.35742,0.37154037
5,90,10,0.0040960005,0.060713675,0.020009566,0.035161074,0.0055430336,0.07072759,0.00254837,7.1350937,0.023961307,6.343296,1.2693696,0.14145517,0.00509674,0.18751286,0.00062970683,0.07445155,0.014898647,252.38779,248.88983,333.78528,-1.2933309,16.35742,0.33955055
5,91,10,0.0040960005,0.057869196,0.017565358,0.03445177,0.0058520674,0.066267185,0.007062511,7.062761,-0.0935934,6.5177226,1.4853604,0.13253437,0.014125022,0.18561189,-0.002459668,0.07649881,0.017433742,252.32814,248.58041,332.83167,-1.391767,16.35742,0.33651966
5,92,10,0.0040960005,0.058627397,0.019298604,0.03398567,0.0053431233,0.06945971,0.0069143903,7.01482,-0.40630987,6.2278595,1.269944,0.13891941,0.0138287805,0.18435203,-0.010677962,0.07309667,0.01490539,252.3234,248.46327,333.02155,-0.8636341,16.35742,0.31987882
5,93,10,0.0040960005,0.052059665,0.019555144,0.027993448,0.0045110737,0.069919854,0.003297987,6.366443,0.19685918,5.722439,0.9332322,0.13983971,0.006595974,0.16731243,0.005173529,0.067164525,0.010953388,252.31047,248.52573,333.17398,-1.1300914,16.355476,0.21469381
5,94,10,0.0040960005,0.052396584,0.019658795,0.028422602,0.0043151854,0.07010491,0.006798384,6.4150577,0.027803518,5.5968156,1.072785,0.14020982,0.013596768,0.16859004,0.00073069276,0.06569007,0.012591326,252.26009,248.44606,332.4203,-1.1005886,16.355476,0.25404298
5,95,10,0.0040960005,0.049171466,0.018188834,0.02586884,0.005113792,0.06743299,0.0063410383,6.1200805,-0.23359981,6.092742,0.54432136,0.13486598,0.012682077,0.16083793,-0.0061390856,0.071510784,0.0063887257,252.24522,248.32236,332.91406,-0.31072155,16.355476,0.2512551
5,96,10,0.0040960005,0.05515486,0.018646369,0.031147003,0.005361488,0.068275854,0.0027823881,6.7154765,0.3084807,6.2385535,0.8370328,0.13655171,0.0055647762,0.17648514,0.0081069805,0.07322218,0.009824292,252.22359,248.2487,332.94998,-1.1455135,16.355476,0.25858513
5,97,10,0.0040960005,0.05209535,0.018902505,0.028695388,0.0044974587,0.06874319,0.0074569876,6.4457693,0.41307607,5.713797,0.34191403,0.13748638,0.014913975,0.16939713,0.010855788,0.06706309,0.0040130615,252.16959,248.08537,332.2488,-0.7549901,16.353432,0.23983574
5,98,10,0.0040960005,0.048954852,0.017610693,0.026591279,0.0047528828,0.06635264,0.006185086,6.20495,0.12653929,5.873808,-0.011742987,0.13270529,0.012370172,0.16306832,0.0033255008,0.06894115,-0.0001378276,252.13045,247.84712,332.40002,-0.1147963,16.353432,0.23517935
5,99,10,0.0040960005,0.053562265,0.018617298,0.02985509,0.0050898762,0.06822261,0.0031020655,6.5747294,0.7086492,6.078478,0.19044803,0.13644522,0.006204131,0.17278625,0.018623559,0.07134337,0.0022352964,252.09447,247.69867,332.1591,-0.89909726,16.353432,0.26147586
5,100,10,0.0040960005,0.052398417,0.018399838,0.029000701,0.0049978746,0.067823,0.0066304374,6.479969,0.47766012,6.0232916,0.32389513,0.135646,0.013260875,0.17029592,0.012553078,0.070695646,0.00380157,252.08313,247.71942,331.47476,-0.8015553,16.353432,0.27485666
6,1,10,0.0032768005,0.07596713,0.022288788,0.04262704,0.011051308,0.07464715,0.00021570575,7.8561783,-0.28040922,8.9567,-0.59984195,0.1492943,0.0004314115,0.20646317,-0.0073692556,0.105125204,-0.0070403693,253.79897,255.35687,341.41034,0.88025117,16.351313,0.4916976
6,2,10,0.0032768005,0.07924575,0.027528295,0.041776065,0.0099413935,0.082958266,0.0001681018,7.777364,-0.84010345,8.4950285,-0.99641,0.16591653,0.0003362036,0.20439194,-0.02207821,0.09970654,-0.011694911,253.81131,255.4071,341.495,1.8365135,16.351313,0.48236212
6,3,10,0.0032768005,0.07787559,0.026599744,0.04071469,0.010561164,0.08154714,-0.0069060884,7.677932,-0.10242832,8.755824,-0.861597,0.16309428,-0.013812177,0.20177881,-0.002691854,0.10276752,-0.010112601,253.78754,255.25923,341.94138,0.9640253,16.351313,0.48404035
6,4,10,0.0032768005,0.07066713,0.020967878,0.038821258,0.010877993,0.07240145,0.00081162865,7.4972754,-0.021672798,8.886189,-0.9739167,0.1448029,0.0016232573,0.19703111,-0.00056957715,0.104297616,-0.011430909,253.72136,254.99089,341.2348,0.9955895,16.351313,0.4818164
6,5,10,0.0032768005,0.07391546,0.022685792,0.04147414,0.009755532,0.075309016,-0.0016848618,7.749209,-0.21416913,8.415244,-1.8369055,0.15061803,-0.0033697237,0.20365201,-0.005628446,0.0987701,-0.021559838,253.69402,254.7302,341.36917,2.0510745,16.349636,0.5160354
6,6,10,0.0032768005,0.08250943,0.029236985,0.043078024,0.01019442,0.08549413,-0.0069104405,7.897626,0.2362036,8.602456,-1.4273808,0.17098826,-0.013820881,0.20755246,0.006207519,0.10096742,-0.016753236,253.70863,254.7735,341.93143,1.1911772,16.349636,0.49591684
6,7,10,0.0032768005,0.073027104,0.022055954,0.040529493,0.010441661,0.074256234,-0.00028804532,7.6604505,0.1581253,8.706147,-1.251983,0.14851247,-0.00057609065,0.20131938,0.004155595,0.102184445,-0.014694583,253.68593,254.79626,341.1152,1.0938578,16.349636,0.46509892
6,8,10,0.0032768005,0.072550885,0.025060045,0.038426004,0.009064839,0.079151824,-0.00024713404,7.459011,-0.14216907,8.111876,-1.4811475,0.15830365,-0.0004942681,0.19602552,-0.0037362454,0.09520945,-0.017384296,253.6864,254.6494,341.37097,1.6233166,16.349636,0.48092753
6,9,10,0.0032768005,0.0728813,0.028697155,0.03459702,0.009587124,0.08470117,-0.006385199,7.077633,0.45254818,8.342293,-1.5148435,0.16940235,-0.012770398,0.18600275,0.011893128,0.09791386,-0.017779786,253.69627,254.61876,341.60522,1.0622953,16.348003,0.44652253
6,10,10,0.0032768005,0.06657302,0.022757143,0.033955608,0.009860264,0.07542735,-0.0007769351,7.0117173,0.21773753,8.460295,-1.497805,0.1508547,-0.0015538702,0.18427047,0.005722217,0.099298865,-0.017579807,253.67377,254.64803,340.88983,1.2800674,16.348003,0.428031
6,11,10,0.0032768005,0.065025695,0.022989383,0.033126384,0.008909925,0.07581125,-0.0017736616,6.925574,-0.110019416,8.042261,-1.7926295,0.1516225,-0.0035473232,0.18200655,-0.0028913599,0.0943924,-0.021040175,253.6729,254.60701,341.3004,1.9026489,16.348003,0.43287534
6,12,10,0.0032768005,0.068017304,0.026008168,0.0330351,0.008974042,0.08063524,-0.0067266254,6.9160237,0.45509198,8.071147,-1.350307,0.16127048,-0.013453251,0.1817556,0.011959981,0.09473142,-0.01584862,253.64532,254.44926,341.45248,0.89521503,16.348003,0.44474208
6,13,10,0.0032768005,0.05469242,0.016669163,0.029153045,0.00887021,0.06455456,-0.00067497353,6.4969673,0.4283455,8.024318,-1.4240202,0.12910911,-0.0013499471,0.17074263,0.011257076,0.09418179,-0.01671379,253.58548,254.24321,340.66208,0.99567467,16.34648,0.3615098
6,14,10,0.0032768005,0.06163021,0.021662394,0.0313149,0.008652919,0.07359075,-0.0015539828,6.7335505,0.0914265,7.9254246,-1.8322823,0.1471815,-0.0031079657,0.17696016,0.002402715,0.093021065,-0.02150558,253.57784,254.14122,340.81833,1.7408558,16.34648,0.36561355
6,15,10,0.0032768005,0.06804228,0.028698422,0.030832794,0.008511059,0.08470304,-0.006792073,6.681518,0.5411296,7.8601885,-1.6154219,0.16940609,-0.013584146,0.17559269,0.014221085,0.0922554,-0.01896028,253.57144,254.10756,341.07117,1.0742923,16.34648,0.37336075
6,16,10,0.0032768005,0.059404336,0.01962389,0.031041447,0.008738997,0.07004265,-0.00012663052,6.704087,0.39125854,7.964748,-1.6726832,0.1400853,-0.00025326104,0.17618583,0.010282415,0.093482606,-0.019632358,253.51929,253.93213,340.30026,1.2814248,16.34648,0.36905035
6,17,10,0.0032768005,0.05864407,0.023913752,0.026718387,0.008011931,0.07732036,-0.00043412417,6.219762,0.14300792,7.6262283,-1.7553633,0.15464072,-0.00086824835,0.1634576,0.003758298,0.08950939,-0.020602783,253.49716,253.7345,340.41364,1.6123555,16.34511,0.29881918
6,18,10,0.0032768005,0.06214425,0.025949225,0.028082166,0.00811286,0.080543816,-0.0058730836,6.376524,0.5572884,7.6741133,-1.3387918,0.16108763,-0.011746167,0.16757734,0.014645749,0.09007142,-0.015713459,253.47542,253.58862,340.33423,0.78150344,16.34511,0.3149867
6,19,10,0.0032768005,0.055250254,0.017722707,0.029385775,0.008141771,0.06656333,-0.000387982,6.522848,0.6327647,7.6877737,-1.3680779,0.13312666,-0.000775964,0.1714228,0.016629292,0.09023176,-0.016057193,253.41904,253.37721,339.3852,0.7353132,16.34511,0.30301866
6,20,10,0.0032768005,0.05189131,0.01942799,0.025181567,0.0072817495,0.069692165,-0.0006977256,6.038235,0.25811782,7.270413,-1.7673624,0.13938433,-0.0013954513,0.15868701,0.00678342,0.08533317,-0.02074361,253.39182,253.136,339.7219,1.5092446,16.34511,0.29142007
6,21,10,0.0032768005,0.053578578,0.025099048,0.022041908,0.00643762,0.079213396,-0.0050511733,5.6492815,0.63384813,6.8360286,-1.0975851,0.15842679,-0.010102347,0.14846517,0.01665776,0.08023478,-0.012882406,253.34608,252.87898,339.73746,0.46373695,16.343904,0.26010296
6,22,10,0.0032768005,0.043478005,0.017289195,0.019937875,0.006250932,0.06574419,0.0013651027,5.3728924,0.59398234,6.736179,-1.3079324,0.13148838,0.0027302054,0.14120154,0.015610075,0.079062834,-0.015351259,253.29384,252.70432,338.82803,0.71395004,16.343904,0.24109825
6,23,10,0.0032768005,0.043538738,0.017898154,0.019400096,0.00624049,0.06689199,0.0001696887,5.2999353,0.2713217,6.7305493,-1.2739693,0.13378398,0.0003393774,0.13928422,0.0071304333,0.07899677,-0.014952635,253.28664,252.57474,338.9574,1.0026476,16.343904,0.21567164
6,24,10,0.0032768005,0.055095386,0.026827022,0.02152794,0.0067404243,0.081894785,-0.0038189406,5.5830293,0.726654,6.994953,-0.90984845,0.16378957,-0.007637881,0.14672403,0.019096727,0.082100086,-0.010678933,253.27493,252.50682,339.17615,0.18319446,16.343904,0.26242
6,25,10,0.0032768005,0.04326073,0.015825141,0.021699794,0.0057357964,0.06289901,0.0035425865,5.6052694,0.3420058,6.4526496,-0.4168689,0.12579802,0.007085173,0.1473085,0.008988038,0.07573504,-0.0048928093,253.25961,252.58534,338.4849,0.074863106,16.342821,0.2788772
6,26,10,0.0032768005,0.04254759,0.01719855,0.020076957,0.005272082,0.06557162,0.0024247738,5.391599,-0.17021058,6.186318,-0.835032,0.13114324,0.0048495475,0.14169317,-0.0044731945,0.072609104,-0.009800808,253.30429,252.80173,339.11423,1.0052426,16.342821,0.2826638
6,27,10,0.0032768005,0.048604887,0.022131499,0.020691069,0.005782316,0.074383296,-0.0024041445,5.473437,0.07971641,6.4787636,-0.5508198,0.14876659,-0.004808289,0.1438439,0.002094975,0.07604154,-0.0064649973,253.30908,252.73291,339.35907,0.4711034,16.342821,0.29105335
6,28,10,0.0032768005,0.04259878,0.016616633,0.020041455,0.0059406944,0.06445276,0.0035309154,5.3868294,0.053977232,6.566891,-0.7701979,0.12890552,0.0070618307,0.14156784,0.0014185382,0.0770759,-0.009039848,253.30144,252.73114,338.81195,0.7162207,16.342821,0.30602407
6,29,10,0.0032768005,0.046762872,0.019599674,0.021907264,0.0052559343,0.06999942,0.003935828,5.632001,-0.48496908,6.176838,-0.29748416,0.13999884,0.007871656,0.14801103,-0.012745166,0.07249782,-0.0034915854,253.3374,252.78654,339.1035,0.78245324,16.341766,0.3331658
6,30,10,0.0032768005,0.048495427,0.022842018,0.020269964,0.005383445,0.07556788,-0.00061762903,5.4174533,-0.06757571,6.2513146,0.03140274,0.15113576,-0.0012352581,0.14237262,-0.0017759138,0.07337196,0.00036857586,253.35246,252.8217,339.42993,0.036172967,16.341766,0.34545308
6,31,10,0.0032768005,0.037902344,0.013655099,0.019543672,0.0047035725,0.058427516,0.0064585684,5.319512,-0.18400443,5.8432593,0.085530326,0.11685503,0.012917137,0.13979869,-0.004835709,0.068582594,0.0010038734,253.30753,252.77533,338.75278,0.0984741,16.341766,0.38523036
6,32,10,0.0032768005,0.04114484,0.015248633,0.021187495,0.00470871,0.06174268,0.006004271,5.5387073,-0.5974934,5.8464494,-0.34271687,0.12348536,0.012008542,0.14555925,-0.015702333,0.06862004,-0.0040224846,253.29312,252.6785,339.14236,0.9402103,16.341766,0.39586553
6,33,10,0.0032768005,0.047998462,0.021620037,0.021636648,0.0047417767,0.07351877,0.0018778208,5.597108,-0.26578128,5.866942,0.5307151,0.14703754,0.0037556416,0.14709401,-0.006984826,0.06886056,0.006229026,253.27092,252.54747,339.08408,-0.26493382,16.340633,0.3787095
6,34,10,0.0032768005,0.039774086,0.015475096,0.020000044,0.0042989426,0.06219947,0.007406248,5.381262,-0.46405607,5.5862713,0.49632,0.12439894,0.014812496,0.14142151,-0.012195561,0.06556632,0.00582533,253.22705,252.45482,338.08395,-0.032263935,16.340633,0.39644346
6,35,10,0.0032768005,0.039495192,0.015688496,0.01948984,0.0043168603,0.06262686,0.007611801,5.31218,-0.66730106,5.597901,-0.028141772,0.12525372,0.015223602,0.13960601,-0.01753691,0.06570282,-0.00033030155,253.22098,252.35379,338.5362,0.69544286,16.340633,0.37187892
6,36,10,0.0032768005,0.044041008,0.019367531,0.020203717,0.00446976,0.06958364,0.0021266325,5.4085927,-0.18157157,5.6961746,0.4878331,0.13916728,0.004253265,0.14213978,-0.0047717625,0.066856265,0.0057257204,253.16939,252.09476,338.62186,-0.30626154,16.340633,0.37358934
6,37,10,0.0032768005,0.037333254,0.015403806,0.017713465,0.004215983,0.062056035,0.009322268,5.064313,0.155994,5.532109,0.84912765,0.12411207,0.018644536,0.13309194,0.004099574,0.0649306,0.009966249,253.10178,251.86667,337.71448,-1.0051217,16.3394,0.3238625
6,38,10,0.0032768005,0.03725579,0.014789273,0.01811517,0.004351348,0.060805578,0.0076465015,5.1214137,-0.2497577,5.620217,0.49213132,0.121611156,0.015293003,0.13459261,-0.006563721,0.06596475,0.0057761665,253.09853,251.81009,338.03946,-0.24237362,16.3394,0.32243836
6,39,10,0.0032768005,0.041767716,0.017586458,0.019710083,0.004471174,0.06630697,0.0037352575,5.342111,0.00992985,5.697076,0.8771626,0.13261394,0.007470515,0.1403926,0.00026096238,0.06686684,0.010295297,253.09557,251.77686,338.34454,-0.8870924,16.3394,0.34968847
6,40,10,0.0032768005,0.040992875,0.015328541,0.021251108,0.004413226,0.061904244,0.009331636,5.547016,-0.0024773953,5.660037,0.834913,0.12380849,0.018663272,0.1457776,-6.5114764e-5,0.06643212,0.0097994115,253.07152,251.74469,337.6645,-0.8324356,16.3394,0.36048353
6,41,10,0.0032768005,0.039240822,0.01602149,0.018553605,0.004665727,0.06328801,0.008003583,5.183019,0.13693114,5.819704,0.71677995,0.12657602,0.016007166,0.13621162,0.003598602,0.068306126,0.00841288,253.09596,251.814,337.98398,-0.85371107,16.338028,0.2668037
6,42,10,0.0032768005,0.041479528,0.016541203,0.019819474,0.0051188488,0.064306304,0.0043432144,5.3569145,0.24540725,6.0957527,1.2035474,0.12861261,0.008686429,0.14078166,0.0064493935,0.07154613,0.014126091,253.0838,251.79282,337.8835,-1.4489546,16.338028,0.26532704
6,43,10,0.0032768005,0.03959499,0.015102371,0.01989627,0.0045963502,0.06144585,0.009881838,5.367283,0.10226256,5.7762733,1.0167351,0.1228917,0.019763676,0.14105414,0.0026875,0.06779639,0.0119334655,253.00996,251.56683,336.94125,-1.1189976,16.338028,0.2847046
6,44,10,0.0032768005,0.037960865,0.01532272,0.018177481,0.004460661,0.061892487,0.008504416,5.130214,-0.16281721,5.690374,0.6648409,0.123784974,0.017008832,0.13482389,-0.004278903,0.06678818,0.0078032655,252.98506,251.38762,337.26093,-0.5020237,16.338028,0.26775852
6,45,10,0.0032768005,0.03782929,0.015396442,0.017517867,0.004914982,0.0620412,0.0029824448,5.0362735,0.70704406,5.973133,1.1465592,0.1240824,0.0059648897,0.13235508,0.018581368,0.07010693,0.013457219,252.95583,251.2209,337.2962,-1.8536034,16.336514,0.2650833
6,46,10,0.0032768005,0.04135274,0.018023387,0.018613847,0.0047155083,0.0671256,0.0072599654,5.191427,0.7160307,5.8506684,1.2013562,0.1342512,0.014519931,0.13643257,0.018817544,0.06866956,0.014100372,252.91058,251.06015,336.52945,-1.9173869,16.336514,0.26316017
6,47,10,0.0032768005,0.038092114,0.016057976,0.017137485,0.0048966575,0.063360035,0.0067128884,4.981294,0.41991308,5.961988,0.8230651,0.12672007,0.013425777,0.13091022,0.011035468,0.06997612,0.00966035,252.92862,251.06183,336.73312,-1.2429782,16.336514,0.2649164
6,48,10,0.0032768005,0.03748378,0.014514161,0.01783751,0.005132108,0.060237367,0.0027662648,5.082013,0.69332284,6.103643,1.1544846,0.12047473,0.0055325297,0.13355714,0.018220771,0.07163873,0.013550241,252.92116,250.982,336.85266,-1.8478074,16.336514,0.28149205
6,49,10,0.0032768005,0.0368406,0.014284258,0.018104166,0.004452176,0.059758384,0.0070749116,5.119858,0.9414759,5.68496,0.6095165,0.11951677,0.014149823,0.13455172,0.024742326,0.06672463,0.007153924,252.85602,250.7085,336.22827,-1.5509925,16.334879,0.3205864
6,50,10,0.0032768005,0.038811516,0.016009085,0.017985186,0.004817245,0.063263506,0.0056596524,5.103007,0.7465046,5.913445,0.39270374,0.12652701,0.011319305,0.13410886,0.01961841,0.069406375,0.0046091867,252.85828,250.62364,336.52542,-1.1392083,16.334879,0.36128998
6,51,10,0.0032768005,0.040313967,0.015138739,0.019736698,0.0054385304,0.06151979,0.0015313916,5.3457165,0.9731204,6.283216,0.86571324,0.12303958,0.0030627833,0.14048736,0.025573947,0.07374639,0.010160922,252.8658,250.71606,336.59216,-1.8388336,16.334879,0.37192675
6,52,10,0.0032768005,0.04486364,0.016545353,0.023404056,0.0049142307,0.06431437,0.0069377255,5.8212233,1.1004769,5.972676,0.5876661,0.12862875,0.013875451,0.15298384,0.028920935,0.070101574,0.0068974625,252.80283,250.43678,335.79315,-1.688143,16.334879,0.3880337
6,53,10,0.0032768005,0.04083207,0.015055765,0.02069732,0.005078981,0.061350968,0.0034924368,5.4742637,0.6141238,6.0719686,-0.14348672,0.122701935,0.0069848737,0.14386563,0.016139397,0.07126697,-0.0016841112,252.77924,250.24298,335.92645,-0.47063708,16.333084,0.38426843
6,54,10,0.0032768005,0.042522084,0.0152193755,0.021936934,0.0053657736,0.061683416,-0.00014518871,5.635813,1.010204,6.241046,0.2020676,0.12336683,-0.00029037741,0.14811122,0.02654852,0.07325144,0.002371676,252.77797,250.24022,335.9727,-1.2122716,16.333084,0.403822
6,55,10,0.0032768005,0.043362543,0.015833877,0.022621473,0.0049071917,0.06291637,0.0055010836,5.7230706,0.945233,5.968397,0.1200963,0.12583274,0.011002167,0.15040436,0.024841065,0.07005135,0.0014095752,252.72261,250.09761,335.18362,-1.0653293,16.333084,0.38471347
6,56,10,0.0032768005,0.042327046,0.015405624,0.021698305,0.0052231196,0.062059697,0.0038842836,5.6050773,0.81870586,6.1575255,-0.3350905,0.12411939,0.007768567,0.14730345,0.021515882,0.07227115,-0.0039329757,252.66765,249.7771,335.18018,-0.48361537,16.333084,0.41208678
6,57,10,0.0032768005,0.043153215,0.016166065,0.021529004,0.005458147,0.06357292,-0.0020218405,5.583167,0.6296699,6.2945375,-0.13436659,0.12714584,-0.004043681,0.14672765,0.016547954,0.07387927,-0.0015770673,252.62595,249.58322,334.9944,-0.49530333,16.331135,0.36970487
6,58,10,0.0032768005,0.041218385,0.0148751885,0.021165082,0.0051781163,0.06098194,0.0033995118,5.5357776,0.4673705,6.1309414,-0.20888638,0.12196388,0.0067990236,0.14548224,0.012282665,0.07195913,-0.0024517106,252.59409,249.509,334.33148,-0.25848413,16.331135,0.32189903
6,59,10,0.0032768005,0.04216439,0.01571931,0.02136449,0.0050805924,0.062688336,0.0019847467,5.5617948,0.15441887,6.0729313,-0.56192935,0.12537667,0.0039694933,0.14616597,0.004058184,0.071278274,-0.00659539,252.59187,249.48277,334.62274,0.40751046,16.331135,0.33699334
6,60,10,0.0032768005,0.042528134,0.014079627,0.022887897,0.0055606114,0.059328802,-0.0009440142,5.7566743,0.6477359,6.353346,-0.08494044,0.118657604,-0.0018880283,0.15128747,0.017022727,0.07456951,-0.0009969485,252.55516,249.3285,334.7392,-0.56279546,16.331135,0.3747507
6,61,10,0.0032768005,0.041656267,0.016701324,0.020342385,0.0046125567,0.0646168,0.0017608604,5.4271226,-0.20653546,5.786448,-0.3893119,0.1292336,0.0035217209,0.14262673,-0.0054278253,0.067915805,-0.004569372,252.46472,249.04106,333.83066,0.59584737,16.329065,0.25291514
6,62,10,0.0032768005,0.041385766,0.0157135,0.020713547,0.0049587176,0.06267675,0.0010354081,5.4764094,-0.27069804,5.9996495,-0.72543234,0.1253535,0.0020708162,0.14392202,-0.007114042,0.070418164,-0.008514433,252.38206,248.6196,333.80847,0.99613035,16.329065,0.31451547
6,63,10,0.0032768005,0.042928156,0.01703984,0.020358888,0.0055294293,0.06526837,-0.0021335152,5.4293237,0.2243743,6.335507,-0.3461018,0.13053674,-0.0042670304,0.14268458,0.005896642,0.07436013,-0.0040622135,252.33372,248.35641,333.56427,0.1217275,16.329065,0.31262076
6,64,10,0.0032768005,0.04750856,0.02037175,0.021637147,0.0054996596,0.07136482,0.0013282519,5.5971727,-0.003938309,6.318429,-0.44480592,0.14272964,0.0026565038,0.14709571,-0.000103500155,0.07415969,-0.0052207084,252.31528,248.33937,332.92133,0.44874424,16.329065,0.27547836
6,65,10,0.0032768005,0.04129405,0.017163975,0.018983964,0.0051461128,0.065505676,-0.0015600262,5.2427864,-1.1509603,6.1119647,-0.69873315,0.13101135,-0.0031200524,0.1377823,-0.03024765,0.07173641,-0.008201064,252.32848,248.341,333.229,1.8496935,16.326893,0.26009607
6,66,10,0.0032768005,0.044321153,0.017766373,0.021210471,0.0053443103,0.06664528,-0.0042920243,5.5417104,-0.7532788,6.228551,-0.1258597,0.13329056,-0.008584049,0.14563815,-0.019796444,0.07310479,-0.0014772204,252.36288,248.54889,333.304,0.87913847,16.326893,0.23713048
6,67,10,0.0032768005,0.05155227,0.021514008,0.025021596,0.0050166664,0.07333827,0.0012278192,6.0190253,-0.92676157,6.0346045,-0.07566038,0.14667654,0.0024556385,0.15818216,-0.024355631,0.07082843,-0.0008880291,252.38687,248.69556,333.0435,1.002422,16.326893,0.26633343
6,68,10,0.0032768005,0.04737873,0.017697543,0.024400402,0.0052807843,0.06651606,-0.00037513312,5.9438396,-1.1064357,6.191423,-0.27999967,0.13303211,-0.00075026625,0.15620628,-0.02907753,0.07266901,-0.0032863687,252.38873,248.74234,333.48813,1.3864353,16.326893,0.28476748
6,69,10,0.0032768005,0.04380028,0.016958412,0.021884311,0.0049575553,0.06511223,-0.0038479369,5.62905,-1.3179259,5.998946,0.13071084,0.13022447,-0.0076958737,0.14793347,-0.034635574,0.07040991,0.0015341594,252.40479,248.84732,333.66605,1.1872151,16.324638,0.28413448
6,70,10,0.0032768005,0.047308825,0.018658426,0.023855595,0.0047948044,0.06829792,-7.21141e-5,5.87711,-1.4679044,5.8996553,0.10338265,0.13659585,-0.0001442282,0.15445256,-0.038577057,0.06924453,0.0012134073,252.37563,248.79944,333.04108,1.3645217,16.324638,0.31527534
6,71,10,0.0032768005,0.04571856,0.017987994,0.022200149,0.005530422,0.067059666,-0.001091468,5.669524,-1.5824679,6.336076,-0.27456823,0.13411933,-0.002182936,0.14899714,-0.04158783,0.07436681,-0.0032226206,252.3587,248.6761,333.02252,1.8570361,16.324638,0.31721804
6,72,10,0.0032768005,0.047975317,0.01934086,0.022917345,0.0057171118,0.06953571,-0.004189433,5.760375,-1.3351403,6.4421315,0.1863146,0.13907142,-0.008378866,0.15138476,-0.035087973,0.075611584,0.0021867831,252.3608,248.76898,332.8668,1.1488258,16.324638,0.30281952
6,73,10,0.0032768005,0.048392676,0.021414157,0.021689504,0.0052890154,0.07316788,-0.0009146751,5.6039405,-1.7349377,6.1962457,0.45049667,0.14633577,-0.0018293503,0.14727357,-0.045594793,0.07272562,0.0052875006,252.35056,248.78581,332.35013,1.284441,16.322369,0.34843144
6,74,10,0.0032768005,0.04694119,0.020079426,0.021534562,0.005327202,0.070850946,-0.0026727873,5.583888,-1.7816929,6.2185736,0.16499166,0.14170189,-0.0053455746,0.14674659,-0.046823535,0.07298768,0.0019365139,252.35425,248.69452,332.6964,1.6167012,16.322369,0.349285
6,75,10,0.0032768005,0.04632292,0.018845754,0.022177188,0.0052999794,0.06863992,-0.005930936,5.666592,-1.3785579,6.2026644,0.5849807,0.13727984,-0.011861872,0.14892007,-0.036229,0.07280096,0.006865944,252.35999,248.71165,332.83618,0.7935772,16.322369,0.32981995
6,76,10,0.0032768005,0.046883553,0.019349573,0.022299433,0.0052345456,0.06955137,-0.002284241,5.682188,-1.4900442,6.164256,0.47742465,0.13910274,-0.004568482,0.14932995,-0.0391589,0.07235016,0.0056035547,252.329,248.6521,332.32196,1.0126196,16.322369,0.35837466
6,77,10,0.0032768005,0.04223284,0.019014312,0.01822859,0.0049899365,0.0689462,-0.0030456744,5.1374226,-1.3010054,6.018507,0.036873598,0.1378924,-0.006091349,0.1350133,-0.034190897,0.07063948,0.000432786,252.33322,248.60555,332.62677,1.2641318,16.320084,0.30745322
6,78,10,0.0032768005,0.043837484,0.01894289,0.019999206,0.0048953854,0.06881659,-0.0056002447,5.381149,-0.9231461,5.961213,0.5117781,0.13763317,-0.0112004895,0.14141855,-0.02426061,0.06996703,0.006006763,252.31458,248.5121,332.77292,0.411368,16.320084,0.2802915
6,79,10,0.0032768005,0.04514218,0.017996574,0.022082057,0.005063547,0.067075655,-0.002377942,5.654425,-1.0975233,6.0627356,0.29325354,0.13415131,-0.004755884,0.14860032,-0.028843312,0.0711586,0.00344193,252.2893,248.39609,332.2771,0.8042698,16.320084,0.31830016
6,80,10,0.0032768005,0.043459516,0.017960278,0.020401157,0.0050980784,0.06700798,-0.004345651,5.4349566,-1.369687,6.083373,0.024821041,0.13401596,-0.008691302,0.14283262,-0.035995867,0.07140083,0.00029132733,252.3155,248.50052,332.8312,1.3448659,16.320084,0.33308914
6,81,10,0.0032768005,0.041236978,0.017971883,0.018241782,0.0050233128,0.067029625,-0.004803983,5.1392803,-0.25948974,6.038601,0.22791812,0.13405925,-0.009607966,0.13506214,-0.0068194824,0.07087533,0.0026750849,252.29086,248.38516,332.8199,0.031571627,16.317846,0.21151723
6,82,10,0.0032768005,0.0430526,0.019194905,0.018669292,0.0051884004,0.06927284,-0.0016818501,5.199153,-0.5787409,6.137026,0.24624467,0.13854568,-0.0033637001,0.13663562,-0.015209517,0.07203055,0.0028901848,252.2659,248.35445,332.14038,0.33249623,16.317846,0.24735177
6,83,10,0.0032768005,0.04313592,0.020050395,0.017655978,0.0054295417,0.07079971,-0.0021305643,5.056087,-0.8616285,6.278022,0.12831177,0.14159942,-0.0042611286,0.1328758,-0.022643905,0.07368542,0.0015060017,252.23978,248.36943,332.34872,0.7333167,16.317846,0.28754568
6,84,10,0.0032768005,0.043946337,0.01926807,0.019448746,0.005229523,0.069404736,-0.0037710776,5.3065767,-0.42672884,6.1612988,0.3901412,0.13880947,-0.007542155,0.13945876,-0.01121459,0.07231544,0.0045791045,252.17412,248.09828,332.28418,0.036587656,16.317846,0.26457298
6,85,10,0.0032768005,0.043884717,0.019384785,0.019487696,0.005012238,0.06961463,0.0009174413,5.3118887,0.19753417,6.0319405,0.09580493,0.13922925,0.0018348827,0.13959834,0.0051912684,0.07079716,0.0011244669,252.10373,247.8505,331.49005,-0.2933391,16.315722,0.21263015
6,86,10,0.0032768005,0.040373806,0.017573284,0.01753864,0.00526188,0.06628213,5.5702196e-5,5.0392585,0.19876598,6.1803308,-0.06288012,0.13256426,0.00011140439,0.13243353,0.005223644,0.072538815,-0.0007380286,252.09178,247.77533,331.73294,-0.13588586,16.315722,0.18878525
6,87,10,0.0032768005,0.042812303,0.019112406,0.0186057,0.0050941976,0.06912381,-0.002635919,5.1902905,0.625836,6.081057,0.26414397,0.13824762,-0.005271838,0.13640271,0.016447198,0.07137365,0.0031002695,252.08351,247.77548,331.56302,-0.88997996,16.315722,0.1879251
6,88,10,0.0032768005,0.04433547,0.020183275,0.019007,0.0051451954,0.071033925,0.00022814197,5.245965,0.37428564,6.11142,0.31000808,0.14206785,0.00045628395,0.13786587,0.009836362,0.07173002,0.0036385793,252.09288,247.91106,330.92297,-0.68429375,16.315722,0.21327154
6,89,10,0.0032768005,0.041778628,0.020170176,0.016558068,0.0050503835,0.07101087,0.0012076899,4.8963623,1.0291662,6.054851,-0.03551429,0.14202175,0.0024153797,0.12867816,0.02704686,0.07106605,-0.0004168329,252.13324,247.97412,331.54608,-0.9936519,16.31372,0.19322938
6,90,10,0.0032768005,0.04373376,0.020033717,0.018392118,0.0053079263,0.070770256,-0.0022422709,5.160414,1.217493,6.2073135,0.20258056,0.14154051,-0.0044845417,0.13561754,0.031996157,0.07285552,0.002377696,252.13329,247.9941,331.75568,-1.4200736,16.31372,0.19993763
6,91,10,0.0032768005,0.045130827,0.020046027,0.019745344,0.0053394553,0.070792,0.0011316598,5.346887,1.0763872,6.225721,0.24097179,0.141584,0.0022633197,0.14051813,0.028287847,0.07307158,0.0028282949,252.07779,247.83751,331.0116,-1.317359,16.31372,0.19348869
6,92,10,0.0032768005,0.042188987,0.018445252,0.018221768,0.005521968,0.06790665,0.00066325895,5.1364603,1.1885144,6.331231,0.092981264,0.1358133,0.0013265179,0.13498802,0.031234587,0.074309945,0.0010913255,252.04352,247.57895,331.5318,-1.2814956,16.31372,0.19735473
6,93,10,0.0032768005,0.04132347,0.017034149,0.019403607,0.004885715,0.06525747,0.0002480387,5.3004155,2.1232412,5.9553227,0.15169789,0.13051493,0.0004960774,0.13929683,0.05579955,0.06989789,0.0017804856,252.00848,247.386,331.64545,-2.274939,16.311876,0.2864284
6,94,10,0.0032768005,0.042909544,0.017937412,0.019809108,0.0051630256,0.06696531,0.003408501,5.3555136,2.1596692,6.122,0.017345024,0.13393062,0.006817002,0.14074484,0.056756876,0.0718542,0.00020357966,251.9686,247.2882,331.0263,-2.177014,16.311876,0.3147774
6,95,10,0.0032768005,0.043981288,0.019187713,0.019207686,0.0055858907,0.06925986,0.0031074274,5.273587,2.0515676,6.367771,-0.22927421,0.13851972,0.006214855,0.1385918,0.053915948,0.074738815,-0.0026910019,251.95456,247.24385,331.32764,-1.8222933,16.311876,0.28083023
6,96,10,0.0032768005,0.04361877,0.017403884,0.020880168,0.0053347144,0.06596189,0.0006321641,5.498392,2.2982886,6.222957,-0.012130025,0.13192378,0.0012643283,0.14449972,0.060399845,0.07303913,-0.00014237172,251.8915,247.02545,331.2076,-2.2861586,16.311876,0.29394534
6,97,10,0.0032768005,0.045568947,0.019221859,0.021104582,0.0052425093,0.06932146,0.005680273,5.5278606,2.2829843,6.1689444,-0.3582981,0.13864292,0.011360546,0.14527416,0.059997655,0.072405174,-0.00420536,251.84312,246.87897,330.28223,-1.9246862,16.31023,0.2977895
6,98,10,0.0032768005,0.04610284,0.020467907,0.019952627,0.005682307,0.07153305,0.0035027482,5.37488,1.85094,6.422492,-0.5203428,0.1430661,0.0070054964,0.14125377,0.048643373,0.07538108,-0.006107288,251.91058,247.23927,330.85693,-1.3305972,16.31023,0.24954212
6,99,10,0.0032768005,0.04908427,0.021871153,0.021907018,0.005306093,0.073944494,0.0017519661,5.6319695,1.95438,6.2062407,-0.11872334,0.14788899,0.0035039322,0.1480102,0.05136182,0.07284293,-0.0013934596,251.9375,247.4934,331.17044,-1.8356566,16.31023,0.25119907
6,100,10,0.0032768005,0.049760573,0.022230526,0.022502104,0.0050279438,0.074549526,0.005076577,5.7079506,1.9021785,6.0413833,-0.28015858,0.14909905,0.010153154,0.15000701,0.04998993,0.070907995,-0.003288234,251.91689,247.46814,330.63394,-1.62202,16.31023,0.2516362
7,1,10,0.0026214404,0.05495902,0.023813412,0.025119983,0.0060256254,0.077157974,0.006864402,6.030847,1.8809443,6.613666,-1.2875782,0.15431595,0.013728804,0.15849285,0.049431898,0.0776249,-0.015112362,251.97948,248.47096,331.72446,-0.593366,16.30872,0.4338615
7,2,10,0.0026214404,0.051505443,0.021717485,0.023511171,0.006276787,0.07368427,0.0056090932,5.83453,1.8087558,6.750095,-1.4390005,0.14736854,0.0112181865,0.15333353,0.047534756,0.07922617,-0.016889615,252.05556,248.58768,332.3012,-0.36975527,16.30872,0.42520678
7,3,10,0.0026214404,0.05641618,0.023913296,0.026152758,0.0063501247,0.07731962,0.001997406,6.153574,1.8142011,6.7894144,-1.2902365,0.15463924,0.003994812,0.16171815,0.04767786,0.07968767,-0.015143567,252.11584,248.8803,332.81137,-0.52396464,16.30872,0.44130957
7,4,10,0.0026214404,0.049964696,0.019434115,0.024624798,0.0059057847,0.06970315,0.005449772,5.971109,1.9448458,6.5475683,-1.3819294,0.1394063,0.010899544,0.1569229,0.05111125,0.0768491,-0.016219769,252.08426,248.73357,332.52158,-0.5629164,16.30872,0.4399141
7,5,10,0.0026214404,0.04317903,0.01896754,0.018908238,0.0053032525,0.06886134,0.0049418514,5.2323194,1.2191253,6.2045803,-1.4975708,0.13772269,0.009883703,0.13750723,0.032039046,0.072823435,-0.017577054,252.08427,248.60333,333.25174,0.27844548,16.307537,0.3362807
7,6,10,0.0026214404,0.043652188,0.018508703,0.020445593,0.0046978937,0.06802335,0.0026720334,5.4408727,1.5833194,5.839731,-0.98150706,0.1360467,0.005344067,0.14298809,0.041610207,0.068541184,-0.011519992,252.03871,248.35278,333.1513,-0.60181236,16.307537,0.337419
7,7,10,0.0026214404,0.041184906,0.01662841,0.019546047,0.005010449,0.064475596,0.0071211127,5.319834,1.4282362,6.030864,-1.042066,0.12895119,0.014242225,0.13980718,0.03753456,0.070784524,-0.012230775,251.98576,248.19417,332.51642,-0.38617027,16.307537,0.29272652
7,8,10,0.0026214404,0.041607887,0.017798202,0.018875739,0.0049339454,0.06670495,0.0063422015,5.22782,1.324618,5.9846444,-1.2739741,0.1334099,0.012684403,0.137389,0.034811433,0.07024205,-0.014952692,251.9698,248.09904,333.03238,-0.05064392,16.307537,0.28086373
7,9,10,0.0026214404,0.041692715,0.017478397,0.019158166,0.0050561535,0.066102944,0.0033954594,5.2667856,0.6024963,6.0583076,-0.5802229,0.13220589,0.0067909188,0.13841303,0.015833823,0.071106635,-0.0068101045,251.9086,247.88913,332.76425,-0.022273421,16.306383,0.1832321
7,10,10,0.0026214404,0.041015353,0.016560692,0.019436628,0.005018032,0.064344175,0.006396789,5.3049235,0.65453655,6.035426,-0.69324476,0.12868835,0.012793578,0.13941531,0.017201455,0.07083807,-0.008136646,251.83484,247.60461,331.73682,0.03870821,16.306383,0.18293719
7,11,10,0.0026214404,0.04283714,0.019532587,0.018332478,0.004972075,0.06987952,0.0055900877,5.15204,0.4676644,6.0077257,-0.9787936,0.13975903,0.0111801755,0.13539748,0.012290388,0.07051294,-0.011488145,251.82442,247.57396,332.13535,0.51112926,16.306383,0.1747402
7,12,10,0.0026214404,0.04242858,0.0189452,0.018656304,0.004827075,0.06882078,0.0033190828,5.197345,0.5609625,5.919475,-0.5461247,0.13764156,0.0066381656,0.13658808,0.014742297,0.069477156,-0.0064098896,251.80312,247.5066,332.38116,-0.014837801,16.306383,0.17332317
7,13,10,0.0026214404,0.040559556,0.016020587,0.019831404,0.0047075627,0.06328623,0.0067295553,5.3585267,-0.071233496,5.8457365,-0.10665491,0.12657246,0.013459111,0.14082402,-0.0018720431,0.06861168,-0.0012518126,251.75217,247.33163,331.7303,0.17788841,16.305256,0.24121925
7,14,10,0.0026214404,0.04272313,0.019331116,0.018588036,0.0048039765,0.06951819,0.005899929,5.187826,-0.16012016,5.9052954,-0.35276085,0.13903639,0.011799858,0.13633795,-0.0042080157,0.069310725,-0.004140371,251.77261,247.37639,332.0808,0.51288104,16.305256,0.23602156
7,15,10,0.0026214404,0.0419286,0.018995665,0.017921967,0.005010965,0.06891238,0.0013028859,5.09403,-0.046055946,6.031174,-0.100999504,0.13782476,0.0026057719,0.13387296,-0.0012103678,0.07078817,-0.001185434,251.80855,247.60223,331.93094,0.14705545,16.305256,0.24630374
7,16,10,0.0026214404,0.04347093,0.019806147,0.01883668,0.0048281043,0.07036716,0.0054059015,5.2224083,-0.1292994,5.920107,-0.070680216,0.14073431,0.010811803,0.13724679,-0.003398035,0.06948456,-0.00082957686,251.84332,247.78564,331.73227,0.19997962,16.305256,0.25344098
7,17,10,0.0026214404,0.039115116,0.017968047,0.015920289,0.0052267783,0.06702247,0.003059316,4.801138,-1.0684353,6.1596813,0.09317132,0.13404495,0.006118632,0.12617563,-0.028078869,0.07229646,0.0010935568,251.92026,247.99355,332.76602,0.975264,16.304106,0.31550255
7,18,10,0.0026214404,0.042266294,0.019801626,0.017242739,0.005221931,0.070359126,-0.0005718626,4.9965677,-0.9340463,6.1568246,0.52558154,0.14071825,-0.0011437252,0.13131161,-0.024547076,0.07226293,0.006168776,252.00816,248.44563,333.31503,0.4084648,16.304106,0.3179468
7,19,10,0.0026214404,0.04084276,0.016299367,0.0195807,0.0049626934,0.06383449,0.005026234,5.3245482,-0.8022088,6.002054,0.23094116,0.12766898,0.010052468,0.13993105,-0.021082338,0.07044639,0.0027105673,252.02188,248.50041,333.03574,0.5712676,16.304106,0.3389963
7,20,10,0.0026214404,0.037660863,0.01676775,0.016047116,0.004845995,0.06474517,0.0034519176,4.820224,-1.0762056,5.9310646,-0.09339323,0.12949035,0.006903835,0.12667722,-0.02828307,0.06961318,-0.0010961602,252.03554,248.41829,333.60046,1.1695988,16.304106,0.33997518
7,21,10,0.0026214404,0.03701802,0.017615855,0.014615179,0.0047869855,0.066362366,-0.0004601992,4.6001368,-1.0180852,5.894843,0.61874765,0.13272473,-0.0009203984,0.120893255,-0.026755646,0.06918804,0.007262269,252.0561,248.47423,333.89087,0.3993376,16.3029,0.3275882
7,22,10,0.0026214404,0.03627903,0.014501332,0.01739171,0.0043859896,0.06021074,0.0049258433,5.018106,-1.1585187,5.6425447,0.49462366,0.12042148,0.009851687,0.13187763,-0.030446284,0.0662268,0.0058054207,252.04991,248.56609,333.47766,0.663895,16.3029,0.3907582
7,23,10,0.0026214404,0.040803324,0.018363047,0.017798305,0.004641972,0.06775516,0.0041600144,5.076425,-1.3907264,5.8048697,0.2604808,0.13551033,0.008320029,0.13341029,-0.03654879,0.06813202,0.0030572743,252.06702,248.60649,334.02524,1.1302457,16.3029,0.40945902
7,24,10,0.0026214404,0.04260737,0.019548994,0.018137716,0.00492066,0.06990886,0.00059577974,5.1246,-1.2443105,5.976582,0.58990884,0.13981771,0.0011915595,0.13467634,-0.03270093,0.07014742,0.0069237873,252.08298,248.68991,333.91367,0.65440166,16.3029,0.38838512
7,25,10,0.0026214404,0.037638936,0.017206024,0.01624827,0.00418464,0.06558587,0.004703484,4.85034,-1.1371559,5.511506,0.6720759,0.13117173,0.009406968,0.1274687,-0.029884864,0.064688794,0.007888185,252.08586,248.68317,333.15082,0.46507996,16.301626,0.3011938
7,26,10,0.0026214404,0.03908128,0.017664945,0.017054664,0.0043616714,0.06645477,0.004889277,4.969243,-1.3769299,5.62688,0.29893675,0.13290954,0.009778554,0.13059351,-0.03618621,0.06604295,0.0035086344,252.11427,248.8166,333.67346,1.0779932,16.301626,0.33041313
7,27,10,0.0026214404,0.04073785,0.019073997,0.017136678,0.004527174,0.06905432,0.0005722103,4.981178,-1.2182202,5.7326417,0.7435842,0.13810864,0.0011444206,0.13090713,-0.032015264,0.06728428,0.008727481,252.0876,248.80501,333.78552,0.47463602,16.301626,0.34024093
7,28,10,0.0026214404,0.03954487,0.017776564,0.017629614,0.004138691,0.06666439,0.004902264,5.0523114,-1.2022382,5.4811625,0.6040704,0.13332878,0.009804528,0.13277656,-0.03159526,0.06433266,0.0070900014,252.0614,248.76764,333.201,0.5981678,16.301626,0.39176795
7,29,10,0.0026214404,0.039498784,0.02103433,0.014086989,0.0043774643,0.07251608,0.0027698097,4.5162477,-0.9030338,5.637058,0.41466013,0.14503217,0.0055396194,0.11868862,-0.023732053,0.06616241,0.004866885,252.10149,248.8195,333.70355,0.48837367,16.300247,0.24872404
7,30,10,0.0026214404,0.041983906,0.020131927,0.016714813,0.005137165,0.07094351,-0.0023594878,4.9194827,-0.835313,6.1066494,0.89686936,0.14188702,-0.0047189756,0.12928578,-0.021952325,0.07167402,0.010526596,252.16487,248.97089,334.07324,-0.06155634,16.300247,0.22899692
7,31,10,0.0026214404,0.04103243,0.017658422,0.018508062,0.0048659486,0.0664425,0.002979267,5.1766543,-1.056846,5.9432635,0.88873297,0.132885,0.005958534,0.13604434,-0.027774291,0.06975635,0.0104311,252.23283,249.35947,333.89874,0.16811305,16.300247,0.2858153
7,32,10,0.0026214404,0.03873329,0.018825557,0.015269373,0.0046383576,0.06860313,0.0030874356,4.701964,-1.2766136,5.80261,0.38030204,0.13720626,0.006174871,0.1235693,-0.033549868,0.06810549,0.0044636223,252.29884,249.5825,335.07877,0.8963115,16.300247,0.29555395
7,33,10,0.0026214404,0.03565617,0.017330185,0.013474823,0.0048511643,0.06582208,-0.00077846856,4.417029,-0.19861072,5.9342265,0.41938034,0.13164416,-0.0015569371,0.1160811,-0.0052195583,0.0696503,0.004922287,252.28712,249.49164,335.3625,-0.22076961,16.298788,0.17127636
7,34,10,0.0026214404,0.033097908,0.014355804,0.014393041,0.004349063,0.059907854,0.0028543284,4.565044,-0.17897901,5.618742,0.30203676,0.11981571,0.0057086567,0.119971,-0.0047036316,0.06594743,0.0035450193,252.23933,249.3564,334.479,-0.12305775,16.298788,0.1785153
7,35,10,0.0026214404,0.036745287,0.017958613,0.014326121,0.0044605555,0.067004874,0.0016420685,4.5544186,-0.3999209,5.690307,-0.11282004,0.13400975,0.003284137,0.119691774,-0.010510064,0.06678739,-0.0013241746,252.25978,249.39232,334.927,0.51274097,16.298788,0.199911
7,36,10,0.0026214404,0.0368453,0.0178136,0.014359752,0.004671949,0.0667338,-0.001440573,4.5597615,-0.3369408,5.823582,0.16027126,0.1334676,-0.002881146,0.11983218,-0.008854927,0.068351656,0.0018811114,252.32645,249.68375,335.25137,0.17666954,16.298788,0.20158252
7,37,10,0.0026214404,0.03337916,0.015574282,0.013662465,0.004142413,0.062398482,0.0016308328,4.4476767,0.27932978,5.4836273,-0.040176854,0.124796964,0.0032616656,0.11688655,0.0073408876,0.06436158,-0.00047155825,252.37338,250.01605,335.03638,-0.23915292,16.297276,0.1727847
7,38,10,0.0026214404,0.03679048,0.018522961,0.013751227,0.0045162933,0.06804954,0.0023024702,4.462101,-0.08565939,5.7257495,-0.3103173,0.13609909,0.0046049403,0.11726563,-0.0022511596,0.06720337,-0.0036422072,252.44112,250.28174,335.7313,0.3959767,16.297276,0.17386606
7,39,10,0.0026214404,0.03844263,0.02055441,0.013334604,0.0045536165,0.07168405,-0.0011469373,4.3939867,-0.009296398,5.7493587,-0.019570861,0.1433681,-0.0022938745,0.11547556,-0.00024431222,0.06748049,-0.00022970517,252.50075,250.57191,336.27225,0.02886726,16.297276,0.19050428
7,40,10,0.0026214404,0.033107426,0.015276137,0.013518785,0.0043125045,0.061798334,0.0025130033,4.424228,-0.04085086,5.595076,-0.06882473,0.12359667,0.0050260066,0.11627031,-0.0010735742,0.06566966,-0.00080779946,252.48868,250.53989,335.56403,0.109675586,16.297276,0.17747302
7,41,10,0.0026214404,0.03700999,0.018583909,0.014219013,0.004207072,0.068161406,0.0006773252,4.5373616,0.5507915,5.526259,-0.5432278,0.13632281,0.0013546504,0.1192435,0.014475001,0.064861946,-0.0063758884,252.5266,250.45526,336.21124,-0.00756371,16.295698,0.24840085
7,42,10,0.0026214404,0.03762826,0.018492406,0.014876173,0.00425968,0.067993395,-0.0028763765,4.6410294,0.42715636,5.560703,-0.14377737,0.13598679,-0.005752753,0.12196792,0.0112258205,0.06526622,-0.0016875217,252.56746,250.57114,336.63635,-0.283379,16.295698,0.26644206
7,43,10,0.0026214404,0.030485552,0.013652625,0.013010033,0.0038228927,0.058422223,0.0012193148,4.340182,0.3597211,5.2678967,-0.27728388,0.116844445,0.0024386295,0.114061534,0.0094535975,0.061829545,-0.0032544937,252.55939,250.62299,335.79956,-0.08243722,16.295698,0.2209824
7,44,10,0.0026214404,0.033344876,0.016079918,0.0132629415,0.0040020174,0.06340331,0.0017968006,4.382164,0.31120145,5.3899,-0.75836813,0.12680662,0.0035936013,0.115164846,0.008178488,0.0632615,-0.008901,252.56497,250.583,336.51523,0.44716668,16.295698,0.24106711
7,45,10,0.0026214404,0.036449872,0.017492304,0.014496256,0.004461312,0.06612924,-0.0025732494,4.581383,0.82534313,5.690789,-0.36518312,0.13225847,-0.005146499,0.1204004,0.021690316,0.066793054,-0.004286171,252.55193,250.53131,336.64078,-0.46016002,16.294102,0.3398282
7,46,10,0.0026214404,0.03464476,0.01627887,0.014153915,0.0042119715,0.06379434,0.0015152473,4.5269637,0.77529573,5.529475,-0.40908077,0.12758867,0.0030304946,0.11897023,0.020375052,0.064899705,-0.0048014,252.53139,250.52905,335.7796,-0.36621496,16.294102,0.28092575
7,47,10,0.0026214404,0.03570124,0.017616939,0.013572204,0.004512098,0.06636441,0.0012362726,4.4329605,0.45668265,5.723089,-0.7731584,0.13272882,0.0024725453,0.116499804,0.012001782,0.067172155,-0.009074595,252.57947,250.71854,336.5896,0.31647572,16.294102,0.28027722
7,48,10,0.0026214404,0.042909127,0.02482769,0.013337464,0.004743971,0.078784026,-0.0031923621,4.3944583,0.55832654,5.868299,-0.41828072,0.15756805,-0.0063847243,0.11548794,0.0146730235,0.06887649,-0.004909379,252.61407,250.89896,337.01028,-0.14004582,16.294102,0.30523545
7,49,10,0.0026214404,0.032082308,0.013838312,0.013634627,0.0046093683,0.058818176,0.0005809713,4.443143,0.5649722,5.784447,-0.406635,0.11763635,0.0011619426,0.11676741,0.0148476735,0.06789233,-0.0047726934,252.59535,250.88905,336.29773,-0.15833724,16.292484,0.24369746
7,50,10,0.0026214404,0.035349127,0.017536443,0.013099186,0.0047134976,0.06621262,0.0006500406,4.355027,0.25981045,5.849421,-0.85620797,0.13242523,0.0013000811,0.11445168,0.006827912,0.06865492,-0.010049352,252.68648,251.18884,337.03555,0.5963975,16.292484,0.26379684
7,51,10,0.0026214404,0.038204007,0.019204728,0.013918281,0.005080998,0.06929056,-0.0032973688,4.489123,0.36788937,6.0731745,-0.5028024,0.13858113,-0.0065947375,0.117975764,0.009668267,0.07128112,-0.0059014135,252.77153,251.55032,337.6913,0.134913,16.292484,0.2721808
7,52,10,0.0026214404,0.03295314,0.014102162,0.0139824385,0.0048685404,0.059376262,0.0007411698,4.4994574,0.3651832,5.944846,-0.6742494,0.118752524,0.0014823396,0.11824736,0.009597144,0.069774926,-0.007913698,252.76294,251.4799,337.05978,0.3090662,16.292484,0.27546382
7,53,10,0.0026214404,0.034044333,0.015462492,0.014111875,0.0044699665,0.062174134,0.0004814857,4.520235,-0.052141633,5.6963067,-0.8554943,0.12434827,0.0009629714,0.11879341,-0.0013703036,0.06685781,-0.010040975,252.81895,251.59608,337.5746,0.9076359,16.290823,0.2547778
7,54,10,0.0026214404,0.038732022,0.019756373,0.014093802,0.0048818486,0.07027868,-0.0023905893,4.5173397,0.023749765,5.9529653,-0.5041352,0.14055736,-0.0047811787,0.11871732,0.00062415213,0.069870226,-0.005917058,252.86009,251.74585,337.86063,0.48038542,16.290823,0.2610941
7,55,10,0.0026214404,0.031632755,0.014434916,0.012769237,0.004428604,0.060072698,0.0014672485,4.2998285,0.10457534,5.6698904,-0.75075775,0.120145395,0.002934497,0.11300105,0.002748275,0.06654776,-0.008811679,252.81882,251.70718,337.16852,0.6461824,16.290823,0.22110355
7,56,10,0.0026214404,0.034987748,0.016918588,0.01358041,0.0044887485,0.06503574,0.0003742693,4.4343004,-0.09251396,5.7082615,-1.1478754,0.13007148,0.0007485386,0.116535015,-0.0024312988,0.066998124,-0.013472668,252.81416,251.60022,337.85437,1.2403893,16.290823,0.245193
7,57,10,0.0026214404,0.03660258,0.018477038,0.013597705,0.004527837,0.067965135,-0.0025147223,4.4371233,-0.22874354,5.7330613,-0.61731267,0.13593027,-0.0050294446,0.1166092,-0.0060114632,0.0672892,-0.007245425,252.82706,251.56804,338.27725,0.8460562,16.289165,0.18843856
7,58,10,0.0026214404,0.03384968,0.015790429,0.013755975,0.004303273,0.062829986,0.0016275018,4.462871,-0.23685147,5.589084,-0.5766131,0.12565997,0.0032550036,0.11728587,-0.0062245424,0.06559934,-0.0067677335,252.82312,251.6988,337.3747,0.8134646,16.289165,0.15329747
7,59,10,0.0026214404,0.034065425,0.015460893,0.014174454,0.004430078,0.06217092,0.0006467556,4.5302463,-0.5491793,5.6708336,-1.1738518,0.12434184,0.0012935112,0.119056515,-0.014432628,0.06655883,-0.013777552,252.88647,251.94698,338.0435,1.7230312,16.289165,0.17026623
7,60,10,0.0026214404,0.03879455,0.018449316,0.015468043,0.0048771906,0.06791413,-0.0035081776,4.7324533,-0.53092897,5.950125,-1.0043055,0.13582826,-0.007016355,0.12437059,-0.013953002,0.069836885,-0.011787582,252.93735,252.06245,338.4818,1.5352345,16.289165,0.19819996
7,61,10,0.0026214404,0.037434146,0.015235048,0.017608672,0.0045904247,0.061715167,0.0012731698,5.0493093,-0.9578284,5.772549,-0.56909627,0.123430334,0.0025463395,0.13269767,-0.025172079,0.067752674,-0.006679509,252.94748,252.15578,337.8138,1.5269246,16.287535,0.22604421
7,62,10,0.0026214404,0.040262133,0.016082386,0.01947066,0.0047090873,0.06340817,0.0018741052,5.309566,-1.0195242,5.8466835,-0.6863446,0.12681635,0.0037482104,0.1395373,-0.026793461,0.06862279,-0.008055655,252.99197,252.3391,338.3477,1.7058688,16.287535,0.21021353
7,63,10,0.0026214404,0.044641484,0.022182679,0.017743845,0.0047149607,0.07446925,-0.0026205261,5.068653,-0.91664124,5.8503284,-0.2993633,0.1489385,-0.0052410522,0.13320602,-0.024089662,0.06866557,-0.0035136433,253.00806,252.36124,338.7182,1.2160045,16.287535,0.20749268
7,64,10,0.0026214404,0.036641102,0.014331943,0.017534725,0.004774432,0.059858046,0.0021995604,5.0386963,-0.8585363,5.8871093,-0.36692387,0.11971609,0.004399121,0.13241875,-0.022562644,0.069097266,-0.0043066,253.014,252.46437,338.32504,1.2254602,16.287535,0.22678366
7,65,10,0.0026214404,0.03948035,0.01548388,0.019452441,0.0045440285,0.06221712,0.0022525736,5.3070807,-1.3349031,5.7433033,-0.40437,0.12443424,0.004505147,0.13947201,-0.035081733,0.06740941,-0.0047461116,253.0475,252.52635,339.0426,1.7392731,16.285917,0.27006605
7,66,10,0.0026214404,0.042902887,0.01920259,0.019102952,0.0045973454,0.069286704,-0.0031002697,5.25919,-1.0632662,5.776899,-0.17187662,0.13857341,-0.0062005394,0.13821343,-0.02794302,0.067803726,-0.0020173234,253.05884,252.5161,339.4289,1.2351428,16.285917,0.24658525
7,67,10,0.0026214404,0.04013035,0.01494739,0.020236356,0.0049466034,0.06112976,0.0018767081,5.41296,-0.98010606,5.992317,-0.34847295,0.12225952,0.0037534162,0.14225455,-0.02575754,0.070332095,-0.0040900405,253.03873,252.5249,338.70236,1.328579,16.285917,0.24243493
7,68,10,0.0026214404,0.043349482,0.017803956,0.020604128,0.0049413983,0.06671573,0.0026641598,5.4619255,-1.1811597,5.9891634,-0.8203411,0.13343146,0.0053283195,0.14354138,-0.03104131,0.07029508,-0.0096283825,253.06676,252.56454,339.35336,2.0015008,16.285917,0.24555953
7,69,10,0.0026214404,0.04498564,0.021222979,0.019248288,0.004514374,0.07284054,-0.00253879,5.279159,-1.222203,5.7245317,-0.0702143,0.14568108,-0.00507758,0.1387382,-0.032119937,0.06718909,-0.00082410855,253.12875,252.77625,339.7725,1.2924173,16.284332,0.23256598
7,70,10,0.0026214404,0.041308284,0.016331088,0.020424563,0.004552632,0.063896574,0.0018348005,5.438074,-1.2991406,5.748738,-0.116704844,0.12779315,0.003669601,0.14291453,-0.03414188,0.067473195,-0.0013697704,253.1609,252.94974,339.02423,1.4158454,16.284332,0.2551338
7,71,10,0.0026214404,0.041666705,0.017325135,0.019717816,0.004623752,0.06581249,0.0016058632,5.3431587,-1.5983306,5.793467,-0.34060955,0.13162498,0.0032117264,0.14042014,-0.042004704,0.06799818,-0.0039977487,253.25601,253.28902,339.81363,1.9389402,16.284332,0.2694896
7,72,10,0.0026214404,0.045801274,0.02140012,0.019860802,0.004540354,0.0731439,-0.0021395439,5.362497,-1.4849243,5.74098,-0.050172515,0.1462878,-0.0042790878,0.14092836,-0.03902434,0.06738215,-0.0005888806,253.31665,253.54095,340.46097,1.5350969,16.284332,0.2712552
7,73,10,0.0026214404,0.037372746,0.014611585,0.01836752,0.00439364,0.060439195,0.0021883731,5.1569614,-1.278312,5.6474648,0.17202307,0.12087839,0.0043767462,0.13552682,-0.033594504,0.06628454,0.0020190442,253.30104,253.60385,339.68027,1.1062889,16.282808,0.24968812
7,74,10,0.0026214404,0.04135872,0.018693088,0.018237194,0.0044284384,0.068361335,0.0025573166,5.1386337,-1.6113355,5.669784,-0.16553715,0.13672267,0.005114633,0.13504516,-0.042346492,0.066546515,-0.0019429168,253.34366,253.75296,340.2826,1.7768726,16.282808,0.2588029
7,75,10,0.0026214404,0.04466504,0.020495651,0.019728728,0.004440657,0.07158151,-0.0015211602,5.3446374,-1.6184567,5.6775994,0.21853025,0.14316303,-0.0030423205,0.14045899,-0.04253363,0.06663825,0.0025648999,253.38866,253.91371,340.70566,1.3999264,16.282808,0.2556514
7,76,10,0.0026214404,0.04057376,0.014921306,0.021085797,0.0045666597,0.0610764,0.0026396543,5.525399,-1.6132566,5.7575874,0.08243755,0.1221528,0.0052793087,0.14520949,-0.042396978,0.067577064,0.00096757273,253.38277,253.92326,340.25757,1.530819,16.282808,0.27302617
7,77,10,0.0026214404,0.045730643,0.020371445,0.021102754,0.0042564436,0.07136428,0.003702166,5.527621,-1.3800927,5.558591,0.14047386,0.14272857,0.007404332,0.14526787,-0.036269333,0.065241426,0.0016487455,253.38254,253.83,340.437,1.2396189,16.281317,0.22842573
7,78,10,0.0026214404,0.04845456,0.021876141,0.02204563,0.0045327935,0.07395293,-0.0012014055,5.6497583,-1.3423431,5.7361984,0.51894796,0.14790586,-0.002402811,0.1484777,-0.035277255,0.067326024,0.0060909144,253.43857,254.05327,340.89886,0.82339513,16.281317,0.23647821
7,79,10,0.0026214404,0.04529276,0.01681818,0.023929512,0.0045450656,0.06484246,0.0037745908,5.8862076,-1.4355825,5.7439585,0.35551798,0.12968493,0.0075491816,0.15469167,-0.037727624,0.0674171,0.004172731,253.4521,254.19402,340.2095,1.0800645,16.281317,0.25958455
7,80,10,0.0026214404,0.046156716,0.01775906,0.023788625,0.00460903,0.06663156,0.004219258,5.868855,-1.7594422,5.7842355,-0.06870161,0.13326313,0.008438516,0.15423562,-0.04623878,0.06788984,-0.00080635346,253.48889,254.33102,340.68695,1.8281438,16.281317,0.28003153
7,81,10,0.0026214404,0.04784346,0.02114379,0.022072216,0.0046274546,0.072704524,0.001047213,5.653165,-1.0933712,5.795785,0.47789788,0.14540905,0.002094426,0.14856721,-0.028734189,0.068025395,0.0056091114,253.5411,254.529,341.29507,0.6154733,16.27988,0.20442474
7,82,10,0.0026214404,0.04425597,0.015977662,0.02378509,0.0044932193,0.06320139,0.004043451,5.8684187,-1.0569999,5.711104,0.23858625,0.12640278,0.008086902,0.15422416,-0.027778337,0.06703148,0.0028002972,253.54659,254.52036,340.73676,0.8184137,16.27988,0.20919685
7,83,10,0.0026214404,0.04824285,0.01882244,0.024681633,0.0047387728,0.06859745,0.003700549,5.9779963,-1.066736,5.865083,0.065704405,0.1371949,0.007401098,0.1571039,-0.028034205,0.068838745,0.00077117514,253.58026,254.55168,340.9872,1.0010316,16.27988,0.21190746
7,84,10,0.0026214404,0.051009048,0.02126705,0.024724934,0.0050170613,0.072916135,-0.0009809405,5.9832373,-1.1211483,6.034842,0.4184443,0.14583227,-0.001961881,0.15724164,-0.029464193,0.07083122,0.004911299,253.65886,254.86438,341.43842,0.7027041,16.27988,0.22699475
7,85,10,0.0026214404,0.045415096,0.017963253,0.022712206,0.0047396366,0.06701353,0.00416918,5.734537,-0.6447938,5.8656178,0.2974857,0.13402706,0.00833836,0.1507057,-0.01694542,0.06884502,0.0034916028,253.7494,255.34126,341.26364,0.3473081,16.278553,0.18311283
7,86,10,0.0026214404,0.047936156,0.01872353,0.024520008,0.004692616,0.068416975,0.0034606506,5.9583898,-0.8058806,5.8364496,0.2421738,0.13683395,0.006921301,0.15658866,-0.021178836,0.06850267,0.002842407,253.8133,255.57745,341.80215,0.5637068,16.278553,0.19387706
7,87,10,0.0026214404,0.05240614,0.022700045,0.024891954,0.0048141386,0.07533267,-0.0012449577,6.003412,-0.6545879,5.911538,0.6213689,0.15066534,-0.0024899154,0.15777184,-0.017202813,0.069383994,0.0072930353,253.82477,255.61853,342.1111,0.03321904,16.278553,0.19715358
7,88,10,0.0026214404,0.045457058,0.015777383,0.024914721,0.00476495,0.06280403,0.0037838302,6.006157,-0.5975513,5.88126,0.4023639,0.12560806,0.0075676604,0.15784398,-0.01570386,0.069028616,0.004722565,253.80025,255.5422,341.45715,0.19518739,16.278553,0.19593579
7,89,10,0.0026214404,0.04574637,0.017571688,0.023896316,0.0042783683,0.06627912,0.0058756187,5.882124,-0.10661886,5.572888,-0.05644027,0.13255824,0.011751237,0.15458433,-0.0028019818,0.065409236,-0.00066244137,253.8103,255.50177,341.93887,0.16305913,16.277338,0.17566127
7,90,10,0.0026214404,0.050602634,0.022460237,0.023456933,0.004685466,0.0749337,-0.00010023559,5.827796,-0.038069293,5.8320017,0.33183435,0.1498674,-0.00020047119,0.15315656,-0.0010004742,0.068450466,0.0038947558,253.84384,255.63696,342.56952,-0.29376507,16.277338,0.1935744
7,91,10,0.0026214404,0.04343178,0.016014256,0.022973653,0.004443872,0.06327372,0.005056404,5.7674484,-0.1318754,5.679655,0.12219408,0.12654744,0.010112808,0.15157062,-0.0034657344,0.06666237,0.0014341972,253.82498,255.70016,342.00925,0.009681314,16.277338,0.18443622
7,92,10,0.0026214404,0.044642113,0.016628841,0.023391152,0.004622119,0.06447643,0.004858597,5.8196177,-0.30277938,5.792443,-0.25814858,0.12895286,0.009717194,0.15294166,-0.007957146,0.06798617,-0.0030298997,253.81042,255.54262,342.35913,0.560928,16.277338,0.21444747
7,93,10,0.0026214404,0.046583686,0.018576957,0.023449028,0.0045577018,0.06814866,0.00058207323,5.8268127,0.17495497,5.7519374,0.10290691,0.13629732,0.0011641465,0.15313075,0.0045978734,0.067510754,0.0012078234,253.83519,255.59583,342.38904,-0.2778619,16.276249,0.20198207
7,94,10,0.0026214404,0.048034783,0.017120713,0.026171269,0.0047428,0.06542307,0.0045174584,6.155751,0.0727798,5.8675747,0.009604512,0.13084614,0.009034917,0.16177537,0.0019126781,0.06886799,0.00011272789,253.83905,255.73982,341.76587,-0.08238431,16.276249,0.21186858
7,95,10,0.0026214404,0.0516556,0.02015132,0.026824983,0.0046792952,0.07097767,0.00400907,6.2321568,-0.057631522,5.82816,-0.44035238,0.14195535,0.00801814,0.16378334,-0.0015145745,0.068405375,-0.0051684375,253.88966,255.83458,342.50378,0.4979839,16.276249,0.23765439
7,96,10,0.0026214404,0.055741478,0.022920309,0.027649628,0.00517154,0.07569727,0.00019899492,6.327225,0.0725772,6.1270466,0.08858839,0.15139455,0.00039798985,0.16628177,0.0019073583,0.07191342,0.0010397666,253.95671,256.0067,342.7834,-0.1611656,16.276249,0.2431977
7,97,10,0.0026214404,0.04898047,0.018502837,0.025160715,0.005316917,0.068012565,0.0036038675,6.0357347,0.251596,6.212568,0.1101115,0.13602513,0.007207735,0.1586213,0.0066120313,0.07291719,0.0012923845,253.9814,256.17853,342.00293,-0.3617075,16.27534,0.19654511
7,98,10,0.0026214404,0.053568315,0.021833546,0.026554221,0.0051805475,0.073880896,0.004962698,6.2006245,0.055497296,6.13238,-0.13955612,0.14776179,0.009925396,0.16295466,0.0014584883,0.07197602,-0.0016379758,254.05548,256.40292,342.6946,0.08405883,16.27534,0.19836348
7,99,10,0.0026214404,0.06302702,0.028302204,0.029555904,0.0051689073,0.084116295,0.00014325826,6.5417027,0.32659742,6.125486,0.2757359,0.16823259,0.00028651653,0.1719183,0.008583098,0.071895115,0.0032363255,254.0934,256.5536,343.2821,-0.6023333,16.27534,0.22614045
7,100,10,0.0026214404,0.05237008,0.017666006,0.029473798,0.0052302727,0.066456765,0.005109421,6.53261,0.3732083,6.1617403,0.02489612,0.13291353,0.010218842,0.17167935,0.009808049,0.072320625,0.0002922068,254.05516,256.47525,342.48532,-0.39810443,16.27534,0.24913763
8,1,10,0.0020971524,0.05434398,0.015936444,0.030468004,0.007939532,0.063119814,0.0017492184,6.6418743,2.9903681,7.5916944,0.46415478,0.12623963,0.0034984369,0.17455086,0.078587934,0.08910406,0.005447807,252.85141,252.04013,337.64282,-3.4545228,16.27452,0.7075716
8,2,10,0.0020971524,0.053699296,0.01672158,0.029939326,0.0070383893,0.064655975,0.002851665,6.5839972,3.002357,7.14789,0.12861648,0.12931195,0.00570333,0.17302984,0.07890303,0.08389511,0.0015095833,252.91095,252.27975,338.34094,-3.1309736,16.27452,0.68088776
8,3,10,0.0020971524,0.064990334,0.02823469,0.029591544,0.0071641007,0.084015906,-0.0022047576,6.5456457,3.200771,7.211441,0.68822575,0.16803181,-0.0044095153,0.17202193,0.084117435,0.08464101,0.008077737,252.91939,252.20453,338.6926,-3.8889968,16.27452,0.71476156
8,4,10,0.0020971524,0.053673193,0.015210095,0.031907633,0.006555466,0.061664607,0.003333482,6.7969794,3.189827,6.898314,0.56101465,0.123329215,0.006666964,0.17862707,0.083829805,0.08096583,0.0065846546,252.84204,251.84665,337.58054,-3.7508416,16.27452,0.6978544
8,5,10,0.0020971524,0.048652925,0.01563038,0.02638534,0.0066372026,0.06251076,0.0030190018,6.180876,2.8190942,6.941187,0.13312572,0.12502152,0.0060380036,0.16243565,0.07408682,0.08146903,0.0015625039,252.79869,251.56464,337.6919,-2.95222,16.273718,0.61975104
8,6,10,0.0020971524,0.050475452,0.01899508,0.024821408,0.0066589643,0.06891132,-0.0021531135,5.9948997,2.978314,6.9525566,0.43724152,0.13782264,-0.004306227,0.15754811,0.078271165,0.08160248,0.005131925,252.81183,251.57208,338.3028,-3.4155555,16.273718,0.63441974
8,7,10,0.0020971524,0.046201333,0.01476665,0.025245467,0.0061892145,0.060759053,0.0028766915,6.045892,3.0020764,6.7028418,0.46812615,0.121518105,0.005753383,0.15888822,0.078895666,0.07867156,0.0054944195,252.79045,251.57639,337.32318,-3.4702024,16.273718,0.6305155
8,8,10,0.0020971524,0.04916603,0.017876547,0.025285874,0.0060036127,0.0668516,0.0023105475,6.050729,2.892602,6.6015744,0.23034595,0.1337032,0.004621095,0.15901533,0.076018624,0.07748298,0.0027035787,252.83179,251.73041,337.8454,-3.122948,16.273718,0.6202914
8,9,10,0.0020971524,0.0470969,0.018835949,0.021969615,0.0062913382,0.06862206,-0.0016693585,5.640011,2.410376,6.757915,0.42787534,0.13724412,-0.003338717,0.14822151,0.06334555,0.07931796,0.005021989,252.84805,251.76692,338.29697,-2.8382514,16.272797,0.49372724
8,10,10,0.0020971524,0.04137825,0.015220813,0.020579563,0.0055778725,0.06168633,0.00330372,5.458669,2.4253364,6.3631988,0.23077312,0.12337266,0.00660744,0.14345579,0.063738726,0.07468516,0.0027085936,252.79012,251.553,337.44745,-2.6561096,16.272797,0.47316965
8,11,10,0.0020971524,0.042305034,0.016948046,0.02008705,0.0052699377,0.06509233,0.003095515,5.392955,2.3695772,6.185061,-0.28404772,0.13018467,0.00619103,0.14172879,0.06227335,0.07259434,-0.0033338796,252.78703,251.48395,337.81415,-2.0855293,16.272797,0.47125322
8,12,10,0.0020971524,0.049650945,0.0235382,0.02059224,0.005520502,0.07671082,-0.0014626532,5.4603505,2.162344,6.3303905,0.26174688,0.15342164,-0.0029253063,0.14349997,0.056827184,0.07430008,0.0030721354,252.8067,251.57019,337.96912,-2.4240909,16.272797,0.4738372
8,13,10,0.0020971524,0.037324715,0.014942967,0.017167367,0.005214382,0.061120715,0.0039350674,4.9856358,1.0941515,6.1523724,-0.17482303,0.12224143,0.007870135,0.1310243,0.028754702,0.07221068,-0.002051905,252.77692,251.55536,337.13785,-0.91932845,16.271812,0.25967595
8,14,10,0.0020971524,0.039891586,0.018588493,0.016159195,0.0051438967,0.06816981,0.003980392,4.8370275,1.0703871,6.110649,-0.37126282,0.13633962,0.007960784,0.12711883,0.028130155,0.071720965,-0.0043575293,252.79369,251.55852,337.53958,-0.69912434,16.271812,0.24479853
8,15,10,0.0020971524,0.043133695,0.02142777,0.016453343,0.0052525825,0.073191136,-0.0005568006,4.8808527,1.3427685,6.1748676,0.17824261,0.14638227,-0.0011136011,0.12827058,0.03528844,0.0724747,0.0020920432,252.82619,251.65858,337.9192,-1.5210111,16.271812,0.28157544
8,16,10,0.0020971524,0.03733902,0.016186237,0.016511427,0.004641357,0.06361257,0.0045077987,4.889461,1.2230844,5.8044853,-0.19616006,0.12722515,0.009015597,0.1284968,0.0321431,0.068127505,-0.00230234,252.82481,251.74715,337.29346,-1.0269244,16.271812,0.25529552
8,17,10,0.0020971524,0.036028013,0.017018877,0.014860965,0.0041481685,0.06522821,0.00577042,4.638656,0.118343316,5.487436,-0.70103025,0.13045642,0.01154084,0.12190556,0.0031101056,0.064406276,-0.008228025,252.86368,251.86948,337.82513,0.58268696,16.270758,0.18088853
8,18,10,0.0020971524,0.03860535,0.019240338,0.014711396,0.004653618,0.06935477,0.0005595275,4.615254,0.46835327,5.8121476,-0.20259853,0.13870955,0.001119055,0.12129054,0.012308494,0.068217434,-0.0023779084,252.89748,251.87035,338.4126,-0.26575476,16.270758,0.186323
8,19,10,0.0020971524,0.035803244,0.016810566,0.0145358,0.0044568772,0.064827785,0.0038741592,4.587627,0.5383564,5.6879597,-0.43499795,0.12965557,0.0077483184,0.120564505,0.014148199,0.06675985,-0.005105592,252.89003,251.86188,337.72513,-0.10335848,16.270758,0.18439682
8,20,10,0.0020971524,0.035960466,0.017379375,0.014502854,0.0040782345,0.06591543,0.0048050894,4.582425,0.2105857,5.440983,-0.64213115,0.13183086,0.009610179,0.120427795,0.005534268,0.06386106,-0.0075367233,252.90747,251.93288,337.9753,0.43154544,16.270758,0.19879669
8,21,10,0.0020971524,0.038514655,0.020397523,0.014092261,0.00402487,0.07140995,0.0004583677,4.517093,-0.39282644,5.405267,-0.26903006,0.1428199,0.0009167354,0.11871083,-0.01032362,0.063441865,-0.0031576178,252.89426,251.8302,338.17645,0.66185653,16.269665,0.24969636
8,22,10,0.0020971524,0.03388889,0.016031178,0.014332302,0.0035254122,0.063307144,0.0058491654,4.555401,-0.20733726,5.0587845,-0.33638063,0.12661429,0.011698331,0.11971759,-0.005448896,0.05937518,-0.003948115,252.82501,251.64856,337.45093,0.54371786,16.269665,0.2911407
8,23,10,0.0020971524,0.035707377,0.016851129,0.01543781,0.0034184377,0.06490595,0.0058558066,4.7278266,-0.5305818,4.981442,-0.89481205,0.1298119,0.011711613,0.12424898,-0.013943882,0.058467407,-0.010502452,252.8129,251.54001,337.778,1.4253938,16.269665,0.30935997
8,24,10,0.0020971524,0.040482003,0.02075498,0.015726209,0.0040008156,0.07203294,0.00106894,4.771783,-0.21961467,5.389091,-0.3827796,0.14406589,0.00213788,0.12540418,-0.0057715527,0.063252,-0.0044927015,252.81653,251.46059,337.9143,0.6023943,16.269665,0.25084442
8,25,10,0.0020971524,0.035792798,0.015658049,0.016326264,0.0038084842,0.062566064,0.0053616255,4.8619685,-0.9778656,5.2579603,-0.47188458,0.12513213,0.010723251,0.12777427,-0.02569866,0.061712917,-0.0055385306,252.8106,251.50876,337.22894,1.4497502,16.268583,0.32693034
8,26,10,0.0020971524,0.0405117,0.018672379,0.018207412,0.0036319094,0.068323456,0.0063680126,5.1344366,-1.427625,5.1346245,-0.8994191,0.13664691,0.012736025,0.13493484,-0.037518494,0.060265325,-0.010556526,252.88858,251.78827,338.0767,2.327044,16.268583,0.38684583
8,27,10,0.0020971524,0.043100443,0.022940345,0.016310552,0.0038495483,0.07573035,0.0010423947,4.8596272,-1.0834925,5.286231,-0.19646119,0.1514607,0.0020847893,0.12771277,-0.028474577,0.06204473,-0.0023058744,252.93906,251.94507,338.46298,1.2799537,16.268583,0.3220212
8,28,10,0.0020971524,0.03635013,0.015754359,0.017127398,0.0034683738,0.062758185,0.005407666,4.9798274,-1.2519269,5.017694,-0.2517824,0.12551637,0.010815332,0.13087168,-0.032901093,0.058892902,-0.002955182,252.95944,252.17155,337.8121,1.5037093,16.268583,0.35184163
8,29,10,0.0020971524,0.043828122,0.019248268,0.021036945,0.0035429057,0.06936906,0.006582794,5.518996,-2.164473,5.0713196,-0.5229135,0.13873813,0.013165588,0.14504118,-0.05688314,0.059522312,-0.00613746,253.01892,252.33286,338.61353,2.6873865,16.267487,0.47266576
8,30,10,0.0020971524,0.0437404,0.021361902,0.018679086,0.0036994126,0.07307856,0.0018846694,5.200516,-1.625685,5.1821213,-0.073454306,0.14615712,0.0037693388,0.13667145,-0.04272359,0.060822796,-0.00086213666,253.04881,252.38617,339.0676,1.6991392,16.267487,0.37397635
8,31,10,0.0020971524,0.041624546,0.017166398,0.02091292,0.0035452284,0.0655103,0.0060311025,5.5027018,-1.7813952,5.0729823,-0.18067275,0.1310206,0.012062205,0.144613,-0.04681571,0.05954182,-0.0021205647,253.06288,252.48071,338.3042,1.962068,16.267487,0.40229735
8,32,10,0.0020971524,0.049910076,0.020241762,0.025878966,0.0037893518,0.07113677,0.006389398,6.1212792,-2.3202949,5.244736,-0.46635792,0.14227355,0.012778796,0.1608694,-0.060978185,0.06155771,-0.0054736636,253.1508,252.81969,338.84488,2.7866528,16.267487,0.49385345
8,33,10,0.0020971524,0.051626626,0.02398607,0.02330972,0.0043308367,0.077437185,0.00014851837,5.8094788,-2.3516905,5.606956,0.09568756,0.15487437,0.00029703675,0.15267521,-0.061803278,0.06580909,0.0011230886,253.26784,253.35736,339.5501,2.256003,16.266369,0.48420054
8,34,10,0.0020971524,0.047394928,0.018936373,0.024569444,0.0038891092,0.06880475,0.00525888,5.9643936,-2.6140096,5.313324,-0.25704876,0.1376095,0.01051776,0.15674643,-0.0686971,0.062362723,-0.0030169939,253.32283,253.77324,339.48865,2.8710585,16.266369,0.53913593
8,35,10,0.0020971524,0.05309236,0.02039705,0.028908163,0.0037871464,0.07140912,0.0070227263,6.469622,-3.0008397,5.24321,-0.70840824,0.14281824,0.014045453,0.17002401,-0.07886316,0.061539795,-0.008314623,253.35922,253.91364,340.17844,3.709248,16.266369,0.63159907
8,36,10,0.0020971524,0.05888561,0.027054524,0.02773224,0.0040988484,0.0822413,0.0017961957,6.336671,-2.5424604,5.4547157,-0.28240708,0.1644826,0.0035923915,0.16653,-0.06681678,0.06402225,-0.0033146227,253.32622,253.66714,340.1103,2.8248675,16.266369,0.578906
8,37,10,0.0020971524,0.044863794,0.016663369,0.024461308,0.0037391137,0.06454334,0.0054220324,5.9512544,-2.1369042,5.209854,-0.17977408,0.12908667,0.010844065,0.15640111,-0.05615861,0.061148293,-0.0021100165,253.25647,253.43117,339.0117,2.3166783,16.265259,0.5162474
8,38,10,0.0020971524,0.053802863,0.020526264,0.029287456,0.0039891456,0.07163495,0.0046371804,6.5119267,-2.416952,5.381225,-0.53945357,0.1432699,0.009274361,0.17113578,-0.06351837,0.06315968,-0.0063315905,253.25891,253.32892,339.47296,2.9564054,16.265259,0.5871754
8,39,10,0.0020971524,0.054676503,0.021596998,0.028853869,0.004225634,0.073479585,0.0017665017,6.4635434,-2.2271957,5.538437,-0.19074106,0.14695917,0.0035330034,0.16986427,-0.05853152,0.06500488,-0.0022387367,253.2994,253.45029,339.94113,2.4179368,16.265259,0.5656804
8,40,10,0.0020971524,0.051204223,0.0155056715,0.03169814,0.0040004104,0.062260885,0.00574578,6.7746296,-2.2194724,5.388818,-0.3097029,0.12452177,0.01149156,0.17803971,-0.05832855,0.0632488,-0.0036349983,253.26831,253.40456,339.06448,2.5291753,16.265259,0.6550207
8,41,10,0.0020971524,0.052739784,0.01982621,0.028852528,0.004061046,0.070402786,0.005128792,6.4633937,-1.9554576,5.429504,-0.4057545,0.14080557,0.010257584,0.16986032,-0.051390126,0.063726336,-0.004762361,253.2691,253.29321,339.41608,2.361212,16.264189,0.50961405
8,42,10,0.0020971524,0.054500293,0.023588408,0.026608154,0.0043037306,0.07679259,-0.00024094644,6.206918,-1.5188318,5.5893807,0.012714848,0.15358518,-0.00048189287,0.16312006,-0.039915446,0.065602824,0.00014923318,253.27531,253.2337,339.84573,1.506117,16.264189,0.45056763
8,43,10,0.0020971524,0.04892812,0.016994664,0.027669158,0.0042642946,0.06518179,0.0041566123,6.329459,-1.5068535,5.563714,-0.17467019,0.13036358,0.008313225,0.16634049,-0.039600655,0.06530157,-0.002050112,253.27094,253.29372,338.97284,1.6815237,16.264189,0.47778368
8,44,10,0.0020971524,0.055107653,0.019906826,0.030534875,0.004665951,0.07054578,0.0037495794,6.6491585,-1.8553084,5.8198433,-0.40802103,0.14109156,0.007499159,0.17474231,-0.04875818,0.068307765,-0.004788962,253.31488,253.4695,339.2903,2.2633295,16.264189,0.54971766
8,45,10,0.0020971524,0.0584352,0.02829902,0.02562982,0.00450636,0.084111564,-0.0002945925,6.0917416,-1.0417544,5.719448,0.21822469,0.16822313,-0.000589185,0.16009316,-0.027377687,0.067129426,0.002561313,253.3271,253.45802,339.47632,0.82352966,16.263216,0.35140905
8,46,10,0.0020971524,0.049125794,0.018589934,0.026289286,0.004246573,0.068172455,0.003297817,6.1696157,-0.7799088,5.5521417,0.3691525,0.13634491,0.006595634,0.16213971,-0.020496268,0.065165736,0.004332759,253.25291,253.21042,338.53128,0.4107563,16.263216,0.34235105
8,47,10,0.0020971524,0.054461632,0.021021394,0.028786467,0.004653771,0.072493784,0.0027259258,6.4559903,-1.082371,5.8122425,0.06521275,0.14498757,0.0054518515,0.16966575,-0.028445093,0.06821855,0.00076540344,253.29782,253.33704,339.3105,1.0171583,16.263216,0.4104005
8,48,10,0.0020971524,0.05747336,0.024589367,0.028225562,0.0046584327,0.078404985,-0.000599032,6.3927836,-1.0222212,5.815153,0.33917946,0.15680997,-0.001198064,0.16800465,-0.026864357,0.06825271,0.0039809626,253.38469,253.62572,339.81818,0.68304175,16.263216,0.3795837
8,49,10,0.0020971524,0.043411206,0.017575199,0.021596188,0.0042398195,0.066285744,0.0038744605,5.5918717,-0.47148463,5.5477247,0.26638025,0.13257149,0.007748921,0.14695641,-0.0123907775,0.065113895,0.0031265195,253.41505,253.85828,339.0506,0.20510438,16.26239,0.22247441
8,50,10,0.0020971524,0.049312104,0.022577867,0.022033505,0.0047007306,0.075129665,0.003780374,5.6482053,-0.6769882,5.841494,-0.1727494,0.15025933,0.007560748,0.14843687,-0.017791495,0.068561874,-0.0020275672,253.42923,253.89267,339.55756,0.8497376,16.26239,0.2235337
8,51,10,0.0020971524,0.052533735,0.02743762,0.020759,0.004337112,0.082821526,-0.0012270726,5.4824147,-0.42201704,5.6110163,0.37138528,0.16564305,-0.002454145,0.14407983,-0.011090759,0.065856755,0.0043589645,253.43158,253.80855,340.08173,0.05063176,16.26239,0.23687696
8,52,10,0.0020971524,0.040170502,0.016754963,0.018897036,0.0045185057,0.06472048,0.0037733829,5.2307687,-0.46943402,5.7271504,0.27427107,0.12944096,0.0075467657,0.13746649,-0.01233689,0.06721983,0.0032191325,253.39603,253.65926,339.31955,0.19516295,16.26239,0.21322547
8,53,10,0.0020971524,0.04544487,0.020151773,0.020522187,0.0047709085,0.07097847,0.0035606092,5.4510536,0.04729897,5.884936,0.17873687,0.14195694,0.0071212184,0.14325567,0.0012430374,0.06907176,0.002097842,253.42125,253.72183,339.52554,-0.22603583,16.261667,0.22181039
8,54,10,0.0020971524,0.051049598,0.027655525,0.018919686,0.0044743847,0.08314975,-0.0003073503,5.233903,0.13826863,5.6991215,0.53775316,0.1662995,-0.0006147006,0.13754885,0.0036337532,0.06689084,0.006311632,253.46385,253.92253,339.9258,-0.6760218,16.261667,0.22998902
8,55,10,0.0020971524,0.039915178,0.016584724,0.01917217,0.0041582845,0.064390846,0.0041391705,5.2687097,0.01081143,5.4941216,0.3894301,0.12878169,0.008278341,0.1384636,0.00028412812,0.06448476,0.0045707603,253.47404,254.13094,339.38998,-0.40024152,16.261667,0.20337693
8,56,10,0.0020971524,0.043414444,0.020718107,0.018316332,0.004380002,0.07196893,0.005460948,5.149771,-0.13167186,5.638692,0.26157716,0.14393786,0.010921896,0.13533784,-0.0034603844,0.066181585,0.0030701428,253.49953,254.2077,340.18304,-0.1299053,16.261667,0.19902417
8,57,10,0.0020971524,0.04994372,0.026477467,0.019412346,0.004053907,0.08135949,0.00049948384,5.301609,0.91460127,5.42473,0.45941466,0.16271898,0.0009989677,0.1393282,0.024036052,0.0636703,0.005392171,253.47719,254.09337,340.28787,-1.3740159,16.261042,0.30647993
8,58,10,0.0020971524,0.04251588,0.018523578,0.01982294,0.004169364,0.068050675,0.0043439143,5.357383,0.848954,5.5014367,0.20254111,0.13610135,0.008687829,0.14079396,0.02231081,0.06457061,0.0023772346,253.39088,253.78038,339.1906,-1.0514951,16.261042,0.29568014
8,59,10,0.0020971524,0.044381015,0.01958973,0.020495191,0.004296096,0.06998166,0.004040292,5.447468,0.95377296,5.584422,-0.054664552,0.13996331,0.008080584,0.14316142,0.025065498,0.06554461,-0.0006415999,253.36226,253.48766,339.66098,-0.8991084,16.261042,0.30963737
8,60,10,0.0020971524,0.04748857,0.023008456,0.020450374,0.00402974,0.07584269,-0.00031535403,5.4415083,1.2909153,5.4085355,0.33817768,0.15168539,-0.00063070806,0.1430048,0.03392572,0.063480236,0.0039692065,253.3746,253.46161,339.80643,-1.6290929,16.261042,0.34331128
8,61,10,0.0020971524,0.04079618,0.015778776,0.021259693,0.0037577122,0.0628068,0.003807249,5.5481367,1.4932997,5.222795,0.06551247,0.1256136,0.007614498,0.14580704,0.039244458,0.06130018,0.0007689228,253.38542,253.62747,338.9244,-1.5588121,16.260536,0.38579133
8,62,10,0.0020971524,0.04660276,0.019983606,0.022106908,0.0045122453,0.07068169,0.0051825163,5.6576056,1.1244311,5.723182,0.055426702,0.14136338,0.010365033,0.14868392,0.029550452,0.06717325,0.00065054436,253.4749,254.00777,339.48737,-1.1798579,16.260536,0.37033018
8,63,10,0.0020971524,0.05510352,0.028792884,0.022004234,0.0043064025,0.08484233,-0.0003944557,5.6444526,1.3694375,5.591116,0.5445753,0.16968466,-0.0007889114,0.14833824,0.03598931,0.06562319,0.006391706,253.51839,254.12674,339.872,-1.9140127,16.260536,0.419946
8,64,10,0.0020971524,0.04326724,0.01741989,0.021640655,0.004206695,0.065992214,0.0057161157,5.5976257,1.489027,5.52601,0.3058806,0.13198443,0.011432231,0.14710763,0.039132163,0.06485904,0.0035901354,253.48607,253.99965,339.26862,-1.7949076,16.260536,0.41243732
8,65,10,0.0020971524,0.045347378,0.021960486,0.019028867,0.0043580243,0.07409535,0.004352582,5.2489824,1.5518397,5.6245275,-0.16859686,0.1481907,0.008705164,0.13794516,0.040782906,0.06601533,-0.00197883,253.51196,254.09557,339.89413,-1.3832428,16.260103,0.39301565
8,66,10,0.0020971524,0.047098003,0.022733402,0.01999692,0.0043676775,0.075388,0.00038149764,5.380842,1.7936186,5.630753,0.35356024,0.150776,0.0007629953,0.14141047,0.047136944,0.06608841,0.004149754,253.5138,254.05739,340.1122,-2.147179,16.260103,0.42151436
8,67,10,0.0020971524,0.041926757,0.016737577,0.021375233,0.0038139448,0.064686894,0.0048939413,5.563193,1.8160495,5.2617283,0.16653006,0.12937379,0.009787883,0.14620271,0.047726437,0.061757144,0.0019545709,253.42967,253.7683,339.0643,-1.9825795,16.260103,0.39611614
8,68,10,0.0020971524,0.047225654,0.019838074,0.02329656,0.0040910216,0.07042385,0.0046543167,5.8078384,1.9142588,5.4495053,-0.08182154,0.1408477,0.009308633,0.1526321,0.05030742,0.063961096,-0.0009603425,253.39954,253.53143,339.50528,-1.8324373,16.260103,0.40352762
8,69,10,0.0020971524,0.051912703,0.023032798,0.025061805,0.0038181026,0.0758828,0.0005123166,6.0238595,2.1940043,5.2645955,0.046551753,0.1517656,0.0010246332,0.1583092,0.05765922,0.061790798,0.00054638134,253.34438,253.24281,339.48804,-2.240556,16.259737,0.41044608
8,70,10,0.0020971524,0.04583695,0.015283318,0.026356274,0.004197358,0.06181286,0.004045514,6.17747,2.1796243,5.519875,-0.23510657,0.12362572,0.008091028,0.16234615,0.057281315,0.06478702,-0.0027594573,253.2355,252.75883,338.21957,-1.9445177,16.259737,0.38872734
8,71,10,0.0020971524,0.048145898,0.018236643,0.025357181,0.0045520742,0.06752156,0.0033269352,6.0592537,1.9778386,5.748386,-0.492966,0.13504311,0.0066538705,0.15923938,0.051978312,0.06746906,-0.005785965,253.21323,252.6018,338.10318,-1.4848726,16.259737,0.38670257
8,72,10,0.0020971524,0.05449152,0.026048196,0.024168858,0.0042744656,0.08069727,-0.00013583951,5.915572,2.1132,5.570345,-0.07659122,0.16139454,-0.00027167902,0.15546337,0.055535663,0.065379396,-0.0008989542,253.2182,252.63686,338.25522,-2.0366087,16.259737,0.39498574
8,73,10,0.0020971524,0.040762585,0.016515091,0.020467421,0.0037800716,0.06425553,0.0050405706,5.443776,1.8059622,5.2383103,-0.3936336,0.12851106,0.010081141,0.1430644,0.047461342,0.061482288,-0.004620096,253.1703,252.5728,337.4918,-1.4123286,16.25949,0.28983715
8,74,10,0.0020971524,0.044619266,0.019020913,0.021502644,0.0040957066,0.06895816,0.0042328793,5.579748,1.6148994,5.4526253,-0.5538999,0.13791633,0.0084657585,0.1466378,0.042440146,0.06399771,-0.0065011485,253.17984,252.56541,337.97742,-1.0609995,16.25949,0.30010775
8,75,10,0.0020971524,0.049797256,0.024414146,0.021357385,0.004025724,0.078125134,-0.00036713135,5.5608697,1.8851639,5.4058404,-0.027501848,0.15625027,-0.0007342627,0.14614166,0.049542792,0.06344859,-0.00032278956,253.18063,252.43817,338.2593,-1.8576621,16.25949,0.34296322
8,76,10,0.0020971524,0.04167335,0.015780121,0.021680372,0.0042128614,0.062809475,0.004514634,5.60276,1.8084174,5.5300593,-0.24428466,0.12561895,0.009029268,0.14724256,0.047525864,0.06490656,-0.0028671804,253.20924,252.60007,337.9957,-1.5641328,16.25949,0.33747044
8,77,10,0.0020971524,0.045039207,0.019077865,0.021520512,0.0044408296,0.069061324,0.0041331393,5.5820665,1.0006872,5.677711,-0.7355313,0.13812265,0.008266279,0.14669871,0.026298419,0.06663955,-0.0086329635,253.27762,252.80524,338.5531,-0.26515597,16.259323,0.24684472
8,78,10,0.0020971524,0.04660714,0.024162637,0.018599615,0.003844891,0.07772168,-9.434843e-6,5.189441,0.8557402,5.2830324,-0.2913526,0.15544336,-1.8869687e-5,0.1363804,0.022489168,0.062007185,-0.0034196184,253.32549,253.02544,338.59848,-0.56438756,16.259323,0.24385078
8,79,10,0.0020971524,0.03761958,0.015457691,0.018362729,0.003799159,0.06216448,0.005836505,5.1562896,0.705579,5.251519,-0.2608851,0.12432896,0.01167301,0.13550915,0.01854287,0.06163732,-0.0030620215,253.34848,253.17024,338.08633,-0.4446939,16.259323,0.2312366
8,80,10,0.0020971524,0.042020414,0.019334063,0.018620934,0.004065418,0.06952349,0.0049846014,5.1924157,0.40555167,5.4324265,-0.68282944,0.13904698,0.009969203,0.13645855,0.010658045,0.06376063,-0.0080144005,253.42546,253.45609,338.91098,0.27727777,16.259323,0.24340834
8,81,10,0.0020971524,0.0443032,0.023005681,0.01724821,0.0040493077,0.07583812,0.0014492008,4.997361,0.1463054,5.4216514,0.03176753,0.15167624,0.0028984016,0.13133244,0.003844956,0.06363417,0.00037285566,253.43932,253.46661,339.0209,-0.17807293,16.259132,0.2075113
8,82,10,0.0020971524,0.03585096,0.01470684,0.017257946,0.0038861742,0.06063588,0.0061019575,4.9987707,0.19300653,5.311318,-0.09932516,0.12127176,0.012203915,0.1313695,0.0050722854,0.062339187,-0.0011657841,253.39381,253.25464,338.21445,-0.09368137,16.259132,0.22342359
8,83,10,0.0020971524,0.03652438,0.016684901,0.015988838,0.0038506417,0.06458502,0.0055329124,4.811463,0.008024428,5.286981,-0.48626804,0.12917005,0.011065825,0.12644698,0.00021088244,0.06205354,-0.0057073496,253.3563,253.06407,338.6647,0.47824362,16.259132,0.23277758
8,84,10,0.0020971524,0.04038194,0.02055025,0.015759896,0.004071794,0.07167679,0.0017251363,4.7768917,0.37644732,5.436684,-0.27291682,0.14335358,0.0034502726,0.12553842,0.0098931715,0.06381061,-0.003203238,253.2878,252.7089,338.5805,-0.1035305,16.259132,0.23177515
8,85,10,0.0020971524,0.034316417,0.015210976,0.015272887,0.0038325537,0.06166639,0.0065632993,4.702505,-0.01877413,5.274549,-0.23064534,0.12333278,0.013126599,0.123583525,-0.000493394,0.061907623,-0.0027070951,253.19476,252.34077,337.48367,0.24941948,16.258892,0.2808285
8,86,10,0.0020971524,0.036753565,0.016863585,0.016122503,0.0037674736,0.06492993,0.0060491404,4.8315325,-0.20245655,5.229574,-0.60278845,0.12985986,0.012098281,0.12697442,-0.0053206235,0.06137975,-0.007074956,253.19081,252.30518,337.92273,0.805245,16.258892,0.27974483
8,87,10,0.0020971524,0.041274868,0.020868957,0.016521312,0.0038845974,0.07223046,0.0019512095,4.8909245,0.07649162,5.310241,-0.2632642,0.14446092,0.003902419,0.12853526,0.0020102323,0.06232654,-0.0030899432,253.18056,252.2304,338.0045,0.18677258,16.258892,0.24548502
8,88,10,0.0020971524,0.03582798,0.014919938,0.017344803,0.0035632397,0.061073598,0.006233875,5.011334,-0.011312813,5.0858526,-0.4423839,0.122147195,0.01246775,0.13169967,-0.00029729953,0.05969288,-0.0051922784,253.14142,252.12358,337.43637,0.4536967,16.258892,0.27008307
8,89,10,0.0020971524,0.035366505,0.015763896,0.016266644,0.0033359688,0.06277718,0.0056062695,4.853082,-0.5859956,4.920987,-0.50994664,0.12555435,0.011212539,0.12754075,-0.015400172,0.057757847,-0.005985266,253.17482,252.28271,337.82513,1.0959423,16.258562,0.3298201
8,90,10,0.0020971524,0.040429745,0.020660639,0.016344478,0.003424625,0.071869045,0.0020410037,4.86468,-0.36054048,4.985947,-0.1064357,0.14373809,0.0040820073,0.12784553,-0.009475133,0.058520295,-0.0012492393,253.19289,252.35097,337.865,0.46697617,16.258562,0.2896118
8,91,10,0.0020971524,0.037075017,0.017347377,0.016081914,0.003645725,0.06585472,0.006684653,4.825447,-0.540653,5.144382,-0.2105338,0.13170944,0.013369306,0.12681448,-0.014208556,0.06037984,-0.0024710451,253.18398,252.38626,337.32315,0.7511868,16.258562,0.30396262
8,92,10,0.0020971524,0.037772644,0.01601855,0.017212536,0.004541556,0.06328221,0.0068253297,4.9921904,-0.77773446,5.7417397,-0.51944435,0.12656441,0.0136506595,0.13119656,-0.02043914,0.06739107,-0.00609674,253.21066,252.4557,337.87564,1.2971787,16.258562,0.33248702
8,93,10,0.0020971524,0.038090173,0.017082086,0.016205654,0.004802433,0.06534923,0.0014599891,4.8439755,-0.529146,5.904347,0.17880973,0.13069846,0.0029199782,0.12730142,-0.013906155,0.069299586,0.0020986993,253.19823,252.30632,337.8522,0.35033628,16.258102,0.2529082
8,94,10,0.0020971524,0.036225192,0.01431945,0.017287176,0.004618566,0.05983195,0.0065809023,5.003002,-0.5535517,5.7902164,0.24608295,0.1196639,0.0131618045,0.13148071,-0.014547538,0.06796003,0.0028882877,253.12047,251.96509,336.8947,0.3074687,16.258102,0.25060454
8,95,10,0.0020971524,0.035599638,0.014795752,0.016361153,0.0044427332,0.060818896,0.0055216625,4.8671603,-0.8712764,5.678928,-0.1742838,0.12163779,0.011043325,0.12791072,-0.02289746,0.06665383,-0.0020455783,253.09383,251.81876,337.17337,1.0455601,16.258102,0.28874296
8,96,10,0.0020971524,0.03776554,0.0156132355,0.017308444,0.0048438613,0.062476467,0.0018868482,5.006079,-0.571052,5.929759,0.090038955,0.124952935,0.0037736965,0.13156156,-0.01500745,0.069597855,0.0010567922,253.08528,251.77814,337.29257,0.48101306,16.258102,0.27109963
8,97,10,0.0020971524,0.033574965,0.012500315,0.01690075,0.0041739,0.055902403,0.0062290896,4.9467697,-0.71661854,5.504429,0.3766647,0.111804806,0.012458179,0.13000289,-0.018832989,0.06460573,0.0044209324,253.04506,251.66634,336.5816,0.33995384,16.257502,0.24373408
8,98,10,0.0020971524,0.0366045,0.015003075,0.017325886,0.004275542,0.06124352,0.00496808,5.0085998,-1.06922,5.571047,-0.080188096,0.12248704,0.00993616,0.13162783,-0.028099481,0.06538763,-0.0009411715,253.05347,251.63043,337.085,1.1494081,16.257502,0.27475572
8,99,10,0.0020971524,0.04085824,0.018264068,0.0180227,0.00457147,0.06757231,0.0013448503,5.108326,-0.7496278,5.760619,0.33152708,0.13514462,0.0026897006,0.13424864,-0.019700492,0.06761265,0.0038911484,253.04686,251.7106,337.16083,0.41810074,16.257502,0.2564872
8,100,10,0.0020971524,0.036760468,0.013596318,0.018920703,0.00424345,0.058301624,0.0067231716,5.234043,-0.7864806,5.5500994,0.44171664,0.11660325,0.013446343,0.13755254,-0.020668989,0.06514177,0.0051844507,252.9879,251.48915,336.30563,0.34476396,16.257502,0.25491527
9,1,10,0.001677722,0.08914719,0.019216469,0.056759536,0.01317118,0.06931174,0.00337358,9.065422,1.0105597,9.77808,0.64874005,0.13862348,0.00674716,0.2382426,0.026557859,0.11476576,0.0076142875,252.07788,249.36795,334.47437,-1.6592997,16.2567,0.74398685
9,2,10,0.001677722,0.090222225,0.020310424,0.056093022,0.013818775,0.07125732,0.003574884,9.01204,0.84402186,10.015577,0.21853407,0.14251465,0.007149768,0.23683965,0.022181213,0.117553286,0.002564948,252.11377,249.45364,335.18033,-1.0625559,16.2567,0.7043198
9,3,10,0.001677722,0.09609276,0.025063466,0.057296686,0.01373261,0.079157226,0.00048277655,9.108218,1.2418486,9.9843025,0.7833901,0.15831445,0.0009655531,0.23936726,0.032636236,0.11718622,0.009194685,252.0902,249.3144,335.39093,-2.0252388,16.2567,0.7531391
9,4,10,0.001677722,0.08981691,0.017302183,0.060130935,0.012383796,0.06576888,0.0037055814,9.330773,1.4383686,9.481304,0.8905029,0.13153777,0.007411163,0.2452161,0.037800856,0.111282505,0.010451876,252.00801,249.01913,334.39584,-2.3288715,16.2567,0.75333405
9,5,10,0.001677722,0.07956941,0.019297998,0.050134823,0.010136584,0.06945862,0.0026326594,8.519978,1.2913815,8.578019,0.1243179,0.13891724,0.005265319,0.22390807,0.03393798,0.100680605,0.0014591289,252.00624,248.99092,334.9093,-1.4156994,16.255764,0.60170376
9,6,10,0.001677722,0.082236186,0.024037188,0.047978733,0.010220263,0.077519655,-0.0012659692,8.334759,1.7692572,8.613353,0.53775215,0.15503931,-0.0025319385,0.21904048,0.046496734,0.10109532,0.006311618,252.02814,249.00708,335.2701,-2.3070092,16.255764,0.5979775
9,7,10,0.001677722,0.074849054,0.016560646,0.04876472,0.009523689,0.064344086,0.0025456776,8.402752,1.560298,8.314647,0.49318278,0.12868817,0.005091355,0.22082736,0.041005198,0.09758939,0.0057885046,252.05379,249.0552,334.65393,-2.0534806,16.255764,0.5706654
9,8,10,0.001677722,0.07096904,0.017777724,0.04400615,0.009185162,0.066666566,0.0014184295,7.982251,1.1842016,8.165535,0.22466394,0.13333313,0.002836859,0.20977643,0.031121248,0.095839255,0.0026368902,252.1334,249.30804,335.35776,-1.4088656,16.255764,0.53968453
9,9,10,0.001677722,0.06760389,0.020846274,0.03888857,0.007869051,0.07219119,-0.0025925655,7.5037727,1.8262659,7.5579214,0.25913963,0.14438239,-0.005185131,0.19720185,0.04799493,0.08870767,0.003041537,252.18074,249.45978,336.06778,-2.0854056,16.254602,0.48087272
9,10,10,0.001677722,0.06282349,0.014604547,0.040668864,0.0075500826,0.060424637,0.0011757581,7.6736093,1.7821096,7.4031596,0.27799723,0.120849274,0.0023515162,0.20166522,0.046834484,0.08689121,0.0032628654,252.16568,249.4926,335.49634,-2.0601068,16.254602,0.4758618
9,11,10,0.001677722,0.06275178,0.016192995,0.039142117,0.007416665,0.06362585,0.0012329497,7.528195,1.48564,7.337457,-0.122075595,0.1272517,0.0024658993,0.19784367,0.039043166,0.08612006,-0.0014328087,252.18271,249.5126,335.92938,-1.3635645,16.254602,0.4597444
9,12,10,0.001677722,0.07148882,0.026493074,0.037468653,0.0075270906,0.08138347,-0.0015337293,7.3655076,1.5462174,7.3918786,0.2302387,0.16276693,-0.0030674585,0.19356821,0.040635157,0.08675881,0.0027023216,252.25774,249.82986,336.4239,-1.7764561,16.254602,0.46237195
9,13,10,0.001677722,0.055369776,0.016744303,0.03201993,0.0066055385,0.06469989,0.0017116788,6.8089304,1.2924142,6.9246106,0.06746959,0.12939978,0.0034233576,0.17894115,0.033965103,0.081274465,0.00079189317,252.29921,250.13753,336.27393,-1.3598838,16.253284,0.41064525
9,14,10,0.001677722,0.05464028,0.017451549,0.030945988,0.006242742,0.06605215,0.0018300923,6.6937714,1.1066623,6.731765,-0.23175246,0.1321043,0.0036601846,0.17591472,0.029083489,0.07901102,-0.0027200885,252.31027,250.15463,336.6979,-0.8749098,16.253284,0.4200054
9,15,10,0.001677722,0.0570955,0.020243675,0.030411992,0.0064398358,0.07114013,-0.0017603621,6.635767,1.4281527,6.8372045,0.09219216,0.14228027,-0.0035207241,0.17439035,0.037532367,0.08024859,0.0010820639,252.32988,250.22615,337.01437,-1.5203449,16.253284,0.42891717
9,16,10,0.001677722,0.05086242,0.014533233,0.030384246,0.005944942,0.06027693,0.0028300635,6.632739,1.3450971,6.569238,0.15683523,0.12055386,0.005660127,0.17431077,0.035349634,0.07710345,0.0018407822,252.30824,250.17734,336.43335,-1.5019323,16.253284,0.41357392
9,17,10,0.001677722,0.04618572,0.015874704,0.025252081,0.005058932,0.06299743,0.0017242847,6.0466833,1.0254797,6.0599723,-0.38980025,0.12599486,0.0034485694,0.15890904,0.026949976,0.07112617,-0.004575103,252.3348,250.19492,336.89883,-0.6356794,16.251799,0.40571055
9,18,10,0.001677722,0.052821647,0.022742996,0.024512948,0.005565702,0.07540391,-0.001630991,5.9575324,1.2802572,6.3562536,-0.19891049,0.15080781,-0.003261982,0.15656611,0.03364562,0.07460363,-0.0023346224,252.3628,250.3049,337.26645,-1.0813468,16.251799,0.40596938
9,19,10,0.001677722,0.04366097,0.013515509,0.024549585,0.0055958726,0.05812811,0.0019461879,5.961983,1.1702354,6.373458,-0.074005514,0.11625622,0.0038923759,0.15668307,0.030754218,0.074805565,-0.00086860463,252.31487,250.17256,336.424,-1.0962299,16.251799,0.38856316
9,20,10,0.001677722,0.045225117,0.014753831,0.024958814,0.0055124713,0.060732674,0.0026605467,6.01147,0.8344092,6.3257837,-0.4573577,0.12146535,0.0053210934,0.15798359,0.021928579,0.07424602,-0.0053680292,252.31586,250.07643,336.77725,-0.37705147,16.251799,0.4093426
9,21,10,0.001677722,0.043516986,0.017919077,0.020766497,0.00483141,0.06693108,-0.0013968329,5.483404,0.9739283,5.922133,-0.08733114,0.13386215,-0.0027936657,0.14410585,0.025595188,0.069508344,-0.0010250097,252.35004,250.15471,337.11694,-0.88659716,16.250217,0.36772668
9,22,10,0.001677722,0.042353176,0.015434084,0.02188662,0.0050324723,0.062116995,0.0012448418,5.6293473,0.8702646,6.044104,0.3189891,0.12423399,0.0024896837,0.14794128,0.022870863,0.07093992,0.0037439894,252.37204,250.35654,336.37778,-1.1892537,16.250217,0.35649392
9,23,10,0.001677722,0.04461966,0.015827544,0.023736207,0.0050559076,0.062903784,0.001746995,5.8623853,0.35472447,6.058161,-0.07650734,0.12580757,0.00349399,0.1540656,0.0093222875,0.07110491,-0.00089796924,252.48935,250.83081,337.27142,-0.27821714,16.250217,0.3763787
9,24,10,0.001677722,0.049480464,0.020450894,0.023450539,0.0055790325,0.07150331,-0.0031005908,5.8270006,0.6197801,6.36386,0.05984073,0.14300662,-0.0062011816,0.15313569,0.016288042,0.07469292,0.00070235704,252.60567,251.27371,338.22388,-0.67962086,16.250217,0.37074134
9,25,10,0.001677722,0.037407953,0.013633159,0.019211164,0.00456363,0.05838056,-2.1412216e-5,5.2740655,0.13943532,5.7556767,-0.02525821,0.11676112,-4.282443e-5,0.13860434,0.0036644104,0.067554645,-0.00029645633,252.67241,251.62999,337.93167,-0.11417711,16.248596,0.27822348
9,26,10,0.001677722,0.04040492,0.015771942,0.02004394,0.00458904,0.062793195,0.0011108799,5.3871636,-0.35455954,5.771679,-0.24111985,0.12558639,0.0022217599,0.14157662,-0.009317952,0.06774245,-0.002830034,252.7919,252.18475,338.67978,0.5956794,16.248596,0.3215011
9,27,10,0.001677722,0.042035855,0.020177072,0.017229088,0.004629695,0.07102301,-0.0028042982,4.99459,0.11995601,5.7971888,0.08920845,0.14204602,-0.0056085964,0.13125962,0.0031524866,0.06804186,0.0010470423,252.79715,252.18626,339.12524,-0.20916446,16.248596,0.3236216
9,28,10,0.001677722,0.03644587,0.013227289,0.018835966,0.004382618,0.057504974,0.00081042066,5.222309,0.11026155,5.640375,0.0011906094,0.11500995,0.0016208413,0.13724418,0.0028977126,0.066201344,1.3973376e-5,252.7199,251.87036,338.3648,-0.11145216,16.248596,0.33116817
9,29,10,0.001677722,0.041785292,0.01576296,0.021699447,0.0043228883,0.062775314,0.00059156347,5.6052246,-0.65320903,5.601808,-0.1062991,0.12555063,0.0011831269,0.14730732,-0.017166568,0.06574868,-0.0012476379,252.70573,251.68993,338.5296,0.75950813,16.246944,0.40160608
9,30,10,0.001677722,0.0464514,0.020536512,0.021072725,0.004842165,0.07165283,-0.0036261124,5.5236864,-0.15200366,5.928721,0.1200282,0.14330566,-0.0072522247,0.14516447,-0.003994713,0.069585666,0.0014087762,252.721,251.6259,338.71375,0.031975463,16.246944,0.3915239
9,31,10,0.001677722,0.04127132,0.015459563,0.021252736,0.004559022,0.062168244,4.789098e-5,5.5472293,-0.12849589,5.7527704,0.19826253,0.12433649,9.578196e-5,0.14578319,-0.0033769174,0.06752053,0.0023270154,252.7178,251.59442,337.75943,-0.06976664,16.246944,0.37596625
9,32,10,0.001677722,0.04461764,0.016982777,0.022928283,0.00470658,0.06515899,0.00013900608,5.76175,-0.2702435,5.845127,-0.059069853,0.13031799,0.00027801216,0.15142088,-0.0071021016,0.06860452,-0.00069330505,252.71915,251.51567,337.99075,0.32931334,16.246944,0.4433001
9,33,10,0.001677722,0.045599364,0.020078037,0.020236814,0.005284509,0.070848495,-0.0052984958,5.4130216,-0.38549873,6.193606,0.07472256,0.14169699,-0.0105969915,0.14225616,-0.010131043,0.07269463,0.00087702397,252.74748,251.52954,338.3895,0.31077617,16.245277,0.40589443
9,34,10,0.001677722,0.042414494,0.014905384,0.022661276,0.004847832,0.061043803,-0.001380738,5.7281036,-0.7423449,5.9321895,0.05231287,0.122087605,-0.002761476,0.15053663,-0.019509088,0.069626376,0.0006139989,252.76147,251.68866,337.87192,0.69003206,16.245277,0.4053283
9,35,10,0.001677722,0.044896174,0.015880609,0.024238184,0.0047773826,0.06300914,-0.0012560054,5.9240494,-1.1035815,5.8889275,-0.12609598,0.12601829,-0.0025120107,0.15568617,-0.02900255,0.06911861,-0.0014799926,252.81088,251.93414,338.42178,1.2296776,16.245277,0.48704758
9,36,10,0.001677722,0.051561307,0.023972364,0.022883145,0.0047057983,0.07741506,-0.00533963,5.756077,-0.5295828,5.8446417,0.15750745,0.15483011,-0.01067926,0.15127176,-0.0139176315,0.06859882,0.001848672,252.8362,251.98032,338.7359,0.37207535,16.245277,0.4369038
9,37,10,0.001677722,0.043316558,0.014673599,0.023280859,0.0053621,0.060567316,-0.0013914488,5.805882,-0.981589,6.2389097,0.041262906,0.12113463,-0.0027828976,0.15258066,-0.025796501,0.07322636,0.0004843043,252.79787,251.92273,338.00623,0.9403261,16.243643,0.4217341
9,38,10,0.001677722,0.043879114,0.015566354,0.022717705,0.0055950554,0.062382597,-0.001710137,5.7352304,-1.1254474,6.3729925,-0.23913212,0.124765195,-0.003420274,0.15072393,-0.029577173,0.074800104,-0.0028067045,252.79648,251.74329,338.27954,1.3645796,16.243643,0.44478825
9,39,10,0.001677722,0.04981698,0.021086112,0.02339788,0.0053329915,0.07260529,-0.0054929485,5.8204546,-0.7684044,6.2219524,0.10589347,0.14521058,-0.010985897,0.15296365,-0.020193944,0.073027335,0.0012428766,252.83865,251.85847,338.63318,0.66251093,16.243643,0.44490412
9,40,10,0.001677722,0.047464438,0.016045546,0.026035918,0.0053829756,0.06333551,-0.0024053245,6.1398125,-0.9231801,6.251042,0.10449189,0.12667102,-0.004810649,0.1613565,-0.024261497,0.073368765,0.0012264263,252.86865,252.02493,338.0047,0.8186882,16.243643,0.4355064
9,41,10,0.001677722,0.048374,0.017144566,0.025529047,0.0057003857,0.06546863,-0.002282927,6.0797534,-1.5470408,6.432701,-0.34340036,0.13093726,-0.004565854,0.15977812,-0.040656794,0.0755009,-0.0040305066,252.9225,252.19122,338.533,1.8904412,16.242065,0.43147376
9,42,10,0.001677722,0.051407706,0.021501437,0.024196336,0.0057099345,0.07331684,-0.005750745,5.918934,-1.3668956,6.438086,-0.11128586,0.14663368,-0.01150149,0.15555172,-0.03592251,0.07556411,-0.0013061686,252.96808,252.35916,338.9239,1.4781814,16.242065,0.42957997
9,43,10,0.001677722,0.045882374,0.014547879,0.025673982,0.0056605116,0.060307294,-0.0013675946,6.0969872,-1.5985292,6.410163,-0.09817925,0.12061459,-0.0027351892,0.16023102,-0.042009916,0.07523637,-0.0011523345,252.98627,252.47044,338.40155,1.6967084,16.242065,0.44637987
9,44,10,0.001677722,0.047595657,0.014281157,0.02732101,0.005993489,0.059751898,-0.001241169,6.2895136,-1.7615947,6.596007,-0.066619314,0.119503796,-0.002482338,0.16529068,-0.04629534,0.07741763,-0.0007819142,253.0449,252.65424,338.90247,1.8282139,16.242065,0.47576752
9,45,10,0.001677722,0.05345146,0.020868495,0.026653977,0.005928991,0.07222966,-0.005147512,6.2122607,-1.5441475,6.56042,0.06821642,0.14445932,-0.010295024,0.16326046,-0.040580746,0.07699994,0.00080066046,253.08417,252.79416,339.248,1.475931,16.240559,0.44092762
9,46,10,0.001677722,0.049008086,0.014226799,0.028868167,0.005913118,0.05963807,-0.0010857206,6.465145,-1.9451531,6.5516324,-0.032277368,0.11927614,-0.0021714412,0.16990635,-0.05111933,0.0768968,-0.0003788408,253.12222,253.13467,338.8227,1.9774305,16.240559,0.48902172
9,47,10,0.001677722,0.050799623,0.015222271,0.029489543,0.0060878107,0.061689284,0.0007334653,6.5343547,-2.4521282,6.6477056,-0.21724045,0.12337857,0.0014669306,0.1717252,-0.06444283,0.078024425,-0.002549763,253.18912,253.37248,339.47012,2.6693687,16.240559,0.5339945
9,48,10,0.001677722,0.055443093,0.020487392,0.02863966,0.0063160425,0.07156709,-0.0044208295,6.4395065,-1.9389131,6.77117,0.060928363,0.14313418,-0.008841659,0.16923256,-0.05095533,0.07947353,0.00071512116,253.1828,253.3134,339.6723,1.8779848,16.240559,0.49848327
9,49,10,0.001677722,0.05046335,0.014803877,0.02964925,0.006010219,0.060835592,-0.00028861978,6.552025,-1.8203858,6.6052065,-0.40265363,0.121671185,-0.00057723955,0.17218958,-0.0478404,0.0775256,-0.0047259643,253.12962,253.10522,338.81738,2.2230394,16.239145,0.5025215
9,50,10,0.001677722,0.053051874,0.017899387,0.029269027,0.005883462,0.06689429,0.00019522877,6.5098777,-2.1224089,6.5351815,-0.7138586,0.13378859,0.00039045754,0.17108193,-0.055777676,0.07670373,-0.008378589,253.15779,253.05919,339.33032,2.8362675,16.239145,0.4884824
9,51,10,0.001677722,0.05536984,0.022160321,0.027136497,0.0060730204,0.07443172,-0.004798266,6.2682385,-1.668109,6.6396255,-0.38272226,0.14886343,-0.009596532,0.16473159,-0.043838516,0.077929586,-0.0044920305,253.20117,253.16734,339.63318,2.0508313,16.239145,0.4486886
9,52,10,0.001677722,0.05099405,0.015944589,0.02865168,0.006397779,0.063135944,-0.0008370711,6.440858,-1.7901706,6.8148427,-0.54583013,0.12627189,-0.0016741422,0.16926807,-0.047046322,0.07998612,-0.0064064353,253.21883,253.33665,339.15747,2.3360007,16.239145,0.47553653
9,53,10,0.001677722,0.050788753,0.016838953,0.027750835,0.006198967,0.064882495,0.0010993141,6.338795,-2.0344784,6.708121,-0.90377396,0.12976499,0.0021986281,0.16658582,-0.05346682,0.07873352,-0.010607638,253.29742,253.67303,340.09552,2.9382524,16.237839,0.49236444
9,54,10,0.001677722,0.05376616,0.020386705,0.027203625,0.006175833,0.07139101,-0.0028420389,6.2759867,-1.6803305,6.6955924,-0.5252995,0.14278202,-0.0056840777,0.16493522,-0.04415968,0.07858647,-0.006165462,253.34927,253.83472,340.35794,2.20563,16.237839,0.46092704
9,55,10,0.001677722,0.054059718,0.018253457,0.029290067,0.006516191,0.06755268,0.0010459033,6.512216,-1.7964015,6.877619,-0.66512847,0.13510536,0.0020918066,0.17114341,-0.04721008,0.08072293,-0.0078066415,253.36195,254.0028,339.73563,2.46153,16.237839,0.4922353
9,56,10,0.001677722,0.056478668,0.018971043,0.030558534,0.0069490946,0.068867706,0.0010922203,6.651735,-2.0931857,7.1024036,-0.9848303,0.13773541,0.0021844406,0.17480999,-0.055009678,0.08336123,-0.011559002,253.43277,254.27147,340.54648,3.078016,16.237839,0.49257717
9,57,10,0.001677722,0.056216255,0.021729367,0.028082555,0.0064043314,0.07370442,-0.0018839848,6.376568,-1.4978973,6.8183312,-0.3476547,0.14740884,-0.0037679696,0.1675785,-0.039365277,0.080027066,-0.0040804376,253.49664,254.52324,340.99304,1.845552,16.236639,0.42607638
9,58,10,0.001677722,0.05404625,0.017217815,0.030223196,0.006605238,0.06560834,0.0012347858,6.615137,-1.6185439,6.9244523,-0.42652622,0.13121668,0.0024695715,0.1738482,-0.042535916,0.08127262,-0.0050061573,253.53835,254.6892,340.4917,2.0450702,16.236639,0.46024266
9,59,10,0.001677722,0.054061256,0.018848835,0.0290226,0.0061898227,0.06864553,0.0023090853,6.482415,-1.768166,6.7031717,-0.64825344,0.13729106,0.0046181707,0.17036021,-0.04646804,0.07867543,-0.0076085804,253.58492,254.73816,340.75177,2.4164195,16.236639,0.4713828
9,60,10,0.001677722,0.05621582,0.020999627,0.028847324,0.006368869,0.07245624,-0.0019493607,6.462811,-1.4500587,6.799427,-0.29253584,0.14491248,-0.0038987214,0.169845,-0.03810806,0.079805195,-0.0034335044,253.58333,254.711,340.71307,1.7425945,16.236639,0.47478515
9,61,10,0.001677722,0.04860193,0.016072104,0.026984956,0.0055448674,0.0633879,0.0014549214,6.2507124,-0.6053945,6.3443456,-0.40290645,0.1267758,0.0029098429,0.16427098,-0.015909983,0.07446387,-0.004728934,253.52916,254.49014,339.8704,1.0083009,16.235579,0.36518535
9,62,10,0.001677722,0.050862383,0.018068647,0.027291201,0.005502534,0.06720983,0.001611681,6.2860804,-0.82372284,6.3200808,-0.66423607,0.13441966,0.003223362,0.16520049,-0.021647735,0.07417907,-0.0077961697,253.52434,254.35056,340.07516,1.4879589,16.235579,0.3539449
9,63,10,0.001677722,0.060099326,0.02707031,0.027089147,0.005939872,0.08226529,-0.0028798834,6.262768,-0.7426624,6.566437,-0.0031761401,0.16453058,-0.005759767,0.16458781,-0.019517431,0.077070564,-3.72806e-5,253.54445,254.4002,340.65204,0.7458385,16.235579,0.4102887
9,64,10,0.001677722,0.052136116,0.01615151,0.029515615,0.00646899,0.063544296,0.0010781626,6.537242,-0.6718958,6.8526645,-0.089851305,0.12708859,0.0021563252,0.17180109,-0.017657667,0.08043003,-0.0010545916,253.50702,254.28632,339.9873,0.7617471,16.235579,0.4193634
9,65,10,0.001677722,0.053453933,0.019702828,0.02828107,0.005470033,0.07018338,0.0025550916,6.399066,0.056379452,6.301387,-0.32982436,0.14036676,0.0051101833,0.16816977,0.0014816824,0.07395967,-0.0038711622,253.51772,254.20758,340.48724,0.2734449,16.23466,0.3051193
9,66,10,0.001677722,0.058065087,0.023829851,0.028671524,0.005563713,0.0771846,-0.0015329446,6.443087,0.33733684,6.3551173,0.06526762,0.1543692,-0.0030658892,0.16932668,0.00886533,0.0745903,0.0007660479,253.51463,254.09415,340.46497,-0.40260446,16.23466,0.3262794
9,67,10,0.001677722,0.050914064,0.01816889,0.027524335,0.005220838,0.067396015,0.0014483521,6.312874,0.44541577,6.15618,-0.23646978,0.13479203,0.0028967042,0.1659046,0.011705692,0.072255366,-0.0027754547,253.46654,253.8836,339.17218,-0.20894599,16.23466,0.29790416
9,68,10,0.001677722,0.050346404,0.01943512,0.025633411,0.005277873,0.06970495,0.0018006967,6.0921683,0.42109728,6.189715,-0.48352543,0.1394099,0.0036013934,0.16010438,0.011066602,0.07264897,-0.0056751594,253.51433,253.9981,339.52383,0.062428147,16.23466,0.28679234
9,69,10,0.001677722,0.051021077,0.025153002,0.021147965,0.00472011,0.07929849,-0.0010503732,5.533539,0.718254,5.8535223,0.097542666,0.15859698,-0.0021007464,0.1454234,0.01887597,0.068703055,0.001144862,253.6034,254.3836,340.11243,-0.8157967,16.233894,0.24377722
9,70,10,0.001677722,0.046503156,0.018275097,0.023381125,0.0048469347,0.06759271,0.0020649885,5.8183703,0.6451674,5.93164,-0.037576154,0.13518542,0.004129977,0.15290888,0.016955236,0.06961993,-0.00044103252,253.63818,254.66438,339.77466,-0.6075913,16.233894,0.24709502
9,71,10,0.001677722,0.051248834,0.020307027,0.025797546,0.005144259,0.07125136,0.0030505327,6.111641,0.56004363,6.110864,-0.05735559,0.14250273,0.0061010653,0.16061614,0.014718155,0.07172349,-0.000673183,253.69109,254.92334,340.5604,-0.50268805,16.233894,0.25594854
9,72,10,0.001677722,0.054270383,0.02280121,0.026477331,0.004991841,0.07550035,0.0006315914,6.191641,0.53096527,6.0196543,0.3188716,0.1510007,0.0012631828,0.16271856,0.013953954,0.07065296,0.0037426106,253.7133,254.99625,340.77936,-0.8498368,16.233894,0.26402482
9,73,10,0.001677722,0.045333497,0.017633785,0.023297973,0.004401741,0.06639613,0.0048948233,5.8080153,1.0134058,5.652667,-0.037942577,0.13279226,0.009789647,0.15263674,0.026632672,0.06634562,-0.0004453334,253.69484,254.90144,339.9483,-0.9754632,16.233284,0.2664996
9,74,10,0.001677722,0.047839567,0.02219831,0.021266164,0.004375092,0.07449549,0.005354758,5.5489807,0.99468493,5.6355314,-0.32006618,0.14899097,0.010709516,0.14582923,0.026140684,0.06614448,-0.003756631,253.72911,254.96092,340.508,-0.6746187,16.233284,0.25444955
9,75,10,0.001677722,0.0486232,0.023724908,0.02033419,0.0045641023,0.07701446,0.0012046185,5.426029,0.8661612,5.7559752,0.15358,0.15402892,0.002409237,0.142598,0.022763025,0.06755814,0.0018025754,253.7687,255.16939,340.74155,-1.0197412,16.233284,0.24680921
9,76,10,0.001677722,0.04512434,0.019176278,0.021387413,0.004560651,0.06923922,0.0053164777,5.5647774,0.6003758,5.753798,-0.10781496,0.13847844,0.0106329555,0.14624436,0.015778089,0.06753259,-0.0012654298,253.7893,255.35933,340.24518,-0.4925608,16.233284,0.24524799
9,77,10,0.001677722,0.046937432,0.01950117,0.022842946,0.004593318,0.069823295,0.007021058,5.751018,0.86439294,5.7743683,-0.27339447,0.13964659,0.014042116,0.15113883,0.022716556,0.06777402,-0.0032088438,253.82051,255.44504,340.88214,-0.5909985,16.232777,0.27094072
9,78,10,0.001677722,0.04649567,0.020820422,0.021647833,0.00402741,0.072146416,0.0032842183,5.598554,0.990559,5.4069715,0.23673216,0.14429283,0.0065684365,0.14713202,0.026032249,0.06346188,0.0027785355,253.8164,255.39134,341.36948,-1.2272911,16.232777,0.24256265
9,79,10,0.001677722,0.04170396,0.017733933,0.02010186,0.0038681694,0.06658441,0.006765117,5.3949423,0.91294867,5.2990007,-0.0029025609,0.13316882,0.013530234,0.14178103,0.023992626,0.06219461,-3.4067063e-5,253.75311,255.22566,340.35724,-0.9100461,16.232777,0.23722816
9,80,10,0.001677722,0.046302937,0.019465465,0.022654664,0.00418281,0.06975935,0.0068456135,5.7272677,0.96031153,5.5103,-0.14780189,0.1395187,0.013691227,0.15051466,0.025237337,0.064674646,-0.0017347567,253.73709,255.0713,340.5889,-0.81250966,16.232777,0.25935534
9,81,10,0.001677722,0.045461953,0.020904426,0.020650167,0.003907362,0.072291814,0.0039361697,5.4680243,1.1295284,5.325778,0.22769946,0.14458363,0.007872339,0.14370166,0.029684413,0.062508896,0.0026725193,253.75186,255.12543,340.81354,-1.3572278,16.232353,0.25537717
9,82,10,0.001677722,0.04541941,0.020853477,0.020563513,0.004002424,0.072203666,0.008097825,5.4565396,1.1969299,5.390173,0.12043901,0.14440733,0.01619565,0.14339983,0.03145575,0.06326471,0.0014135973,253.70306,255.01045,339.88538,-1.317369,16.232353,0.24592963
9,83,10,0.001677722,0.047465798,0.01894059,0.024248602,0.0042766063,0.06881241,0.008345665,5.9253225,1.501844,5.5717406,-0.2539093,0.13762482,0.01669133,0.15571962,0.039469004,0.065395765,-0.0029801452,253.68959,254.90424,340.3743,-1.2479348,16.232353,0.32092288
9,84,10,0.001677722,0.048696972,0.024307743,0.02059615,0.0037930799,0.0779547,0.004971338,5.460868,1.406334,5.247316,0.20658158,0.1559094,0.009942676,0.14351359,0.036958966,0.061587986,0.0024246578,253.67657,254.79364,340.74936,-1.6129156,16.232353,0.2821645
9,85,10,0.001677722,0.04244932,0.017611511,0.02083505,0.0040027597,0.066354185,0.009634559,5.4924474,1.5873898,5.3903995,-0.11247122,0.13270837,0.019269118,0.14434351,0.04171717,0.063267365,-0.0013200794,253.62318,254.53777,339.76978,-1.4749186,16.232038,0.3062437
9,86,10,0.001677722,0.047925685,0.021147449,0.022499215,0.004279022,0.07271081,0.009490567,5.7075844,1.5941143,5.5733137,-0.3217447,0.14542162,0.018981135,0.14999738,0.0418939,0.065414235,-0.0037763317,253.64781,254.58891,340.06543,-1.2723696,16.232038,0.32926342
9,87,10,0.001677722,0.052043457,0.023269096,0.024574984,0.0041993735,0.07627106,0.005946818,5.9650664,1.5781164,5.5211997,0.24358912,0.15254211,0.011893636,0.1567641,0.04147347,0.06480257,0.0028590157,253.64262,254.54999,340.1491,-1.8217056,16.232038,0.31015462
9,88,10,0.001677722,0.045844086,0.016870582,0.024707949,0.004265556,0.0649434,0.009134096,5.9811826,1.6365002,5.5645366,0.05542803,0.1298868,0.018268192,0.15718763,0.04300782,0.06531122,0.0006505609,253.59383,254.33275,339.1976,-1.6919283,16.232038,0.2985589
9,89,10,0.001677722,0.047013734,0.018858414,0.023725616,0.004429703,0.06866297,0.008568531,5.8610773,1.4110402,5.670593,-0.43443197,0.13732594,0.017137062,0.15403122,0.03708265,0.066556014,-0.005098948,253.5994,254.24785,339.50482,-0.9766082,16.23179,0.31315306
9,90,10,0.001677722,0.04673571,0.02257034,0.019900482,0.004264892,0.07511714,0.00604177,5.3678517,1.3414035,5.5641036,-0.008246007,0.15023428,0.01208354,0.14106907,0.03525257,0.06530614,-9.6784395e-5,253.61447,254.30972,340.07693,-1.3331574,16.23179,0.27908334
9,91,10,0.001677722,0.03882844,0.015459262,0.019542785,0.003826393,0.06216764,0.009714306,5.319391,1.1986548,5.270308,-0.4183492,0.12433528,0.019428613,0.13979551,0.03150108,0.061857846,-0.004910184,253.57611,254.27026,339.3226,-0.78030556,16.23179,0.26074252
9,92,10,0.001677722,0.044885546,0.017634252,0.022961462,0.004289832,0.06639701,0.008531091,5.765918,1.049945,5.5803485,-0.6935491,0.13279402,0.017062182,0.1515304,0.027592933,0.06549681,-0.008140216,253.58432,254.28151,339.65015,-0.3563959,16.23179,0.30218405
9,93,10,0.001677722,0.046187315,0.020899966,0.020431316,0.004856032,0.0722841,0.0055697095,5.438972,0.86569107,5.9372044,-0.17115483,0.1445682,0.011139419,0.14293815,0.022750681,0.069685236,-0.002008852,253.58894,254.17336,339.70865,-0.6945362,16.231592,0.2829846
9,94,10,0.001677722,0.042031232,0.018685192,0.018665582,0.0046804594,0.068346895,0.008738811,5.1986356,0.7994137,5.828885,-0.42382053,0.13669379,0.017477622,0.13662204,0.021008877,0.06841388,-0.0049744,253.59178,254.14137,338.9673,-0.37559316,16.231592,0.25951713
9,95,10,0.001677722,0.04742098,0.022546075,0.020406062,0.0044688447,0.07507675,0.009242011,5.43561,0.78865665,5.695592,-0.5927823,0.1501535,0.018484022,0.14284979,0.020726185,0.06684942,-0.006957514,253.64508,254.29921,339.55588,-0.19587433,16.231592,0.30013874
9,96,10,0.001677722,0.045977607,0.023287263,0.018288445,0.004401899,0.07630082,0.005648853,5.145849,0.5710114,5.652769,-0.21181364,0.15260164,0.011297706,0.13523477,0.015006387,0.06634681,-0.0024860657,253.70097,254.54837,339.96924,-0.3591978,16.231592,0.28140834
9,97,10,0.001677722,0.037862085,0.01641642,0.017144337,0.004301328,0.06406329,0.009293493,4.9822903,0.098231345,5.587821,-0.62916815,0.12812658,0.018586986,0.13093638,0.0025815566,0.06558451,-0.007384575,253.70947,254.6563,339.35214,0.53093684,16.231363,0.2626091
9,98,10,0.001677722,0.039360993,0.018273374,0.01661945,0.0044681705,0.06758952,0.010781125,4.905429,0.047466703,5.6951623,-0.69535774,0.13517904,0.02156225,0.12891644,0.0012474445,0.066844374,-0.008161445,253.71463,254.73068,339.92575,0.64789104,16.231363,0.2774438
9,99,10,0.001677722,0.042561058,0.02163497,0.016504943,0.0044211433,0.07354415,0.006785442,4.8885,0.22631924,5.665112,-0.06563917,0.1470883,0.013570884,0.12847157,0.0059477463,0.06649168,-0.00077041023,253.71051,254.72932,340.36932,-0.16068007,16.231363,0.28232017
9,100,10,0.001677722,0.034815583,0.016401585,0.014579883,0.0038341153,0.064034335,0.01106162,4.5945783,0.31726474,5.275624,-0.32574356,0.12806867,0.02212324,0.120747186,0.008337837,0.061920233,-0.003823267,253.65619,254.5479,339.79428,0.00847882,16.231363,0.27572992
10,1,10,0.0013421776,0.054125253,0.014720402,0.033141308,0.0062635415,0.06066383,0.008041469,6.927133,2.222915,6.7429695,0.4152343,0.12132766,0.016082939,0.18204755,0.058418997,0.07914254,0.0048736245,253.19531,252.491,338.25165,-2.6381493,16.231047,0.7010881
10,2,10,0.0013421776,0.052844677,0.014604742,0.031142017,0.0070979185,0.06042504,0.0086640185,6.714939,1.9741052,7.1780534,-0.09665857,0.12085008,0.017328037,0.17647101,0.05188021,0.08424915,-0.0011344865,253.18498,252.31982,338.51938,-1.8774467,16.231047,0.7016049
10,3,10,0.0013421776,0.057459436,0.017294528,0.03302892,0.0071359873,0.06575433,0.0033945069,6.9153767,1.9792277,7.197277,0.4428368,0.13150866,0.0067890137,0.1817386,0.052014817,0.08447477,0.0051975893,253.1836,252.25748,338.67157,-2.4220645,16.231047,0.72749525
10,4,10,0.0013421776,0.05487636,0.012730955,0.035767738,0.0063776663,0.056415766,0.008029223,7.196385,2.0550978,6.8041224,0.36575976,0.11283153,0.016058447,0.1891236,0.054008678,0.07986029,0.0042929384,253.14548,252.15637,338.143,-2.4208577,16.231047,0.75480396
10,5,10,0.0013421776,0.048798617,0.012812109,0.029389065,0.006597445,0.056595292,0.0072659566,6.523213,1.5541434,6.9203672,0.029051155,0.113190584,0.014531913,0.17143239,0.040843442,0.08122466,0.0003409753,253.13991,252.07544,338.6639,-1.5831946,16.23069,0.65581244
10,6,10,0.0013421776,0.054570977,0.016720366,0.03077968,0.007070933,0.06465363,0.00389693,6.6757607,1.5939615,7.164397,0.53594923,0.12930726,0.00779386,0.17544138,0.041889884,0.08408884,0.0062904586,253.10332,251.92683,338.6735,-2.1299107,16.23069,0.6399393
10,7,10,0.0013421776,0.05041883,0.012983767,0.031151263,0.0062838024,0.056973167,0.00830194,6.7159357,1.9104607,6.753866,0.37552842,0.11394633,0.01660388,0.1764972,0.05020758,0.07927044,0.004407595,253.00807,251.55798,337.49677,-2.285989,16.23069,0.6520381
10,8,10,0.0013421776,0.048058998,0.011903873,0.029647337,0.0065077883,0.054552436,0.0071009384,6.551813,1.7655565,6.8731833,0.08144232,0.10910487,0.014201877,0.17218402,0.046399444,0.08067086,0.0009558923,252.96828,251.30496,337.4816,-1.8469988,16.23069,0.64866304
10,9,10,0.0013421776,0.050216142,0.017207673,0.026436336,0.006572132,0.06558901,0.0025874486,6.1868453,1.4743541,6.907077,0.56937087,0.13117802,0.005174897,0.16259255,0.03874655,0.08106869,0.006682735,252.95847,251.21785,337.68686,-2.043725,16.230228,0.5641218
10,10,10,0.0013421776,0.048020042,0.012959927,0.029008914,0.0060511995,0.056920838,0.0064686127,6.4808865,1.572203,6.6276855,0.4224833,0.113841675,0.012937225,0.17032003,0.04131806,0.077789456,0.004958711,252.94783,251.23962,337.02734,-1.9946864,16.230228,0.5806888
10,11,10,0.0013421776,0.047151018,0.013155092,0.027920805,0.0060751215,0.057347823,0.006597062,6.3581777,1.3671443,6.640774,0.10057931,0.114695646,0.013194124,0.1670952,0.03592905,0.077943064,0.0011805043,252.95601,251.28241,337.4992,-1.4677236,16.230228,0.5727224
10,12,10,0.0013421776,0.051537715,0.015369498,0.02918303,0.0069851894,0.06198689,0.0031008774,6.500307,1.4945022,7.1208253,0.45593956,0.12397378,0.006201755,0.17083041,0.039276086,0.08357745,0.005351385,252.8836,250.93237,337.42755,-1.9504417,16.230228,0.57927793
10,13,10,0.0013421776,0.043021116,0.011693184,0.025448428,0.005879504,0.054067515,0.00571626,6.0701456,1.0847278,6.532984,0.38391656,0.10813503,0.01143252,0.15952563,0.028507026,0.076677926,0.004506047,252.77814,250.51567,336.26184,-1.4686444,16.229677,0.4498857
10,14,10,0.0013421776,0.04350104,0.011539464,0.025146138,0.0068154405,0.05371095,0.0048230924,6.033986,0.83211803,7.03377,0.082999416,0.1074219,0.009646185,0.15857534,0.021868361,0.08255568,0.0009741687,252.72125,250.17775,336.20044,-0.91511744,16.229677,0.4473566
10,15,10,0.0013421776,0.048644714,0.015867395,0.025371434,0.0074058827,0.062982924,0.0012694434,6.060957,0.9812784,7.3321214,0.5417289,0.12596585,0.0025388869,0.15928413,0.025788346,0.08605744,0.006358291,252.66364,249.8731,336.04993,-1.5230074,16.229677,0.45702332
10,16,10,0.0013421776,0.045400392,0.01297946,0.025850669,0.0065702633,0.056963716,0.0049551423,6.117931,1.0707796,6.9060965,0.3831861,0.11392743,0.009910285,0.16078143,0.028140469,0.08105716,0.004497476,252.61522,249.74022,335.30594,-1.4539657,16.229677,0.47206458
10,17,10,0.0013421776,0.039400455,0.013126291,0.020611854,0.0056623123,0.057285015,0.0041343486,5.46295,0.30927423,6.411183,-0.13987374,0.11457003,0.008268697,0.14356829,0.008127838,0.07524834,-0.0016417004,252.6001,249.67262,335.65192,-0.16940048,16.22904,0.3404861
10,18,10,0.0013421776,0.042021714,0.014092611,0.021930424,0.005998678,0.059356153,0.0014332125,5.6349773,0.4836023,6.598861,0.22338043,0.118712306,0.002866425,0.14808924,0.012709249,0.07745113,0.0026218258,252.57909,249.59462,335.76788,-0.70698273,16.22904,0.35520136
10,19,10,0.0013421776,0.040920194,0.011605347,0.023731621,0.005583228,0.053864058,0.005984651,5.861819,0.473151,6.3662534,0.024477294,0.107728116,0.011969302,0.15405071,0.012434569,0.074721,0.00028728746,252.55339,249.51413,335.1434,-0.4976283,16.22904,0.34918267
10,20,10,0.0013421776,0.04143415,0.012171786,0.023504483,0.0057578804,0.05516291,0.005289253,5.8336987,0.16985345,6.4650598,-0.20859624,0.11032582,0.010578506,0.15331171,0.00446381,0.0758807,-0.0024483036,252.55402,249.52467,335.31195,0.038742796,16.22904,0.3395536
10,21,10,0.0013421776,0.040932734,0.014486605,0.021095833,0.005350296,0.060180157,0.0010020885,5.5267143,-0.22018124,6.232038,0.10166885,0.120360315,0.002004177,0.14524405,-0.005786448,0.07314572,0.0011932922,252.53497,249.47426,335.37296,0.11851239,16.228317,0.29976875
10,22,10,0.0013421776,0.039492514,0.011805959,0.022302713,0.0053838408,0.054327615,0.00529572,5.6826053,-0.17276132,6.2515445,-0.12686554,0.10865523,0.01059144,0.14934093,-0.0045402315,0.07337466,-0.0014890254,252.48608,249.33142,334.37015,0.29962686,16.228317,0.3022706
10,23,10,0.0013421776,0.039430693,0.012926133,0.021140696,0.0053638634,0.056846578,0.004876854,5.532588,-0.36592996,6.2399354,-0.38378918,0.113693155,0.009753708,0.14539841,-0.009616773,0.0732384,-0.0045045516,252.49968,249.33728,334.6853,0.74971914,16.228317,0.30910695
10,24,10,0.0013421776,0.044210766,0.016912047,0.02127851,0.0060202074,0.06502316,0.0017953325,5.5505915,-0.17711955,6.610692,-0.0046676868,0.13004632,0.003590665,0.14587155,-0.004654769,0.077589996,-5.4786902e-5,252.47455,249.29282,334.8417,0.18178724,16.228317,0.32061127
10,25,10,0.0013421776,0.041177534,0.014099857,0.022374338,0.0047033373,0.059371408,0.004895993,5.6917233,-0.58795935,5.8431125,-0.09611109,0.118742816,0.009791986,0.14958054,-0.015451773,0.06858088,-0.0011280612,252.40944,249.09618,334.11862,0.68407047,16.227509,0.34447765
10,26,10,0.0013421776,0.04043261,0.012583612,0.022682955,0.005166043,0.05608835,0.005262181,5.7308426,-0.83170635,6.1237893,-0.48607236,0.1121767,0.010524362,0.15060861,-0.021857541,0.07187519,-0.005705055,252.36572,248.83255,334.41727,1.3177787,16.227509,0.36493337
10,27,10,0.0013421776,0.04042989,0.013046421,0.022045111,0.0053383578,0.057110466,0.0012580281,5.649693,-0.6344033,6.225082,-0.12893333,0.11422093,0.0025160562,0.14847596,-0.016672347,0.07306407,-0.0015132993,252.3539,248.76482,334.49905,0.7633366,16.227509,0.35987148
10,28,10,0.0013421776,0.042872917,0.0150789255,0.022785839,0.005008155,0.061398137,0.0048851743,5.7438245,-0.62362725,6.029484,-0.20528193,0.122796275,0.009770349,0.15094979,-0.016389158,0.07076832,-0.0024094044,252.33365,248.78198,333.66443,0.82890916,16.227509,0.36675334
10,29,10,0.0013421776,0.04065659,0.013900764,0.022310417,0.0044454066,0.058950752,0.0032365415,5.683587,-1.0821719,5.680636,-0.40489975,0.117901504,0.006473083,0.14936672,-0.02843987,0.06667388,-0.004752329,252.33687,248.79831,333.97214,1.4870716,16.226599,0.4053074
10,30,10,0.0013421776,0.04274576,0.0148502365,0.0231637,0.004731828,0.060930774,0.00013000796,5.7912545,-0.84826446,5.8607836,-0.044767823,0.12186155,0.00026001592,0.15219626,-0.022292698,0.06878828,-0.00052544114,252.28441,248.59761,333.87714,0.89303225,16.226599,0.40266085
10,31,10,0.0013421776,0.042770047,0.013781444,0.024440994,0.004547606,0.058697198,0.004258484,5.948783,-0.83739173,5.7455645,-0.03279788,0.117394395,0.008516968,0.15633616,-0.022006953,0.06743594,-0.00038494996,252.23422,248.4499,333.0771,0.8701896,16.226599,0.40319017
10,32,10,0.0013421776,0.044549096,0.015228297,0.024533026,0.004787773,0.06170149,0.0038345458,5.959972,-1.1055913,5.8953285,-0.25226188,0.12340298,0.0076690917,0.15663022,-0.029055346,0.069193736,-0.0029608086,252.26979,248.59592,333.52563,1.3578532,16.226599,0.41947567
10,33,10,0.0013421776,0.043870535,0.015382703,0.023978917,0.004508915,0.062013514,0.00024141808,5.892281,-1.1506112,5.7210693,0.18376693,0.12402703,0.00048283616,0.15485127,-0.03023847,0.067148454,0.0021568807,252.29869,248.79356,333.925,0.9668442,16.225616,0.41333356
10,34,10,0.0013421776,0.045887314,0.015993556,0.025584428,0.004309332,0.06323282,0.0036998084,6.0863442,-1.1080008,5.593018,0.10059877,0.12646563,0.0073996168,0.15995133,-0.02911866,0.0656455,0.0011807331,252.28188,248.79092,333.34372,1.007402,16.225616,0.4188907
10,35,10,0.0013421776,0.04408949,0.015145452,0.0246676,0.0042764354,0.06153343,0.0026530533,5.9762964,-1.2078999,5.571629,-0.14937876,0.12306686,0.0053061065,0.15705922,-0.031744048,0.06539446,-0.0017532652,252.29323,248.80333,333.8781,1.3572787,16.225616,0.4299167
10,36,10,0.0013421776,0.043591406,0.014092387,0.02495992,0.0045391,0.05935568,0.0003985558,6.011603,-0.88118553,5.7401876,0.13723893,0.11871136,0.0007971116,0.15798709,-0.02315787,0.06737284,0.0016107764,252.25183,248.62895,333.94263,0.7439466,16.225616,0.4142333
10,37,10,0.0013421776,0.044923842,0.015194719,0.025779197,0.003949924,0.06163343,0.0029511144,6.109467,-0.8824158,5.354705,0.10493123,0.12326686,0.005902229,0.16055901,-0.02319021,0.06284842,0.0012315819,252.15616,248.2599,333.0691,0.77748454,16.22457,0.41152027
10,38,10,0.0013421776,0.043939978,0.015528335,0.024332268,0.0040793736,0.06230637,0.0022338345,5.9355364,-0.9655956,5.441742,-0.18648934,0.12461274,0.004467669,0.15598804,-0.02537619,0.063869976,-0.0021888334,252.10875,247.98248,333.18893,1.152085,16.22457,0.41391152
10,39,10,0.0013421776,0.044384427,0.016493885,0.02353313,0.0043574134,0.06421426,-0.00021028744,5.8372526,-0.7227326,5.624133,0.3042445,0.12842852,-0.00042057488,0.15340512,-0.01899367,0.066010706,0.0035709299,252.067,247.80078,332.76468,0.41848812,16.22457,0.38465178
10,40,10,0.0013421776,0.044852927,0.015487224,0.02529195,0.004073752,0.062223837,0.0033939728,6.051455,-0.75004584,5.4379916,0.25612342,0.12444767,0.0067879455,0.15903443,-0.019711472,0.06382595,0.0030061319,252.02309,247.61336,331.9709,0.4939224,16.22457,0.3892672
10,41,10,0.0013421776,0.04285844,0.015796466,0.022991855,0.004070123,0.062842,0.0017319769,5.7697325,-0.781208,5.435569,0.20707583,0.125684,0.0034639537,0.15163065,-0.020530427,0.06379752,0.0024304576,252.0057,247.55869,332.02124,0.57413214,16.22348,0.36355507
10,42,10,0.0013421776,0.046197396,0.018103972,0.023781694,0.004311728,0.0672755,-0.00066554034,5.868,-0.600209,5.5945725,0.5665661,0.134551,-0.0013310807,0.15421315,-0.015773706,0.06566375,0.0066498127,251.98042,247.54471,331.9584,0.033642888,16.22348,0.34986517
10,43,10,0.0013421776,0.045260824,0.017975707,0.023187434,0.0040976866,0.067036755,0.0024234306,5.7942204,-0.55733114,5.453943,0.40818945,0.13407351,0.004846861,0.1522742,-0.014646867,0.064013176,0.004790937,251.91724,247.27945,330.99475,0.1491417,16.22348,0.35079804
10,44,10,0.0013421776,0.046362273,0.018236175,0.023773877,0.0043522175,0.06752069,0.001143359,5.867035,-0.62455624,5.6207786,0.092194915,0.13504139,0.002286718,0.1541878,-0.01641356,0.06597134,0.0010820965,251.91441,247.18689,331.35614,0.5323613,16.22348,0.34202117
10,45,10,0.0013421776,0.042266637,0.018069223,0.019819262,0.0043781544,0.067210905,-0.0028125753,5.3568864,-0.15457508,5.6375027,0.41347635,0.13442181,-0.0056251506,0.1407809,-0.0040622912,0.06616762,0.004852992,251.91826,247.20763,331.49338,-0.25890127,16.22237,0.2655948
10,46,10,0.0013421776,0.04352851,0.017964313,0.02120821,0.004355985,0.06701551,0.0013142261,5.5414147,-0.2793086,5.6232114,0.52518666,0.13403101,0.0026284521,0.14563039,-0.007340328,0.06599989,0.0061641377,251.89595,247.28749,330.84644,-0.24587807,16.22237,0.2685471
10,47,10,0.0013421776,0.0447765,0.0178691,0.022161018,0.004746382,0.066837676,-4.088442e-5,5.6645255,-0.36717516,5.8697896,0.21821378,0.13367535,-8.176884e-5,0.14886577,-0.009649498,0.06889399,0.002561185,251.91159,247.28302,331.0718,0.14896138,16.22237,0.28488028
10,48,10,0.0013421776,0.043133695,0.017876064,0.02048801,0.0047696186,0.0668507,-0.0032588695,5.446513,-0.26865917,5.8841405,0.5274015,0.1337014,-0.006517739,0.14313634,-0.0070604617,0.06906243,0.0061901337,251.93777,247.37654,331.37662,-0.25874233,16.22237,0.26355404
10,49,10,0.0013421776,0.042500768,0.01810755,0.019961065,0.004432152,0.06728215,0.0009842094,5.376015,-0.24448067,5.672161,0.45016864,0.1345643,0.0019684187,0.14128363,-0.006425045,0.06657441,0.00528365,251.92934,247.38705,331.1288,-0.20568797,16.22126,0.22725092
10,50,10,0.0013421776,0.04270955,0.017260639,0.020928174,0.0045207357,0.06568988,-9.6092925e-5,5.504709,-0.30445305,5.7285643,0.06985797,0.13137975,-0.00019218585,0.14466573,-0.008001135,0.067236416,0.0008199269,251.96587,247.5485,331.7465,0.23459508,16.22126,0.23606317
10,51,10,0.0013421776,0.045642227,0.018871874,0.022239419,0.004530937,0.06868747,-0.0025912444,5.6745367,-0.09285651,5.735023,0.24769692,0.13737494,-0.005182489,0.14912887,-0.0024402984,0.06731223,0.0029072303,251.97446,247.67354,331.9316,-0.15484041,16.22126,0.23857698
10,52,10,0.0013421776,0.045709465,0.018580452,0.022593748,0.0045352667,0.068155065,0.00024635895,5.7195625,-0.14676467,5.7377634,0.23060705,0.13631013,0.0004927179,0.15031217,-0.003857031,0.06734439,0.0027066441,251.90485,247.28961,331.0486,-0.08384238,16.22126,0.23974103
10,53,10,0.0013421776,0.043614373,0.01760692,0.021174029,0.0048334245,0.066345535,-0.0010502618,5.5369477,-0.20806229,5.923368,-0.034801867,0.13269107,-0.0021005236,0.14551298,-0.0054679518,0.069522835,-0.00040847214,251.88954,247.12898,331.22632,0.24286416,16.220167,0.2070001
10,54,10,0.0013421776,0.04366525,0.017141812,0.021552699,0.004970741,0.06546337,-0.0032533456,5.586239,0.09965989,6.006919,0.2535623,0.13092674,-0.006506691,0.14680837,0.002619098,0.07050348,0.0029760713,251.89243,247.13347,331.46677,-0.3532222,16.220167,0.21421134
10,55,10,0.0013421776,0.048791695,0.02069511,0.023241578,0.0048550074,0.07192898,-0.0010258042,5.800982,-0.07412828,5.936578,0.3450158,0.14385796,-0.0020516084,0.15245189,-0.0019481182,0.06967788,0.004049466,251.87895,247.20264,330.98926,-0.27088752,16.220167,0.24300365
10,56,10,0.0013421776,0.04399595,0.017412364,0.021663353,0.0049202335,0.06597796,-0.0012714436,5.6005616,-0.1886033,5.976323,0.021958023,0.13195592,-0.002542887,0.14718476,-0.0049565597,0.07014438,0.00025772385,251.89319,247.22978,331.57242,0.16664527,16.220167,0.26099604
10,57,10,0.0013421776,0.04197166,0.017346809,0.019595653,0.0050292034,0.06585364,-0.0031909016,5.326581,0.09135584,6.042141,0.21106587,0.13170728,-0.006381803,0.13998447,0.002400863,0.070916876,0.0024772894,251.90373,247.20253,331.6053,-0.30242172,16.219124,0.21764754
10,58,10,0.0013421776,0.04350066,0.01732982,0.021284765,0.0048860754,0.06582139,-0.00036421628,5.5514073,-0.08765812,5.955543,0.20810238,0.13164277,-0.00072843255,0.145893,-0.0023036858,0.06990047,0.002442506,251.884,247.21962,330.95056,-0.12044425,16.219124,0.21847104
10,59,10,0.0013421776,0.046266828,0.017984282,0.023169803,0.0051127416,0.067052744,-0.00010214701,5.792017,-0.24173139,6.0921154,0.1592441,0.13410549,-0.00020429402,0.1522163,-0.006352787,0.07150344,0.0018690556,251.83527,246.9746,331.3005,0.082487285,16.219124,0.25874698
10,60,10,0.0013421776,0.04499889,0.017329145,0.02270374,0.0049660048,0.065820105,-0.0022799736,5.733467,0.04337095,6.0040565,0.48852646,0.13164021,-0.004559947,0.1506776,0.0011398094,0.070469886,0.005733858,251.7706,246.72583,331.01236,-0.5318974,16.219124,0.23840785
10,61,10,0.0013421776,0.04523409,0.01912235,0.021347273,0.0047644684,0.06914179,0.0009769064,5.559553,0.046040237,5.8809633,0.38204888,0.13828358,0.0019538128,0.14610706,0.0012099538,0.06902513,0.0044841245,251.73961,246.66428,330.04968,-0.4280891,16.21815,0.20764883
10,62,10,0.0013421776,0.04676035,0.02058437,0.021266956,0.0049090236,0.07173627,0.0006995178,5.549085,0.00684033,5.969511,0.21813953,0.14347254,0.0013990356,0.14583194,0.00017976761,0.070064425,0.0025603152,251.75989,246.68257,330.4088,-0.22497986,16.21815,0.21959159
10,63,10,0.0013421776,0.0466911,0.019266121,0.022429854,0.0049951263,0.06940123,-0.0018504874,5.6987805,0.3075395,6.021636,0.6095625,0.13880245,-0.0037009749,0.149766,0.008082247,0.07067621,0.0071544624,251.7426,246.63956,330.61856,-0.917102,16.21815,0.22959258
10,64,10,0.0013421776,0.04524974,0.01764817,0.022634447,0.0049671265,0.06642321,0.0014618116,5.724712,0.4386176,6.004734,0.7834668,0.13284642,0.0029236232,0.15044749,0.011527028,0.07047784,0.009195586,251.70439,246.54877,330.02518,-1.2220844,16.21815,0.21996284
10,65,10,0.0013421776,0.045975614,0.018218862,0.022546373,0.005210381,0.06748863,0.00082855317,5.7135634,0.4706656,6.1500115,0.49185875,0.13497727,0.0016571063,0.1501545,0.012369262,0.07218297,0.005772969,251.72845,246.72803,330.41052,-0.96252435,16.217234,0.22115125
10,66,10,0.0013421776,0.04949395,0.02168021,0.0225856,0.0052281395,0.073621005,-0.0013655787,5.7185307,0.542387,6.1604834,0.6700005,0.14724201,-0.0027311575,0.15028507,0.014254131,0.07230587,0.007863825,251.79033,247.0264,330.7945,-1.2123876,16.217234,0.21528989
10,67,10,0.0013421776,0.04895282,0.02257212,0.021498745,0.0048819548,0.07512011,0.0006568015,5.579242,0.29226583,5.9530296,0.5661881,0.15024021,0.001313603,0.1466245,0.007680846,0.069870986,0.006645379,251.82549,247.16835,330.33463,-0.8584539,16.217234,0.19771156
10,68,10,0.0013421776,0.044667587,0.019232584,0.020288311,0.005146691,0.069340795,0.0004113589,5.419904,0.14785142,6.112309,0.16934972,0.13868159,0.0008227178,0.14243704,0.0038855907,0.07174044,0.0019876657,251.87338,247.26495,331.30453,-0.31720114,16.217234,0.2195137
10,69,10,0.0013421776,0.043764345,0.018607099,0.019841654,0.005315594,0.06820392,-0.0011668373,5.3599114,0.30673602,6.211795,0.41020724,0.13640784,-0.0023336746,0.14086041,0.008061134,0.07290812,0.0048146215,251.87358,247.24463,331.41205,-0.71694326,16.216387,0.22079912
10,70,10,0.0013421776,0.046030715,0.020472039,0.020308254,0.005250425,0.07154027,0.00090931944,5.4225674,0.14192647,6.1736,0.54872584,0.14308053,0.0018186389,0.14250703,0.0037298852,0.07245982,0.0064404197,251.86044,247.24266,330.59637,-0.6906523,16.216387,0.20362121
10,71,10,0.0013421776,0.04662786,0.019663416,0.021369321,0.0055951225,0.07011315,0.00015990045,5.562423,-0.099083945,6.37303,0.41971427,0.1402263,0.0003198009,0.14618249,-0.0026039644,0.07480055,0.004926206,251.93031,247.49219,330.9454,-0.3206303,16.216387,0.23637828
10,72,10,0.0013421776,0.047753006,0.0200603,0.022339469,0.0053532347,0.070817195,-9.9592435e-5,5.6872864,0.1475625,6.2337503,0.8242059,0.14163439,-0.00019918487,0.14946394,0.0038780035,0.073165804,0.009673741,251.96915,247.7806,331.4274,-0.9717684,16.216387,0.25209615
10,73,10,0.0013421776,0.04496963,0.019544069,0.020605959,0.0048196022,0.06990005,0.0035354558,5.4621687,0.11291034,5.9148917,0.86563325,0.1398001,0.0070709116,0.14354776,0.0029673239,0.069423355,0.010159978,251.93367,247.87196,330.79575,-0.9785436,16.21561,0.21919037
10,74,10,0.0013421776,0.046244048,0.020228395,0.020971142,0.0050445115,0.07111328,0.0023265318,5.510357,0.047963306,6.051329,0.60928154,0.14222656,0.0046530636,0.14481416,0.0012604877,0.07102472,0.0071511646,251.91788,247.60674,331.10696,-0.65724486,16.21561,0.22155148
10,75,10,0.0013421776,0.047944248,0.02116981,0.021908928,0.004865512,0.07274924,-0.00039996012,5.632215,0.3962054,5.9429965,0.6906485,0.14549848,-0.00079992024,0.14801665,0.010412418,0.06975322,0.008106173,251.94377,247.6662,331.29648,-1.0868539,16.21561,0.22722979
10,76,10,0.0013421776,0.046752356,0.02096775,0.02083264,0.004951968,0.072401226,0.0025104294,5.4921308,0.13714576,5.995565,0.82179445,0.14480245,0.0050208587,0.14433517,0.0036042435,0.07037022,0.009645439,251.93015,247.75937,330.72534,-0.9589402,16.21561,0.22457542
10,77,10,0.0013421776,0.044857644,0.019231906,0.020471767,0.0051539694,0.06933957,0.002696141,5.444353,0.12926352,6.1166286,0.24365716,0.13867915,0.005392282,0.14307958,0.0033970927,0.07179115,0.0028598132,251.95793,247.80191,331.29468,-0.3729207,16.214903,0.19842127
10,78,10,0.0013421776,0.045381237,0.020976437,0.019603634,0.004801165,0.07241622,-9.585571e-5,5.3276663,0.44245973,5.903567,0.28701505,0.14483245,-0.00019171141,0.14001298,0.011627997,0.06929044,0.0033687097,251.98923,247.9577,331.77454,-0.7294748,16.214903,0.21660845
10,79,10,0.0013421776,0.046451658,0.023397272,0.018467844,0.0045865388,0.076480836,0.0038425233,5.171026,0.3528957,5.7701054,0.47229776,0.15296167,0.0076850466,0.13589644,0.009274228,0.06772399,0.005543384,251.99191,248.03247,331.5646,-0.82519346,16.214903,0.20602122
10,80,10,0.0013421776,0.044466015,0.019988038,0.019261695,0.0052162814,0.07068953,0.0026293856,5.280997,0.3373693,6.1534934,0.054716565,0.14137906,0.005258771,0.13878651,0.00886619,0.07222383,0.0006422134,252.01854,248.09195,332.08002,-0.39208585,16.214903,0.2156642
10,81,10,0.0013421776,0.042454936,0.020530649,0.017203968,0.0047203195,0.0716426,0.0002188225,4.990947,0.5124928,5.853652,0.057478953,0.1432852,0.000437645,0.1311639,0.0134684965,0.06870458,0.0006746341,252.0703,248.35373,332.4244,-0.56997174,16.214256,0.20910078
10,82,10,0.0013421776,0.03951379,0.018345682,0.01692428,0.0042438293,0.06772312,0.0031474081,4.950212,0.23701893,5.550348,0.109884866,0.13544624,0.0062948163,0.13009335,0.0062289382,0.06514468,0.0012897239,252.07245,248.41003,331.75244,-0.3469038,16.214256,0.21533374
10,83,10,0.0013421776,0.040899172,0.018797912,0.017458666,0.0046425955,0.06855274,0.0033371774,5.0277557,-0.13551624,5.8052597,-0.11344292,0.13710548,0.006674355,0.13213125,-0.0035614185,0.068136595,-0.001331485,252.14272,248.6626,332.53812,0.24895915,16.214256,0.23483533
10,84,10,0.0013421776,0.044653572,0.021269733,0.01867896,0.0047048796,0.07292073,0.00047989024,5.200499,0.19298021,5.844071,0.17901966,0.14584146,0.0009597805,0.13667099,0.0050715893,0.06859212,0.0021011627,252.20442,248.98311,332.72992,-0.37199986,16.214256,0.26409644
10,85,10,0.0013421776,0.043738537,0.02057622,0.018781474,0.0043808464,0.07172207,0.0041539264,5.2147503,0.19087559,5.639235,0.10869306,0.14344414,0.008307853,0.13704552,0.0050162836,0.06618796,0.0012757347,252.22656,249.1149,332.0363,-0.29956865,16.213678,0.20790319
10,86,10,0.0013421776,0.04211496,0.019514369,0.01834594,0.004254645,0.06984692,0.002957447,5.1539326,0.05330508,5.557416,-0.16181156,0.13969384,0.005914894,0.13544719,0.0014008753,0.06522764,-0.0018991889,252.26605,249.07059,332.67322,0.108506486,16.213678,0.18430391
10,87,10,0.0013421776,0.044789422,0.019803287,0.020803498,0.0041826363,0.070362076,0.00063757284,5.4882884,0.31764707,5.5101867,0.031941462,0.14072415,0.0012751457,0.14423418,0.00834788,0.064673305,0.00037489802,252.30403,249.1164,333.05414,-0.34958854,16.213678,0.21487106
10,88,10,0.0013421776,0.043472327,0.01882529,0.020325288,0.004321748,0.068602644,0.0027996781,5.424842,0.20636912,5.6010695,0.05179186,0.13720529,0.0055993563,0.14256679,0.0054234555,0.065740004,0.00060788315,252.2984,249.1103,332.41928,-0.25816098,16.213678,0.19949198
10,89,10,0.0013421776,0.038594276,0.018012026,0.016271258,0.004310992,0.067104444,0.0031931337,4.8537707,0.18118356,5.5940948,-0.33995804,0.13420889,0.0063862675,0.12755884,0.004761567,0.065658145,-0.003990104,252.35843,249.36826,333.51788,0.15877448,16.213148,0.16785918
10,90,10,0.0013421776,0.041759763,0.020593068,0.016914457,0.0042522354,0.07175142,0.0011432031,4.9487743,0.29997912,5.5558414,-0.08845707,0.14350285,0.0022864062,0.13005559,0.007883558,0.065209165,-0.0010382246,252.38557,249.58531,334.15897,-0.21152204,16.213148,0.19197486
10,91,10,0.0013421776,0.038728073,0.016621374,0.017941356,0.004165344,0.064461954,0.005568459,5.096785,0.37013274,5.498784,-0.17151642,0.12892391,0.011136918,0.13394535,0.009727218,0.06453948,-0.002013096,252.34946,249.49129,333.72855,-0.19861633,16.213148,0.21285568
10,92,10,0.0013421776,0.038325377,0.017719736,0.016452864,0.004152776,0.06655775,0.005152357,4.880782,0.35531563,5.4904823,-0.52024996,0.1331155,0.010304714,0.12826872,0.00933782,0.06444204,-0.006106195,252.35393,249.43486,334.0421,0.16493434,16.213148,0.20231807
10,93,10,0.0013421776,0.0413977,0.020265628,0.01724978,0.0038822908,0.0711787,0.00080751954,4.997588,0.73422843,5.308664,-0.14546409,0.1423574,0.0016150391,0.13133842,0.019295787,0.062308032,-0.001707318,252.40294,249.6393,334.13068,-0.5887643,16.212654,0.22062498
10,94,10,0.0013421776,0.043370754,0.019916533,0.019534037,0.003920181,0.07056297,0.003971179,5.3182006,0.5625917,5.334506,-0.21161658,0.14112595,0.007942358,0.13976422,0.014785112,0.06261135,-0.002483753,252.44603,249.84494,333.67844,-0.3509751,16.212654,0.21928102
10,95,10,0.0013421776,0.03915657,0.018333402,0.016357085,0.0044660866,0.067700446,0.0042697606,4.8665543,0.27696678,5.693834,-0.5092144,0.13540089,0.008539521,0.12789482,0.007278788,0.06682879,-0.0059766695,252.50519,250.06229,334.76187,0.23224762,16.212654,0.19707823
10,96,10,0.0013421776,0.03718541,0.016854161,0.016157491,0.0041737556,0.06491179,0.0011472836,4.8367724,0.34084153,5.5043325,-0.23144718,0.12982358,0.0022945672,0.12711212,0.00895744,0.06460461,-0.0027165061,252.50546,249.86829,335.137,-0.10939436,16.212654,0.21097384
10,97,10,0.0013421776,0.03844709,0.015674116,0.018853823,0.003919152,0.062598154,0.0045981035,5.224785,0.44392887,5.333806,-0.25935444,0.12519631,0.009196207,0.13730922,0.011666611,0.06260313,-0.0030440541,252.48383,249.69006,334.09344,-0.18457443,16.212198,0.24711217
10,98,10,0.0013421776,0.039601166,0.018036237,0.017763648,0.003801281,0.06714953,0.0045256424,5.07148,0.17222235,5.2529855,-0.5588186,0.13429905,0.009051285,0.13328034,0.0045260666,0.06165453,-0.006558881,252.55576,250.01172,334.51764,0.38659623,16.212198,0.22348778
10,99,10,0.0013421776,0.041566912,0.020039968,0.01759987,0.003927074,0.0707813,0.0019244101,5.0480475,0.2837244,5.3391943,-0.2952022,0.1415626,0.0038488202,0.1326645,0.0074563804,0.06266637,-0.0034648005,252.57979,250.22212,334.94717,0.011477798,16.212198,0.23893368
10,100,10,0.0013421776,0.036440626,0.014931157,0.017521894,0.003987573,0.061096556,0.0061523216,5.0368524,0.2788736,5.3801637,-0.36411,0.12219311,0.012304643,0.1323703,0.007328898,0.06314723,-0.004273575,252.54001,250.13715,334.273,0.0852364,16.212198,0.23312494
