ic,traj,n_steps,eta,loss_total,loss_T,loss_olw,loss_slwd,rmse_T,bias_T,rmse_olw,bias_olw,rmse_slwd,bias_slwd,nrmse_T,nbias_T,nrmse_olw,nbias_olw,nrmse_slwd,nbias_slwd,mean_T,mean_olw,mean_slwd,bias_C,pnorm,gnorm
1,1,10,0.01,1.6322464,0.19646704,0.86222106,0.5735582,0.22162302,0.062032353,35.332794,6.441007,64.52529,-8.274476,0.44324604,0.124064706,0.9285586,0.16927193,0.75733626,-0.097117946,252.26073,248.5709,332.51633,1.8334689,11.485746,4.7772493
1,2,10,0.01,1.6293981,0.19806327,0.8581001,0.5732346,0.2225215,0.059566382,35.24826,7.4216766,64.50708,-9.004704,0.445043,0.119132765,0.92633694,0.19504435,0.7571226,-0.10568865,252.1992,248.24219,332.40903,1.5830278,11.485746,4.8378077
1,3,10,0.01,1.6052871,0.19553094,0.841781,0.5679751,0.2210944,0.05281773,34.911476,7.937346,64.21047,-8.396649,0.4421888,0.10563546,0.91748625,0.20859627,0.75364125,-0.09855182,252.13222,247.94975,332.31287,0.45930338,11.485746,4.7652535
1,4,10,0.01,1.6469483,0.19633736,0.8767958,0.5738151,0.22154985,0.058368374,35.630173,7.4674053,64.539734,-7.307906,0.4430997,0.11673675,0.9363738,0.19624618,0.75750583,-0.08577326,252.07927,247.7753,331.5556,-0.15949917,11.485746,4.740863
1,5,10,0.01,0.9872906,0.15654357,0.50218904,0.32855803,0.19782794,0.04032732,26.965115,3.9124837,48.836803,2.568628,0.39565587,0.08065464,0.708653,0.10282145,0.5731998,0.030148087,252.05147,247.58623,331.75314,-6.4811115,11.480815,2.8367596
1,6,10,0.01,0.96646035,0.1562573,0.48142555,0.32877746,0.19764698,0.03493084,26.401783,4.0270553,48.85311,3.4318237,0.39529395,0.06986168,0.6938484,0.1058324,0.5733912,0.040279493,252.01897,247.52878,331.92337,-7.458879,11.480815,2.7017193
1,7,10,0.01,0.99643254,0.1551452,0.50679326,0.3344941,0.19694237,0.040815093,27.08845,3.7993276,49.276,3.9434445,0.39388475,0.081630185,0.71189415,0.099847704,0.57835466,0.046284396,251.95691,247.36429,331.3289,-7.742772,11.480815,3.307833
1,8,10,0.01,0.9950988,0.1616397,0.5042355,0.32922363,0.20102221,0.037928056,27.020002,4.2960596,48.88625,2.9582632,0.40204442,0.07585611,0.7100954,0.11290202,0.5737801,0.03472126,251.95079,247.28433,331.69382,-7.254323,11.480815,2.607496
1,9,10,0.01,0.66942894,0.12883116,0.3157688,0.22482893,0.1794653,0.012758814,21.382242,1.9107586,40.398693,11.512303,0.3589306,0.025517628,0.5619331,0.05021541,0.4741613,0.13512044,251.92105,247.15909,331.89072,-13.423062,11.484892,1.5333261
1,10,10,0.01,0.70396435,0.12655152,0.34478575,0.23262712,0.17787041,0.019321412,22.343094,1.6288128,41.093334,11.693907,0.35574082,0.038642824,0.5871846,0.042805802,0.48231435,0.13725193,251.8907,247.18964,331.3462,-13.32272,11.484892,1.6364102
1,11,10,0.01,0.7228892,0.1328794,0.36101475,0.228995,0.18226314,0.018117394,22.862892,2.003881,40.771267,10.978702,0.36452627,0.03623479,0.60084504,0.05266271,0.47853422,0.12885751,251.8666,247.06316,331.54025,-12.982582,11.484892,1.6624957
1,12,10,0.01,0.7247166,0.14141764,0.35248867,0.2308103,0.18802768,0.012954779,22.591303,2.1186252,40.93255,11.880944,0.37605536,0.025909558,0.59370756,0.05567822,0.4804272,0.13944718,251.82814,246.93076,331.5993,-13.999569,11.484892,1.5586376
1,13,10,0.01,0.58127886,0.11008943,0.25354442,0.217645,0.16589864,-0.0015618609,19.16001,0.43252704,39.748024,17.689102,0.33179727,-0.0031237218,0.50353193,0.011366946,0.4665244,0.20761779,251.78645,246.86952,331.05295,-18.12163,11.495489,1.4710939
1,14,10,0.01,0.59180343,0.11585494,0.26563722,0.21031123,0.17018735,-0.0030801243,19.611603,0.69150984,39.072613,16.80469,0.3403747,-0.0061602485,0.51540005,0.01817313,0.45859703,0.19723742,251.76985,246.7719,331.27786,-17.496199,11.495489,1.490388
1,15,10,0.01,0.6067107,0.12529613,0.2638204,0.21759415,0.17698596,-0.006659461,19.544424,0.9041677,39.74338,18.015684,0.35397193,-0.013318922,0.5136345,0.023761837,0.46646988,0.2114509,251.71179,246.5844,331.20627,-18.919851,11.495489,1.5280601
1,16,10,0.01,0.6189437,0.1149643,0.28007355,0.22390582,0.16953193,-0.0016987631,20.13746,0.981855,40.31567,18.411718,0.33906385,-0.0033975262,0.52921975,0.025803508,0.47318688,0.21609917,251.63853,246.3779,330.3019,-19.393574,11.495489,1.5297159
1,17,10,0.01,0.51141244,0.113862745,0.19587483,0.2016749,0.16871777,-0.018860035,16.840616,0.15667601,38.261955,18.634663,0.33743554,-0.03772007,0.44257748,0.0041174986,0.4490823,0.21871586,251.63788,246.24348,330.22427,-18.791338,11.506879,1.5458705
1,18,10,0.01,0.5070045,0.116973646,0.18302134,0.20700952,0.17100705,-0.022842456,16.278692,0.08864308,38.764694,19.58655,0.3420141,-0.04568491,0.42780992,0.0023295807,0.454983,0.22988822,251.67389,246.40558,330.4229,-19.675194,11.506879,1.5763484
1,19,10,0.01,0.51884353,0.112063184,0.19539754,0.21138284,0.1673792,-0.014871251,16.820087,-0.36316088,39.172028,19.52713,0.3347584,-0.029742502,0.44203794,-0.009543992,0.45976388,0.22919077,251.65025,246.49791,330.0138,-19.163969,11.506879,1.5487437
1,20,10,0.01,0.4935649,0.11183173,0.1806849,0.2010483,0.16720626,-0.018518396,16.174456,-0.009577742,38.202465,18.874617,0.33441252,-0.03703679,0.42507046,-0.0002516737,0.4483841,0.22153223,251.625,246.35127,330.4561,-18.86504,11.506879,1.5296831
1,21,10,0.01,0.4191001,0.10793357,0.13893579,0.17223074,0.16426623,-0.028012877,14.18325,-0.2960796,35.358723,16.321472,0.32853246,-0.056025755,0.37274092,-0.007781094,0.4150069,0.19156589,251.56427,246.07457,330.3989,-16.025393,11.517774,1.2695668
1,22,10,0.01,0.42129955,0.10022201,0.14443476,0.17664278,0.1582893,-0.023137284,14.461207,-0.48236507,35.80875,16.412857,0.3165786,-0.04627457,0.38004574,-0.012676728,0.42028892,0.19263844,251.48386,245.78645,329.6571,-15.930492,11.517774,1.3330455
1,23,10,0.01,0.41625512,0.10647093,0.1417201,0.1680641,0.16314942,-0.02739139,14.324663,0.033592608,34.928402,15.880133,0.32629883,-0.05478278,0.3764573,0.0008828351,0.40995622,0.18638584,251.44179,245.53473,329.8091,-15.913725,11.517774,1.2836003
1,24,10,0.01,0.4535316,0.114500284,0.1621886,0.17684272,0.16918945,-0.03178159,15.324237,0.44154927,35.829006,16.795633,0.3383789,-0.06356318,0.40272647,0.011604073,0.4205267,0.19713108,251.40213,245.38422,329.71378,-17.237183,11.517774,1.3382078
1,25,10,0.01,0.37786388,0.09880161,0.14098658,0.13807568,0.15716362,-0.02292486,14.287543,-0.24837713,31.659191,11.502896,0.31432724,-0.04584972,0.37548178,-0.006527442,0.37158537,0.13501003,251.37224,245.34642,329.18073,-11.254519,11.528659,0.95279795
1,26,10,0.01,0.38111138,0.10425411,0.14919531,0.12766194,0.16144203,-0.023508754,14.697596,-0.3580794,30.44191,10.563671,0.32288405,-0.047017507,0.3862581,-0.009410456,0.3572981,0.123986274,251.37373,245.38492,329.44574,-10.205592,11.528659,0.9074239
1,27,10,0.01,0.39498073,0.10826149,0.15305467,0.13366458,0.16451557,-0.026430598,14.886477,-0.20655847,31.149376,11.500959,0.32903114,-0.052861195,0.39122203,-0.0054284288,0.36560166,0.13498726,251.38387,245.43152,329.42593,-11.294401,11.528659,0.91779006
1,28,10,0.01,0.3765855,0.096405454,0.14188965,0.1382904,0.15524614,-0.021097353,14.333229,-0.80089825,31.683796,11.287332,0.31049228,-0.042194705,0.37668243,-0.02104791,0.37187418,0.1324799,251.41597,245.63701,328.94748,-10.486433,11.528659,0.9346469
1,29,10,0.01,0.31065565,0.09130992,0.123491816,0.09585393,0.15108766,-0.0153026385,13.371734,-1.0688506,26.378263,5.053572,0.3021753,-0.030605277,0.35141402,-0.028089797,0.30960286,0.059314016,251.50795,245.96112,329.7668,-3.9847217,11.539588,0.63915277
1,30,10,0.01,0.3243328,0.0944742,0.12961692,0.10024169,0.15368327,-0.020243442,13.699336,-0.82905155,26.975248,6.1505003,0.30736655,-0.040486883,0.3600235,-0.021787768,0.31660968,0.07218871,251.58807,246.34262,330.09915,-5.321449,11.539588,0.6659082
1,31,10,0.01,0.31752193,0.08963163,0.12284968,0.10504061,0.14969271,-0.012672822,13.336924,-1.4204918,27.613398,5.89128,0.29938543,-0.025345644,0.35049918,-0.037331033,0.3240997,0.069146216,251.60365,246.52762,329.6616,-4.4707885,11.539588,0.6752431
1,32,10,0.01,0.31961372,0.091955096,0.13000366,0.09765497,0.15162049,-0.016801944,13.719758,-1.3249977,26.624924,5.153767,0.30324098,-0.033603888,0.3605602,-0.034821417,0.31249794,0.060490016,251.61838,246.48578,330.31946,-3.8287694,11.539588,0.6489771
1,33,10,0.01,0.30067012,0.08767637,0.12932488,0.08366885,0.14805098,-0.012598251,13.683894,-0.8888277,24.644676,1.8957356,0.29610196,-0.025196502,0.35961768,-0.023358716,0.28925568,0.02225033,251.61865,246.45918,330.47992,-1.0069079,11.550572,0.5753389
1,34,10,0.01,0.2910025,0.08010764,0.12590818,0.08498667,0.14151646,-0.0051483638,13.501924,-1.3421675,24.838001,1.9146181,0.28303292,-0.0102967275,0.35483542,-0.035272643,0.29152474,0.022471968,251.62627,246.66656,330.1144,-0.57245064,11.550572,0.56511754
1,35,10,0.01,0.2745334,0.082622066,0.10999456,0.081916764,0.14372027,-0.0077181803,12.619853,-1.1296678,24.385271,0.25507903,0.28744054,-0.015436361,0.33165428,-0.02968808,0.28621104,0.0029938775,251.66483,246.71489,330.92218,0.8745887,11.550572,0.5440645
1,36,10,0.01,0.2796997,0.085534066,0.11200984,0.082155816,0.14623104,-0.010740478,12.734935,-0.7437603,24.420828,0.8566121,0.29246208,-0.021480955,0.3346787,-0.019546293,0.28662837,0.010054092,251.67654,246.71457,331.12134,-0.1128518,11.550572,0.54843706
1,37,10,0.01,0.26758137,0.07398096,0.11781969,0.07578072,0.1359972,0.004428451,13.061036,-1.0524014,23.454197,-2.0745342,0.2719944,0.008856902,0.34324872,-0.027657477,0.27528298,-0.024348905,251.65692,246.71658,330.47534,3.1269355,11.561805,0.653958
1,38,10,0.01,0.2655462,0.07647108,0.11385241,0.07522269,0.13826703,0.0022301215,12.839253,-1.0530537,23.367683,-2.7057598,0.27653405,0.004460243,0.33742023,-0.027674623,0.27426755,-0.03175761,251.6138,246.55139,330.3998,3.7588134,11.561805,0.6937905
1,39,10,0.01,0.29758817,0.09020111,0.1308772,0.076509856,0.1501675,-9.381071e-5,13.765775,-0.80604553,23.566761,-1.8133531,0.300335,-0.00018762142,0.36176953,-0.021183163,0.27660415,-0.02128342,251.59901,246.63414,330.45303,2.6193986,11.561805,0.7226487
1,40,10,0.01,0.30592552,0.076672085,0.15092058,0.07833284,0.13844863,0.007811253,14.7823305,-1.5357438,23.84587,-1.6430105,0.27689725,0.015622506,0.38848498,-0.040359896,0.27988005,-0.01928409,251.59895,246.68991,330.09283,3.1787543,11.561805,0.6990758
1,41,10,0.01,0.29130524,0.07343197,0.14599901,0.07187427,0.13549167,0.013128701,14.539305,-1.5348222,22.841671,-4.210077,0.27098334,0.026257401,0.38209817,-0.040335685,0.26809376,-0.049413864,251.64864,246.76584,330.86002,5.744899,11.57317,0.7620588
1,42,10,0.01,0.28521344,0.07956336,0.1352769,0.07037317,0.14103489,0.0088695595,13.995244,-1.0085102,22.601887,-2.7737195,0.28206977,0.017739119,0.3678001,-0.026504004,0.2652794,-0.032555275,251.69295,246.90518,331.026,3.78223,11.57317,0.6874044
1,43,10,0.01,0.26710594,0.06824933,0.12671433,0.07214227,0.13062286,0.015002371,13.545079,-1.36162,22.88422,-3.2497966,0.26124573,0.030004742,0.35596958,-0.03578385,0.26859313,-0.038143,251.70029,246.9536,330.62766,4.611417,11.57317,0.7035776
1,44,10,0.01,0.2625052,0.069264926,0.118280634,0.07495963,0.13159116,0.011921656,13.08656,-1.4977947,23.326786,-4.7089634,0.2631823,0.023843313,0.34391952,-0.039362583,0.27378756,-0.05526931,251.75197,247.12653,331.4357,6.206758,11.57317,0.76981676
1,45,10,0.01,0.2534091,0.07608609,0.1059412,0.07138182,0.13791853,0.013125039,12.385146,-1.2681341,22.76329,-4.3315134,0.27583706,0.026250077,0.3254861,-0.033327032,0.26717377,-0.050839167,251.79498,247.25262,331.82343,5.5996475,11.58435,0.7278653
1,46,10,0.01,0.25209814,0.06745691,0.116714366,0.067926854,0.12986234,0.021010835,12.999625,-1.7238126,22.20557,-4.2886724,0.25972468,0.04202167,0.34163484,-0.045302395,0.2606278,-0.050336346,251.8067,247.24657,331.37354,6.012485,11.58435,0.72803694
1,47,10,0.01,0.26146072,0.06987955,0.12236356,0.06921762,0.1321737,0.017655471,13.310512,-1.9639399,22.415558,-5.2257485,0.2643474,0.035310943,0.34980503,-0.05161304,0.26309243,-0.061334852,251.85924,247.40187,331.78464,7.1896887,11.58435,0.79818594
1,48,10,0.01,0.2769019,0.08036594,0.12820533,0.06833062,0.14174443,0.013500145,13.624534,-1.6464416,22.27147,-4.4584093,0.28348887,0.02700029,0.3580577,-0.04326908,0.26140127,-0.052328542,251.88605,247.62378,332.05127,6.104851,11.58435,0.7852715
1,49,10,0.01,0.26891705,0.07480288,0.1370799,0.057034288,0.13675058,0.024665905,14.0882,-1.8189822,20.347414,-2.7995899,0.27350116,0.04933181,0.370243,-0.047803503,0.23881853,-0.032858916,251.84105,247.51483,331.2912,4.618572,11.595032,0.6708664
1,50,10,0.01,0.25543535,0.07489968,0.120753594,0.059782077,0.13683903,0.02205042,13.222655,-1.834923,20.831795,-3.9938955,0.27367806,0.04410084,0.34749618,-0.048222445,0.24450374,-0.046876527,251.8503,247.46492,331.62405,5.8288183,11.595032,0.70755965
1,51,10,0.01,0.25849074,0.07898185,0.11898819,0.060520716,0.14051855,0.016000248,13.125644,-1.1387883,20.960096,-2.8684492,0.2810371,0.032000497,0.34494665,-0.029927773,0.24600959,-0.033667125,251.88084,247.5709,331.97208,4.0072374,11.595032,0.6590866
1,52,10,0.01,0.2680543,0.06914146,0.1400418,0.058871035,0.13147382,0.02243056,14.239591,-1.4665918,20.672455,-2.7483892,0.26294765,0.04486112,0.3742216,-0.038542565,0.24263354,-0.032257967,251.85164,247.4424,331.4577,4.214981,11.595032,0.70962656
1,53,10,0.01,0.24276057,0.06864724,0.12060816,0.053505175,0.1310031,0.017104097,13.214692,-1.1350496,19.707844,-1.4358442,0.2620062,0.034208193,0.34728685,-0.029829517,0.23131186,-0.016852567,251.88135,247.46127,332.03073,2.5708938,11.6050625,0.56422347
1,54,10,0.01,0.24738646,0.077118255,0.115758635,0.054509558,0.13885087,0.013898101,12.946291,-0.5212837,19.891958,-0.53541386,0.27770174,0.027796201,0.3402332,-0.013699536,0.23347282,-0.00628418,251.91327,247.65869,332.28046,1.0566976,11.6050625,0.5076582
1,55,10,0.01,0.24007368,0.06521937,0.12414617,0.050708145,0.12769042,0.022155954,13.407116,-1.035583,19.185808,-0.26505828,0.25538084,0.044311907,0.35234383,-0.027215496,0.2251847,-0.0031110086,251.89374,247.5736,331.7236,1.3006413,11.6050625,0.5375731
1,56,10,0.01,0.24332121,0.06847875,0.12440572,0.050436743,0.13084222,0.018393531,13.421123,-1.3920952,19.134394,-1.5829756,0.26168445,0.036787063,0.35271195,-0.036584757,0.22458126,-0.018579464,251.91824,247.64635,332.43048,2.975071,11.6050625,0.5516226
1,57,10,0.01,0.24110508,0.06719723,0.121531434,0.05237642,0.12961215,0.010271176,13.265175,-0.32686067,19.498856,1.939775,0.2592243,0.020542352,0.3486136,-0.008590012,0.22885895,0.022767229,251.9528,247.77281,332.72714,-1.6129143,11.614395,0.47050273
1,58,10,0.01,0.2445606,0.06782469,0.1289527,0.047783215,0.13021587,0.020498803,13.664189,-1.2548093,18.624254,1.9691068,0.26043174,0.040997606,0.35909984,-0.032976843,0.21859372,0.023111498,252.00446,248.10574,332.21866,-0.71429753,11.614395,0.46037307
1,59,10,0.01,0.25444502,0.07243609,0.1347703,0.047238614,0.13456976,0.018443258,13.969016,-1.8711989,18.517818,0.56383824,0.26913953,0.036886517,0.36711076,-0.04917577,0.21734446,0.006617795,252.11064,248.54095,333.0698,1.3073606,11.614395,0.49392965
1,60,10,0.01,0.25581628,0.07657296,0.12898217,0.050261147,0.1383591,0.013676593,13.665751,-1.7475728,19.101059,1.3804595,0.2767182,0.027353186,0.35914087,-0.045926847,0.22418998,0.016202515,252.21672,248.97495,333.6983,0.36711323,11.614395,0.47734216
1,61,10,0.01,0.25245476,0.06189991,0.14200704,0.04854781,0.12439846,0.016448516,14.339157,-1.7260631,18.772669,4.5894485,0.24879692,0.032897033,0.3768382,-0.045361567,0.22033568,0.05386657,252.27548,249.31581,333.48865,-2.8633852,11.622921,0.53490186
1,62,10,0.01,0.23833266,0.06372172,0.12990986,0.044701077,0.1262158,0.013049101,13.714808,-2.0416043,18.013586,2.9590387,0.2524316,0.026098203,0.3604301,-0.0536541,0.21142629,0.03473037,252.36707,249.68568,334.49918,-0.91743445,11.622921,0.5350424
1,63,10,0.01,0.23575953,0.07225838,0.115099765,0.04840139,0.1344046,0.007875521,12.909394,-1.1820722,18.744339,4.336329,0.2688092,0.015751041,0.33926356,-0.031065276,0.22000316,0.05089569,252.40033,249.73598,334.96133,-3.1542568,11.622921,0.50079244
1,64,10,0.01,0.21949756,0.05672264,0.11712942,0.045645498,0.11908258,0.016584026,13.02272,-1.2505335,18.202883,4.42261,0.23816516,0.03316805,0.34224176,-0.032864474,0.21364807,0.051908366,252.37552,249.61746,334.44043,-3.1720762,11.622921,0.51809525
1,65,10,0.01,0.19907148,0.054730665,0.104905486,0.03943533,0.11697293,0.006168032,12.324456,-1.2590995,16.919361,3.7982335,0.23394586,0.012336064,0.32389116,-0.033089593,0.1985833,0.044580035,252.40302,249.73982,335.02185,-2.539134,11.630454,0.48228604
1,66,10,0.01,0.21184973,0.06467569,0.103382625,0.043791424,0.12715708,0.001247828,12.234674,-0.7159721,17.82936,4.4045415,0.25431415,0.002495656,0.32153168,-0.018816,0.20926401,0.05169631,252.41122,249.80402,335.2229,-3.6885693,11.630454,0.46115738
1,67,10,0.01,0.20077881,0.05254843,0.10723063,0.04099974,0.11461722,0.009999465,12.460288,-1.1356919,17.251694,4.4984546,0.22923444,0.01999893,0.32746089,-0.029846387,0.20248392,0.052798565,252.38863,249.81,334.71893,-3.3627627,11.630454,0.45932528
1,68,10,0.01,0.19220719,0.055453382,0.095900565,0.040853225,0.11774271,0.007578879,11.783635,-1.2948898,17.220842,3.1227586,0.23548542,0.015157758,0.30967817,-0.034030166,0.20212181,0.036651958,252.39903,249.83473,335.42688,-1.8278688,11.630454,0.4394128
1,69,10,0.01,0.1836813,0.059153557,0.083340846,0.041186888,0.12160752,-0.0055952086,10.984939,-0.071473636,17.291023,4.323383,0.24321504,-0.011190417,0.28868815,-0.0018783362,0.20294553,0.05074374,252.42654,249.8969,335.95667,-4.2519093,11.637147,0.43987924
1,70,10,0.01,0.17681432,0.04445465,0.09322541,0.03913427,0.10542136,0.00035293776,11.61812,-0.23880444,16.854654,5.075212,0.21084271,0.0007058755,0.30532837,-0.006275861,0.19782384,0.059568,252.41481,249.94348,335.33545,-4.8364077,11.637147,0.46174246
1,71,10,0.01,0.17397141,0.047388386,0.08884449,0.03773854,0.10884437,-0.001187269,11.34185,-0.8860029,16.551363,4.0942597,0.21768874,-0.002374538,0.29806793,-0.023284474,0.1942641,0.048054513,252.45845,250.12836,335.69736,-3.2082567,11.637147,0.42941046
1,72,10,0.01,0.1937683,0.061612863,0.090462096,0.041693326,0.12410969,-0.0062968293,11.444637,-0.38691348,17.397003,4.6482716,0.24821939,-0.012593659,0.30076918,-0.010168232,0.20418943,0.054556977,252.54411,250.53662,336.21365,-4.2613583,11.637147,0.42939198
1,73,10,0.01,0.17788486,0.04567358,0.09362832,0.038582966,0.10685689,-0.0049383747,11.643198,-0.18913782,16.735512,4.6376166,0.21371378,-0.0098767495,0.30598745,-0.0049706143,0.19642547,0.05443192,252.5994,250.77606,336.00955,-4.4484787,11.643253,0.4128194
1,74,10,0.01,0.17309684,0.04841464,0.09028775,0.034394443,0.11001664,-0.008060265,11.433601,-0.70109737,15.801028,3.6401064,0.22003327,-0.01612053,0.3004792,-0.018425085,0.1854574,0.042724103,252.66292,250.90749,336.762,-2.9390092,11.643253,0.4134018
1,75,10,0.01,0.1855727,0.057778798,0.090766564,0.037027344,0.120186105,-0.012323453,11.463881,-0.07425227,16.394665,4.109752,0.24037221,-0.024646906,0.3012749,-0.0019513754,0.19242491,0.048236348,252.68631,250.94221,336.95566,-4.0355,11.643253,0.4263702
1,76,10,0.01,0.17440806,0.044246826,0.09518068,0.03498055,0.105174646,-0.0036728077,11.739323,-0.9346435,15.935089,4.1209636,0.21034929,-0.0073456154,0.30851367,-0.024562769,0.18703088,0.048367944,252.65144,250.92236,336.11743,-3.18632,11.643253,0.40942904
1,77,10,0.01,0.1567061,0.04236682,0.08255281,0.03178645,0.10291601,-0.013143167,10.932879,-0.67948234,15.190156,1.9257544,0.20583202,-0.026286334,0.28732005,-0.017857043,0.17828755,0.022602664,252.66106,250.8799,336.61728,-1.2462721,11.64879,0.35493374
1,78,10,0.01,0.17385745,0.053522747,0.08545866,0.034876056,0.11567492,-0.021054687,11.123635,0.391261,15.91127,3.3099375,0.23134984,-0.042109374,0.29233313,0.010282478,0.18675132,0.038848888,252.70099,250.94101,337.05554,-3.7011986,11.64879,0.38329226
1,79,10,0.01,0.18524942,0.041389294,0.10811461,0.03574552,0.10172179,-0.011754197,12.511543,0.20632187,16.108385,3.911202,0.20344359,-0.023508394,0.32880786,0.00542222,0.18906486,0.045905963,252.70486,251.03314,336.48193,-4.1175237,11.64879,0.4124522
1,80,10,0.01,0.15659581,0.044574205,0.081902415,0.030119192,0.10556302,-0.012798865,10.889729,-0.60620123,14.786415,2.4279313,0.21112604,-0.02559773,0.28618598,-0.015931182,0.17354882,0.028496737,252.76898,251.2739,337.37738,-1.8217301,11.64879,0.35253602
1,81,10,0.01,0.16505459,0.050938677,0.08250529,0.031610627,0.11284799,-0.024270622,10.929732,0.19287653,15.148086,1.719779,0.22569598,-0.048541244,0.28723735,0.005068865,0.17779377,0.020185124,252.83514,251.52829,337.7099,-1.9126556,11.653926,0.34658197
1,82,10,0.01,0.16623034,0.040958438,0.09076723,0.03450467,0.101190954,-0.015316635,11.4639225,0.018554417,15.826326,2.6499283,0.20238191,-0.03063327,0.301276,0.00048761297,0.18575433,0.03110232,252.84645,251.60902,337.09293,-2.6684828,11.653926,0.3192561
1,83,10,0.01,0.14053561,0.042587712,0.071237646,0.026710253,0.103183955,-0.015475835,10.156018,-0.54710907,13.924519,1.0820566,0.20636791,-0.03095167,0.26690382,-0.014378218,0.16343272,0.01270015,252.88324,251.69739,337.64087,-0.5349476,11.653926,0.26905006
1,84,10,0.01,0.16289078,0.055991188,0.07660633,0.030293258,0.118312284,-0.024392102,10.531762,0.44775176,14.829081,2.0737019,0.23662457,-0.048784204,0.2767785,0.0117670745,0.17404959,0.024339132,252.88396,251.59106,337.85977,-2.5214536,11.653926,0.3798204
1,85,10,0.01,0.15343578,0.03817659,0.082345635,0.03291356,0.09769415,-0.015763268,10.919153,0.11209867,15.457122,0.60115165,0.1953883,-0.031526536,0.2869593,0.002945993,0.18142094,0.0070557436,252.85687,251.52444,337.21054,-0.71325034,11.658821,2.7794373
1,86,10,0.01,0.14233524,0.044602823,0.07142215,0.026310258,0.1055969,-0.017057182,10.169162,-0.5807034,13.819863,-1.0883527,0.2111938,-0.034114365,0.26724923,-0.015261096,0.16220437,-0.012774041,252.89734,251.6349,337.77582,1.669056,11.658821,0.28026056
1,87,10,0.01,0.15605903,0.05077654,0.07582147,0.029461024,0.11266825,-0.022064243,10.477671,0.0004339507,14.623964,-0.17128722,0.2253365,-0.044128485,0.27535698,1.1400743e-5,0.17164214,-0.002010405,252.95802,251.81755,338.28473,0.17085327,11.658821,0.33244374
1,88,10,0.01,0.149257,0.03826164,0.07911952,0.03187585,0.097802915,-0.014461094,10.703124,-0.36002073,15.211501,0.26685402,0.19560583,-0.028922187,0.28128192,-0.009461485,0.17853808,0.003132076,252.97325,252.02109,337.76666,0.09316671,11.658821,0.302716
1,89,10,0.01,0.14863047,0.03966998,0.081128486,0.027832001,0.09958662,-0.012433894,10.838156,-1.3574512,14.213905,-3.8348196,0.19917324,-0.024867788,0.28483063,-0.03567429,0.16682926,-0.04500945,252.98753,252.11726,338.0947,5.1922708,11.66333,0.36907735
1,90,10,0.01,0.16216046,0.053618547,0.080169946,0.028371967,0.115778394,-0.01730387,10.773938,-0.7063293,14.351126,-2.7206209,0.23155679,-0.03460774,0.28314298,-0.018562598,0.1684398,-0.031932052,253.01329,252.11397,338.519,3.4269502,11.66333,0.32689112
1,91,10,0.01,0.16577473,0.038752113,0.09354741,0.0334752,0.09842778,-0.009555367,11.638166,-0.7325043,15.588449,-2.1506054,0.19685556,-0.019110734,0.3058552,-0.019250475,0.1829623,-0.025241751,253.02614,252.18105,337.8838,2.8831098,11.66333,0.351429
1,92,10,0.01,0.1625824,0.043010846,0.0895653,0.030006262,0.10369528,-0.009099985,11.387767,-1.3477675,14.758668,-3.4058309,0.20739056,-0.01819997,0.29927462,-0.035419818,0.17322315,-0.03997439,253.07672,252.36249,338.5086,4.753598,11.66333,0.33542848
1,93,10,0.01,0.1452043,0.045881573,0.07097365,0.028349087,0.10709992,-0.008686564,10.137182,-1.1473458,14.345338,-4.4281,0.21419984,-0.017373128,0.2664088,-0.030152656,0.16837187,-0.051972803,253.09418,252.38052,338.95416,5.575446,11.667859,0.4244919
1,94,10,0.01,0.15068449,0.033795796,0.08558585,0.031302847,0.09191816,-0.0025090137,11.131908,-1.0637689,15.074161,-4.2713156,0.18383633,-0.0050180275,0.2925506,-0.027956225,0.1769261,-0.05013262,253.07956,252.42114,338.4859,5.3350844,11.667859,0.39438894
1,95,10,0.01,0.15126544,0.040586732,0.080976546,0.029702172,0.10073075,-0.0031959135,10.828001,-1.6654472,14.683694,-5.6376314,0.2014615,-0.006391827,0.28456378,-0.043768555,0.17234318,-0.066169135,253.10677,252.49452,338.875,7.3030787,11.667859,0.43497002
1,96,10,0.01,0.15588605,0.049253263,0.07888892,0.02774388,0.11096538,-0.009002496,10.687514,-0.9833432,14.191386,-4.6390357,0.22193076,-0.018004991,0.28087172,-0.025842603,0.16656494,-0.054448582,253.12157,252.48363,339.0629,5.622379,11.667859,0.39909056
1,97,10,0.01,0.14902537,0.033697374,0.084425606,0.03090238,0.091784224,0.0042873854,11.056196,-0.88324493,14.977426,-5.254494,0.18356845,0.008574771,0.29056084,-0.023211995,0.17579073,-0.06167224,253.09904,252.47557,338.16232,6.137739,11.672225,0.4267081
1,98,10,0.01,0.14560023,0.0389134,0.0749409,0.031745933,0.098632395,0.002485199,10.416651,-1.3137277,15.180471,-6.1628227,0.19726479,0.004970398,0.27375335,-0.03452523,0.17817388,-0.07233333,253.12762,252.53442,338.80612,7.4765506,11.672225,0.4527653
1,99,10,0.01,0.16397756,0.050726764,0.08389643,0.029354358,0.112613015,-0.0021328344,11.021493,-0.26135305,14.597467,-4.81174,0.22522603,-0.004265669,0.2896488,-0.006868455,0.17133114,-0.05647561,253.10149,252.3203,338.95947,5.073093,11.672225,0.3965136
1,100,10,0.01,0.15504457,0.033101358,0.08610053,0.035842683,0.09096889,0.0034800237,11.165332,-0.35143092,16.130262,-4.521303,0.18193778,0.0069600474,0.29342893,-0.009235734,0.18932164,-0.053066734,253.09741,252.35004,338.27313,4.872734,11.672225,0.39572725
2,1,10,0.008,0.14890613,0.04354068,0.06914393,0.03622152,0.104332015,0.011680844,10.005659,1.6155608,16.215282,-4.109444,0.20866403,0.023361688,0.26295233,0.04245753,0.19031952,-0.048232734,252.23134,248.25395,332.85565,2.4938834,11.676322,0.50271267
2,2,10,0.008,0.1484589,0.04473394,0.06362469,0.040100276,0.105752,0.008495056,9.598017,1.2148936,17.061407,-4.9624996,0.211504,0.016990112,0.25223935,0.031927846,0.20025054,-0.05824508,252.2222,248.18279,333.25754,3.747606,11.676322,0.49672794
2,3,10,0.008,0.15418993,0.0495334,0.063689895,0.04096663,0.1112805,0.004713433,9.602934,1.8619828,17.244726,-4.127744,0.222561,0.009426866,0.25236857,0.048933577,0.20240214,-0.048447516,252.18517,248.03381,333.244,2.2657614,11.676322,0.52766347
2,4,10,0.008,0.14689185,0.042942673,0.064965114,0.03898406,0.10361307,0.011027589,9.698594,1.4657542,16.822275,-4.0285964,0.20722614,0.022055179,0.25488254,0.03852055,0.19744381,-0.047283817,252.14926,247.9505,332.46957,2.5628424,11.676322,0.5193542
2,5,10,0.008,0.13740958,0.041964453,0.059451796,0.035993334,0.102426134,0.01276297,9.277931,0.83173156,16.16413,-4.5230265,0.20485227,0.02552594,0.24382739,0.021858215,0.1897191,-0.053086974,252.14798,247.95624,332.8354,3.691295,11.678734,0.49051106
2,6,10,0.008,0.15041988,0.04972508,0.06561934,0.035075456,0.11149561,0.008549493,9.747308,1.6123674,15.956695,-3.58541,0.22299121,0.017098986,0.25616273,0.042373598,0.18728442,-0.042082116,252.0973,247.74239,332.6662,1.9730427,11.678734,0.49249303
2,7,10,0.008,0.14216676,0.043374196,0.06546256,0.03333,0.10413236,0.013650685,9.735655,1.4833004,15.554602,-3.5504253,0.20826472,0.02730137,0.2558565,0.038981672,0.18256506,-0.041671503,252.0304,247.48514,331.9073,2.0671248,11.678734,0.48800212
2,8,10,0.008,0.13912012,0.042762283,0.061447456,0.03491038,0.103395216,0.010373443,9.432365,1.3009874,15.919101,-4.3845954,0.20679043,0.020746887,0.24788597,0.034190428,0.1868432,-0.051462185,252.02632,247.38329,332.3454,3.0836082,11.678734,0.48643357
2,9,10,0.008,0.14681715,0.045941737,0.0670416,0.033833824,0.10717012,0.00851297,9.852372,1.6520681,15.671721,-2.6848538,0.21434024,0.01702594,0.25892392,0.043416955,0.18393973,-0.031512257,252.0326,247.4388,332.63614,1.0327857,11.680441,0.45286772
2,10,10,0.008,0.14565422,0.043230403,0.06973012,0.032693695,0.10395961,0.015332846,10.047983,1.0304085,15.40541,-2.6582696,0.20791923,0.030665692,0.2640646,0.02707949,0.18081398,-0.03120023,252.0218,247.5051,332.085,1.6278611,11.680441,0.47266093
2,11,10,0.008,0.14487329,0.044686906,0.06569977,0.03448662,0.10569639,0.013811544,9.75328,0.50176203,15.822186,-3.6329858,0.21139278,0.027623087,0.25631967,0.013186488,0.18570574,-0.042640522,252.02592,247.514,332.38644,3.1312237,11.680441,0.50392264
2,12,10,0.008,0.15277898,0.049593996,0.06839703,0.034787953,0.11134855,0.009619574,9.95147,1.1988635,15.891162,-2.8124213,0.2226971,0.019239148,0.26152825,0.03150657,0.18651529,-0.03300952,251.99919,247.36353,332.3743,1.6135578,11.680441,0.5319557
2,13,10,0.008,0.13677868,0.039397076,0.070646025,0.026735581,0.099243484,0.015844544,10.113758,0.5553281,13.93112,-1.4948398,0.19848697,0.03168909,0.2657932,0.014594218,0.16351019,-0.017545009,251.96536,247.27959,331.7274,0.9395117,11.681599,0.45753038
2,14,10,0.008,0.13997671,0.041763794,0.069050856,0.029162059,0.10218096,0.0126212295,9.998923,0.45207074,14.549575,-2.0613792,0.20436192,0.025242459,0.2627753,0.011880586,0.17076902,-0.024194501,251.96445,247.31075,332.01868,1.6093085,11.681599,0.4695432
2,15,10,0.008,0.14753151,0.045119453,0.07247886,0.029933205,0.1062067,0.00985889,10.244113,1.1211938,14.740689,-1.2577108,0.2124134,0.01971778,0.26921898,0.029465396,0.17301215,-0.014761811,251.94934,247.24228,332.31622,0.13651705,11.681599,0.4840181
2,16,10,0.008,0.14449278,0.039582457,0.0770043,0.027906023,0.0994767,0.014943771,10.559083,0.94501626,14.232793,-1.2534146,0.1989534,0.029887542,0.2774965,0.024835374,0.16705096,-0.014711383,251.87236,246.94188,331.6067,0.30839837,11.681599,0.5095011
2,17,10,0.008,0.13850972,0.03800096,0.07506618,0.025442585,0.09746917,0.0102936495,10.425354,0.5879862,13.590076,-0.54237634,0.19493835,0.020587299,0.27398208,0.01545251,0.15950732,-0.006365897,251.814,246.69337,331.7874,-0.04560983,11.682439,0.51101446
2,18,10,0.008,0.15544575,0.042431302,0.083920844,0.0290936,0.1029943,0.0067042713,11.023097,1.3517619,14.532487,0.013864845,0.2059886,0.013408543,0.28969094,0.035524793,0.17056847,0.00016273513,251.75604,246.49153,331.71732,-1.3656268,11.682439,0.5083015
2,19,10,0.008,0.15496948,0.034906954,0.090779096,0.029283432,0.09341701,0.012113986,11.464673,1.316327,14.579821,0.32500803,0.18683402,0.024227971,0.3012957,0.03459353,0.17112403,0.0038146323,251.68549,246.2067,330.81454,-1.641335,11.682439,0.51296777
2,20,10,0.008,0.15233308,0.038314246,0.08442867,0.029590163,0.09787013,0.009370657,11.056397,0.90324557,14.655982,-0.22471125,0.19574025,0.018741313,0.29056612,0.023737589,0.17201792,-0.0026374478,251.69614,246.21579,330.88162,-0.6785343,11.682439,0.50968504
2,21,10,0.008,0.1528736,0.03935941,0.082885295,0.03062891,0.09919603,0.0051531526,10.954874,0.9614734,14.911008,0.8875971,0.19839206,0.010306305,0.28789806,0.025267871,0.17501117,0.010417765,251.70952,246.40152,330.85303,-1.8490705,11.683185,0.46938828
2,22,10,0.008,0.15167713,0.035555027,0.089368545,0.026753565,0.094280206,0.011161569,11.375252,0.48149556,13.935804,1.0268679,0.18856041,0.022323137,0.29894572,0.012653895,0.16356517,0.012052399,251.66983,246.36185,330.0882,-1.5083635,11.683185,0.5128608
2,23,10,0.008,0.16466913,0.040627666,0.09586808,0.028173383,0.10078153,0.008199072,11.781639,0.21651976,14.300814,0.35435963,0.20156306,0.016398145,0.30962572,0.0056902086,0.16784929,0.0041591376,251.67961,246.34848,330.32285,-0.5708794,11.683185,0.5451944
2,24,10,0.008,0.17259575,0.04304315,0.09933872,0.030213876,0.10373422,0.004722044,11.993005,0.61387205,14.809636,0.7564652,0.20746844,0.009444088,0.31518045,0.016132802,0.17382139,0.00887867,251.71506,246.51625,330.55667,-1.3703372,11.683185,0.5011635
2,25,10,0.008,0.15870243,0.03776346,0.09200972,0.028929247,0.09716412,0.005428207,11.542118,0.06725797,14.491381,1.5761752,0.19432823,0.010856414,0.30333105,0.0017675583,0.170086,0.018499648,251.71965,246.65724,330.0363,-1.6434332,11.683861,0.44565594
2,26,10,0.008,0.15595098,0.04111396,0.08585065,0.028986366,0.10138289,0.0033872675,11.1491165,0.0060381647,14.505681,1.261793,0.20276578,0.006774535,0.2930028,0.00015869526,0.17025383,0.014809724,251.74799,246.7208,330.62476,-1.2678312,11.683861,0.46543467
2,27,10,0.008,0.15911186,0.044654027,0.08544019,0.02901765,0.105657496,-8.9109846e-5,11.122432,0.63135445,14.513506,1.7820531,0.21131499,-0.00017821969,0.29230154,0.016592218,0.17034568,0.020916043,251.76482,246.69707,330.85983,-2.4134076,11.683861,0.42161945
2,28,10,0.008,0.1566324,0.04054165,0.08824738,0.027843354,0.100674786,0.004597093,11.303673,0.24263678,14.216804,2.089473,0.20134957,0.009194186,0.2970646,0.006376594,0.16686328,0.024524234,251.76424,246.71928,330.36487,-2.3321097,11.683861,0.4564247
2,29,10,0.008,0.14219558,0.044590455,0.0707492,0.026855929,0.10558226,-0.0015255074,10.12114,0.5281611,13.962438,2.4913673,0.21116452,-0.0030510148,0.26598722,0.013880265,0.16387779,0.029241292,251.78436,246.66765,330.79153,-3.0195284,11.684488,0.4829453
2,30,10,0.008,0.14416109,0.04410621,0.071083255,0.028971627,0.105007395,-0.0035922793,10.145006,1.0885438,14.501992,2.757287,0.21001479,-0.0071845585,0.26661444,0.028607333,0.17021054,0.032362398,251.78212,246.64577,330.8872,-3.845831,11.684488,0.42475957
2,31,10,0.008,0.14845961,0.040191226,0.079566434,0.028701955,0.10023875,0.0010967965,10.73331,0.50719583,14.434341,2.9023468,0.2004775,0.002193593,0.28207523,0.013329284,0.16941652,0.034064975,251.7601,246.67694,330.0897,-3.4095426,11.684488,0.53110135
2,32,10,0.008,0.14569922,0.044914883,0.07273151,0.028052822,0.10596566,0.00016001379,10.261951,-0.19069001,14.270182,1.9941978,0.21193132,0.00032002758,0.2696878,-0.0050114044,0.16748977,0.02340599,251.7822,246.76491,330.21725,-1.8035078,11.684488,0.43707693
2,33,10,0.008,0.15027308,0.042765804,0.08085296,0.026654318,0.10339947,-0.006676969,10.819736,0.42460755,13.909931,2.5255322,0.20679894,-0.013353938,0.28434655,0.011158847,0.1632615,0.02964228,251.80583,246.93224,330.451,-2.9501398,11.685055,0.37233472
2,34,10,0.008,0.14814205,0.038364887,0.08367771,0.026099453,0.09793478,-0.0024639985,11.007118,0.39214903,13.764388,2.919742,0.19586957,-0.004927997,0.289271,0.010305824,0.16155325,0.034269143,251.73538,246.60257,329.88272,-3.311891,11.685055,0.33326054
2,35,10,0.008,0.14421616,0.041751478,0.07421065,0.028254038,0.10216589,-0.0051402827,10.365776,0.5656554,14.321269,2.3319182,0.20433179,-0.010280565,0.27241632,0.01486562,0.16808937,0.027369834,251.69217,246.40388,330.04703,-2.8975737,11.685055,0.37908176
2,36,10,0.008,0.1496398,0.043256756,0.07722731,0.029155733,0.10399129,-0.009264043,10.574361,1.246401,14.547996,2.8913968,0.20798258,-0.018528085,0.277898,0.03275587,0.1707505,0.033936456,251.64836,246.27959,330.0847,-4.137798,11.685055,0.36514217
2,37,10,0.008,0.13964482,0.03973939,0.07554296,0.02436248,0.0996737,-0.007436602,10.458409,1.1571275,13.29848,2.8575094,0.1993474,-0.014873204,0.2748508,0.03040973,0.15608485,0.033538714,251.60791,246.09912,329.49673,-4.014637,11.685526,0.34604058
2,38,10,0.008,0.13522926,0.043920837,0.067086,0.024222424,0.10478649,-0.009733034,9.855636,1.0727217,13.260198,2.4225013,0.20957299,-0.019466069,0.25900966,0.028191514,0.15563555,0.028432997,251.6448,246.189,330.05716,-3.495223,11.685526,0.36133572
2,39,10,0.008,0.14140517,0.044270143,0.071664974,0.02547005,0.105202354,-0.01353156,10.186434,1.5532156,13.597407,2.7083733,0.21040471,-0.02706312,0.26770315,0.040819053,0.15959339,0.03178831,251.69774,246.41173,330.3335,-4.261589,11.685526,0.36911696
2,40,10,0.008,0.13731553,0.038282033,0.074722566,0.024310935,0.09782898,-0.007876782,10.401466,1.0942495,13.284404,2.9151914,0.19565795,-0.015753563,0.2733543,0.028757265,0.15591964,0.03421573,251.68745,246.40059,329.81158,-4.009441,11.685526,0.34646395
2,41,10,0.008,0.12869918,0.041469704,0.06605472,0.021174753,0.10182056,-0.009450326,9.779589,1.1003146,12.3979645,2.1683235,0.20364112,-0.018900651,0.25701112,0.028916664,0.14551547,0.02544972,251.68793,246.34671,330.39835,-3.2686381,11.6859,0.35710254
2,42,10,0.008,0.13042253,0.03960077,0.06974792,0.02107385,0.09949971,-0.013915815,10.049265,1.8648629,12.368388,2.0940983,0.19899942,-0.02783163,0.26409832,0.049009275,0.14516835,0.024578525,251.64307,246.20099,330.53445,-3.9589612,11.6859,0.3606287
2,43,10,0.008,0.13115501,0.03674505,0.07457016,0.019839808,0.09584499,-0.007368153,10.390853,1.4031261,12.000794,2.354877,0.19168998,-0.014736306,0.27307537,0.036874667,0.14085385,0.027639298,251.58673,246.0273,329.70886,-3.7580032,11.6859,0.3209922
2,44,10,0.008,0.13194633,0.040916618,0.07063448,0.020395238,0.101139285,-0.0093942555,10.112931,1.2400922,12.16762,1.9580536,0.20227857,-0.018788511,0.26577148,0.03259006,0.1428119,0.022981768,251.5792,245.93254,329.887,-3.1981459,11.6859,0.3430828
2,45,10,0.008,0.13512023,0.041674875,0.074939,0.018506352,0.10207213,-0.012709305,10.416519,1.4773723,11.590485,1.5677725,0.20414425,-0.02541861,0.2737499,0.038825877,0.13603805,0.018401012,251.55965,245.90294,329.82205,-3.0451448,11.686264,0.2991311
2,46,10,0.008,0.1398973,0.038912117,0.08305661,0.017928584,0.09863077,-0.007890119,10.96619,0.81909055,11.408123,1.4106067,0.19726154,-0.015780238,0.28819543,0.021525994,0.13389766,0.016556356,251.53491,245.93372,329.28214,-2.2296972,11.686264,0.29653695
2,47,10,0.008,0.1378458,0.039117333,0.07999242,0.018736044,0.09889051,-0.009360004,10.762002,1.0593736,11.662191,1.0986716,0.19778103,-0.018720008,0.2828293,0.027840722,0.13687967,0.012895156,251.54419,245.85925,329.73294,-2.1580453,11.686264,0.2929001
2,48,10,0.008,0.13871488,0.04441972,0.07512309,0.019172074,0.10537993,-0.013365647,10.429305,1.6701539,11.797113,1.6498102,0.21075986,-0.026731294,0.2740859,0.043892253,0.13846326,0.019363897,251.58763,245.9949,329.90466,-3.319964,11.686264,0.29527953
2,49,10,0.008,0.12630711,0.03847392,0.06953719,0.018295998,0.09807385,-0.006875914,10.034073,0.9607726,11.5244255,1.02154,0.1961477,-0.013751828,0.26369905,0.02524945,0.1352627,0.011989864,251.63025,246.2529,329.4185,-1.9823127,11.686592,0.2513641
2,50,10,0.008,0.11220829,0.038193062,0.055175427,0.01883981,0.09771523,-0.00719717,8.9380245,0.5171824,11.694442,0.81648284,0.19543046,-0.01439434,0.2348945,0.013591745,0.13725819,0.009583095,251.74304,246.7558,330.6137,-1.3336653,11.686592,0.23120913
2,51,10,0.008,0.11885768,0.0428119,0.057655487,0.018390294,0.103455186,-0.009208181,9.136692,0.6949249,11.554086,1.2487884,0.20691037,-0.018416362,0.24011557,0.01826288,0.13561082,0.014657086,251.80788,247.12865,331.2105,-1.9437132,11.686592,0.27700236
2,52,10,0.008,0.120318204,0.035513964,0.06707552,0.01772872,0.09422574,-0.004707789,9.854866,0.5485124,11.3443575,1.0169594,0.18845148,-0.009415578,0.25898942,0.014415105,0.13314924,0.011936098,251.78867,247.00793,330.73657,-1.5654719,11.686592,0.2816632
2,53,10,0.008,0.11652134,0.038775675,0.060029455,0.01771621,0.0984577,-0.003078929,9.322896,0.70789266,11.340354,-0.45114928,0.1969154,-0.006157858,0.2450091,0.018603673,0.13310225,-0.0052951598,251.80464,246.9828,331.02838,-0.25674337,11.68689,0.24092051
2,54,10,0.008,0.11560711,0.040620014,0.056551754,0.018435344,0.10077204,-0.0065972004,9.048814,1.4763815,11.568228,-0.19042888,0.20154408,-0.013194401,0.23780613,0.03879984,0.13577682,-0.0022350734,251.7894,246.98462,331.20175,-1.2859527,11.68689,0.28754717
2,55,10,0.008,0.11206662,0.03286969,0.06080341,0.018393524,0.09065,-0.000937246,9.382805,1.0769479,11.5551,0.0612072,0.1813,-0.001874492,0.24658348,0.02830258,0.13562272,0.0007183913,251.73943,246.94293,330.30066,-1.1381551,11.68689,0.29577416
2,56,10,0.008,0.10604878,0.035511192,0.052645493,0.01789209,0.09422207,-0.002652547,8.730703,1.1292326,11.396507,-0.03840387,0.18844414,-0.005305094,0.22944605,0.029676637,0.13376132,-0.0004507487,251.75595,246.85017,330.71436,-1.0908288,11.68689,0.25420615
2,57,10,0.008,0.10938302,0.039126154,0.051758688,0.018498179,0.09890166,-0.0029758774,8.656858,1.7095907,11.587926,-0.25468493,0.19780332,-0.0059517547,0.22750536,0.044928655,0.13600801,-0.0029892498,251.80704,247.0487,331.09122,-1.4549057,11.68712,0.3019937
2,58,10,0.008,0.11120831,0.03081404,0.063092224,0.017302046,0.08776964,0.0026618603,9.55777,1.0932645,11.207015,-0.5325814,0.17553928,0.0053237206,0.25118166,0.028731385,0.13153724,-0.006250932,251.8114,247.12602,330.69073,-0.5606831,11.68712,0.31440252
2,59,10,0.008,0.110640034,0.03408754,0.059983056,0.016569437,0.09231406,0.0015771004,9.319294,0.8309503,10.967183,-1.2566673,0.18462811,0.0031542007,0.24491438,0.02183768,0.12872232,-0.0147495605,251.81245,247.07509,331.23383,0.42571694,11.68712,0.30167663
2,60,10,0.008,0.12132509,0.038320437,0.06602694,0.016977713,0.09787803,-0.0028276131,9.777533,1.6895587,11.101479,-0.739688,0.19575606,-0.0056552263,0.25695708,0.044402204,0.13029855,-0.008681751,251.78871,246.95947,331.1655,-0.94987077,11.68712,0.32483912
2,61,10,0.008,0.111856155,0.03105792,0.062693134,0.018105095,0.08811629,0.005999911,9.5274935,1.6020719,11.464145,-1.3472284,0.17623258,0.011999822,0.25038597,0.04210303,0.13455518,-0.015812483,251.76729,246.95476,330.69702,-0.25484347,11.687238,0.32913876
2,62,10,0.008,0.11030518,0.03380419,0.057960313,0.018540682,0.09192958,0.0041975565,9.160813,1.2491919,11.601232,-1.9375807,0.18385915,0.008395113,0.24074948,0.03282922,0.13616417,-0.022741472,251.76123,246.93695,331.3079,0.6883888,11.687238,0.31996563
2,63,10,0.008,0.11541753,0.038353343,0.05849479,0.018569404,0.097920045,-0.000118363685,9.202955,2.0720031,11.610213,-1.2156988,0.19584009,-0.00023672737,0.24185696,0.054452997,0.1362696,-0.014268715,251.77028,246.96208,331.55896,-0.8563043,11.687238,0.3728584
2,64,10,0.008,0.12162477,0.03283572,0.06942817,0.019360887,0.09060314,0.0051059006,10.026205,1.6989739,11.8550625,-1.3544537,0.18120629,0.010211801,0.26349226,0.044649646,0.1391434,-0.015897285,251.75795,246.95688,331.0424,-0.3445202,11.687238,0.38794443
2,65,10,0.008,0.10985375,0.032472737,0.056767344,0.020613668,0.09010097,0.0044692317,9.066048,1.3302022,12.232602,-1.9834398,0.18020193,0.008938463,0.23825899,0.034958195,0.14357461,-0.023279723,251.82327,247.17554,331.7635,0.6532376,11.687236,0.33009556
2,66,10,0.008,0.12026839,0.041216258,0.058259934,0.0207922,0.10150894,0.0013236053,9.184461,2.0082252,12.28546,-0.90275806,0.20301788,0.0026472106,0.24137095,0.052776884,0.144195,-0.010595714,251.88213,247.46466,332.11664,-1.1054671,11.687236,0.3938479
2,67,10,0.008,0.11561192,0.030092148,0.06520747,0.020312302,0.08673544,0.0080051515,9.716667,1.5215874,12.142854,-1.0479121,0.17347088,0.016010303,0.25535753,0.039987862,0.14252123,-0.012299392,251.90019,247.65363,331.6529,-0.47367525,11.687236,0.37217554
2,68,10,0.008,0.10775477,0.03266422,0.05561853,0.019472016,0.09036623,0.006322262,8.973843,1.4745827,11.889035,-1.7421579,0.18073246,0.012644524,0.2358358,0.038752567,0.13954216,-0.020447789,251.90063,247.5006,332.35223,0.26757526,11.687236,0.33184147
2,69,10,0.008,0.108919926,0.03679458,0.05168934,0.020436002,0.095909566,0.0018883377,8.651056,2.1561708,12.179772,-1.5679247,0.19181913,0.0037766753,0.2273529,0.056664947,0.14295454,-0.018402806,251.91043,247.48473,332.57346,-0.5882461,11.687124,0.37133896
2,70,10,0.008,0.11071626,0.02912382,0.06153112,0.020061322,0.08532851,0.0085078655,9.438784,1.8159987,12.067603,-1.5738689,0.17065702,0.017015731,0.24805467,0.047725108,0.141638,-0.01847257,251.91547,247.58693,331.82315,-0.2421298,11.687124,0.36664134
2,71,10,0.008,0.10862734,0.03506127,0.05412521,0.019440867,0.09362327,0.008180934,8.852551,1.2479646,11.879523,-1.7655581,0.18724655,0.016361868,0.23264825,0.032796957,0.13943051,-0.02072244,251.97617,247.73247,332.5224,0.5175935,11.687124,0.33903947
2,72,10,0.008,0.11465733,0.04119414,0.05378496,0.01967823,0.1014817,0.0049438025,8.824681,1.6682912,11.951825,-1.1332006,0.2029634,0.009887605,0.23191585,0.04384329,0.14027911,-0.013300427,252.0182,247.81013,332.8773,-0.53509057,11.687124,0.39873603
2,73,10,0.008,0.10931684,0.028982347,0.06309047,0.017244015,0.08512101,0.011375651,9.557638,0.5810544,11.188206,-1.3453691,0.17024203,0.022751302,0.25117818,0.01527031,0.13131647,-0.015790658,251.98875,247.87398,332.1564,0.7643147,11.686814,0.36311418
2,74,10,0.008,0.110584185,0.032429814,0.06232493,0.015829446,0.0900414,0.009106727,9.499475,0.27601823,10.719489,-1.744342,0.1800828,0.018213455,0.24964961,0.0072538587,0.12581512,-0.020473422,251.94855,247.72035,332.39166,1.4683237,11.686814,0.36269152
2,75,10,0.008,0.115827285,0.040351808,0.058841888,0.01663359,0.100438796,0.0063896943,9.230218,0.9388433,10.988395,-1.0845491,0.20087759,0.012779389,0.24257347,0.024673147,0.12897128,-0.012729401,251.94284,247.70856,332.5005,0.14570576,11.686814,0.3837507
2,76,10,0.008,0.12345099,0.03216713,0.072747454,0.018536406,0.089675985,0.01078431,10.263077,0.5202836,11.599893,-0.9879211,0.17935197,0.02156862,0.26971737,0.013673255,0.13614847,-0.011595274,251.98485,247.85149,331.94238,0.46763754,11.686814,0.38788694
2,77,10,0.008,0.10940233,0.030900158,0.06159164,0.016910534,0.087892205,0.0069782697,9.443425,-0.70058125,11.079493,-1.1568081,0.17578441,0.013956539,0.24817663,-0.018411536,0.13004051,-0.0135775115,252.10579,248.27129,333.24228,1.8573895,11.686322,0.30170402
2,78,10,0.008,0.11482449,0.036661908,0.06078457,0.017378012,0.095736496,0.0045153615,9.3813505,-0.29974073,11.231591,-0.8457037,0.19147299,0.009030723,0.24654527,-0.007877289,0.13182569,-0.009926065,252.1822,248.71855,333.95746,1.1454444,11.686322,0.2833026
2,79,10,0.008,0.12356721,0.030315941,0.075065166,0.0181861,0.08705737,0.009901154,10.425284,-0.28242075,11.489761,-1.0126117,0.17411473,0.019802308,0.27398023,-0.007422139,0.13485585,-0.011885072,252.17764,248.71767,333.3392,1.2950325,11.686322,0.288098
2,80,10,0.008,0.11035485,0.029254422,0.06332002,0.01778041,0.08551962,0.006755027,9.575009,-0.7783825,11.360884,-1.625987,0.17103924,0.013510054,0.2516347,-0.020456182,0.1333432,-0.01908428,252.25122,248.86952,334.17993,2.4043696,11.686322,0.288163
2,81,10,0.008,0.11726666,0.043338135,0.056366563,0.017561967,0.10408907,-0.00075746427,9.033987,-0.6344001,11.29088,-0.35873678,0.20817813,-0.0015149285,0.23741643,-0.016672267,0.13252157,-0.004210509,252.31535,249.09189,334.67554,0.9931369,11.685655,0.23322494
2,82,10,0.008,0.107186355,0.026220923,0.06210298,0.018862447,0.08096438,0.0059237913,9.482544,-0.9517998,11.701465,-0.4231941,0.16192876,0.011847583,0.2492047,-0.02501365,0.13734062,-0.004967051,252.32523,249.23053,334.22934,1.3749939,11.685655,0.25951353
2,83,10,0.008,0.097602956,0.030449664,0.048942253,0.018211039,0.08724916,0.0056722877,8.418033,-1.7297137,11.497638,-1.0385604,0.17449832,0.011344575,0.22122896,-0.045457494,0.13494828,-0.0121896295,252.36969,249.43454,334.84964,2.768274,11.685655,0.2969152
2,84,10,0.008,0.115019105,0.040870357,0.0541199,0.020028854,0.101082094,0.0010623432,8.852118,-1.1233885,12.057831,-0.442318,0.20216419,0.0021246865,0.23263684,-0.029523054,0.14152333,-0.0051915054,252.43051,249.70358,335.13647,1.5657065,11.685655,0.24802293
2,85,10,0.008,0.1082959,0.028315026,0.063604556,0.016376317,0.084135346,0.0034158062,9.596499,-1.8106395,10.903084,-0.31993064,0.16827069,0.0068316124,0.25219944,-0.047584265,0.12796998,-0.0037550426,252.43541,249.77928,334.5866,2.1305702,11.68491,0.32281238
2,86,10,0.008,0.09838443,0.029640522,0.053643253,0.015100656,0.086082116,0.0031185583,8.81305,-2.4533384,10.469818,-1.3797743,0.17216423,0.0062371166,0.23161013,-0.06447462,0.12288473,-0.016194474,252.46394,249.86253,335.2953,3.8331127,11.68491,0.37001583
2,87,10,0.008,0.09458223,0.035637274,0.04321851,0.015726443,0.094389185,-0.0018648276,7.9104934,-1.4972746,10.684556,-0.47000292,0.18877837,-0.0037296552,0.20789061,-0.03934892,0.12540512,-0.0055164443,252.47911,249.8697,335.64355,1.9672775,11.68491,0.23445112
2,88,10,0.008,0.09536146,0.025542486,0.05373043,0.016088547,0.079910085,0.003542375,8.820209,-1.4693295,10.806863,-0.025565408,0.15982017,0.00708475,0.23179825,-0.038614508,0.12684064,-0.0003000606,252.44736,249.80934,335.04095,1.4948949,11.68491,0.2647932
2,89,10,0.008,0.09540787,0.030683883,0.049937915,0.01478608,0.08758408,-0.0027083633,8.503229,-1.9426389,10.36019,-0.6391804,0.17516816,-0.0054167267,0.22346793,-0.051053256,0.12159803,-0.0075020865,252.45494,249.8175,335.67172,2.5818193,11.684291,0.29193208
2,90,10,0.008,0.104001194,0.0382292,0.051152997,0.014618989,0.097761445,-0.005588416,8.606057,-1.3574222,10.301486,-0.04910525,0.19552289,-0.011176832,0.22617029,-0.03567354,0.12090901,-0.00057635165,252.47052,249.8172,335.92953,1.4065275,11.684291,0.23720223
2,91,10,0.008,0.09830135,0.023833381,0.05978175,0.014686218,0.07719032,-0.0004935626,9.303641,-1.726927,10.325147,-0.27064544,0.15438063,-0.0009871252,0.24450307,-0.045384273,0.12118671,-0.003176579,252.47699,249.97385,335.18655,1.9975724,11.684291,0.26931137
2,92,10,0.008,0.10143647,0.030087344,0.056469418,0.014879708,0.08672852,-0.0009697522,9.042226,-2.537816,10.39294,-0.9849701,0.17345704,-0.0019395044,0.23763295,-0.06669472,0.12198241,-0.01156064,252.51254,250.19289,335.68665,3.5227861,11.684291,0.34119633
2,93,10,0.008,0.11127994,0.04346928,0.05388177,0.013928887,0.10424644,-0.008446191,8.832622,-1.3062823,10.055401,0.15731126,0.20849288,-0.016892383,0.23212448,-0.03432957,0.118020706,0.0018463659,252.52403,250.13152,336.12634,1.1489711,11.683702,0.21959563
2,94,10,0.008,0.09937911,0.022938943,0.06258507,0.013855092,0.07572804,-0.0022474488,9.519278,-1.2611469,10.02873,-0.1986591,0.15145607,-0.0044948976,0.25017008,-0.033143394,0.117707655,-0.002331668,252.47061,249.94974,335.31982,1.459806,11.683702,0.23486632
2,95,10,0.008,0.09298397,0.02774944,0.051552545,0.013681985,0.083290815,-0.0050862413,8.639602,-1.4939765,9.965882,-0.75925314,0.16658163,-0.010172483,0.22705185,-0.039262243,0.11697002,-0.008911391,252.4602,249.79932,335.75174,2.2532296,11.683702,0.2558786
2,96,10,0.008,0.11373239,0.039892167,0.059394244,0.014445986,0.099865116,-0.010888777,9.27344,-0.76493526,10.24035,0.19306086,0.19973023,-0.021777553,0.24370934,-0.020102775,0.120191455,0.0022659628,252.48671,249.89919,335.91916,0.5718744,11.683702,0.24927017
2,97,10,0.008,0.111875266,0.02410223,0.07390474,0.013868306,0.07762446,-0.005797569,10.344388,-0.05300495,10.033511,0.06304878,0.15524893,-0.011595138,0.27185425,-0.0013929907,0.11776377,0.0007400055,252.48491,249.95395,335.23038,-0.01004383,11.683179,0.24983598
2,98,10,0.008,0.098331586,0.029240033,0.055147044,0.01394451,0.08549859,-0.0063609784,8.935725,-0.82270706,10.06104,-0.9654256,0.17099717,-0.012721957,0.23483407,-0.02162103,0.118086874,-0.011331241,252.52702,250.03796,335.91196,1.7881327,11.683179,0.30697453
2,99,10,0.008,0.10653878,0.036126163,0.055327825,0.015084796,0.09503442,-0.0119441105,8.950359,0.15548599,10.464317,-0.12898558,0.19006884,-0.023888221,0.23521867,0.004086232,0.122820176,-0.0015139104,252.53134,249.97261,336.2244,-0.026500404,11.683179,0.30497107
2,100,10,0.008,0.12141269,0.0270572,0.07887317,0.015482311,0.082245365,-0.0064534997,10.686447,0.24494934,10.6013,0.18472795,0.16449073,-0.012906999,0.28084368,0.0064373594,0.12442794,0.0021681623,252.51958,250.02689,335.5172,-0.4296773,11.683179,0.32764655
3,1,10,0.0064000003,0.10752642,0.030800054,0.06378738,0.012938988,0.08774972,-0.0060757627,9.61028,-0.06588938,9.691508,-0.23750734,0.17549944,-0.012151525,0.25256163,-0.0017315975,0.113749675,-0.002787634,251.67825,247.50604,331.44122,0.30339673,11.682644,0.37354198
3,2,10,0.0064000003,0.10534006,0.036734015,0.054849032,0.0137570165,0.0958306,-0.008620181,8.911548,-0.67359364,9.993171,-1.1485476,0.1916612,-0.017240362,0.2341987,-0.017702281,0.11729031,-0.013480559,251.74846,247.79466,332.43625,1.8221413,11.682644,0.38260785
3,3,10,0.0064000003,0.09683994,0.03476341,0.04966841,0.012408121,0.09322474,-0.0106874155,8.480253,0.035741746,9.490612,0.019847253,0.18644948,-0.021374831,0.2228641,0.000939309,0.111391746,0.0002329482,251.74142,247.79979,332.65182,-0.055588998,11.682644,0.33230293
3,4,10,0.0064000003,0.08923909,0.024067175,0.053373087,0.011798831,0.077567995,-0.005724023,8.790829,-0.06759551,9.254665,-0.07658008,0.15513599,-0.011448046,0.23102616,-0.0017764339,0.108622424,-0.0008988224,251.71109,247.66663,332.19263,0.14417559,11.682644,0.28187123
3,5,10,0.0064000003,0.09339149,0.029930493,0.051958088,0.011502917,0.08650216,-0.006994597,8.673517,-0.4028604,9.137875,-0.817311,0.17300431,-0.013989194,0.22794317,-0.010587317,0.10725165,-0.009592816,251.73557,247.66946,332.83792,1.2201715,11.681859,0.29286414
3,6,10,0.0064000003,0.10283333,0.037224147,0.05297197,0.012637211,0.0964678,-0.010668382,8.757733,0.5954914,9.577824,-0.42510587,0.1929356,-0.021336764,0.2301564,0.01564973,0.11241535,-0.004989488,251.7182,247.58972,332.89166,-0.17038554,11.681859,0.30536914
3,7,10,0.0064000003,0.09145728,0.026334763,0.052940786,0.012181733,0.081139944,-0.0054449504,8.755156,0.6131631,9.403634,0.010759951,0.16227989,-0.010889901,0.23008865,0.016114151,0.11037089,0.0001262896,251.68152,247.58183,332.1538,-0.62392306,11.681859,0.27875152
3,8,10,0.0064000003,0.08765754,0.03059276,0.044559874,0.012504904,0.08745393,-0.008090437,8.032312,-0.06427501,9.527554,-0.8690109,0.17490786,-0.016180875,0.2110921,-0.0016891704,0.111825325,-0.01019962,251.6778,247.50827,332.7018,0.93328595,11.681859,0.28495967
3,9,10,0.0064000003,0.0925283,0.034427993,0.046019964,0.012080342,0.09277391,-0.0067714304,8.16285,0.39993918,9.364418,-0.1490211,0.18554781,-0.013542861,0.21452264,0.010510546,0.10991061,-0.001749067,251.66098,247.36171,332.89557,-0.2509181,11.680841,0.24952304
3,10,10,0.0064000003,0.08526763,0.023242645,0.05066625,0.011358735,0.076227695,-0.0006673649,8.565014,0.21648504,9.080426,0.052186675,0.15245539,-0.0013347298,0.22509165,0.005689303,0.10657737,0.0006125178,251.61153,247.2232,332.24634,-0.26867172,11.680841,0.19196284
3,11,10,0.0064000003,0.0903387,0.02880134,0.049685653,0.011851705,0.08485479,-0.004462959,8.481725,-0.16690055,9.275378,-0.85856086,0.16970958,-0.008925918,0.22290279,-0.004386209,0.10886554,-0.010076967,251.62828,247.29814,332.76068,1.0254614,11.680841,0.19694601
3,12,10,0.0064000003,0.10267949,0.036001697,0.054938436,0.011739358,0.09487057,-0.0073259166,8.918807,0.67913324,9.231311,-0.29475802,0.18974113,-0.014651833,0.2343895,0.017847864,0.10834832,-0.0034595896,251.6532,247.26562,332.8856,-0.3843752,11.680841,0.23137556
3,13,10,0.0064000003,0.09522125,0.023063043,0.060390934,0.011767279,0.07593261,0.0034253844,9.3509245,-0.069645,9.242283,-0.3484473,0.15186521,0.006850769,0.24574567,-0.0018302925,0.10847709,-0.0040897406,251.68785,247.48471,332.38898,0.4180923,11.679695,0.18769462
3,14,10,0.0064000003,0.094287306,0.029243259,0.053263742,0.011780306,0.0855033,0.0016508106,8.781819,-0.84767383,9.247396,-1.0147778,0.1710066,0.0033016212,0.2307894,-0.022277175,0.108537115,-0.0119104935,251.78891,247.87413,333.44342,1.8624516,11.679695,0.20462392
3,15,10,0.0064000003,0.102572665,0.03669264,0.054212425,0.011667596,0.09577662,-0.0008863673,8.859681,-0.32865128,9.2030525,-0.060932755,0.19155324,-0.0017727346,0.23283562,-0.008637075,0.10801665,-0.00071517116,251.87828,248.2455,333.91525,0.38958403,11.679695,0.1997977
3,16,10,0.0064000003,0.110213175,0.0240988,0.07429185,0.011822528,0.07761894,0.004749999,10.371445,-0.16593328,9.263954,-0.1860576,0.15523788,0.009499998,0.2725653,-0.0043607885,0.10873145,-0.002183764,251.90868,248.37851,333.43536,0.35199088,11.679695,0.2282005
3,17,10,0.0064000003,0.10044709,0.0315165,0.057543736,0.011386859,0.08876444,0.0039737322,9.127832,-0.77374065,9.09166,-1.0120125,0.17752887,0.0079474645,0.23988275,-0.020334179,0.10670923,-0.011878035,251.97395,248.38396,334.21198,1.7857531,11.678544,0.25626388
3,18,10,0.0064000003,0.09978341,0.03836731,0.049797583,0.01161852,0.097937874,0.0025524937,8.491273,-0.20211908,9.183677,-0.13067245,0.19587575,0.0051049874,0.22315373,-0.005311765,0.10778924,-0.0015337082,252.0629,248.69196,334.88284,0.33279154,11.678544,0.23910618
3,19,10,0.0064000003,0.08943938,0.023393804,0.05430868,0.011736894,0.076475166,0.008803406,8.867543,-0.5275428,9.230342,-0.24056965,0.15295033,0.017606812,0.23304223,-0.013864014,0.10833695,-0.0028235768,252.1138,249.06494,334.65366,0.7681125,11.678544,0.2531566
3,20,10,0.0064000003,0.084637,0.029076718,0.045138914,0.0104213655,0.08525948,0.0070723523,8.084332,-1.575916,8.697681,-1.0983052,0.17051896,0.014144705,0.2124592,-0.041415647,0.10208509,-0.0128908595,252.20557,249.53598,335.5233,2.6742213,11.678544,0.2710368
3,21,10,0.0064000003,0.088240474,0.03398162,0.043580834,0.010678027,0.09217052,0.007599508,7.943584,-1.1980891,8.804135,-0.30062816,0.18434104,0.015199016,0.20876023,-0.031486217,0.10333454,-0.003528487,252.22795,249.65553,335.7684,1.4987173,11.677471,0.263056
3,22,10,0.0064000003,0.08646832,0.023483131,0.05239334,0.010591843,0.07662103,0.01245693,8.709771,-0.97143126,8.768534,-0.73115563,0.15324207,0.02491386,0.22889592,-0.025529575,0.10291668,-0.008581608,252.15059,249.37134,334.81815,1.7025869,11.677471,0.2534853
3,23,10,0.0064000003,0.086414255,0.028398585,0.04788691,0.010128757,0.0842594,0.010445968,8.326779,-1.3223863,8.574708,-1.2729882,0.1685188,0.020891936,0.21883078,-0.034752794,0.10064173,-0.014941121,252.13947,249.19646,335.09256,2.5953746,11.677471,0.26482725
3,24,10,0.0064000003,0.08969535,0.035235323,0.04394633,0.010513697,0.09385537,0.007160206,7.976823,-0.6114431,8.736128,-0.49362218,0.18771075,0.014320412,0.2096338,-0.016068952,0.10253632,-0.0057936665,252.15187,249.17644,335.23438,1.1050653,11.677471,0.20482872
3,25,10,0.0064000003,0.08530341,0.022966601,0.051797293,0.01053952,0.07577368,0.013250605,8.660087,-0.25055718,8.746848,0.10863722,0.15154736,0.02650121,0.22759019,-0.0065847323,0.10266216,0.0012750785,252.11906,249.11482,334.57205,0.14191997,11.676568,0.25292778
3,26,10,0.0064000003,0.086412445,0.027456526,0.04815059,0.010805323,0.082850054,0.010605573,8.349672,-0.8205954,8.856458,-0.6070853,0.16570011,0.021211145,0.21943243,-0.021565538,0.10394865,-0.0071253893,252.1338,249.10245,335.231,1.4276807,11.676568,0.248988
3,27,10,0.0064000003,0.10423197,0.039420012,0.053206567,0.011605393,0.09927237,0.006886881,8.777105,0.06808841,9.178488,0.06265035,0.19854474,0.013773762,0.23066549,0.001789382,0.10772833,0.00073533045,252.1584,249.06885,335.4617,-0.13073877,11.676568,0.20222932
3,28,10,0.0064000003,0.097831786,0.02461214,0.06275135,0.010468291,0.078441285,0.012048092,9.531917,-0.2281209,8.717241,0.07000436,0.15688257,0.024096183,0.2505022,-0.005995093,0.102314666,0.0008216446,252.19879,249.3933,334.73486,0.15811653,11.676568,0.21566217
3,29,10,0.0064000003,0.097526565,0.028951671,0.059192516,0.009382383,0.08507595,0.008588623,9.257679,-0.84351254,8.252732,-0.4586847,0.1701519,0.017177247,0.24329512,-0.022167815,0.0968627,-0.0053836033,252.26009,249.64468,335.35034,1.3021972,11.67584,0.2206958
3,30,10,0.0064000003,0.10039477,0.039563905,0.051893268,0.008937599,0.09945339,0.007197774,8.668104,-0.31673068,8.054742,0.1916537,0.19890678,0.014395548,0.22780094,-0.008323794,0.094538875,0.0022494486,252.32637,249.85507,336.0824,0.12507698,11.67584,0.18387161
3,31,10,0.0064000003,0.09424198,0.024052266,0.060237452,0.00995226,0.07754397,0.0125035085,9.339035,-0.25363213,8.499669,0.12341074,0.15508793,0.025007017,0.2454332,-0.006665538,0.09976102,0.0014484775,252.32126,249.91122,335.67993,0.1302214,11.67584,0.22005212
3,32,10,0.0064000003,0.09018773,0.027087975,0.053037085,0.010062661,0.082292125,0.010357147,8.763115,-0.74900216,8.546683,-0.6285848,0.16458425,0.020714294,0.23029782,-0.019684043,0.100312814,-0.0073777274,252.35764,249.98141,336.332,1.377587,11.67584,0.2378807
3,33,10,0.0064000003,0.09084919,0.033421516,0.04658873,0.0108389435,0.09140776,0.0042426107,8.213138,0.110046774,8.870226,0.5475502,0.18281552,0.008485221,0.21584423,0.0028920704,0.10411025,0.0064266226,252.40344,250.16757,336.99432,-0.65759695,11.675286,0.20623565
3,34,10,0.0064000003,0.097815305,0.026369818,0.060572762,0.010872719,0.08119393,0.012111949,9.364991,0.085793,8.884035,0.6216135,0.16238786,0.024223898,0.24611534,0.0022546668,0.10427233,0.0072959093,252.38863,250.21466,336.38495,-0.7074065,11.675286,0.2647662
3,35,10,0.0064000003,0.09060805,0.02903337,0.05176355,0.009811134,0.08519591,0.008951343,8.657264,-0.669054,8.439192,-0.44490796,0.17039181,0.017902685,0.22751604,-0.017582975,0.09905117,-0.005221904,252.42969,250.31107,336.9465,1.1139619,11.675286,0.2545324
3,36,10,0.0064000003,0.09632751,0.03431135,0.05122383,0.010792329,0.09261662,0.0061012665,8.612014,-0.05069571,8.851131,0.024549156,0.18523324,0.012202533,0.22632682,-0.0013322975,0.103886135,0.00028813427,252.51604,250.68695,337.33286,0.026146553,11.675286,0.20866548
3,37,10,0.0064000003,0.09049021,0.026234727,0.053838573,0.010416907,0.08098569,0.009338816,8.829079,-0.17959534,8.695823,0.08179236,0.16197138,0.018677631,0.2320314,-0.004719833,0.10206325,0.00096000143,252.57541,251.12299,337.09753,0.097802974,11.674867,0.21716656
3,38,10,0.0064000003,0.08711368,0.028839245,0.04896851,0.009305924,0.08491061,0.008605661,8.420291,-1.0817395,8.219038,-0.54240954,0.16982122,0.017211322,0.2212883,-0.028428521,0.09646722,-0.0063662864,252.6463,251.45293,337.92932,1.6241491,11.674867,0.26755744
3,39,10,0.0064000003,0.100946836,0.03935548,0.05153977,0.010051585,0.09919108,0.0023498912,8.638532,-0.45809683,8.541978,0.12082696,0.19838215,0.0046997825,0.22702372,-0.012038943,0.10025759,0.0014181512,252.67499,251.48672,338.24808,0.33726987,11.674867,0.20818081
3,40,10,0.0064000003,0.093190566,0.025314117,0.05684972,0.011026723,0.079552054,0.009687653,9.072622,-0.4932281,8.9467325,0.0899324,0.15910411,0.019375306,0.2384318,-0.012962211,0.10500821,0.0010555419,252.70569,251.60838,337.78183,0.4032957,11.674867,0.23318532
3,41,10,0.0064000003,0.09323059,0.029831467,0.054132782,0.009266341,0.08635894,0.0052177995,8.85317,-0.94134414,8.201539,-0.22753839,0.17271788,0.010435599,0.23266453,-0.024738861,0.09626184,-0.0026706269,252.76932,251.87181,338.11987,1.1688825,11.674562,0.2525842
3,42,10,0.0064000003,0.10638121,0.034089472,0.06275537,0.0095363725,0.09231667,0.0011104555,9.532221,-0.6418051,8.320182,0.511207,0.18463334,0.002220911,0.25051022,-0.016866866,0.09765435,0.0060000587,252.81026,251.98642,338.46375,0.13059813,11.674562,0.23250836
3,43,10,0.0064000003,0.10753232,0.029012548,0.068426885,0.010092893,0.08516535,0.006476532,9.953643,-0.5088598,8.559513,0.4294785,0.1703307,0.012953064,0.26158533,-0.013373026,0.10046339,0.0050408076,252.81592,251.95499,337.74997,0.07938132,11.674562,0.25915298
3,44,10,0.0064000003,0.10189114,0.03479412,0.05679607,0.01030095,0.093265906,0.0044110515,9.06834,-1.0654275,8.647286,-0.4467406,0.18653181,0.008822103,0.23831926,-0.027999826,0.1014936,-0.0052434145,252.89125,252.14725,338.26828,1.5121682,11.674562,0.25889033
3,45,10,0.0064000003,0.11162722,0.041911464,0.059841502,0.009874251,0.10236145,-0.0022921346,9.3082905,-0.27207324,8.466293,0.047803514,0.2047229,-0.004584269,0.24462523,-0.007150183,0.099369265,0.0005610713,252.97614,252.51765,338.86838,0.22426972,11.674304,0.23140424
3,46,10,0.0064000003,0.10761957,0.029468412,0.068054065,0.010097092,0.08583183,0.0025677998,9.926489,-0.24885212,8.561294,-0.12849112,0.17166366,0.0051355995,0.26087174,-0.0065399227,0.10048429,-0.0015081068,252.95998,252.60709,338.22278,0.37734324,11.674304,0.25331956
3,47,10,0.0064000003,0.099569365,0.031654265,0.05803146,0.009883645,0.088958226,0.0014683048,9.166433,-0.75276726,8.470319,-0.5242293,0.17791645,0.0029366096,0.2408972,-0.019782986,0.099416524,-0.0061529027,252.95541,252.51266,338.82202,1.2769966,11.674304,0.29681388
3,48,10,0.0064000003,0.114193276,0.03893031,0.06469512,0.010567846,0.09865383,-0.0036734222,9.678418,0.48684663,8.7585945,0.63027835,0.19730766,-0.0073468443,0.25435236,0.0127945095,0.10280003,0.007397606,252.91595,252.22702,338.98065,-1.117125,11.674304,0.32036602
3,49,10,0.0064000003,0.11749291,0.026654746,0.08024949,0.0105886655,0.08163141,-0.0014343117,10.779282,1.1250334,8.767219,0.13004763,0.16326281,-0.0028686235,0.2832834,0.029566282,0.10290124,0.0015263753,252.85239,252.00935,338.05453,-1.255081,11.674082,0.37190816
3,50,10,0.0064000003,0.11022241,0.032567143,0.067814335,0.009840927,0.09023184,-0.0023490593,9.908991,0.61591995,8.451995,-0.40757236,0.18046369,-0.0046981187,0.26041186,0.0161866,0.09920145,-0.0047836937,252.85992,251.91676,338.5681,-0.20834759,11.674082,0.37046945
3,51,10,0.0064000003,0.1184268,0.035521343,0.06964746,0.013257994,0.09423553,-0.007291563,10.042026,1.6630265,9.810251,0.6438023,0.18847106,-0.014583126,0.26390806,0.043704927,0.115143366,0.007556335,252.89366,252.03685,338.976,-2.3068287,11.674082,0.45144102
3,52,10,0.0064000003,0.118023075,0.028782433,0.07125816,0.017982483,0.08482693,-0.0030223844,10.157479,1.6247395,11.42526,0.73661023,0.16965386,-0.0060447687,0.26694223,0.042698745,0.13409878,0.008645628,252.88876,252.09235,338.33105,-2.3613498,11.674082,0.4594872
3,53,10,0.0064000003,0.10796871,0.034431167,0.06294933,0.010588215,0.09277818,-0.005122625,9.546942,1.013402,8.767032,-0.61743975,0.18555637,-0.01024525,0.25089705,0.026632579,0.10289905,-0.0072469143,252.97551,252.35965,338.91437,-0.39596224,11.673726,0.375454
3,54,10,0.0064000003,0.11749191,0.036875404,0.06691268,0.013703823,0.09601485,-0.009139181,9.842896,1.3954449,9.973833,0.40324518,0.1920297,-0.018278362,0.25867486,0.036672797,0.11706333,0.0047329064,253.03395,252.60637,339.52786,-1.7986901,11.673726,0.40676853
3,55,10,0.0064000003,0.114614055,0.026137155,0.07264158,0.015835313,0.08083495,-0.003615626,10.255607,1.4149808,10.721477,0.55175126,0.1616699,-0.007231252,0.26952103,0.037186205,0.12583844,0.006475929,253.0009,252.49309,338.85114,-1.966732,11.673726,0.4596009
3,56,10,0.0064000003,0.11874717,0.029973963,0.07855534,0.010217869,0.08656495,-0.004722466,10.664893,0.8574126,8.612344,-0.51315886,0.1731299,-0.009444932,0.28027725,0.022533098,0.10108347,-0.0060229693,253.02283,252.5221,339.08908,-0.34425372,11.673726,0.39652625
3,57,10,0.0064000003,0.13141693,0.04030662,0.07930537,0.011804939,0.100382544,-0.009108648,10.715687,1.1101679,9.25706,-0.07839128,0.20076509,-0.018217295,0.2816121,0.029175611,0.108650535,-0.0009200814,253.0749,252.7259,339.55997,-1.0317765,11.67324,0.37021258
3,58,10,0.0064000003,0.118261695,0.026538735,0.078676,0.013046959,0.08145357,-0.004642099,10.673081,0.7051412,9.731859,-0.014565863,0.16290714,-0.009284198,0.28049242,0.018531363,0.11422329,-0.00017095936,253.10484,252.98235,339.01105,-0.6905753,11.67324,0.43526098
3,59,10,0.0064000003,0.12013595,0.03401357,0.07494045,0.011181925,0.09221384,-0.00576089,10.416621,0.0032331678,9.009476,-0.82692975,0.18442768,-0.01152178,0.27375254,8.49878e-5,0.10574462,-0.009705715,253.16951,253.21121,339.59668,0.82369655,11.67324,0.38474086
3,60,10,0.0064000003,0.13702707,0.04399483,0.081204034,0.0118281925,0.10487472,-0.009280746,10.843201,0.6668422,9.266173,0.23827192,0.20974945,-0.018561492,0.28496322,0.017524851,0.108757496,0.0027966085,253.23149,253.47372,340.21902,-0.9051142,11.67324,0.41305625
3,61,10,0.0064000003,0.11876744,0.0272798,0.076174565,0.015313072,0.08258299,-0.0027547241,10.502039,0.44619727,10.543199,0.29847124,0.16516598,-0.0055094482,0.2759974,0.011726237,0.123746,0.003503167,253.22542,253.56511,339.7747,-0.7446685,11.672777,0.3253977
3,62,10,0.0064000003,0.11749538,0.031372808,0.07519167,0.010930901,0.088561855,-0.0044586365,10.434065,-0.0055475715,8.907774,-0.5496285,0.17712371,-0.008917273,0.274211,-0.00014579175,0.10455095,-0.0064510154,253.23592,253.52533,340.23407,0.5551761,11.672777,0.3376057
3,63,10,0.0064000003,0.12950751,0.03473385,0.081922,0.012851654,0.0931851,-0.009689797,10.891029,0.66316086,9.658746,0.23689452,0.1863702,-0.019379593,0.2862202,0.017428085,0.113365136,0.0027804447,253.2665,253.5208,340.44016,-0.9000554,11.672777,0.3762554
3,64,10,0.0064000003,0.13216577,0.02927795,0.08720016,0.015687667,0.085554,-0.0024896795,11.2364025,0.18314585,10.671374,-0.03606673,0.171108,-0.004979359,0.29529673,0.004813151,0.12525041,-0.00042332002,253.3083,253.80453,339.90878,-0.14707913,11.672777,0.42091155
3,65,10,0.0064000003,0.12205167,0.034825437,0.07638648,0.010839751,0.093307875,-0.0022016743,10.516638,-0.6574128,8.870556,-0.8575068,0.18661575,-0.0044033485,0.27638105,-0.017277038,0.10411412,-0.010064596,253.36781,253.98268,340.4191,1.5149196,11.672343,0.3296568
3,66,10,0.0064000003,0.12771454,0.04219375,0.07448112,0.01103967,0.10270559,-0.007958227,10.384646,0.2265978,8.9519825,-0.036495015,0.20541118,-0.015916454,0.2729123,0.005955075,0.10506983,-0.00042834305,253.39525,253.97992,340.6845,-0.19010279,11.672343,0.3474116
3,67,10,0.0064000003,0.12064565,0.027677828,0.07919337,0.013774453,0.08318327,-0.0013883357,10.708117,0.1334348,9.999503,-0.07794694,0.16636655,-0.0027766714,0.28141317,0.0035067208,0.117364615,-0.0009148663,253.37152,253.93687,340.16193,-0.055487864,11.672343,0.3368666
3,68,10,0.0064000003,0.11813912,0.02976553,0.07820446,0.010169128,0.08626345,-0.0019416893,10.641049,-0.120693326,8.591779,-0.9551962,0.1725269,-0.0038833786,0.2796506,-0.0031718605,0.100842096,-0.01121118,253.3531,253.7795,340.2497,1.0758896,11.672343,0.34098223
3,69,10,0.0064000003,0.12729993,0.043683868,0.072922245,0.010693815,0.10450343,-0.0050703287,10.275399,0.30650437,8.810642,-0.020615665,0.20900686,-0.010140657,0.2700412,0.008055042,0.1034109,-0.00024196866,253.36957,253.84111,340.44568,-0.2858887,11.672078,0.2519575
3,70,10,0.0064000003,0.118284315,0.028364936,0.07837771,0.011541671,0.084209464,0.0008006746,10.652828,0.31645542,9.153255,-0.02403949,0.16841893,0.0016013492,0.2799602,0.0083165625,0.10743217,-0.00028215212,253.35231,253.8576,339.76468,-0.29241595,11.672078,0.27554968
3,71,10,0.0064000003,0.11472153,0.03367839,0.07122077,0.009822369,0.09175836,-0.0012023849,10.154814,-0.3583961,8.444021,-0.81770664,0.18351673,-0.0024047699,0.2668722,-0.0094187865,0.09910786,-0.009597461,253.4064,253.99544,340.30002,1.1761028,11.672078,0.28498396
3,72,10,0.0064000003,0.12079419,0.039120905,0.07056345,0.011109837,0.09889503,-0.0063859397,10.107844,0.2835724,8.980388,0.08386335,0.19779006,-0.012771879,0.26563781,0.007452396,0.105403215,0.0009843081,253.44667,254.0977,340.86298,-0.36743575,11.672078,0.29297018
3,73,10,0.0064000003,0.11107093,0.029752996,0.06775462,0.013563317,0.08624528,0.0024393743,9.904627,0.07676974,9.922569,0.09965494,0.17249057,0.0048787487,0.26029718,0.0020175353,0.11646166,0.001169655,253.42462,254.05688,340.12067,-0.17642468,11.672056,0.23555315
3,74,10,0.0064000003,0.11230381,0.031467985,0.07086098,0.009974836,0.08869609,0.0020754237,10.129132,-0.43329966,8.509305,-0.7940221,0.17739218,0.0041508474,0.26619726,-0.011387275,0.0998741,-0.009319475,253.44661,254.07915,340.58508,1.2273217,11.672056,0.25489977
3,75,10,0.0064000003,0.12823488,0.040829346,0.07576567,0.011639867,0.10103136,-0.003685696,10.473816,0.5783452,9.19211,-0.10295937,0.20206273,-0.007371392,0.27525565,0.015199117,0.107888214,-0.0012084384,253.46039,254.01295,340.84067,-0.47538581,11.672056,0.23806718
3,76,10,0.0064000003,0.118785135,0.032119628,0.07267581,0.013989695,0.08960975,0.0027401242,10.258021,0.26751894,10.077326,-0.19805323,0.1792195,0.0054802485,0.2695845,0.0070304945,0.11827804,-0.0023245574,253.47037,254.093,339.92953,-0.06946571,11.672056,0.2398007
3,77,10,0.0064000003,0.11633849,0.03584296,0.07112099,0.009374548,0.09466118,0.002388345,10.147698,-0.4651987,8.249286,-0.9516648,0.18932237,0.00477669,0.2666852,-0.012225583,0.09682225,-0.011169733,253.53978,254.36514,340.44962,1.4168634,11.672219,0.22487384
3,78,10,0.0064000003,0.12640654,0.04498893,0.070375696,0.011041913,0.10605297,-0.0020417473,10.094389,-0.068156734,8.952892,0.20694244,0.21210594,-0.0040834947,0.26528418,-0.0017911834,0.10508051,0.0024288935,253.57288,254.57414,340.9407,-0.1387857,11.672219,0.19543432
3,79,10,0.0064000003,0.12020529,0.033976253,0.07328874,0.012940297,0.09216324,0.0038040385,10.3011875,0.01792692,9.691999,0.4427576,0.18432648,0.007608077,0.27071893,0.00047112955,0.11375543,0.0051966673,253.53342,254.55934,340.40625,-0.46068454,11.672219,0.23029019
3,80,10,0.0064000003,0.11930245,0.036947634,0.072623335,0.009731485,0.09610884,0.0025722445,10.254319,-0.44904575,8.404865,-0.53124803,0.19221768,0.005144489,0.26948717,-0.011801078,0.09864829,-0.0062352833,253.53024,254.46005,340.79333,0.98029375,11.672219,0.25416306
3,81,10,0.0064000003,0.12837566,0.039794646,0.07826751,0.010313511,0.09974298,-0.0007104437,10.645337,0.30292085,8.652557,0.20435485,0.19948596,-0.0014208874,0.2797633,0.007960869,0.10155546,0.00239852,253.53426,254.34761,340.81076,-0.5072757,11.672391,0.17353383
3,82,10,0.0064000003,0.1295339,0.030686175,0.08677364,0.012074084,0.08758735,0.005069836,11.20889,0.16273274,9.361994,0.06675383,0.1751747,0.010139672,0.29457366,0.004276676,0.10988214,0.0007834913,253.50902,254.2168,339.96313,-0.22948655,11.672391,0.20891859
3,83,10,0.0064000003,0.13414304,0.039779868,0.08372244,0.010640724,0.09972446,0.004620095,11.010057,-0.45428896,8.788744,-0.651636,0.19944891,0.00924019,0.2893483,-0.011938883,0.103153884,-0.0076482776,253.5619,254.30074,340.01544,1.105925,11.672391,0.23247279
3,84,10,0.0064000003,0.14296466,0.04531028,0.0869007,0.0107536735,0.10643106,-0.0009398264,11.2170925,0.055177785,8.835266,0.075926155,0.21286212,-0.0018796528,0.29478925,0.0014500925,0.10369992,0.00089114724,253.65569,254.71559,340.49918,-0.13110393,11.672391,0.23387435
3,85,10,0.0064000003,0.12822028,0.030018358,0.088597305,0.009604606,0.08662903,0.0055343965,11.326061,0.26538482,8.349895,0.28139418,0.17325807,0.011068793,0.297653,0.0069744093,0.09800309,0.0033027362,253.65225,254.7799,340.00656,-0.54677904,11.67242,0.23795652
3,86,10,0.0064000003,0.11559498,0.033377353,0.07327073,0.008946899,0.09134735,0.0044469056,10.299922,-0.37796867,8.058931,-0.25751576,0.1826947,0.008893811,0.27068567,-0.009933156,0.09458805,-0.0030224738,253.66273,254.7631,340.48953,0.63548446,11.67242,0.19513549
3,87,10,0.0064000003,0.13089016,0.044584446,0.075848415,0.0104573015,0.105575144,-0.0012072431,10.479533,0.5279562,8.712665,0.30938157,0.21115029,-0.0024144861,0.2754059,0.013874883,0.10226095,0.0036312267,253.65994,254.72615,340.63998,-0.83733773,11.67242,0.21501666
3,88,10,0.0064000003,0.11981731,0.033541646,0.073316045,0.012959624,0.09157189,0.004998717,10.303107,0.38343972,9.699233,0.6416838,0.18314378,0.009997434,0.27076936,0.010076933,0.11384034,0.007531472,253.65826,254.80319,339.75354,-1.0251236,11.67242,0.24447326
3,89,10,0.0064000003,0.11037404,0.039958365,0.06052669,0.009888982,0.099947944,0.0050412263,9.361429,-0.22224505,8.472606,-0.33825508,0.19989589,0.010082453,0.24602173,-0.005840682,0.09944336,-0.0039701145,253.74965,255.06885,340.46695,0.56050014,11.672301,0.1837542
3,90,10,0.0064000003,0.123321876,0.043009993,0.06948832,0.010823563,0.10369425,-0.0004417489,10.030546,0.34914255,8.863931,0.38443193,0.2073885,-0.0008834978,0.26360637,0.009175593,0.10403635,0.0045120954,253.81346,255.27791,340.70554,-0.7335745,11.672301,0.20032461
3,91,10,0.0064000003,0.11806785,0.03298388,0.0743644,0.010719577,0.090807326,0.007955385,10.376507,0.032708485,8.821247,0.19629218,0.18161465,0.01591077,0.27269837,0.0008595941,0.10353539,0.002303891,253.81982,255.39795,339.9771,-0.22900066,11.672301,0.21314435
3,92,10,0.0064000003,0.106009185,0.03441005,0.062097646,0.009501487,0.09274973,0.0054960703,9.482138,-0.78053564,8.304951,-0.61987585,0.18549946,0.0109921405,0.249194,-0.020512762,0.09747557,-0.00727551,253.8773,255.6063,340.65973,1.4004115,11.672301,0.19940309
3,93,10,0.0064000003,0.11590251,0.042687498,0.06384096,0.009374051,0.103304766,-0.00022591079,9.614316,0.09275348,8.249067,0.30080038,0.20660953,-0.00045182157,0.2526677,0.0024375939,0.096819684,0.0035305084,253.90468,255.72661,341.2699,-0.39355385,11.671887,0.23718013
3,94,10,0.0064000003,0.10490849,0.029442668,0.06583464,0.0096311765,0.08579433,0.0084179705,9.763284,0.03503738,8.361437,0.1219484,0.17158866,0.016835941,0.25658262,0.0009207954,0.098138556,0.0014313124,253.87535,255.64725,340.92523,-0.15698577,11.671887,0.20849386
3,95,10,0.0064000003,0.11014131,0.03502428,0.06615561,0.008961409,0.093573876,0.0068564066,9.787055,-0.21567242,8.065465,-0.31779432,0.18714775,0.013712813,0.25720733,-0.005667949,0.09466472,-0.0037299679,253.84866,255.4421,341.0096,0.53346676,11.671887,0.18208455
3,96,10,0.0064000003,0.12785389,0.04471374,0.07348344,0.009656713,0.10572812,0.0016501853,10.314862,0.8360724,8.372514,0.08243272,0.21145624,0.0033003706,0.2710783,0.021972284,0.098268576,0.00096751767,253.79494,255.08142,340.87018,-0.9185051,11.671887,0.2031534
3,97,10,0.0064000003,0.11273337,0.029532703,0.074016824,0.009183846,0.08592541,0.007760196,10.35223,0.8777287,8.16495,-0.44291317,0.17185082,0.015520392,0.27206033,0.023067024,0.095832385,-0.0051984913,253.71413,254.83311,339.70016,-0.43481553,11.671104,0.20347166
3,98,10,0.0064000003,0.10198431,0.030507505,0.062829256,0.008647544,0.08733199,0.0061427625,9.537831,0.2072994,7.9229627,-0.78281057,0.17466398,0.012285525,0.25065765,0.005447898,0.09299217,-0.009187883,253.73189,254.92397,340.1369,0.57551116,11.671104,0.17068854
3,99,10,0.0064000003,0.12306185,0.04791107,0.066190355,0.008960427,0.10944299,0.00028059646,9.789625,0.9789552,8.0650215,-0.1446065,0.21888597,0.0005611929,0.25727487,0.025727296,0.09465953,-0.001697254,253.7655,255.0953,340.46375,-0.8343487,11.671104,0.24219525
3,100,10,0.0064000003,0.11091528,0.029017214,0.07246718,0.009430894,0.0851722,0.007242165,10.243287,0.7954425,8.274041,-0.20557727,0.1703444,0.01448433,0.2691973,0.02090451,0.09711279,-0.002412868,253.7622,255.11801,340.08563,-0.58986527,11.671104,0.25946614
4,1,10,0.0051200003,0.116878554,0.021092003,0.08599734,0.009789204,0.07261543,-0.0003607174,11.158639,1.951962,8.429754,1.2785949,0.14523086,-0.0007214348,0.29325303,0.051298246,0.09894041,0.01500693,253.53235,253.89441,340.47208,-3.230557,11.670034,0.5537493
4,2,10,0.0051200003,0.109665595,0.029098721,0.07164546,0.008921415,0.085291736,-0.0022060212,10.185047,1.2621461,8.047445,0.4616652,0.17058347,-0.0044120424,0.2676667,0.033169653,0.09445324,0.0054185847,253.52896,253.85437,340.87576,-1.7238114,11.670034,0.45504335
4,3,10,0.0051200003,0.12230073,0.03446259,0.07888974,0.008948404,0.09282051,-0.006995876,10.687571,2.2099147,8.05961,1.1593705,0.18564102,-0.013991752,0.28087318,0.05807737,0.094596006,0.013607584,253.48073,253.64883,341.03882,-3.369285,11.670034,0.579458
4,4,10,0.0051200003,0.10788979,0.021796102,0.07757991,0.008513776,0.073817514,-0.00034813117,10.5984745,2.3078063,7.8614435,1.0247784,0.14763503,-0.00069626234,0.2785317,0.06064997,0.09227012,0.012027868,253.37524,253.21782,339.9562,-3.3325846,11.670034,0.5756236
4,5,10,0.0051200003,0.09637081,0.025826404,0.062046904,0.008497501,0.08035298,-0.0022809217,9.478264,1.0748657,7.8539267,-0.136558,0.16070595,-0.0045618434,0.24909216,0.028247865,0.09218189,-0.0016027833,253.34158,252.95413,340.05777,-0.9383077,11.668308,0.3757487
4,6,10,0.0051200003,0.10805422,0.03202244,0.06687843,0.00915335,0.089474075,-0.0071409345,9.840376,1.6934177,8.151382,0.4612141,0.17894815,-0.014281869,0.25860864,0.04450362,0.095673144,0.005413294,253.34428,252.91447,340.05978,-2.1546319,11.668308,0.47894725
4,7,10,0.0051200003,0.09944207,0.02262809,0.06806983,0.0087441495,0.07521318,0.00055591925,9.927639,1.3992913,7.9670954,0.4886913,0.15042636,0.0011118385,0.26090196,0.036773875,0.09351016,0.0057357913,253.31357,252.90523,339.37338,-1.8879826,11.668308,0.47006303
4,8,10,0.0051200003,0.09791409,0.025151797,0.06389572,0.008866578,0.07929659,-0.001608751,9.618439,0.68748397,8.0226755,-0.080247514,0.15859318,-0.003217502,0.25277603,0.01806732,0.09416251,-0.0009418666,253.30379,252.84665,339.6351,-0.60723644,11.668308,0.38844967
4,9,10,0.0051200003,0.1097721,0.034564935,0.0665399,0.008667264,0.092958234,-0.0050646495,9.815439,0.47626495,7.931991,0.1112879,0.18591647,-0.010129299,0.2579533,0.012516421,0.09309814,0.0013061882,253.28893,252.66623,339.82135,-0.58755285,11.666072,0.40154663
4,10,10,0.0051200003,0.106870085,0.021391729,0.076763615,0.008714741,0.07312956,0.0013414567,10.542568,0.28300261,7.9536853,0.1940753,0.14625911,0.0026829133,0.27706248,0.007437412,0.09335278,0.0022778667,253.2549,252.54053,339.02072,-0.4770779,11.666072,0.43963057
4,11,10,0.0051200003,0.10345392,0.025944555,0.06733343,0.010175935,0.08053657,-0.0016056543,9.873793,-0.658215,8.594654,-0.7150862,0.16107313,-0.0032113085,0.25948685,-0.017298134,0.10087584,-0.008393,253.28879,252.65141,339.39148,1.3733013,11.666072,0.374367
4,12,10,0.0051200003,0.111972235,0.03342061,0.06863261,0.009919007,0.091406524,-0.0057572434,9.9685955,-0.05105976,8.485458,-0.18609989,0.18281305,-0.011514487,0.26197827,-0.0013418824,0.09959421,-0.0021842609,253.31816,252.7842,339.67648,0.23715964,11.666072,0.41927055
4,13,10,0.0051200003,0.09234753,0.021449745,0.06151342,0.009384362,0.07322866,0.0025609855,9.437428,-1.2324909,8.253603,-0.6268198,0.14645731,0.005121971,0.248019,-0.03239031,0.09687292,-0.007357012,253.28986,252.69843,339.05627,1.8593106,11.663547,0.36524478
4,14,10,0.0051200003,0.09737965,0.025304578,0.06179643,0.010278632,0.079537064,0.0005149829,9.459112,-1.9479896,8.637913,-1.3575871,0.15907413,0.0010299658,0.24858887,-0.051193852,0.10138359,-0.015934061,253.28224,252.62242,339.4555,3.3055768,11.663547,0.41294214
4,15,10,0.0051200003,0.10836437,0.032515638,0.06592351,0.009925224,0.09016047,-0.0032026821,9.769872,-1.2559742,8.488117,-0.8570051,0.18032093,-0.0064053643,0.25675574,-0.03300745,0.099625416,-0.010058704,253.22914,252.35423,339.41516,2.1129794,11.663547,0.41011134
4,16,10,0.0051200003,0.093790844,0.01983117,0.06514251,0.008817164,0.07041159,0.003012694,9.711826,-1.1307216,8.00029,-0.7353739,0.14082319,0.006025388,0.2552303,-0.029715776,0.09389976,-0.008631119,253.11928,251.89954,338.22296,1.8660955,11.663547,0.38876462
4,17,10,0.0051200003,0.085630424,0.022554269,0.052814096,0.010262055,0.07509039,0.00072379544,8.744673,-2.370385,8.630945,-1.6642046,0.15018079,0.0014475909,0.22981317,-0.062294576,0.101301804,-0.019532844,253.07283,251.64903,338.34735,4.03459,11.66102,0.39979088
4,18,10,0.0051200003,0.09220242,0.030150425,0.05188238,0.010169618,0.08681939,-0.0024519786,8.667196,-1.521094,8.591985,-1.1525989,0.17363878,-0.0049039572,0.22777703,-0.039974894,0.100844525,-0.013528101,253.0423,251.4795,338.36816,2.6736927,11.66102,0.3267743
4,19,10,0.0051200003,0.089481294,0.022844756,0.056266338,0.0103702,0.07557241,0.004321888,9.025951,-1.6613816,8.676304,-1.244986,0.15114482,0.008643776,0.23720527,-0.04366171,0.10183418,-0.014612454,252.97672,251.23416,337.46133,2.9063678,11.66102,0.3328679
4,20,10,0.0051200003,0.093773246,0.023563702,0.05806558,0.012143969,0.076752365,0.0017815226,9.169128,-2.5077484,9.389047,-2.0746722,0.15350473,0.0035630453,0.240968,-0.06590453,0.110199675,-0.024350513,252.98767,251.20995,337.87442,4.5824203,11.66102,0.4260476
4,21,10,0.0051200003,0.09490182,0.029063368,0.05461889,0.011219563,0.08523991,-0.0018908953,8.892832,-2.1571815,9.024625,-1.5715246,0.17047982,-0.0037817906,0.23370685,-0.05669151,0.10592244,-0.018445062,252.99629,251.24825,338.00806,3.7287061,11.658665,0.37868047
4,22,10,0.0051200003,0.08648837,0.020069474,0.0554593,0.0109596,0.070833385,0.005054488,8.960987,-2.4809835,8.91946,-1.6853437,0.14166677,0.010108976,0.23549798,-0.065201156,0.10468811,-0.019780958,252.93526,251.12128,337.29877,4.1663275,11.658665,0.42342243
4,23,10,0.0051200003,0.08441498,0.021805478,0.049759883,0.012849623,0.07383339,0.0029622584,8.488058,-3.0422776,9.657983,-2.4113257,0.14766678,0.005924517,0.22306924,-0.079952165,0.11335618,-0.02830184,252.90929,250.9575,337.64087,5.4536033,11.658665,0.50601745
4,24,10,0.0051200003,0.08888981,0.031725954,0.045197755,0.011966092,0.089058906,-0.0011730986,8.0896015,-1.8866646,9.320032,-1.8342699,0.17811781,-0.0023461971,0.21259764,-0.049582224,0.10938963,-0.02152891,252.84377,250.6822,337.55634,3.7209344,11.658665,0.37675986
4,25,10,0.0051200003,0.07663232,0.018978158,0.046874225,0.010779939,0.06888062,0.005179482,8.238264,-1.8744365,8.846049,-1.50234,0.13776124,0.010358964,0.21650456,-0.049260873,0.103826486,-0.017633028,252.76765,250.3837,336.73312,3.3767765,11.656538,0.34083503
4,26,10,0.0051200003,0.086521834,0.023007218,0.051198028,0.012316587,0.07584065,0.0033683837,8.609843,-2.4477816,9.455542,-1.9879351,0.1516813,0.0067367675,0.22626981,-0.06432858,0.11098012,-0.02333248,252.75957,250.30173,336.8843,4.4357166,11.656538,0.42459577
4,27,10,0.0051200003,0.089641705,0.02711145,0.050507102,0.012023149,0.082327776,-0.0006139301,8.551552,-1.7868416,9.342225,-1.3560505,0.16465555,-0.0012278602,0.22473785,-0.046958845,0.10965012,-0.015916029,252.75948,250.29922,336.96274,3.1428921,11.656538,0.34798494
4,28,10,0.0051200003,0.082975574,0.019145204,0.05197838,0.011851989,0.0691831,0.005400366,8.675211,-2.0263453,9.275489,-1.428542,0.1383662,0.010800732,0.22798768,-0.053253096,0.10886684,-0.016766867,252.70099,250.12141,336.13748,3.4548874,11.656538,0.3893006
4,29,10,0.0051200003,0.08619644,0.024850711,0.049621902,0.011723823,0.07882054,0.003454086,8.476282,-1.9543605,9.225201,-1.8087642,0.15764108,0.006908172,0.22275974,-0.051361293,0.108276606,-0.021229547,252.65881,249.88452,336.30783,3.7631247,11.654601,0.38524312
4,30,10,0.0051200003,0.08604925,0.027287947,0.04553602,0.013225288,0.08259532,-0.0008397581,8.119817,-1.1200781,9.798143,-1.7832369,0.16519064,-0.0016795162,0.2133917,-0.02943606,0.115001254,-0.020929936,252.60425,249.65094,336.2604,2.903315,11.654601,0.3073285
4,31,10,0.0051200003,0.08112863,0.019435165,0.048582423,0.013111037,0.06970503,0.004826204,8.387031,-1.2773776,9.755729,-1.7667657,0.13941006,0.009652408,0.2204142,-0.033569947,0.114503436,-0.020736618,252.52853,249.37212,335.30817,3.0441432,11.654601,0.33077934
4,32,10,0.0051200003,0.088344514,0.021114679,0.052975778,0.01425406,0.072654456,0.0016787542,8.758048,-1.9783889,10.172097,-2.4362824,0.14530891,0.0033575085,0.23016468,-0.05199278,0.11939037,-0.028594755,252.52565,249.30501,335.56393,4.4146714,11.654601,0.4223604
4,33,10,0.0051200003,0.09254482,0.029286018,0.05088619,0.012372608,0.08556579,-0.00190207,8.583584,-0.48126367,9.477021,-1.2492067,0.17113158,-0.00380414,0.22557968,-0.01264778,0.11123223,-0.014661984,252.53996,249.39838,335.7621,1.7304703,11.652757,0.26989645
4,34,10,0.0051200003,0.08769511,0.020117523,0.056020845,0.011556741,0.07091813,0.0047817244,9.006239,-0.8270368,9.159228,-1.05375,0.14183626,0.009563449,0.23668723,-0.021734824,0.10750228,-0.012367914,252.52486,249.33607,335.181,1.8807869,11.652757,0.29009008
4,35,10,0.0051200003,0.08275013,0.021232393,0.049653023,0.011864709,0.072856694,0.0024941962,8.478939,-1.4647375,9.280466,-1.6803235,0.14571339,0.0049883923,0.22282958,-0.038493834,0.108925246,-0.019722037,252.54521,249.34608,335.53668,3.145061,11.652757,0.37241495
4,36,10,0.0051200003,0.081445836,0.02450559,0.043106686,0.013833563,0.07827131,-0.00077318423,7.900253,-0.70383304,10.020935,-1.4309425,0.15654261,-0.0015463685,0.2076215,-0.018496985,0.11761617,-0.016795037,252.5408,249.40518,335.78473,2.1347756,11.652757,0.31102163
4,37,10,0.0051200003,0.07762937,0.020094771,0.04655047,0.010984133,0.070878014,0.004698996,8.2097645,0.070084155,8.929439,-0.50198334,0.14175603,0.009397992,0.21575558,0.0018418401,0.104805216,-0.0058918023,252.44934,249.08238,334.87067,0.4318992,11.650963,0.23869365
4,38,10,0.0051200003,0.08401937,0.021910794,0.050613243,0.0114953285,0.074011475,0.0014951798,8.560532,-0.22059573,9.13486,-0.8336382,0.14802295,0.0029903597,0.22497387,-0.005797333,0.10721627,-0.009784444,252.406,248.80737,334.85654,1.0542339,11.650963,0.29622927
4,39,10,0.0051200003,0.09185356,0.025217049,0.05410295,0.0125335585,0.079399385,-0.0014054953,8.850731,0.4824917,9.538464,-0.43117994,0.15879877,-0.0028109907,0.2326004,0.012680054,0.11195338,-0.00506078,252.40811,248.85094,334.73853,-0.05131176,11.650963,0.27246878
4,40,10,0.0051200003,0.09194812,0.022076393,0.057106625,0.0127651,0.07429063,0.0037872393,9.093099,0.10693198,9.626165,-0.5297667,0.14858127,0.0075744786,0.23896992,0.002810206,0.11298274,-0.0062178904,252.3863,248.83263,334.00336,0.4228347,11.650963,0.295086
4,41,10,0.0051200003,0.07903485,0.022389153,0.046259046,0.010386657,0.07481503,0.0009780517,8.184026,0.37305164,8.683186,-0.59239626,0.14963005,0.0019561034,0.21507916,0.009803931,0.10191495,-0.006952982,252.38112,248.73671,334.4378,0.21934462,11.64914,0.26949957
4,42,10,0.0051200003,0.07832309,0.024508301,0.04253962,0.011275163,0.078275636,-0.0005086326,7.848117,1.0684224,9.04696,-0.5267686,0.15655127,-0.0010172653,0.20625135,0.028078526,0.10618457,-0.006182704,252.33609,248.59656,334.64694,-0.5416538,11.64914,0.26308683
4,43,10,0.0051200003,0.08229497,0.024555352,0.046978377,0.010761249,0.07835074,0.0032049743,8.247413,0.9635189,8.838377,-0.3406093,0.15670148,0.0064099487,0.21674496,0.025321618,0.10373644,-0.0039977496,252.24136,248.2861,333.68893,-0.6229096,11.64914,0.26252243
4,44,10,0.0051200003,0.090016685,0.026888514,0.051969983,0.011158189,0.08198859,0.00071153406,8.67451,0.5840981,8.9999075,-0.69258267,0.16397718,0.0014230681,0.22796926,0.015350307,0.10563233,-0.008128873,252.21404,248.1035,333.7392,0.108484566,11.64914,0.28505948
4,45,10,0.0051200003,0.08979172,0.025783317,0.053127192,0.010881214,0.08028592,-0.0017459377,8.770556,1.6604851,8.887506,0.26220563,0.16057184,-0.0034918755,0.23049337,0.043638144,0.10431306,0.003077518,252.24503,248.21413,333.81927,-1.9226907,11.647274,0.3047519
4,46,10,0.0051200003,0.09028629,0.023505908,0.056006927,0.010773459,0.07665818,0.0035664253,9.005121,1.2612706,8.8433895,0.60657114,0.15331636,0.0071328506,0.23665783,0.03314665,0.103795275,0.0071193557,252.26076,248.38766,333.52145,-1.8678417,11.647274,0.29927123
4,47,10,0.0051200003,0.08803626,0.023712754,0.05342664,0.010896867,0.07699473,0.0013209503,8.795238,0.7301944,8.893895,0.12910692,0.15398946,0.0026419007,0.23114203,0.019189768,0.10438806,0.0015153295,252.28745,248.51823,333.92957,-0.8593013,11.647274,0.29248512
4,48,10,0.0051200003,0.093926355,0.026977941,0.0552612,0.01168722,0.082124814,-0.0017073117,8.944969,1.222176,9.21079,0.4205902,0.16424963,-0.0034146234,0.23507701,0.032119226,0.10810745,0.004936483,252.27654,248.51515,333.96454,-1.6427661,11.647274,0.317523
4,49,10,0.0051200003,0.09444724,0.025181463,0.059008475,0.0102573,0.07934334,0.0030907465,9.243274,1.2628114,8.628945,1.1792436,0.15868668,0.006181493,0.2429166,0.033187147,0.10127833,0.0138408365,252.24585,248.40805,333.2174,-2.442055,11.64534,0.2946133
4,50,10,0.0051200003,0.101663284,0.026249543,0.0645993,0.010814444,0.08100855,0.00045887087,9.671249,0.9575361,8.860197,0.7569375,0.1620171,0.00091774174,0.25416392,0.025164396,0.10399252,0.008884213,252.26814,248.44667,333.50742,-1.7144736,11.64534,0.3241903
4,51,10,0.0051200003,0.10524873,0.027695993,0.065645106,0.011907627,0.083210565,-0.0018420486,9.74922,1.4303441,9.2972355,1.005174,0.16642113,-0.0036840972,0.256213,0.037589964,0.109122075,0.011797775,252.29292,248.5775,333.83255,-2.4355183,11.64534,0.35925233
4,52,10,0.0051200003,0.09658185,0.025030864,0.060407344,0.011143638,0.07910573,0.0028529945,9.352195,1.101199,8.994038,1.0413446,0.15821145,0.005705989,0.24577905,0.028939914,0.10556343,0.0122223105,252.25925,248.54822,333.30707,-2.1425438,11.64534,0.34333685
4,53,10,0.0051200003,0.09019823,0.029207682,0.051252894,0.0097376555,0.085451275,0.00092336925,8.614456,0.89046746,8.40753,0.87460756,0.17090255,0.0018467385,0.22639102,0.023401806,0.09867956,0.010265307,252.21803,248.30083,333.27368,-1.765075,11.643381,0.30184013
4,54,10,0.0051200003,0.08821624,0.029913284,0.047797736,0.010505221,0.08647729,-0.0012825439,8.319023,1.458744,8.732606,0.97734535,0.17295457,-0.0025650878,0.21862693,0.03833632,0.10249498,0.011471148,252.20433,248.22063,333.19815,-2.4360895,11.643381,0.3133389
4,55,10,0.0051200003,0.09002769,0.028550811,0.050606653,0.010870223,0.08448493,0.0017864457,8.559975,1.0747501,8.883018,0.7763,0.16896985,0.0035728915,0.22495922,0.028244827,0.10426036,0.009111471,252.1487,248.13579,332.49902,-1.8510501,11.643381,0.28898945
4,56,10,0.0051200003,0.10049762,0.028438948,0.06090817,0.0111505035,0.084319256,-0.00021402251,9.3908825,0.998643,8.996808,0.45857826,0.16863851,-0.00042804502,0.2467958,0.026244693,0.10559595,0.0053823534,252.09471,247.9032,332.42465,-1.4572213,11.643381,0.31545314
4,57,10,0.0051200003,0.09547827,0.027962169,0.057661913,0.009854184,0.08360946,-0.0025333893,9.137202,1.635949,8.457685,0.9937281,0.16721892,-0.0050667785,0.24012895,0.042993333,0.09926824,0.011663431,252.04915,247.69034,332.25668,-2.629677,11.641458,0.29070088
4,58,10,0.0051200003,0.09809811,0.028426737,0.059780855,0.009890522,0.08430115,0.001688167,9.303572,1.4674205,8.473266,0.9507802,0.1686023,0.003376334,0.24450123,0.038564324,0.0994511,0.01115935,251.98119,247.4435,331.4984,-2.4182007,11.641458,0.28427008
4,59,10,0.0051200003,0.10797156,0.029116262,0.068496704,0.010358597,0.08531744,-0.0009443188,9.958719,1.3873163,8.67145,0.44441053,0.17063488,-0.0018886375,0.26171875,0.036459178,0.101777196,0.0052160625,251.96638,247.31714,331.647,-1.8317269,11.641458,0.3363764
4,60,10,0.0051200003,0.10778056,0.03234005,0.064491406,0.010949109,0.0899167,-0.0042111077,9.663169,1.8332279,8.91519,0.670543,0.1798334,-0.0084222155,0.25395158,0.048177883,0.10463799,0.007870195,251.98695,247.35458,331.6956,-2.5037708,11.641458,0.35135067
4,61,10,0.0051200003,0.100309305,0.029925223,0.0608971,0.009486983,0.08649454,0.0012206929,9.39003,0.87002796,8.298609,0.92730236,0.17298909,0.0024413858,0.24677338,0.02286465,0.09740114,0.010883791,252.02013,247.57106,331.60757,-1.7973304,11.639554,0.25389826
4,62,10,0.0051200003,0.0968314,0.032613207,0.054609545,0.0096086515,0.090295635,-0.0009505132,8.892072,0.5862134,8.351652,0.79958206,0.18059127,-0.0019010263,0.23368685,0.015405897,0.09802373,0.009384734,252.08484,247.77592,332.49496,-1.3857955,11.639554,0.25075388
4,63,10,0.0051200003,0.09701193,0.03158991,0.054243613,0.011178409,0.088867754,-0.0035520683,8.862229,0.88749474,9.008059,0.9551926,0.17773551,-0.0071041365,0.23290259,0.023323685,0.10572799,0.011211141,252.12376,248.0086,332.80002,-1.8426874,11.639554,0.26960322
4,64,10,0.0051200003,0.094879076,0.028182948,0.05609701,0.010599121,0.08393889,0.0015896498,9.01236,0.46859795,8.771546,1.0243872,0.16787778,0.0031792996,0.23684807,0.012314921,0.10295203,0.012023278,252.13199,248.21425,332.46616,-1.4929852,11.639554,0.32786497
4,65,10,0.0051200003,0.088541016,0.026796602,0.05251482,0.009229597,0.08184834,0.0018654604,8.719862,0.21446294,8.185262,1.1597174,0.16369668,0.0037309208,0.22916113,0.005636166,0.09607079,0.013611657,252.09477,248.01355,332.68073,-1.3741803,11.637692,0.30986935
4,66,10,0.0051200003,0.095130615,0.028640311,0.056735694,0.009754607,0.08461724,-0.0018077518,9.063519,0.92107725,8.4148445,1.6491282,0.16923448,-0.0036155037,0.23819256,0.024206243,0.09876542,0.019355895,252.0494,247.7217,332.52466,-2.5702055,11.637692,0.32138348
4,67,10,0.0051200003,0.09644229,0.02695285,0.059538756,0.009950683,0.082086615,0.0016430194,9.284714,0.51523507,8.498997,1.642587,0.16417323,0.0032860388,0.24400565,0.013540555,0.09975311,0.019279117,252.01326,247.66078,331.64807,-2.1578221,11.637692,0.33245426
4,68,10,0.0051200003,0.0981526,0.028330574,0.059157964,0.010664058,0.08415844,-0.00032497896,9.254975,0.4231665,8.798374,1.3742354,0.16831689,-0.0006499579,0.2432241,0.011120972,0.103266925,0.016129464,252.00984,247.61804,331.85684,-1.7974019,11.637692,0.39955163
4,69,10,0.0051200003,0.09982943,0.028570756,0.060628116,0.010630555,0.08451443,-0.001466926,9.369267,0.8231828,8.784542,1.5487131,0.16902886,-0.002933852,0.24622777,0.021633536,0.103104584,0.01817732,252.00734,247.6202,331.83374,-2.3718958,11.636028,0.32408646
4,70,10,0.0051200003,0.10556805,0.027696196,0.067429386,0.010442463,0.08321087,0.0022150239,9.880826,0.62049943,8.706483,1.7756221,0.16642174,0.0044300477,0.2596717,0.016306965,0.10218837,0.020840554,251.97952,247.60258,331.3103,-2.3961215,11.636028,0.35040992
4,71,10,0.0051200003,0.10142626,0.029288242,0.06209189,0.010046122,0.08556904,0.00021895254,9.481699,0.0719045,8.539657,1.4780527,0.17113808,0.00043790508,0.24918245,0.0018896816,0.10023034,0.017347975,251.98526,247.6859,331.694,-1.5499573,11.636028,0.3900597
4,72,10,0.0051200003,0.11253167,0.032090906,0.069532365,0.010908405,0.08956967,-0.00209988,10.033725,0.258122,8.898603,1.5612639,0.17913935,-0.00419976,0.2636899,0.0067835455,0.10444331,0.018324628,252.00096,247.86476,331.68655,-1.8193859,11.636028,0.37815073
4,73,10,0.0051200003,0.10762301,0.031982034,0.065350436,0.0102905445,0.08941761,0.002275065,9.727314,-0.0807919,8.642919,1.6173354,0.17883521,0.00455013,0.25563732,-0.0021232404,0.10144232,0.018982742,252.04155,248.10062,331.10565,-1.5365435,11.634654,0.39461926
4,74,10,0.0051200003,0.10556275,0.034766283,0.06039589,0.010400577,0.09322859,0.00084260013,9.351308,-0.5573396,8.689002,1.043295,0.18645719,0.0016852003,0.24575575,-0.014647089,0.10198322,0.0122452015,252.12372,248.40633,331.8357,-0.48595542,11.634654,0.3556659
4,75,10,0.0051200003,0.10718056,0.03354129,0.062261414,0.011377853,0.091571406,-0.0024519826,9.494634,-0.08266726,9.088062,1.0708346,0.18314281,-0.004903965,0.24952237,-0.0021725255,0.10666702,0.012568436,252.12985,248.45503,331.9267,-0.9881674,11.634654,0.33142543
4,76,10,0.0051200003,0.106436804,0.032167103,0.06385081,0.010418889,0.08967595,0.0020043314,9.615057,-0.16986053,8.696649,1.3349501,0.1793519,0.004008663,0.2526872,-0.004464005,0.10207296,0.01566837,252.09349,248.32579,331.40665,-1.1650896,11.634654,0.32955244
4,77,10,0.0051200003,0.102920026,0.034372278,0.058535933,0.010011813,0.09269881,-0.00062937266,9.20619,0.2991935,8.525063,0.6033486,0.18539762,-0.0012587453,0.241942,0.00786292,0.10005905,0.0070815305,252.12967,248.38673,332.11285,-0.9025421,11.633602,0.22027512
4,78,10,0.0051200003,0.096372105,0.03134666,0.05505026,0.0099751875,0.08852494,-0.0035574774,8.92788,1.1538049,8.509455,1.0356004,0.17704988,-0.0071149548,0.23462792,0.030322418,0.09987586,0.012154888,252.14879,248.40475,332.55795,-2.1894054,11.633602,0.22173291
4,79,10,0.0051200003,0.09898747,0.03260058,0.056534383,0.009852505,0.090278156,2.2554037e-5,9.047425,1.0057828,8.456965,1.1443206,0.18055631,4.5108074e-5,0.2377696,0.026432348,0.09925979,0.013430944,252.10681,248.29088,331.80026,-2.1501036,11.633602,0.22211727
4,80,10,0.0051200003,0.09816999,0.035273936,0.053006418,0.009889642,0.09390678,-0.0024819311,8.760581,0.742913,8.472889,0.89628434,0.18781357,-0.0049638622,0.23023123,0.019524023,0.09944668,0.01051973,252.10345,248.26366,332.0079,-1.6391973,11.633602,0.22417028
4,81,10,0.0051200003,0.09931463,0.030266415,0.05874565,0.010302565,0.08698623,-0.0040857964,9.222669,2.1983593,8.647965,0.92712426,0.17397246,-0.008171593,0.24237502,0.057773672,0.101501554,0.010881701,252.09404,248.15921,332.16016,-3.1254835,11.632703,0.27785823
4,82,10,0.0051200003,0.095840484,0.028181037,0.057754483,0.009904963,0.08393604,-0.00032757508,9.144532,2.0028012,8.479448,1.1933941,0.16787209,-0.00065515016,0.24032162,0.052634336,0.09952368,0.014006919,252.07332,248.13072,331.54913,-3.1961951,11.632703,0.26043916
4,83,10,0.0051200003,0.08878328,0.030025598,0.04880516,0.009952522,0.08663948,-0.0021836192,8.406235,1.6588145,8.499783,0.9407186,0.17327896,-0.0043672384,0.2209189,0.04359425,0.09976233,0.011041258,252.0786,248.2086,332.21997,-2.599533,11.632703,0.24096242
4,84,10,0.0051200003,0.095887855,0.0300978,0.055371035,0.010419021,0.086743586,-0.0046439003,8.953854,1.8866447,8.696704,1.0281911,0.17348717,-0.009287801,0.23531051,0.049581714,0.10207361,0.012067925,252.0608,248.23193,332.3751,-2.914836,11.632703,0.26025832
4,85,10,0.0051200003,0.091547325,0.029118069,0.053292025,0.009137228,0.085320085,0.00060260895,8.784151,1.9426829,8.144199,0.7996284,0.17064017,0.0012052179,0.23085065,0.05105441,0.09558885,0.009385274,252.03247,248.13019,331.57062,-2.7423112,11.631904,0.2645399
4,86,10,0.0051200003,0.09031703,0.031095285,0.05026555,0.0089561995,0.08816928,-0.0014508058,8.531077,1.8057361,8.06312,0.4785185,0.17633855,-0.0029016116,0.2241998,0.047455397,0.0946372,0.005616392,252.07011,248.16823,331.89014,-2.2842546,11.631904,0.23132063
4,87,10,0.0051200003,0.09860175,0.03128193,0.05809884,0.00922098,0.08843349,-0.003347705,9.171754,2.183727,8.181441,0.70214045,0.17686698,-0.00669541,0.24103701,0.057389125,0.09602594,0.0082410555,252.08733,248.26454,332.12387,-2.8858676,11.631904,0.27328074
4,88,10,0.0051200003,0.095299035,0.027886998,0.05802359,0.0093884505,0.083497,3.5765797e-6,9.1658125,1.709282,8.255402,0.5482837,0.166994,7.1531595e-6,0.24088086,0.04492054,0.09689402,0.006435232,252.07593,248.3479,331.67426,-2.2575657,11.631904,0.25414878
4,89,10,0.0051200003,0.08829195,0.032781728,0.046514362,0.008995864,0.09052862,-0.00091625086,8.20658,1.6328294,8.080955,0.14806096,0.18105724,-0.0018325017,0.21567188,0.04291135,0.094846524,0.0017377981,252.08807,248.41798,332.29184,-1.7808903,11.631152,0.23179506
4,90,10,0.0051200003,0.08861457,0.028496865,0.051208068,0.008909633,0.08440507,-0.0022833894,8.610689,2.312133,8.04213,0.4229099,0.16881014,-0.004566779,0.226292,0.060763698,0.094390854,0.004963713,252.03206,248.1322,332.40866,-2.735043,11.631152,0.28266814
4,91,10,0.0051200003,0.10035508,0.031714644,0.059582893,0.009057541,0.08904303,0.0011054422,9.288156,2.1634629,8.10861,0.33929172,0.17808606,0.0022108844,0.24409607,0.05685658,0.09517112,0.0039822836,251.97285,247.90846,331.34387,-2.5027547,11.631152,0.273121
4,92,10,0.0051200003,0.09357599,0.03146652,0.052701905,0.009407568,0.08869403,-0.0013738759,8.73538,1.7665132,8.263803,-0.02095887,0.17738806,-0.0027477518,0.22956896,0.0464246,0.09699262,-0.0002459956,251.98079,247.90475,331.54498,-1.7455543,11.631152,0.25254014
4,93,10,0.0051200003,0.09754123,0.034238048,0.05354987,0.009753306,0.09251763,-0.0022253294,8.805376,2.085488,8.414284,-0.09058573,0.18503526,-0.004450659,0.23140845,0.054807372,0.09875883,-0.001063212,252.03543,248.0698,332.03622,-1.9949024,11.630409,0.28632554
4,94,10,0.0051200003,0.0975674,0.030050876,0.05737239,0.010144136,0.08667594,0.0012809638,9.114233,1.380718,8.581214,-0.082969435,0.17335188,0.0025619275,0.23952535,0.036285773,0.1007181,-0.0009738147,252.10378,248.36006,331.6855,-1.2977486,11.630409,0.24533814
4,95,10,0.0051200003,0.08743259,0.028391227,0.049205348,0.00983602,0.08424848,-0.00046850755,8.44063,0.72012043,8.449887,-0.14459868,0.16849697,-0.0009370151,0.22182278,0.018925024,0.09917671,-0.0016971616,252.2021,248.8086,332.42795,-0.57552177,11.630409,0.21473058
4,96,10,0.0051200003,0.08963979,0.032266784,0.047786217,0.009586786,0.08981479,-0.0025658903,8.31802,0.99323493,8.342145,0.2842098,0.17962958,-0.0051317806,0.21860059,0.026102578,0.09791213,0.0033357835,252.26756,249.16283,333.01572,-1.2774447,11.630409,0.22689265
4,97,10,0.0051200003,0.084943496,0.026890943,0.048995823,0.009056735,0.08199229,0.0039180005,8.42264,0.30879655,8.108249,-0.13470282,0.16398458,0.007836001,0.22135,0.008115286,0.09516688,-0.0015810113,252.24194,249.12836,332.61905,-0.17409374,11.629614,0.19638464
4,98,10,0.0051200003,0.08243048,0.02656973,0.046527594,0.009333154,0.08150112,0.0026758972,8.207747,0.31944555,8.231053,-0.6226596,0.16300224,0.0053517944,0.21570256,0.008395145,0.09660825,-0.0073081856,252.21422,248.92638,333.08066,0.30321407,11.629614,0.19518033
4,99,10,0.0051200003,0.088162534,0.028868314,0.049318675,0.009975543,0.08495339,-0.00010323675,8.450344,0.94796234,8.509607,-0.30818763,0.16990678,-0.0002064735,0.22207808,0.024912791,0.09987764,-0.0036172138,252.16368,248.80736,333.03503,-0.6397747,11.629614,0.23584066
4,100,10,0.0051200003,0.089450195,0.026326677,0.05369543,0.009428089,0.08112749,0.0042250752,8.817335,0.53109837,8.272809,-0.07207682,0.16225497,0.0084501505,0.23172274,0.013957457,0.09709834,-0.0008459669,252.12573,248.71445,332.224,-0.45902154,11.629614,0.24843015
5,1,10,0.0040960005,0.25354424,0.031345446,0.19655769,0.025641114,0.088523224,0.015639184,16.869946,-0.12413811,13.642992,-0.47672865,0.17704645,0.031278368,0.44334826,-0.003262414,0.16012843,-0.005595395,253.51306,254.41402,340.48007,0.60086673,11.628899,1.0654042
5,2,10,0.0040960005,0.25132066,0.0324509,0.19476011,0.02410966,0.090070665,0.015755683,16.79263,-0.6560866,13.229296,-0.735645,0.18014133,0.031511366,0.44131634,-0.01724221,0.15527286,-0.008634305,253.53168,254.3962,340.5793,1.3917316,11.628899,1.119071
5,3,10,0.0040960005,0.26669803,0.046880405,0.19413331,0.025684325,0.10825942,0.010906888,16.765585,0.045932345,13.654485,-0.43881905,0.21651883,0.021813776,0.4406056,0.0012071783,0.1602633,-0.0051504388,253.54997,254.52687,341.021,0.3928867,11.628899,1.0877522
5,4,10,0.0040960005,0.26398268,0.032983296,0.20203704,0.028962351,0.09080652,0.016023174,17.103468,0.024054017,14.499671,-0.61288977,0.18161304,0.032046348,0.4494853,0.0006321416,0.17018329,-0.0071935174,253.5338,254.5314,340.54578,0.5888358,11.628899,1.127427
5,5,10,0.0040960005,0.2624127,0.036553983,0.20027937,0.025579356,0.09559548,0.014909645,17.028908,-0.8756375,13.626553,-1.4655066,0.19119096,0.02981929,0.44752583,-0.023012104,0.15993547,-0.017200708,253.58116,254.63577,340.87045,2.341144,11.627737,1.1034825
5,6,10,0.0040960005,0.28031588,0.046955857,0.20541719,0.027942836,0.1083465,0.011619051,17.245945,-0.2981586,14.24218,-0.8052627,0.216693,0.023238102,0.45322973,-0.007835725,0.1671611,-0.009451418,253.61456,254.70941,341.12253,1.1034212,11.627737,1.1112
5,7,10,0.0040960005,0.2771629,0.033849534,0.21405332,0.029260049,0.091991216,0.015538158,17.604742,-0.38286182,14.573999,-0.6774545,0.18398243,0.031076316,0.46265897,-0.010061736,0.17105569,-0.007951313,253.58937,254.60742,340.3012,1.0603163,11.627737,1.127562
5,8,10,0.0040960005,0.29190555,0.0358951,0.2276805,0.028329946,0.09473001,0.01626026,18.156477,-0.87678546,14.340494,-1.1387403,0.18946002,0.03252052,0.47715878,-0.023042236,0.16831502,-0.013365457,253.60152,254.56187,340.43988,2.0155258,11.627737,1.2088467
5,9,10,0.0040960005,0.2790788,0.040159177,0.21149871,0.027420947,0.100198776,0.009022913,17.499376,-0.57590246,14.10855,-0.6308131,0.20039755,0.018045826,0.4598899,-0.015134956,0.16559272,-0.007403877,253.60776,254.54335,340.7642,1.2067156,11.626372,1.0903107
5,10,10,0.0040960005,0.27847004,0.036431808,0.21589696,0.026141241,0.09543559,0.012638732,17.680395,-0.60908276,13.775402,-0.8598836,0.19087118,0.025277464,0.46464714,-0.016006913,0.16168253,-0.010092475,253.54971,254.37602,339.88345,1.4689664,11.626372,1.0859449
5,11,10,0.0040960005,0.27604052,0.03638903,0.21397223,0.025679268,0.09537955,0.011922253,17.601408,-0.9550627,13.653141,-1.170051,0.1907591,0.023844507,0.46257132,-0.025099399,0.16024752,-0.013732944,253.51724,254.14445,340.14243,2.1251137,11.626372,1.1217145
5,12,10,0.0040960005,0.2934628,0.044747896,0.22158457,0.027130332,0.105768494,0.008235569,17.911766,-0.23998778,14.033588,-0.65159065,0.21153699,0.016471138,0.4707277,-0.0063069854,0.16471288,-0.0076477504,253.50383,254.03772,340.50732,0.89157844,11.626372,1.1545871
5,13,10,0.0040960005,0.24470095,0.031479497,0.18930526,0.023916204,0.08871231,0.0086926315,16.555794,-0.29376838,13.176114,-0.8131406,0.17742462,0.017385263,0.43509224,-0.00772035,0.15464865,-0.00954387,253.49522,254.15425,339.8634,1.1069089,11.625116,0.9988496
5,14,10,0.0040960005,0.24628265,0.03966808,0.18476434,0.021850223,0.09958424,0.008186006,16.356024,-0.7511239,12.594161,-1.4068704,0.19916847,0.016372012,0.42984223,-0.019739825,0.14781821,-0.0165125,253.53294,254.20522,340.33652,2.1579943,11.625116,1.0404116
5,15,10,0.0040960005,0.25820133,0.043092087,0.1902832,0.024826057,0.10379317,0.0048129675,16.598503,-0.015891336,13.424407,-1.005753,0.20758633,0.009625935,0.43621463,-0.00041763228,0.15756287,-0.011804559,253.5534,254.15872,340.7017,1.0216444,11.625116,1.0499469
5,16,10,0.0040960005,0.26004043,0.03701386,0.19619909,0.026827497,0.09619493,0.00927494,16.85455,-0.081456654,13.955047,-0.848848,0.19238986,0.01854988,0.44294366,-0.00214071,0.16379102,-0.009962958,253.55429,254.24031,339.90665,0.93030465,11.625116,1.0558411
5,17,10,0.0040960005,0.22312187,0.038988136,0.16321354,0.020920208,0.09872707,0.0037632245,15.37258,-0.714587,12.323222,-1.1059353,0.19745414,0.007526449,0.40399694,-0.01877961,0.1446382,-0.012980406,253.59691,254.39249,340.07098,1.8205223,11.62419,0.9103466
5,18,10,0.0040960005,0.23529944,0.052557174,0.15954614,0.023196125,0.11462676,-0.0006432408,15.198888,-0.2855434,12.976243,-0.18654193,0.22925352,-0.0012864816,0.39943227,-0.0075041936,0.15230274,-0.002189451,253.64279,254.53436,340.62854,0.47208536,11.62419,0.9038597
5,19,10,0.0040960005,0.2109972,0.03173347,0.15638244,0.022881292,0.08906945,0.0047154995,15.0474415,-0.35409454,12.887879,-0.48819155,0.1781389,0.009430999,0.3954522,-0.009305703,0.15126564,-0.0057299184,253.61876,254.5161,340.08215,0.8422861,11.62419,0.92006433
5,20,10,0.0040960005,0.21666817,0.038676847,0.15628955,0.021701783,0.09833215,0.005018221,15.042971,-0.5825479,12.551305,-0.96106803,0.1966643,0.010036442,0.39533472,-0.015309565,0.14731525,-0.011280108,253.6169,254.4076,340.40878,1.5436159,11.62419,0.92381406
5,21,10,0.0040960005,0.19069485,0.043364905,0.12721911,0.020110829,0.10412121,-0.0042595924,13.57203,0.6307194,12.082482,0.072603785,0.20824242,-0.008519185,0.3566779,0.016575553,0.14181265,0.00085215375,253.58115,254.09026,340.18805,-0.7033232,11.623834,0.7375466
5,22,10,0.0040960005,0.1760521,0.032641314,0.123273656,0.020137133,0.090334535,-0.0001742462,13.359918,0.47213438,12.090382,-0.17237747,0.18066907,-0.0003484924,0.35110348,0.012407842,0.14190537,-0.0020232056,253.58505,254.22096,339.637,-0.2997569,11.623834,0.7514848
5,23,10,0.0040960005,0.16630687,0.033695675,0.113332085,0.019279113,0.09178191,-0.00034367963,12.809881,-0.41969654,11.829999,-0.65550387,0.18356381,-0.00068735925,0.33664832,-0.011029773,0.13884924,-0.0076936833,253.67506,254.61761,340.4467,1.0752004,11.623834,0.77456945
5,24,10,0.0040960005,0.18125245,0.0436975,0.11732644,0.020228509,0.10451973,-0.005399675,13.033668,-0.17172056,12.117784,-0.14559983,0.20903946,-0.01079935,0.34252948,-0.004512912,0.14222696,-0.0017089145,253.74596,254.93452,340.94742,0.3173204,11.623834,0.7265633
5,25,10,0.0040960005,0.14055225,0.033268094,0.08975611,0.017528057,0.091197714,-0.002802078,11.39989,-0.22707158,11.279976,-0.7411081,0.18239543,-0.005604156,0.29959324,-0.005967511,0.13239357,-0.008698415,253.77107,255.18454,340.62915,0.9681797,11.623983,0.5270359
5,26,10,0.0040960005,0.14488907,0.03975575,0.088995904,0.016137416,0.09969422,-0.001610922,11.351512,-0.62537193,10.823263,-1.3903387,0.19938844,-0.003221844,0.2983218,-0.016434997,0.12703313,-0.016318468,253.7974,255.20392,341.32742,2.0157106,11.623983,0.5704553
5,27,10,0.0040960005,0.16569825,0.04856777,0.09887651,0.018253962,0.11019048,-0.0066312966,11.96507,0.32472953,11.511179,-0.51065725,0.22038096,-0.013262593,0.31444636,0.008534012,0.13510722,-0.005993597,253.75902,254.93785,341.14395,0.18592772,11.623983,0.7625638
5,28,10,0.0040960005,0.15628488,0.032521617,0.10586231,0.01790096,0.09016875,-0.0024720642,12.380533,0.3611988,11.399332,-0.51344395,0.1803375,-0.0049441285,0.3253649,0.009492455,0.13379447,-0.006026316,253.68687,254.74318,340.0659,0.15224513,11.623983,0.55507904
5,29,10,0.0040960005,0.13084006,0.037386343,0.07894796,0.014505756,0.09667774,-0.004620729,10.691513,0.22813216,10.261513,-0.74031544,0.19335549,-0.009241458,0.2809768,0.0059954035,0.12043984,-0.008689117,253.68967,254.70224,340.44907,0.5121833,11.6247225,0.46233293
5,30,10,0.0040960005,0.1520946,0.05634298,0.08053327,0.0152183445,0.11868338,-0.0077286093,10.798325,0.68609834,10.510538,0.109614365,0.23736677,-0.0154572185,0.28378385,0.018030904,0.12336265,0.0012865512,253.72832,254.82408,341.03137,-0.7957127,11.6247225,0.43254256
5,31,10,0.0040960005,0.13097258,0.0335195,0.08159513,0.015857955,0.091541655,-0.0032586355,10.869281,0.5930458,10.729137,-0.2634234,0.18308331,-0.006517271,0.2856486,0.015585451,0.12592837,-0.0030918098,253.69402,254.64136,340.13077,-0.32962236,11.6247225,0.4543913
5,32,10,0.0040960005,0.13105057,0.036151275,0.079300255,0.01559904,0.09506744,-0.0049576103,10.715341,0.24445552,10.641189,-0.69991326,0.19013488,-0.009915221,0.281603,0.006424374,0.12489612,-0.008214917,253.69789,254.56874,340.22507,0.45545775,11.6247225,0.43896025
5,33,10,0.0040960005,0.14281115,0.045180086,0.08340119,0.014229886,0.10627804,-0.008748323,10.9889145,1.0597706,10.163468,0.028116554,0.21255608,-0.017496645,0.28879264,0.027851144,0.119289085,0.00033000743,253.69714,254.58168,340.42886,-1.0878872,11.625891,0.35391515
5,34,10,0.0040960005,0.13070527,0.032052953,0.08502419,0.013628129,0.08951669,-0.0039243335,11.095323,1.0895845,9.946249,-0.013687211,0.17903338,-0.007848667,0.29158908,0.028634664,0.11673958,-0.00016064956,253.6624,254.54068,339.61823,-1.0758972,11.625891,0.34466374
5,35,10,0.0040960005,0.11711937,0.035241485,0.068950266,0.012927621,0.09386358,-0.00530149,9.991636,0.5990638,9.68725,0.016205758,0.18772715,-0.01060298,0.26258382,0.015743611,0.1136997,0.00019020504,253.6914,254.56535,340.3508,-0.61526954,11.625891,0.32668427
5,36,10,0.0040960005,0.12463079,0.044487923,0.06692685,0.01321601,0.1054608,-0.008859369,9.843938,0.8256592,9.794706,0.3108371,0.2109216,-0.017718738,0.25870225,0.02169863,0.11496091,0.0036483088,253.70786,254.63814,340.76382,-1.1364963,11.625891,0.33919945
5,37,10,0.0040960005,0.11412837,0.029747551,0.07327517,0.011105652,0.08623739,-0.0017965753,10.300233,0.9495313,8.978696,-0.18057875,0.17247479,-0.0035931505,0.27069387,0.024954028,0.10538336,-0.00211946,253.6525,254.56483,340.0011,-0.76895255,11.627309,0.31134623
5,38,10,0.0040960005,0.112267554,0.033477906,0.06747758,0.011312064,0.091484845,-0.002289022,9.8843565,0.6207476,9.061751,-0.58768946,0.18296969,-0.004578044,0.25976446,0.01631347,0.106358185,-0.006897741,253.63612,254.40785,340.30615,-0.033058167,11.627309,0.3095424
5,39,10,0.0040960005,0.12800089,0.044336572,0.071639225,0.012025088,0.105281256,-0.0062776227,10.184604,1.4666513,9.3429785,-0.05982347,0.21056251,-0.012555245,0.26765504,0.038544126,0.109658964,-0.00070215476,253.58037,254.08545,340.27628,-1.4068278,11.627309,0.34015498
5,40,10,0.0040960005,0.11373733,0.029620854,0.07237844,0.011738031,0.08605355,-0.00088821066,10.237015,1.614099,9.230789,-0.16533114,0.1721071,-0.0017764213,0.26903242,0.042419095,0.10834219,-0.0019405021,253.46947,253.63133,338.9782,-1.4487679,11.627309,0.3573858
5,41,10,0.0040960005,0.106925815,0.028135583,0.069379054,0.009411182,0.083868325,-0.00041878343,10.0226555,1.3653765,8.2653885,-0.5314953,0.16773665,-0.00083756685,0.26339903,0.03588259,0.097011246,-0.0062381867,253.42926,253.40523,339.11115,-0.8338812,11.628899,0.3488815
5,42,10,0.0040960005,0.1296201,0.045455176,0.07426197,0.009902951,0.1066011,-0.0048654885,10.369359,1.987518,8.478589,0.20538245,0.2132022,-0.009730977,0.2725105,0.052232694,0.099513575,0.0024105834,253.4016,253.27351,339.39133,-2.1929004,11.628899,0.4007911
5,43,10,0.0040960005,0.11554547,0.028374579,0.07738186,0.009789032,0.08422378,5.6151788e-5,10.584936,2.0371785,8.429679,0.012790218,0.16844755,0.000112303576,0.27817595,0.053537782,0.09893954,0.00015012002,253.3357,253.08026,338.54205,-2.0499687,11.628899,0.41430554
5,44,10,0.0040960005,0.11288167,0.030266764,0.073551364,0.009063544,0.08698673,-0.001171644,10.319628,1.646345,8.111296,0.10145611,0.17397346,-0.002343288,0.27120355,0.04326654,0.09520265,0.0011907949,253.31218,252.95052,338.7255,-1.7478012,11.628899,0.38232613
5,45,10,0.0040960005,0.12481851,0.037140366,0.07904799,0.008630151,0.09635918,-0.0013395126,10.698283,1.9362648,7.9149904,0.54262996,0.19271836,-0.0026790253,0.28115475,0.050885726,0.09289861,0.006368872,253.35556,253.08179,338.9262,-2.4788947,11.63058,0.44276732
5,46,10,0.0040960005,0.11081278,0.02623814,0.07581418,0.008760467,0.080990955,0.0031016388,10.477167,1.7641708,7.9745255,0.40160847,0.16198191,0.0062032775,0.27534375,0.04636304,0.09359737,0.0047136974,253.36935,253.15263,338.44617,-2.165779,11.63058,0.43969423
5,47,10,0.0040960005,0.10129885,0.027558604,0.06589404,0.007846208,0.08300392,0.0030374227,9.767687,1.1177043,7.546944,-0.029546045,0.16600785,0.0060748453,0.25669834,0.029373676,0.08857883,-0.00034678556,253.39856,253.26582,338.87515,-1.0881582,11.63058,0.39376938
5,48,10,0.0040960005,0.12588039,0.04174381,0.07567205,0.008464526,0.10215651,-0.0013738744,10.467342,1.5367342,7.8386736,0.43733606,0.20431302,-0.0027477487,0.27508554,0.040385924,0.09200286,0.005133034,253.40897,253.38786,339.28305,-1.9740703,11.63058,0.4391319
5,49,10,0.0040960005,0.117687725,0.02503666,0.085214086,0.0074369833,0.079114884,0.006981627,11.107706,1.4838774,7.347501,0.33615452,0.15822977,0.013963254,0.29191452,0.03899682,0.086237945,0.003945462,253.34772,253.12527,338.43512,-1.8200319,11.632147,0.47882625
5,50,10,0.0040960005,0.10629923,0.027664002,0.07168556,0.0069496688,0.083162494,0.005288535,10.187896,0.97733206,7.102697,-0.22634959,0.16632499,0.01057707,0.2677416,0.025684625,0.08336467,-0.0026566763,253.34427,253.00748,338.78424,-0.75098246,11.632147,0.44691783
5,51,10,0.0040960005,0.13140823,0.044101175,0.0802033,0.007103756,0.1050014,0.0010067815,10.776179,1.288678,7.1810055,0.14685178,0.2100028,0.002013563,0.28320187,0.03386692,0.084283784,0.0017236077,253.37128,253.10835,338.90555,-1.4355298,11.632147,0.47569102
5,52,10,0.0040960005,0.11875003,0.026354251,0.08495887,0.007436901,0.08116996,0.006729845,11.09106,1.1821935,7.34746,0.008335133,0.16233993,0.01345969,0.29147705,0.03106846,0.08623747,9.7830336e-5,253.34126,253.0642,338.1408,-1.1905286,11.632147,0.49651232
5,53,10,0.0040960005,0.11198117,0.026180305,0.07890993,0.006890928,0.080901645,0.008724392,10.688938,0.41317856,7.0726156,-0.44769812,0.16180329,0.017448785,0.28090912,0.010858492,0.08301161,-0.005254653,253.32939,252.91103,338.58395,0.034519553,11.633614,0.46287614
5,54,10,0.0040960005,0.12384859,0.036084164,0.08021576,0.0075486624,0.09497916,0.003156851,10.777017,1.1182346,7.402463,0.03161606,0.18995832,0.006313702,0.28322387,0.029387614,0.08688304,0.00037108044,253.29137,252.64346,338.5023,-1.1498507,11.633614,0.48775902
5,55,10,0.0040960005,0.11981128,0.025198903,0.087658085,0.0069542956,0.07937081,0.00843667,11.265867,1.1634979,7.1050606,-0.06129255,0.15874162,0.01687334,0.29607108,0.03057714,0.08339242,-0.00071939407,253.24055,252.5254,337.70367,-1.1022054,11.633614,0.532014
5,56,10,0.0040960005,0.11011338,0.024549609,0.07862859,0.006935177,0.07834157,0.0073078424,10.669865,0.5605871,7.095287,-0.85813713,0.15668315,0.014615685,0.2804079,0.014732438,0.08327771,-0.010071993,253.22932,252.48431,338.14853,0.29755002,11.633614,0.5078333
5,57,10,0.0040960005,0.13193078,0.036652263,0.08797114,0.0073073762,0.095723905,0.004112826,11.285967,1.0655975,7.283196,-0.4194994,0.19144781,0.008225652,0.2965993,0.0280043,0.08548319,-0.004923682,253.20001,252.3243,338.25946,-0.64609814,11.634959,0.5484298
5,58,10,0.0040960005,0.12203155,0.022014886,0.092633195,0.007383465,0.07418707,0.009968134,11.581159,1.315212,7.3210154,-0.44951707,0.14837414,0.019936267,0.30435702,0.034564253,0.08592709,-0.0052760034,253.1106,251.98102,337.39926,-0.86569494,11.634959,0.5436226
5,59,10,0.0040960005,0.10957232,0.023245927,0.07888193,0.0074444693,0.076233074,0.0078013614,10.68704,1.0326061,7.3511972,-1.0642583,0.15246615,0.015602723,0.28085926,0.02713727,0.08628134,-0.01249125,253.05571,251.60997,337.60223,0.031652212,11.634959,0.49751973
5,60,10,0.0040960005,0.118525416,0.030735023,0.07942772,0.008362677,0.087657034,0.0036413125,10.723948,1.5302835,7.791371,-0.6841139,0.17531407,0.007282625,0.28182924,0.040216412,0.091447674,-0.008029479,253.0252,251.4239,337.57812,-0.84616953,11.634959,0.50229865
5,61,10,0.0040960005,0.109171465,0.021817358,0.07815594,0.009198166,0.0738535,0.011142488,10.637747,0.87110406,8.171313,-0.7453498,0.147707,0.022284975,0.27956384,0.022892937,0.09590707,-0.008748206,252.9992,251.44089,336.7267,-0.12575424,11.63613,0.46983263
5,62,10,0.0040960005,0.09642604,0.022195082,0.06524076,0.008990196,0.07449007,0.008779474,9.719149,0.0700588,8.078407,-1.4346343,0.14898014,0.017558947,0.2554227,0.0018411645,0.09481664,-0.016838364,253.01683,251.494,337.10336,1.3645755,11.63613,0.43028212
5,63,10,0.0040960005,0.1063846,0.03187209,0.06629202,0.008220489,0.08926378,0.0045110886,9.79714,0.7123857,7.72485,-0.79020476,0.17852756,0.009022177,0.25747237,0.018721754,0.09066691,-0.009274671,253.01196,251.37384,337.30823,0.07781905,11.63613,0.4557549
5,64,10,0.0040960005,0.10112376,0.0204216,0.072199404,0.008502753,0.07145208,0.009470084,10.224345,0.8636153,7.8563533,-0.69686437,0.14290416,0.018940168,0.26869947,0.022696115,0.092210375,-0.008179128,252.9624,251.10898,336.46783,-0.16675091,11.63613,0.47749057
5,65,10,0.0040960005,0.096703805,0.022754392,0.06421058,0.009738833,0.07542279,0.0070653274,9.642107,0.039003313,8.408038,-1.4067992,0.15084559,0.014130655,0.25339806,0.001025012,0.098685525,-0.016511668,252.96075,251.09845,336.65424,1.367796,11.637215,0.42001826
5,66,10,0.0040960005,0.110122606,0.029121364,0.07099456,0.010006678,0.08532491,0.0038589262,10.138675,0.49812055,8.522877,-1.0737746,0.17064983,0.0077178525,0.26644805,0.013090788,0.10003339,-0.012602938,252.95718,251.11624,336.8264,0.57565403,11.637215,0.4694002
5,67,10,0.0040960005,0.1140341,0.019871565,0.08418919,0.009973346,0.07048327,0.010014966,11.040706,0.69591177,8.50867,-1.0534278,0.14096653,0.020029932,0.29015374,0.01828881,0.09986664,-0.012364126,252.87677,250.81935,335.75296,0.35751605,11.637215,0.51351804
5,68,10,0.0040960005,0.110216804,0.021443643,0.07799118,0.010781978,0.07321824,0.0067846156,10.626528,0.3817752,8.846886,-1.5006208,0.14643648,0.013569231,0.279269,0.010033188,0.103836305,-0.017612854,252.8587,250.59181,336.19797,1.1188457,11.637215,0.498513
5,69,10,0.0040960005,0.10469083,0.024415897,0.068810225,0.011464708,0.078127936,0.0013626199,9.981485,0.46762747,9.1226845,-1.1374685,0.15625587,0.0027252398,0.26231703,0.012289418,0.107073374,-0.013350518,252.85962,250.56436,336.50543,0.669841,11.63818,0.43781593
5,70,10,0.0040960005,0.09511251,0.01880181,0.065765865,0.010544836,0.06855985,0.007146585,9.758183,0.4957656,8.749054,-1.1256381,0.1371197,0.01429317,0.25644857,0.01302891,0.10268805,-0.013211665,252.79607,250.40364,335.8065,0.62987256,11.63818,0.44659257
5,71,10,0.0040960005,0.08602855,0.016490646,0.05872223,0.0108156735,0.064207956,0.005688973,9.220829,0.0035762594,8.860699,-1.6895071,0.12841591,0.011377946,0.2423267,9.398027e-5,0.10399843,-0.019829823,252.73915,250.09975,335.85858,1.6859308,11.63818,0.4301638
5,72,10,0.0040960005,0.09725632,0.022893561,0.06343461,0.010928148,0.07565309,0.0013167853,9.58367,0.73165464,8.906652,-1.292517,0.15130618,0.0026335707,0.2518623,0.019228145,0.104537785,-0.015170328,252.67276,249.74156,335.7119,0.5608623,11.63818,0.40582138
5,73,10,0.0040960005,0.089021415,0.01863481,0.058772024,0.011614585,0.06825469,0.004236553,9.224736,0.5640003,9.182122,-1.2184902,0.13650937,0.008473106,0.24242942,0.014822126,0.10777099,-0.014301473,252.59119,249.45708,334.69675,0.65448993,11.639031,0.34344363
5,74,10,0.0040960005,0.07905069,0.016555376,0.05048111,0.012014203,0.06433385,0.002170425,8.549351,-0.014897819,9.33875,-1.7355316,0.1286677,0.00434085,0.22468002,-0.00039153147,0.10960932,-0.020370012,252.55244,249.31332,334.76392,1.7504294,11.639031,0.34295198
5,75,10,0.0040960005,0.09051716,0.023950174,0.054014504,0.012552484,0.07737922,-0.00089861965,8.843493,0.45133248,9.545661,-1.435381,0.15475844,-0.0017972393,0.2324102,0.011861185,0.11203787,-0.016847132,252.5211,249.21419,334.67603,0.9840486,11.639031,0.37301886
5,76,10,0.0040960005,0.091238804,0.018825188,0.059955444,0.012458165,0.06860246,0.0040770643,9.317147,0.3896603,9.50973,-1.430968,0.13720492,0.008154129,0.24485801,0.010240406,0.11161615,-0.016795337,252.49876,249.19412,334.00732,1.0413077,11.639031,0.40084752
5,77,10,0.0040960005,0.08650605,0.018283926,0.055159956,0.013062161,0.067609034,-0.00040564168,8.93677,-0.7210681,9.737529,-2.0723321,0.13521807,-0.00081128336,0.23486157,-0.01894993,0.11428981,-0.02432305,252.52498,249.27284,334.456,2.7934003,11.639736,0.40362632
5,78,10,0.0040960005,0.09295509,0.022412727,0.056907974,0.013634394,0.074854404,-0.0034032373,9.07727,-0.22065642,9.948535,-1.778075,0.14970881,-0.0068064746,0.23855393,-0.005798932,0.11676641,-0.020869343,252.54407,249.34099,334.65466,1.9987314,11.639736,0.40906206
5,79,10,0.0040960005,0.093162484,0.019328456,0.059563585,0.01427045,0.06951341,0.0025601224,9.286651,-0.45565397,10.177943,-1.6389127,0.13902682,0.005120245,0.24405652,-0.011974754,0.11945899,-0.01923599,252.5101,249.28462,334.09555,2.0945666,11.639736,0.41184974
5,80,10,0.0040960005,0.10179423,0.01884663,0.068837166,0.014110434,0.06864151,-0.00054194813,9.98344,-0.8797974,10.12072,-2.1989968,0.13728303,-0.0010838963,0.26236838,-0.023121387,0.11878735,-0.025809722,252.47928,249.10735,334.1993,3.0787942,11.639736,0.4813425
5,81,10,0.0040960005,0.099313825,0.021863578,0.06375297,0.01369727,0.07393169,-0.0048887725,9.607687,-0.7460367,9.971447,-1.7123955,0.14786337,-0.009777545,0.2524935,-0.019606119,0.11703534,-0.020098468,252.48714,249.06345,334.2678,2.4584322,11.640328,0.40628764
5,82,10,0.0040960005,0.10099792,0.020079317,0.06731459,0.013604016,0.07085075,-0.00019867823,9.872412,-1.1724035,9.937446,-1.4407308,0.1417015,-0.00039735646,0.25945055,-0.030811189,0.116636254,-0.016909922,252.51018,249.25264,333.7406,2.6131344,11.640328,0.43072855
5,83,10,0.0040960005,0.113810375,0.023421422,0.07634277,0.014046181,0.076520294,-0.0018445973,10.513629,-1.9954582,10.097651,-1.8130667,0.15304059,-0.0036891946,0.27630195,-0.052441366,0.11851659,-0.021280056,252.57814,249.62581,334.41968,3.808525,11.640328,0.537513
5,84,10,0.0040960005,0.11651451,0.028879967,0.07361898,0.014015565,0.084970534,-0.0045706383,10.324369,-1.4386766,10.086638,-1.4356246,0.16994107,-0.009141277,0.27132818,-0.037808947,0.11838735,-0.016849987,252.55583,249.55205,334.59564,2.8743012,11.640328,0.48543277
5,85,10,0.0040960005,0.105262086,0.022524282,0.06913664,0.013601161,0.07504046,-0.0015273236,10.005131,-1.4113274,9.936403,-0.8555053,0.15008092,-0.0030546472,0.26293847,-0.037090193,0.11662401,-0.010041109,252.48042,249.1875,333.73294,2.2668326,11.640799,0.42086166
5,86,10,0.0040960005,0.10459573,0.02162108,0.06886746,0.014107192,0.07352054,-0.004610583,9.985636,-1.9413122,10.119556,-1.5894005,0.14704108,-0.009221166,0.2624261,-0.05101839,0.1187737,-0.018654866,252.50876,249.30293,334.2493,3.5307126,11.640799,0.49553323
5,87,10,0.0040960005,0.10459735,0.026407333,0.06417245,0.014017577,0.081251666,-0.0053210687,9.639244,-1.564041,10.087363,-1.5413833,0.16250333,-0.010642137,0.2533228,-0.041103575,0.11839585,-0.018091295,252.52853,249.45293,334.78156,3.1054244,11.640799,0.4745559
5,88,10,0.0040960005,0.10410188,0.019329472,0.070104875,0.014667531,0.069515236,-0.0007352222,10.074946,-1.6019913,10.318575,-1.2421238,0.13903047,-0.0014704444,0.26477325,-0.042100906,0.12110958,-0.014578863,252.47385,249.33669,334.00555,2.8441153,11.640799,0.5035295
5,89,10,0.0040960005,0.09007891,0.020760424,0.055628493,0.013689994,0.07204239,-0.0051695625,8.974647,-2.0106716,9.968799,-1.3706017,0.14408478,-0.010339125,0.23585694,-0.052841187,0.117004246,-0.016086813,252.43509,249.1458,333.9601,3.3812733,11.641175,0.45067003
5,90,10,0.0040960005,0.09833366,0.027035605,0.05760262,0.01369543,0.08221254,-0.007894469,9.1325035,-1.1694463,9.970778,-1.3470795,0.16442508,-0.015788939,0.24000546,-0.030733481,0.11702748,-0.01581074,252.38779,248.88983,333.78528,2.5165257,11.641175,0.39765653
5,91,10,0.0040960005,0.09767546,0.021259455,0.061923563,0.0144924335,0.07290311,-0.0031605284,9.468837,-1.1343311,10.2568,-1.1980834,0.14580622,-0.0063210567,0.24884446,-0.029810628,0.12038452,-0.014061952,252.32814,248.58041,332.83167,2.3324146,11.641175,0.39951763
5,92,10,0.0040960005,0.10166162,0.021816244,0.06410399,0.015741386,0.073851615,-0.00416882,9.634102,-1.4633517,10.68963,-1.596022,0.14770323,-0.00833764,0.25318766,-0.038457416,0.12546468,-0.018732585,252.3234,248.46327,333.02155,3.0593739,11.641175,0.4503445
5,93,10,0.0040960005,0.09591383,0.025142226,0.05516413,0.015607477,0.0792815,-0.007839214,8.93711,-0.5863024,10.644067,-0.9810654,0.158563,-0.015678428,0.23487045,-0.015408241,0.12492989,-0.011514806,252.31047,248.52573,333.17398,1.5673678,11.641502,0.3597335
5,94,10,0.0040960005,0.10401071,0.023959626,0.065053016,0.01499807,0.077394485,-0.0036309352,9.7051525,-0.80371904,10.434194,-0.4804068,0.15478897,-0.0072618704,0.25505492,-0.021122029,0.12246661,-0.0056385486,252.26009,248.44606,332.4203,1.2841258,11.641502,0.38895148
5,95,10,0.0040960005,0.10039444,0.020912863,0.064585045,0.014896531,0.0723064,-0.0051378403,9.670182,-1.0294335,10.398813,-0.9717788,0.1446128,-0.010275681,0.25413588,-0.02705389,0.12205134,-0.011405808,252.24522,248.32236,332.91406,2.0012124,11.641502,0.41206792
5,96,10,0.0040960005,0.110598825,0.024494035,0.070242465,0.015862323,0.07825285,-0.009278005,10.084829,-0.40170503,10.730616,-1.0526233,0.1565057,-0.01855601,0.26503295,-0.010556956,0.12594572,-0.01235469,252.22359,248.2487,332.94998,1.4543283,11.641502,0.38207406
5,97,10,0.0040960005,0.10731458,0.02229606,0.071513265,0.0135052595,0.074659325,-0.0027502568,10.175646,-0.17689314,9.901311,0.11677736,0.14931865,-0.0055005136,0.26741964,-0.004648823,0.11621213,0.0013706251,252.16959,248.08537,332.2488,0.060115784,11.641695,0.35098678
5,98,10,0.0040960005,0.108349115,0.021308908,0.07377516,0.013265049,0.072987854,-0.0052717407,10.335316,-0.4156018,9.812862,-0.08075414,0.14597571,-0.010543481,0.27161583,-0.010922167,0.115173995,-0.0009478102,252.13045,247.84712,332.40002,0.49635592,11.641695,0.3899702
5,99,10,0.0040960005,0.11627168,0.024805296,0.07737327,0.01409311,0.07874849,-0.008665068,10.58435,0.23020272,10.114505,-0.1425712,0.15749697,-0.017330136,0.2781605,0.0060498114,0.11871441,-0.0016733661,252.09447,247.69867,332.1591,-0.08763152,11.641695,0.3685353
5,100,10,0.0040960005,0.117121994,0.023179814,0.079651244,0.014290937,0.07612459,-0.0039060453,10.739027,-0.14229885,10.185246,-0.00054746686,0.15224919,-0.0078120907,0.28222552,-0.0037396604,0.11954471,-6.4252604e-6,252.08313,247.71942,331.47476,0.14284632,11.641695,0.381483
6,1,10,0.0032768005,0.12957363,0.0268253,0.09082157,0.011926754,0.081892155,-0.005781978,11.467354,-0.46435517,9.304699,1.8513913,0.16378431,-0.011563956,0.30136618,-0.012203426,0.10920968,0.02172987,253.79897,255.35687,341.41034,-1.3870361,11.641778,0.6134819
6,2,10,0.0032768005,0.12870112,0.03170116,0.08618398,0.010815974,0.0890241,-0.00716024,11.170741,-1.1095301,8.860823,1.0275521,0.1780482,-0.01432048,0.29357108,-0.029158877,0.103999875,0.012060423,253.81131,255.4071,341.495,0.08197796,11.641778,0.5982051
6,3,10,0.0032768005,0.1339956,0.034820117,0.08753367,0.011641806,0.093300745,-0.013062345,11.25787,-0.51654685,9.192875,1.420942,0.18660149,-0.02612469,0.2958609,-0.0135750435,0.1078972,0.016677653,253.78754,255.25923,341.94138,-0.9043951,11.641778,0.6061079
6,4,10,0.0032768005,0.12202185,0.02383407,0.08735052,0.010837254,0.077191435,-0.00525439,11.246087,-0.345764,8.8695345,1.8166434,0.15438287,-0.01050878,0.2955512,-0.009086806,0.104102135,0.021322027,253.72136,254.99089,341.2348,-1.4708793,11.641778,0.60986495
6,5,10,0.0032768005,0.124913156,0.027689734,0.087809704,0.009413723,0.08320116,-0.0049377102,11.275607,-0.42902103,8.266505,1.046533,0.16640233,-0.0098754205,0.29632702,-0.011274819,0.097024344,0.012283205,253.69402,254.7302,341.36917,-0.617512,11.641365,0.60512996
6,6,10,0.0032768005,0.13752006,0.036398627,0.091286525,0.009834894,0.09539212,-0.010659721,11.496669,0.054608278,8.449405,1.2817626,0.19078425,-0.021319441,0.3021366,0.0014351257,0.099171035,0.015044104,253.70863,254.7735,341.93143,-1.3363708,11.641365,0.580531
6,7,10,0.0032768005,0.11826479,0.025457395,0.0826637,0.010143688,0.07977687,-0.0034632706,10.940221,-0.15200913,8.581024,1.8747928,0.15955374,-0.006926541,0.28751296,-0.003994865,0.100715876,0.022004532,253.68593,254.79626,341.1152,-1.7227837,11.641365,0.5278622
6,8,10,0.0032768005,0.11871366,0.030777901,0.07877922,0.009156538,0.08771816,-0.0050881132,10.680081,-0.5503876,8.152801,1.2609215,0.17543632,-0.0101762265,0.28067636,-0.014464393,0.0956898,0.014799493,253.6864,254.6494,341.37097,-0.71053386,11.641365,0.528168
6,9,10,0.0032768005,0.12563378,0.0375235,0.07912577,0.008984505,0.09685492,-0.0064251386,10.703546,0.054615676,8.0758505,1.5881826,0.19370984,-0.012850277,0.28129303,0.001435328,0.09478663,0.01864057,253.69627,254.61876,341.60522,-1.6427982,11.640592,0.51586294
6,10,10,0.0032768005,0.11070255,0.026353609,0.07524902,0.009099926,0.08116897,0.00042875277,10.438042,-0.07343315,8.12756,1.994925,0.16233794,0.00085750554,0.27431554,-0.001929837,0.09539353,0.023414524,253.67377,254.64803,340.88983,-1.9214919,11.640592,0.49811205
6,11,10,0.0032768005,0.107351325,0.030867582,0.06835153,0.008132215,0.08784586,-0.0021978305,9.948162,-0.54941225,7.683262,1.2963377,0.17569172,-0.004395661,0.26144126,-0.01443876,0.090178795,0.015215178,253.6729,254.60701,341.3004,-0.7469255,11.640592,0.4880317
6,12,10,0.0032768005,0.11080586,0.035204776,0.067013726,0.008587358,0.09381468,-0.0067072404,9.850326,0.031291153,7.895343,1.4422569,0.18762936,-0.013414481,0.2588701,0.0008223466,0.092668,0.016927842,253.64532,254.44926,341.45248,-1.473548,11.640592,0.49338168
6,13,10,0.0032768005,0.09447813,0.02150836,0.06436786,0.008601909,0.073328644,0.00456247,9.653909,-0.020314688,7.902029,1.9844543,0.14665729,0.00912494,0.2537082,-0.00053388905,0.092746474,0.02329163,253.58548,254.24321,340.66208,-1.9641396,11.639617,0.41977188
6,14,10,0.0032768005,0.10307899,0.030285463,0.06512109,0.007672438,0.087013595,0.0017831699,9.71023,-0.31383538,7.4629045,1.3740898,0.17402719,0.0035663398,0.25518835,-0.008247717,0.08759245,0.016127758,253.57784,254.14122,340.81833,-1.0602545,11.639617,0.41462332
6,15,10,0.0032768005,0.11711023,0.03956936,0.06942855,0.008112317,0.099460244,-0.0024729853,10.026231,0.100390196,7.6738567,1.4372905,0.19892049,-0.0049459706,0.26349297,0.0026382823,0.0900684,0.016869545,253.57144,254.10756,341.07117,-1.5376807,11.639617,0.42737037
6,16,10,0.0032768005,0.104235604,0.027109738,0.06828967,0.008836193,0.082325175,0.00431767,9.943657,0.12400695,8.008917,2.0813706,0.16465035,0.00863534,0.26132292,0.0032589363,0.094001025,0.024429139,253.51929,253.93213,340.30026,-2.2053776,11.639617,0.4321122
6,17,10,0.0032768005,0.10686196,0.03162998,0.0682197,0.0070122797,0.088924095,0.005048342,9.938562,-0.4426342,7.1346197,1.4054914,0.17784819,0.010096684,0.261189,-0.011632587,0.083739355,0.016496312,253.49716,253.7345,340.41364,-0.9628571,11.638581,0.3914812
6,18,10,0.0032768005,0.11632676,0.035385627,0.07367297,0.0072681503,0.09405534,0.0008869475,10.328156,-0.06267324,7.263621,1.4500979,0.18811068,0.001773895,0.27142766,-0.0016470582,0.08525345,0.017019866,253.47542,253.58862,340.33423,-1.3874247,11.638581,0.37906554
6,19,10,0.0032768005,0.107664235,0.023151478,0.0768767,0.007636057,0.07607805,0.0078894645,10.55033,0.061407685,7.44519,1.8671098,0.1521561,0.015778929,0.27726647,0.0016138144,0.08738454,0.02191435,253.41904,253.37721,339.3852,-1.9285175,11.638581,0.36972475
6,20,10,0.0032768005,0.09758237,0.025882874,0.06500419,0.0066953017,0.080440775,0.005485568,9.701509,-0.3556605,6.971501,1.4309807,0.16088155,0.010971136,0.2549592,-0.009346889,0.081824824,0.016795486,253.39182,253.136,339.7219,-1.0753202,11.638581,0.3952256
6,21,10,0.0032768005,0.105656646,0.032878388,0.06617556,0.0066026966,0.090661995,0.0031089312,9.78853,0.2273572,6.9231205,1.4019085,0.18132399,0.0062178625,0.2572461,0.0059750346,0.08125698,0.016454266,253.34608,252.87898,339.73746,-1.6292657,11.637617,0.34641898
6,22,10,0.0032768005,0.09318844,0.022332538,0.064499505,0.006356397,0.074720375,0.011209846,9.663775,0.25986242,6.792767,1.5605268,0.14944075,0.022419691,0.25396752,0.0068292716,0.07972702,0.018315975,253.29384,252.70432,338.82803,-1.8203893,11.637617,0.3468313
6,23,10,0.0032768005,0.092669524,0.025827123,0.060581833,0.006260569,0.080354095,0.007920711,9.365692,-0.32555628,6.7413697,1.2013844,0.16070819,0.015841423,0.24613377,-0.008555735,0.07912376,0.014100703,253.28664,252.57474,338.9574,-0.87582815,11.637617,0.3373737
6,24,10,0.0032768005,0.10380198,0.03431656,0.062679715,0.006805701,0.09262364,0.0042846045,9.526474,0.29202208,7.0287433,1.2853373,0.18524729,0.008569209,0.25035918,0.007674429,0.08249667,0.015086062,253.27493,252.50682,339.17615,-1.5773594,11.637617,0.32542443
6,25,10,0.0032768005,0.09283079,0.02174254,0.06488762,0.006200633,0.07372676,0.012877858,9.692808,-0.059337422,6.709022,1.4092244,0.14745352,0.025755716,0.2547305,-0.0015594092,0.0787441,0.016540129,253.25961,252.58534,338.4849,-1.349887,11.636763,0.28428754
6,26,10,0.0032768005,0.08662382,0.025268352,0.055299766,0.0060556964,0.07948011,0.009736687,8.948089,-0.9703419,6.6301484,1.1763109,0.15896022,0.019473374,0.23515902,-0.025500946,0.07781836,0.013806416,253.30429,252.80173,339.11423,-0.20596898,11.636763,0.29962823
6,27,10,0.0032768005,0.097433604,0.031001192,0.060516313,0.0059160977,0.08803578,0.005720679,9.360626,-0.44903773,6.553283,1.3454442,0.17607155,0.011441358,0.24600063,-0.011800872,0.07691617,0.01579154,253.30908,252.73291,339.35907,-0.8964065,11.636763,0.28592777
6,28,10,0.0032768005,0.088563055,0.022222996,0.06035869,0.005981371,0.0745369,0.012953389,9.348429,-0.53514713,6.5893345,1.359908,0.1490738,0.025906779,0.24568005,-0.014063861,0.07733932,0.015961302,253.30144,252.73114,338.81195,-0.82476085,11.636763,0.2807141
6,29,10,0.0032768005,0.09030722,0.026902532,0.057245664,0.0061590234,0.082009956,0.010234767,9.104162,-1.4414953,6.6864734,0.65242326,0.16401991,0.020469533,0.23926066,-0.037883017,0.07847945,0.0076575223,253.3374,252.78654,339.1035,0.78907204,11.636125,0.30318213
6,30,10,0.0032768005,0.08916883,0.033845153,0.049068388,0.006255295,0.09198526,0.0062394305,8.428874,-1.0721366,6.738529,0.9233151,0.18397053,0.012478861,0.22151385,-0.028176136,0.079090424,0.0108369915,253.35246,252.8217,339.42993,0.14882153,11.636125,0.27668324
6,31,10,0.0032768005,0.072480366,0.018817142,0.047271706,0.0063915197,0.068587795,0.014561286,8.27312,-1.1412288,6.8115077,1.2192487,0.13717559,0.029122572,0.21742058,-0.029991906,0.07994698,0.014310378,253.30753,252.77533,338.75278,-0.07801986,11.636125,0.32035404
6,32,10,0.0032768005,0.07422012,0.022434492,0.045966458,0.0058191735,0.07489074,0.01206133,8.158103,-1.7867783,6.4993787,0.9721975,0.14978148,0.02412266,0.21439789,-0.046957184,0.07628351,0.011410725,253.29312,252.6785,339.14236,0.81458086,11.636125,0.3683254
6,33,10,0.0032768005,0.09550362,0.03637469,0.053388875,0.005740055,0.09536075,0.0059298826,8.7921295,-1.2034386,6.4550447,0.60788864,0.1907215,0.011859765,0.23106033,-0.031626802,0.07576315,0.007134817,253.27092,252.54747,339.08408,0.59555,11.635742,0.3468488
6,34,10,0.0032768005,0.08161627,0.019606488,0.055947594,0.006062185,0.070011586,0.012310423,9.00035,-1.2371156,6.6337,0.7274833,0.14002317,0.024620846,0.23653243,-0.032511834,0.077860035,0.008538504,253.22705,252.45482,338.08395,0.50963235,11.635742,0.36846453
6,35,10,0.0032768005,0.077410035,0.022758348,0.048651546,0.0060001393,0.07542935,0.0113543365,8.392996,-1.890029,6.599665,0.23778641,0.1508587,0.022708673,0.22057095,-0.049670644,0.077460565,0.0027909093,253.22098,252.35379,338.5362,1.6522425,11.635742,0.40702748
6,36,10,0.0032768005,0.08706992,0.030782508,0.050105944,0.00618147,0.08772472,0.0070404713,8.517523,-1.0811479,6.6986475,0.33934337,0.17544945,0.014080943,0.22384357,-0.028412959,0.078622326,0.0039828876,253.16939,252.09476,338.62186,0.74180454,11.635742,0.34310475
6,37,10,0.0032768005,0.075501174,0.020066299,0.04948328,0.005951595,0.07082778,0.011043388,8.464434,-0.812972,6.572913,0.1581506,0.14165556,0.022086777,0.22244838,-0.021365196,0.07714658,0.0018562218,253.10178,251.86667,337.71448,0.6548214,11.635627,0.34908462
6,38,10,0.0032768005,0.07151007,0.020478087,0.045554377,0.005477608,0.07155083,0.008531113,8.121453,-1.4863642,6.3057494,-0.24735902,0.14310166,0.017062226,0.21343471,-0.039062187,0.074010864,-0.0029032645,253.09853,251.81009,338.03946,1.7337233,11.635627,0.3766988
6,39,10,0.0032768005,0.08451106,0.025713583,0.05305358,0.005743892,0.08017728,0.004779324,8.764478,-0.944981,6.457201,-0.015457115,0.16035455,0.009558648,0.23033363,-0.024834435,0.07578847,-0.00018142059,253.09557,251.77686,338.34454,0.9604381,11.635627,0.3654546
6,40,10,0.0032768005,0.08452618,0.018839516,0.059826717,0.005859948,0.06862856,0.010863566,9.307141,-0.9458544,6.522111,0.036363427,0.13725711,0.021727132,0.244595,-0.024857396,0.0765503,0.00042680025,253.07152,251.74469,337.6645,0.909491,11.635627,0.40539667
6,41,10,0.0032768005,0.07464323,0.020650873,0.048246782,0.005745578,0.07185206,0.005779276,8.358009,-1.175284,6.45815,-0.8924024,0.14370412,0.011558552,0.2196515,-0.030886894,0.07579959,-0.010474169,253.09596,251.814,337.98398,2.0676866,11.635761,0.3616769
6,42,10,0.0032768005,0.077568464,0.023607504,0.04834777,0.005613186,0.07682367,0.0020330488,8.366752,-0.74624217,6.38331,-0.43897805,0.15364733,0.0040660976,0.21988127,-0.01961151,0.0749212,-0.0051523056,253.0838,251.79282,337.8835,1.1852202,11.635761,0.33196422
6,43,10,0.0032768005,0.07189124,0.017272258,0.04914216,0.005476826,0.06571198,0.0077629252,8.435207,-0.7516569,6.3052993,-0.1308301,0.13142397,0.0155258505,0.22168031,-0.019753817,0.07400558,-0.0015355586,253.00996,251.56683,336.94125,0.882487,11.635761,0.3529567
6,44,10,0.0032768005,0.07030504,0.020298334,0.044382047,0.0056246608,0.07123611,0.0063517652,8.01627,-1.2144068,6.3898315,-0.7375767,0.14247222,0.0127035305,0.21067047,-0.03191505,0.07499774,-0.008656971,252.98506,251.38762,337.26093,1.9519836,11.635761,0.34889308
6,45,10,0.0032768005,0.073457144,0.021715838,0.045516245,0.006225059,0.073681474,-0.0023998301,8.1180525,0.03753512,6.7222238,-0.6987193,0.14736295,-0.0047996603,0.21334536,0.0009864388,0.07889904,-0.008200902,252.95583,251.2209,337.2962,0.6611842,11.636048,0.2782559
6,46,10,0.0032768005,0.07678026,0.020169824,0.049961735,0.006648703,0.071010254,0.0027320958,8.505258,0.101090096,6.9471984,-0.72090906,0.14202051,0.0054641915,0.22352122,0.0026566826,0.08153958,-0.008461342,252.91058,251.06015,336.52945,0.619819,11.636048,0.2901253
6,47,10,0.0032768005,0.066786036,0.01904631,0.041593432,0.006146295,0.069004185,0.0014932303,7.7603464,-0.54354274,6.6795607,-1.1178411,0.13800837,0.0029864607,0.20394468,-0.0142844925,0.07839831,-0.01312015,252.92862,251.06183,336.73312,1.6613839,11.636048,0.26499584
6,48,10,0.0032768005,0.07428366,0.022263901,0.045618005,0.006401751,0.074605465,-0.0023116518,8.127124,-0.038296785,6.8169584,-0.81669563,0.14921093,-0.0046233037,0.21358372,-0.0010064527,0.08001094,-0.009585593,252.92116,250.982,336.85266,0.8549924,11.636048,0.30466157
6,49,10,0.0032768005,0.07082678,0.016446993,0.04842123,0.005958551,0.064122915,-0.0007532296,8.373106,0.6666329,6.576753,-0.68545604,0.12824583,-0.0015064592,0.22004825,0.01751935,0.07719165,-0.008045229,252.85602,250.7085,336.22827,0.018823147,11.636385,0.3087978
6,50,10,0.0032768005,0.06625868,0.018569725,0.042330194,0.005358753,0.06813539,-0.002332942,7.828774,0.21673222,6.2369623,-1.1092108,0.13627078,-0.004665884,0.20574303,0.005695803,0.073203504,-0.013018856,252.85828,250.62364,336.52542,0.89247864,11.636385,0.28539777
6,51,10,0.0032768005,0.073206455,0.021523468,0.045526966,0.0061560185,0.07335439,-0.006773744,8.119009,0.50254315,6.684843,-0.9207278,0.14670879,-0.013547488,0.21337049,0.013207014,0.0784603,-0.010806625,252.8658,250.71606,336.59216,0.41818464,11.636385,0.32328287
6,52,10,0.0032768005,0.07998622,0.017919583,0.055932093,0.0061345445,0.06693202,-0.001571793,8.999103,0.6208645,6.673173,-0.7503907,0.13386405,-0.003143586,0.23649967,0.016316548,0.078323334,-0.0088073695,252.80283,250.43678,335.79315,0.1295262,11.636385,0.3467288
6,53,10,0.0032768005,0.06904802,0.018194139,0.045364555,0.005489322,0.06744283,-0.0072544487,8.104514,0.5315617,6.312488,-1.2443768,0.13488565,-0.014508897,0.21298957,0.013969626,0.07408996,-0.014605307,252.77924,250.24298,335.92645,0.7128151,11.636673,0.30045027
6,54,10,0.0032768005,0.08427026,0.022937262,0.054648105,0.006684892,0.075725265,-0.009481382,8.895211,1.0514573,6.9660783,-1.1124417,0.15145053,-0.018962763,0.23376934,0.027632682,0.08176119,-0.013056779,252.77797,250.24022,335.9727,0.060984373,11.636673,0.37092045
6,55,10,0.0032768005,0.080517404,0.017891556,0.056024905,0.0066009387,0.06687966,-0.004830658,9.006566,1.0364907,6.9221992,-0.9601571,0.13375932,-0.009661316,0.23669581,0.027239352,0.08124616,-0.0112694055,252.72261,250.09761,335.18362,-0.07633358,11.636673,0.3539683
6,56,10,0.0032768005,0.070180744,0.018540662,0.045305643,0.0063344366,0.06808205,-0.006446443,8.099251,0.6192106,6.7810225,-1.4150243,0.1361641,-0.012892886,0.21285123,0.016273074,0.07958917,-0.016608203,252.66765,249.7771,335.18018,0.7958137,11.636673,0.30148613
6,57,10,0.0032768005,0.07954837,0.023202635,0.049579322,0.006766412,0.076162055,-0.013710273,8.472644,1.5084343,7.0084248,-1.167649,0.15232411,-0.027420547,0.22266415,0.039642207,0.0822582,-0.013704751,252.62595,249.58322,334.9944,-0.34078526,11.636811,0.35506636
6,58,10,0.0032768005,0.07282759,0.017411945,0.04900818,0.006407468,0.06597716,-0.008397971,8.423701,1.3936268,6.8200006,-1.0130421,0.13195433,-0.016795943,0.22137791,0.036625016,0.08004666,-0.01189012,252.59409,249.509,334.33148,-0.38058472,11.636811,0.32262462
6,59,10,0.0032768005,0.071809895,0.019841079,0.045241524,0.006727295,0.07042918,-0.009642428,8.093516,0.97781086,6.9881377,-1.5593619,0.14085837,-0.019284856,0.21270055,0.02569722,0.08202009,-0.018302303,252.59187,249.48277,334.62274,0.5815511,11.636811,0.3097549
6,60,10,0.0032768005,0.0768039,0.020626966,0.048859734,0.0073172017,0.071810454,-0.012776512,8.4109335,1.7187154,7.28809,-1.3276364,0.14362091,-0.025553023,0.22104238,0.04516847,0.085540645,-0.015582528,252.55516,249.3285,334.7392,-0.39107907,11.636811,0.36613756
6,61,10,0.0032768005,0.07687796,0.020066729,0.05024208,0.00656915,0.07082854,-0.009459106,8.529086,1.8263491,6.905511,-0.96079,0.14165708,-0.018918213,0.22414745,0.047997117,0.08105029,-0.011276836,252.46472,249.04106,333.83066,-0.86555916,11.636678,0.3399614
6,62,10,0.0032768005,0.0805619,0.019986358,0.05385683,0.006718707,0.07068656,-0.0106288595,8.830576,1.7785946,6.983676,-1.4538515,0.14137311,-0.021257719,0.23207074,0.04674211,0.08196772,-0.01706392,252.38206,248.6196,333.80847,-0.32474315,11.636678,0.3499735
6,63,10,0.0032768005,0.092866406,0.026458306,0.05907876,0.0073293354,0.081330046,-0.01395902,9.248778,2.5420513,7.294131,-1.2374711,0.16266009,-0.02791804,0.24306123,0.06680602,0.08561154,-0.014524255,252.33372,248.35641,333.56427,-1.3045802,11.636678,0.41575545
6,64,10,0.0032768005,0.09346594,0.02169332,0.06463498,0.0071376385,0.07364326,-0.010100275,9.673921,2.2608736,7.1981106,-0.97612315,0.14728652,-0.02020055,0.2542341,0.059416562,0.08448455,-0.011456801,252.31528,248.33937,332.92133,-1.2847505,11.636678,0.40134117
6,65,10,0.0032768005,0.08976155,0.021240205,0.06114059,0.007380756,0.0728701,-0.011545678,9.408783,1.626856,7.319672,-1.3448766,0.1457402,-0.023091355,0.24726623,0.042754352,0.085911326,-0.015784875,252.32848,248.341,333.229,-0.28197932,11.63625,0.37854418
6,66,10,0.0032768005,0.10969723,0.026980149,0.07425487,0.008462211,0.082128175,-0.014263062,10.368863,2.0261602,7.837601,-1.2936691,0.16425635,-0.028526124,0.27249748,0.053248223,0.09199028,-0.015183852,252.36288,248.54889,333.304,-0.73249114,11.63625,0.45810312
6,67,10,0.0032768005,0.11130002,0.024631215,0.0790749,0.0075939097,0.078471676,-0.008871329,10.700104,1.6550102,7.424615,-1.0221139,0.15694335,-0.017742658,0.28120258,0.043494258,0.08714304,-0.011996602,252.38687,248.69556,333.0435,-0.6328963,11.63625,0.43569478
6,68,10,0.0032768005,0.10557701,0.022432152,0.07536411,0.007780744,0.074886836,-0.011171448,10.446024,1.4924316,7.5153947,-1.2896796,0.14977367,-0.022342896,0.27452525,0.039221648,0.08820853,-0.015137028,252.38873,248.74234,333.48813,-0.202752,11.63625,0.4188028
6,69,10,0.0032768005,0.10201786,0.025070988,0.0688154,0.008131468,0.0791691,-0.012001023,9.98186,1.5966498,7.682909,-0.74695325,0.1583382,-0.024002045,0.2623269,0.041960552,0.09017465,-0.008767024,252.40479,248.84732,333.66605,-0.8496965,11.635452,0.399709
6,70,10,0.0032768005,0.09546268,0.022665076,0.06514441,0.0076531926,0.075274624,-0.007865939,9.711968,1.2017832,7.4535384,-0.592124,0.15054925,-0.015731879,0.25523403,0.03158331,0.08748253,-0.006949785,252.37563,248.79944,333.04108,-0.6096592,11.635452,0.34666178
6,71,10,0.0032768005,0.095841825,0.022695865,0.0647716,0.008374362,0.075325735,-0.0104317255,9.684139,0.9226538,7.7968116,-1.1060214,0.15065147,-0.020863451,0.25450265,0.024247676,0.09151154,-0.012981422,252.3587,248.6761,333.02252,0.18336761,11.635452,0.36289492
6,72,10,0.0032768005,0.112055555,0.026775291,0.075912714,0.009367552,0.08181579,-0.013457664,10.4839735,1.4596809,8.246208,-0.9945628,0.16363157,-0.026915329,0.27552262,0.038360942,0.09678611,-0.011673232,252.3608,248.76898,332.8668,-0.4651181,11.635452,0.40780872
6,73,10,0.0032768005,0.10747162,0.025740592,0.073304504,0.008426526,0.08021937,-0.0063365865,10.302297,1.0232811,7.821058,-0.5244462,0.16043875,-0.012673173,0.27074805,0.026892193,0.09179611,-0.006155448,252.35056,248.78581,332.35013,-0.4988349,11.634399,0.38231492
6,74,10,0.0032768005,0.09600435,0.024872553,0.062943496,0.008188305,0.07885517,-0.007955921,9.546498,0.718176,7.7097135,-0.8129676,0.15771034,-0.015911842,0.25088543,0.018873908,0.09048925,-0.0095418375,252.35425,248.69452,332.6964,0.09479159,11.634399,0.36289376
6,75,10,0.0032768005,0.10284878,0.027076425,0.06616621,0.0096061565,0.08227458,-0.011276992,9.787839,1.2401997,8.350569,-0.62727565,0.16454916,-0.022553984,0.25722793,0.032592908,0.098011,-0.007362358,252.35999,248.71165,332.83618,-0.61292404,11.634399,0.37822506
6,76,10,0.0032768005,0.09789976,0.023288226,0.06617205,0.008439483,0.0763024,-0.007482336,9.78827,0.9120625,7.8270683,-0.35352448,0.1526048,-0.014964672,0.25723928,0.023969328,0.09186666,-0.004149336,252.329,248.6521,332.32196,-0.5585381,11.634399,0.34985358
6,77,10,0.0032768005,0.08927177,0.023178495,0.058027316,0.008065957,0.076122425,-0.0048786225,9.166106,0.27623078,7.6518974,-0.39020938,0.15224485,-0.009757245,0.2408886,0.0072594653,0.08981067,-0.004579908,252.33322,248.60555,332.62677,0.113978595,11.633108,0.31981313
6,78,10,0.0032768005,0.098445244,0.025289064,0.06440225,0.008753923,0.07951268,-0.007857874,9.656487,1.0444652,7.9715466,-0.10651467,0.15902536,-0.015715748,0.25377598,0.027448924,0.0935624,-0.0012501647,252.31458,248.5121,332.77292,-0.9379505,11.633108,0.34297657
6,79,10,0.0032768005,0.09535149,0.02300569,0.06357534,0.008770449,0.07583813,-0.004726249,9.594295,0.7927141,7.9790673,-0.14271677,0.15167627,-0.009452498,0.2521415,0.02083281,0.09365068,-0.0016750735,252.2893,248.39609,332.2771,-0.64999735,11.633108,0.3323509
6,80,10,0.0032768005,0.089533165,0.024130298,0.05654181,0.008861057,0.07766965,-0.007254545,9.048018,0.45014554,8.020178,-0.2679491,0.1553393,-0.01450909,0.23778522,0.011829993,0.09413319,-0.0031449301,252.3155,248.50052,332.8312,-0.18219644,11.633108,0.32443532
6,81,10,0.0032768005,0.087415524,0.024183858,0.054236542,0.008995122,0.0777558,-0.0042645303,8.861651,0.6902347,8.080622,0.23498596,0.1555116,-0.0085290605,0.2328874,0.018139603,0.09484262,0.002758037,252.29086,248.38516,332.8199,-0.92522067,11.631676,0.2704146
6,82,10,0.0032768005,0.08525514,0.02293957,0.053733617,0.008581949,0.07572907,-0.0014740605,8.82047,0.23406073,7.892856,0.46654552,0.15145814,-0.002948121,0.23180513,0.0061511993,0.09263881,0.0054758657,252.2659,248.35445,332.14038,-0.7006062,11.631676,0.26021758
6,83,10,0.0032768005,0.08746743,0.024742933,0.054104917,0.008619582,0.07864943,-0.0026369763,8.850893,-0.10085998,7.910144,0.111400485,0.15729886,-0.0052739526,0.23260464,-0.0026506367,0.09284171,0.0013075127,252.23978,248.36943,332.34872,-0.010540508,11.631676,0.30444905
6,84,10,0.0032768005,0.09574526,0.026222153,0.059783723,0.009739384,0.08096628,-0.0039905966,9.303796,0.7296297,8.408277,0.18716015,0.16193256,-0.007981193,0.2445071,0.019174924,0.09868832,0.0021967045,252.17412,248.09828,332.28418,-0.9167898,11.631676,0.2956681
6,85,10,0.0032768005,0.093875386,0.02508464,0.05908076,0.009709983,0.07919066,0.0036264183,9.248934,0.14284477,8.395575,0.7811942,0.15838131,0.0072528366,0.24306534,0.0037540041,0.09853925,0.009168912,252.10373,247.8505,331.49005,-0.924039,11.630257,0.27617162
6,86,10,0.0032768005,0.087932244,0.02305386,0.055294953,0.009583432,0.07591749,0.0016194392,8.9477,0.17651613,8.340685,0.5797222,0.15183498,0.0032388784,0.23514879,0.004638908,0.097895004,0.0068042283,252.09178,247.77533,331.73294,-0.75623834,11.630257,0.28720552
6,87,10,0.0032768005,0.09354856,0.025623722,0.05746708,0.010457754,0.08003706,-0.0009859671,9.121752,0.8209492,8.712854,0.90038407,0.16007411,-0.0019719342,0.23972292,0.021574836,0.10226316,0.010567849,252.08351,247.77548,331.56302,-1.7213333,11.630257,0.28105015
6,88,10,0.0032768005,0.09918728,0.02465529,0.06376269,0.010769302,0.078510016,0.0024954602,9.608419,0.3322925,8.841684,1.0909592,0.15702003,0.0049909204,0.25251275,0.008732762,0.10377525,0.012804633,252.09288,247.91106,330.92297,-1.4232516,11.630257,0.2980277
6,89,10,0.0032768005,0.09758358,0.02656395,0.061076082,0.009943541,0.08149225,0.004556816,9.40382,-0.12973115,8.495947,1.0839367,0.1629845,0.009113632,0.24713576,-0.0034093761,0.099717304,0.012722213,252.13324,247.97412,331.54608,-0.9542055,11.628952,0.33453694
6,90,10,0.0032768005,0.10596793,0.02688939,0.067839794,0.011238745,0.08198992,0.0018367139,9.9108515,0.40274125,9.032337,1.056448,0.16397984,0.0036734277,0.26046073,0.010584181,0.10601295,0.01239958,252.13329,247.9941,331.75568,-1.4591892,11.628952,0.29139087
6,91,10,0.0032768005,0.10358493,0.025477193,0.06718639,0.010921345,0.079807885,0.0055259936,9.863007,0.39156425,8.90388,1.321048,0.15961577,0.011051987,0.25920337,0.010290445,0.10450524,0.0155052,252.07779,247.83751,331.0116,-1.7126123,11.628952,0.28582934
6,92,10,0.0032768005,0.097053885,0.024295393,0.061943263,0.010815237,0.0779349,0.0038576433,9.470344,0.48490074,8.860519,1.2771834,0.1558698,0.0077152867,0.24888404,0.012743372,0.10399633,0.01499036,252.04352,247.57895,331.5318,-1.7620841,11.628952,0.31529617
6,93,10,0.0032768005,0.09567561,0.024313128,0.06003169,0.011330789,0.07796334,0.004907057,9.323071,0.92637634,9.069247,1.6103473,0.15592667,0.009814114,0.24501365,0.024345499,0.10644618,0.01890072,252.00848,247.386,331.64545,-2.5367236,11.627781,0.29667413
6,94,10,0.0032768005,0.09534261,0.02367312,0.060135737,0.011533753,0.07693036,0.008543787,9.331146,0.7081599,9.150116,1.9136659,0.15386072,0.017087573,0.24522589,0.018610708,0.10739531,0.022460787,251.9686,247.2882,331.0263,-2.6218257,11.627781,0.31609285
6,95,10,0.0032768005,0.092099935,0.025323749,0.05577956,0.010996625,0.07956719,0.0068820813,8.986822,0.4870533,8.934513,1.5985924,0.15913437,0.013764163,0.23617697,0.012799947,0.10486479,0.018762749,251.95456,247.24385,331.32764,-2.0856457,11.627781,0.33913642
6,96,10,0.0032768005,0.09577358,0.025155123,0.05830166,0.012316791,0.079301834,0.005265168,9.187751,0.8938019,9.45562,1.5215892,0.15860367,0.010530336,0.24145737,0.023489436,0.11098104,0.017858962,251.8915,247.02545,331.2076,-2.415391,11.627781,0.31732252
6,97,10,0.0032768005,0.10453942,0.02533648,0.068200335,0.011002599,0.079587184,0.01052904,9.937152,0.68645406,8.93694,1.5741016,0.15917437,0.02105808,0.26115194,0.018040262,0.104893275,0.018475303,251.84312,246.87897,330.28223,-2.2605557,11.626818,0.33676073
6,98,10,0.0032768005,0.10627238,0.026553055,0.06888796,0.010831365,0.08147554,0.007904587,9.987122,0.19402167,8.8671255,1.3147985,0.16295108,0.015809175,0.26246515,0.005098964,0.104073845,0.015431847,251.91058,247.23927,330.85693,-1.5088202,11.626818,0.37418598
6,99,10,0.0032768005,0.114865094,0.031541876,0.07174398,0.011579238,0.08880016,0.006236444,10.192046,0.48325232,9.1681385,1.4685247,0.17760032,0.012472888,0.26785067,0.012700047,0.107606865,0.017236145,251.9375,247.4934,331.17044,-1.951777,11.626818,0.37063742
6,100,10,0.0032768005,0.1171099,0.028434541,0.07802243,0.010652938,0.08431272,0.009768395,10.628657,0.25575995,8.793786,1.6897451,0.16862544,0.01953679,0.27932495,0.006721458,0.10321307,0.019832613,251.91689,247.46814,330.63394,-1.945505,11.626818,0.41553083
7,1,10,0.0026214404,0.10436648,0.03124422,0.06140313,0.01171913,0.08838017,0.009853387,9.428963,-0.4051193,9.223355,1.6009979,0.17676035,0.019706775,0.24779655,-0.010646684,0.10825493,0.018790986,251.97948,248.47096,331.72446,-1.1958786,11.626083,0.27783218
7,2,10,0.0026214404,0.10441048,0.030131461,0.063381195,0.010897825,0.08679208,0.0069781505,9.579633,-0.6474512,8.894287,1.0699317,0.17358416,0.013956301,0.25175622,-0.017015258,0.10439265,0.012557836,252.05556,248.58768,332.3012,-0.42248052,11.626083,0.27734342
7,3,10,0.0026214404,0.10555739,0.032844596,0.061115,0.011597789,0.09061539,0.004610092,9.406815,-0.39868265,9.175481,1.2546322,0.18123078,0.009220184,0.24721448,-0.01047752,0.10769303,0.014725676,252.11584,248.8803,332.81137,-0.8559496,11.626083,0.2509331
7,4,10,0.0026214404,0.09760536,0.027386053,0.059870716,0.010348595,0.08274366,0.009322149,9.310562,-0.35472694,8.667262,1.2981259,0.16548732,0.018644297,0.24468493,-0.00932235,0.101728044,0.015236161,252.08426,248.73357,332.52158,-0.94339895,11.626083,0.266612
7,5,10,0.0026214404,0.09276656,0.028460357,0.055749353,0.008556852,0.08435099,0.006562496,8.98439,-0.25021902,7.8813066,0.94460243,0.16870198,0.013124992,0.23611301,-0.006575848,0.09250326,0.011086842,252.08427,248.60333,333.25174,-0.6943834,11.625546,0.25679928
7,6,10,0.0026214404,0.09392267,0.028125847,0.056550037,0.009246784,0.08385381,0.004618812,9.048677,0.39588556,8.19288,1.4359788,0.16770762,0.009237624,0.23780252,0.010404014,0.0961602,0.016854146,252.03871,248.35278,333.1513,-1.8318644,11.625546,0.20831299
7,7,10,0.0026214404,0.09120515,0.02359863,0.058367416,0.0092391055,0.07680923,0.0091240285,9.192929,0.27365035,8.189477,1.6966752,0.15361845,0.018248057,0.2415935,0.0071916278,0.09612027,0.019913953,251.98576,248.19417,332.51642,-1.9703255,11.625546,0.2332045
7,8,10,0.0026214404,0.086623974,0.026883237,0.05141194,0.008328795,0.08198054,0.0076733045,8.627812,-0.1131218,7.7755723,1.2451247,0.16396108,0.015346609,0.22674201,-0.0029728822,0.091262236,0.014614086,251.9698,248.09904,333.03238,-1.132003,11.625546,0.23093835
7,9,10,0.0026214404,0.07977252,0.024822887,0.046974193,0.007975433,0.078776404,0.004733262,8.247045,0.633688,7.6088386,1.4393015,0.15755281,0.009466524,0.2167353,0.016653553,0.08930528,0.016893148,251.9086,247.88913,332.76425,-2.0729895,11.625058,0.18691315
7,10,10,0.0026214404,0.08386709,0.02146973,0.054349307,0.008048054,0.073262766,0.00841856,8.870859,0.5722766,7.643401,1.4932941,0.14652553,0.01683712,0.23312938,0.015039632,0.08971094,0.017526861,251.83484,247.60461,331.73682,-2.0655708,11.625058,0.21269116
7,11,10,0.0026214404,0.08763816,0.026223402,0.053314373,0.008100381,0.08096821,0.006669501,8.785992,0.1921265,7.668209,1.1007395,0.16193642,0.013339002,0.23089905,0.005049154,0.09000212,0.01291943,251.82442,247.57396,332.13535,-1.292866,11.625058,0.22483522
7,12,10,0.0026214404,0.09065617,0.026280774,0.05567806,0.008697338,0.08105673,0.006018819,8.978642,0.69945735,7.945741,1.2041767,0.16211346,0.012037638,0.23596199,0.018381989,0.09325952,0.014133477,251.80312,247.5066,332.38116,-1.9036341,11.625058,0.19941306
7,13,10,0.0026214404,0.08369285,0.02191306,0.05388621,0.00789358,0.074015304,0.00880166,8.832984,0.6317055,7.569692,0.8542775,0.14803061,0.01760332,0.23213403,0.016601447,0.08884582,0.010026693,251.75217,247.33163,331.7303,-1.485983,11.624655,0.17904197
7,14,10,0.0026214404,0.07867397,0.026047817,0.045184653,0.0074415044,0.08069668,0.007133753,8.0884285,0.37122494,7.349734,0.6355527,0.16139336,0.014267506,0.21256682,0.009755927,0.086264156,0.0074595106,251.77261,247.37639,332.0808,-1.0067776,11.624655,0.17687748
7,15,10,0.0026214404,0.0793611,0.025723338,0.045840956,0.0077968105,0.080192484,0.0030472067,8.146958,0.77773505,7.523149,0.9400923,0.16038497,0.0060944133,0.21410501,0.02043916,0.08829955,0.011033906,251.80855,247.60223,331.93094,-1.7178273,11.624655,0.17482589
7,16,10,0.0026214404,0.08702436,0.025021223,0.05441053,0.00759261,0.07909049,0.0076192864,8.875854,0.54017216,7.4239793,0.88020664,0.15818098,0.015238573,0.23326065,0.014195919,0.08713558,0.0103310235,251.84332,247.78564,331.73227,-1.4203788,11.624655,0.19989291
7,17,10,0.0026214404,0.0784519,0.025354713,0.045161255,0.007935934,0.07961582,0.0037107815,8.086335,0.2424123,7.589973,0.00946174,0.15923163,0.007421563,0.21251178,0.006370684,0.08908386,0.00011105279,251.92026,247.99355,332.76602,-0.25187403,11.6243105,0.17238994
7,18,10,0.0026214404,0.082290344,0.026747053,0.047163192,0.008380103,0.08177263,0.0017009866,8.263618,0.68787384,7.799484,0.3241547,0.16354527,0.0034019733,0.21717088,0.018077571,0.0915429,0.00380462,252.00816,248.44563,333.31503,-1.0120286,11.6243105,0.16157764
7,19,10,0.0026214404,0.07960768,0.021916674,0.05037635,0.0073146606,0.07402141,0.0069015184,8.540475,0.5573,7.2868247,0.80594,0.14804281,0.013803037,0.22444676,0.014646044,0.08552579,0.009459353,252.02188,248.50041,333.03574,-1.36324,11.6243105,0.17867148
7,20,10,0.0026214404,0.07308663,0.022442402,0.043269325,0.007374899,0.07490394,0.004051702,7.9151425,0.29570985,7.3167667,0.4523188,0.14980789,0.008103404,0.2080128,0.0077713663,0.08587723,0.0053088865,252.03554,248.41829,333.60046,-0.74802864,11.6243105,0.17073509
7,21,10,0.0026214404,0.07331687,0.02547023,0.04078985,0.0070567885,0.07979698,0.00079116604,7.6850157,1.0639904,7.1572266,0.38524908,0.15959395,0.0015823321,0.20196497,0.027962053,0.08400469,0.004521685,252.0561,248.47423,333.89087,-1.4492395,11.624002,0.17090249
7,22,10,0.0026214404,0.073416054,0.01916187,0.047139782,0.007114403,0.069213204,0.0052735903,8.261567,0.8499824,7.186384,0.5245313,0.13842641,0.010547181,0.21711698,0.022337839,0.08434692,0.0061564473,252.04991,248.56609,333.47766,-1.3745136,11.624002,0.2054212
7,23,10,0.0026214404,0.07540689,0.02459349,0.043782864,0.007030532,0.07841156,0.0027621957,7.9619746,0.40214372,7.143899,0.32556313,0.15682311,0.0055243913,0.20924355,0.010568483,0.08384827,0.0038211502,252.06702,248.60649,334.02524,-0.72770685,11.624002,0.18888102
7,24,10,0.0026214404,0.07756178,0.025818156,0.044293653,0.0074499715,0.08034015,0.0011130285,8.008284,0.81844574,7.353914,0.4915907,0.1606803,0.002226057,0.21046057,0.02150905,0.08631322,0.0057698213,252.08298,248.68991,333.91367,-1.3100364,11.624002,0.18194865
7,25,10,0.0026214404,0.07813592,0.021751039,0.04897672,0.0074081644,0.07374117,0.004457127,8.420997,0.68870914,7.33325,-0.08934988,0.14748234,0.008914254,0.22130685,0.018099524,0.086070694,-0.0010487025,252.08586,248.68317,333.15082,-0.5993593,11.623742,0.1907096
7,26,10,0.0026214404,0.06833061,0.021990187,0.039163396,0.007177028,0.074145444,0.003196226,7.53024,-0.04471309,7.217944,-0.14165102,0.14829089,0.006392452,0.19789743,-0.0011750768,0.08471734,-0.0016625647,252.11427,248.8166,333.67346,0.18636411,11.623742,0.16259314
7,27,10,0.0026214404,0.07183245,0.02423778,0.04065291,0.006941758,0.07784244,-0.0002674763,7.672104,0.6083003,7.0986524,0.30064276,0.15568487,-0.0005349526,0.20162566,0.015986353,0.08331721,0.0035286576,252.0876,248.80501,333.78552,-0.90894306,11.623742,0.20092517
7,28,10,0.0026214404,0.07525034,0.02243638,0.045742456,0.007071508,0.07489389,0.00472494,8.138201,0.47458494,7.164687,0.19896135,0.14978778,0.00944988,0.21387486,0.012472261,0.08409226,0.002335219,252.0614,248.76764,333.201,-0.6735463,11.623742,0.23142077
7,29,10,0.0026214404,0.076352485,0.026211875,0.043076478,0.0070641306,0.08095041,0.0011248917,7.8974853,0.25624824,7.1609483,-0.38550884,0.16190082,0.0022497834,0.20754874,0.0067342957,0.08404838,-0.004524735,252.10149,248.8195,333.70355,0.1292606,11.623494,0.17800435
7,30,10,0.0026214404,0.08620712,0.02633747,0.05214713,0.007722516,0.08114412,-0.0016964313,8.689282,0.8005414,7.48722,-0.08146079,0.16228823,-0.0033928626,0.22835746,0.021038515,0.08787785,-0.0009561088,252.16487,248.97089,334.07324,-0.7190806,11.623494,0.1993379
7,31,10,0.0026214404,0.09049331,0.021787131,0.06066736,0.00803882,0.07380232,0.0023796111,9.3723,0.22759667,7.639016,-0.45754746,0.14760464,0.0047592223,0.24630745,0.005981324,0.08965947,-0.0053702565,252.23283,249.35947,333.89874,0.22995079,11.623494,0.2519016
7,32,10,0.0026214404,0.069993496,0.023697672,0.039203983,0.007091841,0.07697024,0.0017769549,7.5341415,-0.2993555,7.1749797,-0.3748753,0.15394048,0.0035539097,0.19799995,-0.007867172,0.08421307,-0.0043999287,252.29884,249.5825,335.07877,0.6742308,11.623494,0.17850095
7,33,10,0.0026214404,0.07178302,0.025607977,0.03897202,0.0072030313,0.08001246,-0.002257606,7.5118194,0.33149788,7.231008,-0.27808082,0.16002493,-0.004515212,0.19741333,0.008711885,0.08487067,-0.0032638467,252.28712,249.49164,335.3625,-0.053417057,11.6233015,0.18026109
7,34,10,0.0026214404,0.06913941,0.018292248,0.044017017,0.0068301517,0.06762442,0.0021079395,7.9832354,0.37200806,7.0413566,-0.42554975,0.13524884,0.004215879,0.20980233,0.0097765075,0.08264473,-0.0049946983,252.23933,249.3564,334.479,0.05354169,11.6233015,0.2192345
7,35,10,0.0026214404,0.06608474,0.023417618,0.036132038,0.006535084,0.07651408,-0.0007459934,7.2329397,0.084488936,6.887582,-0.6541446,0.15302816,-0.0014919868,0.1900843,0.0022203987,0.080839865,-0.0076777237,252.25978,249.39232,334.927,0.56965566,11.6233015,0.20223086
7,36,10,0.0026214404,0.07212618,0.023729471,0.04123096,0.0071657426,0.07702187,-0.0026870435,7.726457,0.439804,7.212268,-0.4726497,0.15404373,-0.005374087,0.20305409,0.011558208,0.08465071,-0.0055475105,252.32645,249.68375,335.25137,0.032845706,11.6233015,0.21590829
7,37,10,0.0026214404,0.074605055,0.018793378,0.048853263,0.0069584167,0.06854447,0.0010155545,8.4103775,0.32367468,7.1071653,-0.64494747,0.13708894,0.002031109,0.22102775,0.008506287,0.083417125,-0.0075697782,252.37338,250.01605,335.03638,0.3212728,11.623146,0.22428447
7,38,10,0.0026214404,0.06562608,0.021460567,0.03687607,0.0072894422,0.07324713,-0.00019554236,7.307032,-0.54024065,7.274252,-0.93581516,0.14649425,-0.00039108473,0.19203143,-0.0141977165,0.08537823,-0.010983706,252.44112,250.28174,335.7313,1.4760559,11.623146,0.20052195
7,39,10,0.0026214404,0.07168592,0.028477795,0.035629004,0.0075791148,0.08437683,-0.002384401,7.182415,-0.35483012,7.417379,-0.65846467,0.16875365,-0.004768802,0.18875647,-0.009325064,0.08705811,-0.007728431,252.50075,250.57191,336.27225,1.0132948,11.623146,0.19858041
7,40,10,0.0026214404,0.074904814,0.019726658,0.04801214,0.0071660164,0.07022581,0.0018200411,8.33766,-0.2337692,7.212405,-0.4273432,0.14045162,0.0036400822,0.21911673,-0.0061435387,0.08465233,-0.0050157476,252.48868,250.53989,335.56403,0.66111237,11.623146,0.24862254
7,41,10,0.0026214404,0.06151753,0.022261376,0.032512777,0.0067433775,0.07460123,-0.0015185792,6.86113,-0.39104882,6.996486,-0.4485967,0.14920247,-0.0030371584,0.18031299,-0.0102769025,0.08211807,-0.005265201,252.5266,250.45526,336.21124,0.8396455,11.623013,0.18615773
7,42,10,0.0026214404,0.071257345,0.026356298,0.03729529,0.0076057543,0.081173114,-0.0030114048,7.3484488,0.013973757,7.4304028,-0.44253686,0.16234623,-0.0060228095,0.19311988,0.00036723475,0.087210976,-0.005194078,252.56746,250.57114,336.63635,0.42856312,11.623013,0.1705263
7,43,10,0.0026214404,0.07088254,0.0184974,0.045283675,0.0071014618,0.068002574,0.0010576005,8.097286,-0.2000205,7.1798463,-0.7128833,0.13600515,0.002115201,0.21279961,-0.005256609,0.08427017,-0.008367142,252.55939,250.62299,335.79956,0.9129038,11.623013,0.20882009
7,44,10,0.0026214404,0.06117697,0.019463217,0.03515543,0.0065583233,0.069755316,6.62328e-5,7.134522,-0.5162516,6.8998175,-0.98840654,0.13951063,0.0001324656,0.18749781,-0.013567282,0.080983475,-0.011600971,252.56497,250.583,336.51523,1.5046582,11.623013,0.19797781
7,45,10,0.0026214404,0.068747126,0.024795854,0.03727317,0.006678104,0.0787335,-0.0029679576,7.346268,0.28043085,6.9625416,-0.5759979,0.157467,-0.0059359153,0.1930626,0.007369823,0.08171967,-0.006760511,252.55193,250.53131,336.64078,0.29556704,11.622881,0.19299062
7,46,10,0.0026214404,0.080821,0.020790348,0.05297792,0.0070527345,0.07209429,0.0013751772,8.758225,0.36761278,7.155171,-0.63384223,0.14418858,0.0027503544,0.23016933,0.0096609965,0.08398056,-0.0074394364,252.53139,250.52905,335.7796,0.26622945,11.622881,0.2801128
7,47,10,0.0026214404,0.06185719,0.022021811,0.033258427,0.006576953,0.07419874,0.0005743367,6.939362,-0.18169838,6.909611,-0.9821619,0.14839748,0.0011486734,0.18236893,-0.0047751023,0.081098415,-0.011527678,252.57947,250.71854,336.5896,1.1638603,11.622881,0.1956891
7,48,10,0.0026214404,0.08100708,0.035931416,0.03803595,0.0070397123,0.09477792,-0.0028581824,7.4210577,0.35690355,7.148562,-0.5425282,0.18955584,-0.005716365,0.19502808,0.00937955,0.08390299,-0.006367678,252.61407,250.89896,337.01028,0.18562466,11.622881,0.22717251
7,49,10,0.0026214404,0.08378757,0.018338377,0.058103386,0.007345801,0.06770963,0.0005781685,9.172112,0.7066382,7.302319,-0.727878,0.13541926,0.001156337,0.24104644,0.0185707,0.08570765,-0.00854314,252.59535,250.88905,336.29773,0.021239758,11.62272,0.2762585
7,50,10,0.0026214404,0.06509842,0.02196542,0.036240157,0.006892848,0.074103676,-0.00064660306,7.2437544,-0.31792504,7.073601,-1.0297942,0.14820735,-0.0012932061,0.19036847,-0.008355189,0.083023176,-0.012086741,252.68648,251.18884,337.03555,1.3477192,11.62272,0.17505877
7,51,10,0.0026214404,0.07548441,0.027665885,0.040082853,0.00773567,0.083165325,-0.0030687244,7.618123,0.017557684,7.4935937,-0.5954873,0.16633065,-0.006137449,0.20020702,0.00046142182,0.08795266,-0.006989261,252.77153,251.55032,337.6913,0.5779296,11.62272,0.19945227
7,52,10,0.0026214404,0.076389864,0.017665856,0.050741766,0.007982237,0.06645648,0.0010288118,8.571394,0.23097315,7.612084,-0.8095671,0.13291296,0.0020576236,0.22525933,0.0060700583,0.08934337,-0.009501923,252.76294,251.4799,337.05978,0.57859397,11.62272,0.22620784
7,53,10,0.0026214404,0.06317667,0.020257987,0.035581995,0.007336684,0.07116528,-0.0010153255,7.1776757,-0.29050615,7.2977858,-1.0878292,0.14233056,-0.002030651,0.1886319,-0.0076346095,0.085654445,-0.0127679,252.81895,251.59608,337.5746,1.3783354,11.622503,0.1821419
7,54,10,0.0026214404,0.07491429,0.026785241,0.040602308,0.0075267404,0.081830986,-0.0031092868,7.667329,0.0098282015,7.3917065,-0.46985456,0.16366197,-0.0062185735,0.20150015,0.0002582832,0.08675679,-0.005514706,252.86009,251.74585,337.86063,0.46002635,11.622503,0.19144584
7,55,10,0.0026214404,0.07755341,0.01755596,0.05171876,0.008278683,0.06624945,0.0015907163,8.653518,0.09095317,7.752143,-0.5114725,0.1324989,0.0031814326,0.22741759,0.002390281,0.090987265,-0.006003175,252.81882,251.70718,337.16852,0.42051935,11.622503,0.25402135
7,56,10,0.0026214404,0.06348362,0.019893369,0.036083862,0.007506385,0.07052193,-0.0004915818,7.228117,-0.31755897,7.3817034,-0.89646095,0.14104386,-0.0009831636,0.18995753,-0.008345562,0.0866394,-0.010521802,252.81416,251.60022,337.85437,1.2140199,11.622503,0.2113918
7,57,10,0.0026214404,0.07129406,0.025103066,0.038503468,0.007687531,0.079219736,-0.0026230542,7.466526,0.36180794,7.4702415,-0.37033567,0.15843947,-0.0052461084,0.196223,0.009508441,0.08767857,-0.0043466487,252.82706,251.56804,338.27725,0.008527726,11.622186,0.22582403
7,58,10,0.0026214404,0.077541515,0.017787779,0.05165209,0.008101646,0.066685416,0.0017770925,8.64794,0.3413774,7.6688075,-0.42187738,0.13337083,0.003554185,0.22727096,0.008971526,0.090009145,-0.004951589,252.82312,251.6988,337.3747,0.08049998,11.622186,0.25282705
7,59,10,0.0026214404,0.06856226,0.019219207,0.04174198,0.007601074,0.06931668,0.00022783002,7.774191,-0.43346468,7.428116,-0.59930104,0.13863336,0.00045566005,0.20430854,-0.011391611,0.08718414,-0.007034027,252.88647,251.94698,338.0435,1.0327657,11.622186,0.22738932
7,60,10,0.0026214404,0.0753617,0.025733717,0.041130744,0.008497237,0.08020866,-0.001871259,7.7170625,-0.0026527173,7.8538046,-0.24250254,0.16041732,-0.003742518,0.20280716,-6.971215e-5,0.09218046,-0.0028462638,252.93735,252.06245,338.4818,0.24515526,11.622186,0.22431262
7,61,10,0.0026214404,0.07823715,0.018723628,0.051107284,0.008406244,0.068417154,0.002222438,8.60221,0.16618194,7.8116393,-0.13957861,0.13683431,0.004444876,0.2260692,0.004367318,0.09168557,-0.0016382415,252.94748,252.15578,337.8138,-0.026603326,11.621762,0.24726976
7,62,10,0.0026214404,0.08095889,0.02013954,0.052588165,0.0082311835,0.07095692,0.0016581019,8.725948,-0.47643712,7.729873,-0.5686984,0.14191385,0.0033162038,0.22932109,-0.012520954,0.09072587,-0.0066748387,252.99197,252.3391,338.3477,1.0451355,11.621762,0.2729045
7,63,10,0.0026214404,0.08497804,0.02908337,0.047474906,0.008419757,0.085269235,-0.0018540837,8.290881,-0.01781641,7.8179164,0.031301018,0.17053847,-0.0037081675,0.21788737,-0.00046821075,0.091759235,0.00036738015,253.00806,252.36124,338.7182,-0.013484608,11.621762,0.28731903
7,64,10,0.0026214404,0.0838823,0.016349401,0.05874747,0.008785427,0.06393239,0.0020896203,9.22281,0.26913851,7.9858766,-0.027252505,0.12786478,0.0041792407,0.24237877,0.007073053,0.093730606,-0.00031985898,253.014,252.46437,338.32504,-0.241886,11.621762,0.2871761
7,65,10,0.0026214404,0.076428734,0.019446451,0.048398975,0.008583308,0.06972527,0.0009007209,8.3711815,-0.4066341,7.8934803,-0.2793323,0.13945054,0.0018014418,0.21999767,-0.010686501,0.092646144,-0.0032785384,253.0475,252.52635,339.0426,0.6859664,11.621183,0.26918647
7,66,10,0.0026214404,0.076731674,0.025854722,0.041749105,0.00912785,0.08039702,-0.002489099,7.774854,0.12557167,8.140019,0.43823457,0.16079403,-0.004978198,0.20432597,0.0033000696,0.09553978,0.0051435847,253.05884,252.5161,339.4289,-0.56380624,11.621183,0.29778102
7,67,10,0.0026214404,0.08349991,0.017746676,0.056233965,0.009519266,0.066608325,0.0028844855,9.0233555,0.4113583,8.3127165,0.34178764,0.13321665,0.005768971,0.23713702,0.010810655,0.097566724,0.0040115793,253.03873,252.5249,338.70236,-0.75314593,11.621183,0.32173568
7,68,10,0.0026214404,0.08359055,0.021820039,0.05243462,0.009335892,0.07385804,0.0025312805,8.7132015,-0.24308006,8.232262,-0.24824247,0.14771608,0.005062561,0.22898607,-0.006388233,0.09662242,-0.0029136327,253.06676,252.56454,339.35336,0.49132252,11.621183,0.31943765
7,69,10,0.0026214404,0.08260889,0.028924208,0.044290096,0.009394583,0.08503559,-0.0010623966,8.007961,-0.10885096,8.258097,0.4895659,0.17007118,-0.0021247931,0.21045212,-0.0028606497,0.09692566,0.0057460563,253.12875,252.77625,339.7725,-0.38071495,11.620427,0.32461393
7,70,10,0.0026214404,0.08498455,0.019281352,0.05650831,0.009194891,0.06942865,0.0031252957,9.045339,-0.048280504,8.169858,0.113143615,0.1388573,0.0062505915,0.23771477,-0.0012688348,0.09588999,0.001327971,253.1609,252.94974,339.02423,-0.064863116,11.620427,0.33112583
7,71,10,0.0026214404,0.08076456,0.021029217,0.050640065,0.009095284,0.07250727,0.0011761526,8.5628,-0.826973,8.125485,-0.34478822,0.14501454,0.0023523052,0.22503348,-0.021733169,0.0953692,-0.0040467894,253.25601,253.28902,339.81363,1.1717613,11.620427,0.35755235
7,72,10,0.0026214404,0.08681704,0.031110996,0.046502296,0.009203749,0.08819155,-0.0005605098,8.205516,-0.4457288,8.173793,0.21394256,0.1763831,-0.0011210196,0.21564391,-0.011713919,0.09593617,0.0025110485,253.31665,253.54095,340.46097,0.23178625,11.620427,0.35309714
7,73,10,0.0026214404,0.07680239,0.018122178,0.050195206,0.0084850015,0.06730932,0.0031496424,8.525106,-0.38343534,7.848148,0.53652525,0.13461864,0.0062992848,0.22404286,-0.010076814,0.09211407,0.0062972177,253.30104,253.60385,339.68027,-0.15308991,11.619491,0.30364954
7,74,10,0.0026214404,0.07817474,0.022762025,0.04698745,0.008425265,0.075435445,0.0017522919,8.248208,-0.9500057,7.8204722,0.104924366,0.15087089,0.0035045838,0.2167659,-0.024966488,0.09178924,0.0012315018,253.34366,253.75296,340.2826,0.8450813,11.619491,0.33222696
7,75,10,0.0026214404,0.08438156,0.027785216,0.047495402,0.009100938,0.08334449,-0.001340533,8.292672,-0.6779643,8.128012,0.70091265,0.16668898,-0.002681066,0.2179344,-0.017817134,0.095398836,0.008226645,253.38866,253.91371,340.70566,-0.022948325,11.619491,0.34980142
7,76,10,0.0026214404,0.07687511,0.01798124,0.049542096,0.009351774,0.067047074,0.0029354303,8.469463,-0.72845966,8.239261,0.5179073,0.13409415,0.0058708605,0.22258054,-0.019144192,0.09670457,0.006078708,253.38277,253.92326,340.25757,0.21055233,11.619491,0.34264877
7,77,10,0.0026214404,0.08596403,0.025757601,0.051807664,0.008398766,0.080245875,0.0028182557,8.6609535,-1.1557105,7.8081636,0.11101339,0.16049175,0.0056365114,0.22761297,-0.030372491,0.09164478,0.0013029708,253.38254,253.83,340.437,1.044697,11.61842,0.33414602
7,78,10,0.0026214404,0.096053876,0.029342871,0.057881158,0.008829847,0.085648805,-0.0013165745,9.154554,-0.78981817,8.006041,0.64448565,0.17129761,-0.002633149,0.24058503,-0.020756716,0.09396727,0.007564354,253.43857,254.05327,340.89886,0.14533252,11.61842,0.31810778
7,79,10,0.0026214404,0.08891661,0.019807842,0.061100516,0.008008249,0.07037017,0.0034647027,9.4057,-0.9321457,7.6244755,0.345014,0.14074033,0.0069294055,0.24718519,-0.024497136,0.08948882,0.004049441,253.4521,254.19402,340.2095,0.58713174,11.61842,0.31549656
7,80,10,0.0026214404,0.08364111,0.021190988,0.05454907,0.007901056,0.07278562,0.0030280026,8.887146,-1.6390924,7.573276,0.12684123,0.14557125,0.006056005,0.23355742,-0.043075953,0.088887885,0.0014887422,253.48889,254.33102,340.68695,1.5122513,11.61842,0.40119094
7,81,10,0.0026214404,0.09112597,0.02776523,0.05496755,0.008393188,0.08331451,0.0012092725,8.921171,-1.3060465,7.8055716,0.7579331,0.16662902,0.002418545,0.23445159,-0.034323383,0.09161434,0.0088959,253.5411,254.529,341.29507,0.5481134,11.617285,0.30824482
7,82,10,0.0026214404,0.08457081,0.01901303,0.05700874,0.008549044,0.06894387,0.0043433774,9.085303,-1.0501298,7.8777103,0.58461726,0.13788775,0.008686755,0.23876503,-0.02759779,0.09246104,0.0068616783,253.54659,254.52036,340.73676,0.4655125,11.617285,0.29543754
7,83,10,0.0026214404,0.09094709,0.023967754,0.058878437,0.008100895,0.07740761,0.0037428737,9.233086,-1.4974935,7.6684523,0.16242495,0.15481523,0.0074857473,0.2426488,-0.039354663,0.09000497,0.0019063877,253.58026,254.55168,340.9872,1.3350686,11.617285,0.3605352
7,84,10,0.0026214404,0.09742378,0.02877618,0.06020218,0.00844541,0.084817715,-0.00058194064,9.3363,-1.2008994,7.829816,0.64180607,0.16963543,-0.0011638813,0.24536133,-0.03156006,0.09189891,0.007532912,253.65886,254.86438,341.43842,0.5590933,11.617285,0.33754966
7,85,10,0.0026214404,0.085490316,0.02116931,0.055574663,0.008746343,0.072748385,0.0051267827,8.970304,-1.4873279,7.968095,0.5137461,0.14549677,0.010253565,0.23574279,-0.03908751,0.093521886,0.0060298624,253.7494,255.34126,341.26364,0.97358185,11.616144,0.30171832
7,86,10,0.0026214404,0.089661844,0.02439268,0.05665355,0.00861561,0.07809078,0.0037596533,9.056956,-2.076207,7.90832,-0.046776973,0.15618156,0.0075193066,0.23802006,-0.054563478,0.09282031,-0.0005490238,253.8133,255.57745,341.80215,2.122984,11.616144,0.35379273
7,87,10,0.0026214404,0.097298294,0.031214168,0.05716375,0.008920377,0.08833766,0.0008797003,9.097646,-1.456335,8.046978,0.74369335,0.17667532,0.0017594006,0.23908941,-0.038273018,0.09444775,0.008728759,253.82477,255.61853,342.1111,0.7126416,11.616144,0.3237091
7,88,10,0.0026214404,0.0848159,0.019789198,0.056079634,0.008947064,0.07033704,0.0052722823,9.010964,-1.3698511,8.059006,0.6488916,0.14067408,0.010544565,0.23681138,-0.03600019,0.09458892,0.0076160757,253.80025,255.5422,341.45715,0.7209595,11.616144,0.30648303
7,89,10,0.0026214404,0.08652112,0.02258377,0.05639747,0.0075398767,0.075139485,0.0062788846,9.036465,-1.5889615,7.398154,-0.18680587,0.15027897,0.012557769,0.23748152,-0.041758478,0.086832464,-0.0021925527,253.8103,255.50177,341.93887,1.7757673,11.61503,0.3125772
7,90,10,0.0026214404,0.09809102,0.03161182,0.058449958,0.008029244,0.08889856,0.0016532093,9.199427,-1.1570305,7.634464,0.30687782,0.17779712,0.0033064187,0.24176426,-0.030407174,0.08960605,0.0036018353,253.84384,255.63696,342.56952,0.8501526,11.61503,0.29315522
7,91,10,0.0026214404,0.08752184,0.02045132,0.058757294,0.008313228,0.07150406,0.0070079085,9.22358,-1.0668958,7.768301,0.16447711,0.14300811,0.014015817,0.24239904,-0.02803841,0.091176905,0.0019304705,253.82498,255.70016,342.00925,0.90241873,11.61503,0.27222824
7,92,10,0.0026214404,0.08426258,0.020556124,0.05623787,0.007468589,0.071687035,0.0059921104,9.023668,-1.5859375,7.3630958,-0.2007162,0.14337407,0.011984221,0.23714525,-0.041679017,0.086421,-0.0023558151,253.81042,255.54262,342.35913,1.7866538,11.61503,0.33752722
7,93,10,0.0026214404,0.09124974,0.025844468,0.057823315,0.0075819534,0.08038107,0.001985527,9.1499815,-1.0783008,7.418768,0.18409984,0.16076215,0.003971054,0.24046479,-0.028338134,0.087074414,0.00216079,253.83519,255.59583,342.38904,0.894201,11.613999,0.2752913
7,94,10,0.0026214404,0.092763856,0.019839212,0.06460495,0.008319691,0.07042587,0.0055106613,9.671672,-1.1404893,7.771321,0.2161678,0.14085174,0.011021323,0.25417504,-0.029972466,0.09121234,0.0025371735,253.83905,255.73982,341.76587,0.92432153,11.613999,0.3170017
7,95,10,0.0026214404,0.098758556,0.026217945,0.064435594,0.008105015,0.08095978,0.005668692,9.658986,-1.4911958,7.670402,-0.271542,0.16191956,0.011337384,0.25384167,-0.039189156,0.09002786,-0.0031871062,253.88966,255.83458,342.50378,1.7627378,11.613999,0.36211437
7,96,10,0.0026214404,0.10753338,0.03374024,0.065050006,0.00874314,0.091842584,0.0020486375,9.704927,-1.2585207,7.966635,0.1378805,0.18368517,0.004097275,0.25504902,-0.033074368,0.09350476,0.0016183107,253.95671,256.0067,342.7834,1.1206403,11.613999,0.3283784
7,97,10,0.0026214404,0.09394217,0.022365762,0.062401623,0.009174789,0.074775934,0.0050909026,9.505318,-1.1473405,8.160922,0.15879491,0.14955187,0.010181805,0.24980317,-0.030152513,0.09578512,0.0018637818,253.9814,256.17853,342.00293,0.98854566,11.613107,0.31625634
7,98,10,0.0026214404,0.099073544,0.0263597,0.06462301,0.008090835,0.08117835,0.0055944244,9.673023,-1.6946837,7.6636896,-0.3936978,0.1623567,0.011188849,0.25421056,-0.0445369,0.08994907,-0.004620848,254.05548,256.40292,342.6946,2.0883815,11.613107,0.35524264
7,99,10,0.0026214404,0.118496686,0.03724523,0.07263887,0.008612586,0.096495114,0.0026905036,10.255416,-1.1352874,7.906933,-0.040244054,0.19299023,0.005381007,0.269516,-0.029835768,0.09280402,-0.00047234455,254.0934,256.5536,343.2821,1.1755315,11.613107,0.31964102
7,100,10,0.0026214404,0.09670222,0.022160921,0.065058544,0.009482756,0.07443272,0.006906479,9.705566,-1.0362808,8.29676,0.20372449,0.14886545,0.013812958,0.25506577,-0.027233833,0.097379446,0.002391124,254.05516,256.47525,342.48532,0.83255625,11.613107,0.33466533
8,1,10,0.0020971524,0.0742062,0.018000737,0.05009622,0.0061092447,0.06708341,0.0012358082,8.516697,1.5291243,6.659398,0.3450766,0.13416682,0.0024716165,0.22382185,0.040185943,0.07816166,0.0040501812,252.85141,252.04013,337.64282,-1.8742008,11.612318,0.3853142
8,2,10,0.0020971524,0.06907981,0.02069014,0.04188799,0.0065016844,0.071920335,0.0010235314,7.7877765,0.99146104,6.8699594,-0.028839612,0.14384067,0.0020470629,0.20466556,0.026055953,0.08063302,-0.00033849178,252.91095,252.27975,338.34094,-0.96262145,11.612318,0.29328173
8,3,10,0.0020971524,0.086995244,0.037971184,0.043193504,0.005830555,0.09743098,-0.0033894707,7.9082046,1.6089125,6.5057316,0.42610377,0.19486196,-0.0067789415,0.20783047,0.04228281,0.07635807,0.005001199,252.91939,252.20453,338.6926,-2.0350163,11.612318,0.35206112
8,4,10,0.0020971524,0.07790776,0.017885238,0.05449728,0.0055252495,0.06686785,0.0029671108,8.882926,1.8674763,6.333112,0.104488894,0.1337357,0.0059342217,0.23344652,0.049077943,0.07433202,0.0012263912,252.84204,251.84665,337.58054,-1.9719652,11.612318,0.36969358
8,5,10,0.0020971524,0.06894155,0.020337744,0.043250512,0.005353298,0.07130523,0.0016831687,7.9134216,1.5376399,6.233786,-0.42273986,0.14261046,0.0033663374,0.20796758,0.04040974,0.07316624,-0.0049617174,252.79869,251.56464,337.6919,-1.1149,11.611607,0.2891247
8,6,10,0.0020971524,0.07853572,0.029357633,0.043595336,0.005582748,0.085670345,-0.0016996003,7.9449058,2.2598495,6.3659797,0.11229128,0.17134069,-0.0033992005,0.20879497,0.059389655,0.07471779,0.0013179677,252.81183,251.57208,338.3028,-2.372141,11.611607,0.3850969
8,7,10,0.0020971524,0.07323779,0.01920866,0.04869967,0.005329463,0.06929766,0.0031550447,8.397145,2.2788074,6.2198935,-0.11270879,0.13859531,0.0063100895,0.22068001,0.059887882,0.07300317,-0.001322868,252.79045,251.57639,337.32318,-2.1660986,11.611607,0.38809052
8,8,10,0.0020971524,0.066699624,0.021148523,0.040064115,0.0054869885,0.07271266,0.0014403262,7.6163425,1.8454885,6.3111453,-0.38688186,0.14542532,0.0028806524,0.20016022,0.0485001,0.07407421,-0.00454085,252.83179,251.73041,337.8454,-1.4586067,11.611607,0.31687963
8,9,10,0.0020971524,0.071731344,0.026530396,0.03970615,0.005494805,0.08144077,-0.0009110618,7.5822406,2.1851046,6.3156395,-0.030578185,0.16288154,-0.0018221237,0.19926402,0.057425346,0.07412695,-0.00035889784,252.84805,251.76692,338.29697,-2.1545265,11.610851,0.34533632
8,10,10,0.0020971524,0.069079466,0.017946964,0.0458118,0.005320702,0.06698314,0.0036078764,8.144366,2.2785447,6.2147794,-0.41474804,0.13396628,0.0072157527,0.21403691,0.059880976,0.07294314,-0.004867917,252.79012,251.553,337.44745,-1.8637966,11.610851,0.3669627
8,11,10,0.0020971524,0.06836198,0.021650767,0.04050481,0.0062064095,0.073571,0.0031907612,7.658117,1.9950796,6.7121468,-0.76136935,0.147142,0.0063815224,0.20125806,0.052431405,0.07878077,-0.008936226,252.78703,251.48395,337.81415,-1.2337103,11.610851,0.31257084
8,12,10,0.0020971524,0.084447674,0.034806527,0.04416355,0.0054776026,0.093282536,-0.00010165542,7.996513,2.3292356,6.3057456,-0.09751596,0.18656507,-0.00020331085,0.21015126,0.061213154,0.07401083,-0.001144549,252.8067,251.57019,337.96912,-2.2317195,11.610851,0.35816064
8,13,10,0.0020971524,0.07250989,0.019564243,0.047263894,0.005681751,0.06993612,0.0045556533,8.272436,1.9462118,6.422178,-0.6164737,0.13987224,0.009111307,0.2174026,0.05114715,0.07537739,-0.00723558,252.77692,251.55536,337.13785,-1.3297381,11.610069,0.31663674
8,14,10,0.0020971524,0.06939895,0.023411041,0.040883746,0.005104162,0.07650334,0.0036862842,7.6938553,1.4828975,6.0870013,-0.9191785,0.15300667,0.0073725684,0.2021973,0.03897108,0.071443416,-0.01078844,252.79369,251.55852,337.53958,-0.56371903,11.610069,0.23829988
8,15,10,0.0020971524,0.08093289,0.030134613,0.045907415,0.004890864,0.08679662,0.000102804464,8.152863,2.0421448,5.958459,-0.36722627,0.17359324,0.00020560893,0.21426016,0.0536683,0.06993471,-0.0043101506,252.82619,251.65858,337.9192,-1.6749185,11.610069,0.31360698
8,16,10,0.0020971524,0.07800977,0.019722661,0.053274922,0.005012183,0.0702187,0.0049653505,8.782741,2.0026886,6.0319076,-0.53298503,0.1404374,0.009930701,0.23081361,0.05263138,0.07079677,-0.0062556695,252.82481,251.74715,337.29346,-1.4697037,11.610069,0.33416614
8,17,10,0.0020971524,0.070008375,0.021773268,0.04302357,0.0052115405,0.07377884,0.0049507944,7.8926325,0.9421356,6.150696,-1.0823985,0.14755768,0.009901589,0.20742124,0.02475966,0.072191,-0.012704162,252.86368,251.86948,337.82513,0.14026296,11.609311,0.17618155
8,18,10,0.0020971524,0.07488796,0.027303634,0.042439517,0.005144816,0.082619056,0.00033766634,7.838877,1.6216094,6.111195,-0.35264155,0.16523811,0.0006753327,0.20600854,0.042616487,0.07172737,-0.00413897,252.89748,251.87035,338.4126,-1.2689679,11.609311,0.25843856
8,19,10,0.0020971524,0.07020515,0.021336472,0.043531016,0.0053376644,0.07303505,0.0049702004,7.9390416,1.6918955,6.224677,-0.58793044,0.1460701,0.009940401,0.20864087,0.04446362,0.07305932,-0.006900567,252.89003,251.86188,337.72513,-1.103965,11.609311,0.2773244
8,20,10,0.0020971524,0.070097044,0.022461921,0.04264751,0.0049876105,0.07493651,0.0051284037,7.8580627,1.2163757,6.017103,-1.1844429,0.14987302,0.010256807,0.20651273,0.03196679,0.07062302,-0.013901861,252.90747,251.93288,337.9753,-0.03193283,11.609311,0.21713628
8,21,10,0.0020971524,0.07553976,0.02864242,0.042142566,0.0047547743,0.08462036,0.001076765,7.8114047,1.5644315,5.874977,-0.4566665,0.16924071,0.00215353,0.20528655,0.041113824,0.06895487,-0.005359915,252.89426,251.8302,338.17645,-1.1077651,11.608578,0.2570556
8,22,10,0.0020971524,0.07183358,0.019306852,0.048056334,0.004470397,0.06947455,0.0065068975,8.341497,1.8574662,5.6965814,-0.31658655,0.1389491,0.013013795,0.21921755,0.048814885,0.066861026,-0.0037157903,252.82501,251.64856,337.45093,-1.5408797,11.608578,0.317905
8,23,10,0.0020971524,0.06769489,0.022106456,0.04123754,0.004350896,0.0743412,0.0057238652,7.727073,1.1979891,5.6199255,-0.75640845,0.1486824,0.0114477305,0.20307028,0.03148359,0.06596132,-0.008878,252.8129,251.54001,337.778,-0.44158065,11.608578,0.20670837
8,24,10,0.0020971524,0.081724465,0.031657983,0.04505564,0.0050108423,0.08896345,0.001374571,8.076873,1.7106372,6.031101,-0.14003381,0.1779269,0.002749142,0.21226314,0.04495617,0.0707873,-0.0016435833,252.81653,251.46059,337.9143,-1.5706034,11.608578,0.26422945
8,25,10,0.0020971524,0.06884932,0.020172648,0.04312415,0.005552523,0.071015224,0.006462993,7.901853,1.2811142,6.348723,-0.35953218,0.14203045,0.012925986,0.20766355,0.03366814,0.07451525,-0.004219845,252.8106,251.50876,337.22894,-0.92158204,11.607882,0.22066097
8,26,10,0.0020971524,0.06818408,0.024765912,0.038559888,0.0048582815,0.07868595,0.0068625133,7.4719944,0.60024893,5.938579,-1.180148,0.1573719,0.0137250265,0.19636671,0.015774757,0.06970137,-0.013851451,252.88858,251.78827,338.0767,0.5798991,11.607882,0.13074493
8,27,10,0.0020971524,0.08144667,0.036873918,0.03886613,0.0057066223,0.09601291,0.0017852624,7.501607,0.8585702,6.4362183,-0.44668302,0.19202583,0.0035705247,0.19714494,0.02256354,0.07554219,-0.005242739,252.93906,251.94507,338.46298,-0.4118872,11.607882,0.17471711
8,28,10,0.0020971524,0.07004789,0.020066828,0.04449703,0.005484034,0.07082871,0.006292791,8.026648,0.56219304,6.309447,-0.5050985,0.14165743,0.012585582,0.21094319,0.014774636,0.07405426,-0.0059283646,252.95944,252.17155,337.8121,-0.057094514,11.607882,0.18149695
8,29,10,0.0020971524,0.07391834,0.026904082,0.042080473,0.0049337894,0.08201232,0.007276412,7.805649,-0.52871937,5.9845505,-1.0432665,0.16402464,0.014552824,0.20513526,-0.013894935,0.07024094,-0.012244867,253.01892,252.33286,338.61353,1.571986,11.607197,0.14495412
8,30,10,0.0020971524,0.08154156,0.03201619,0.044295706,0.0052296575,0.08946534,0.0028643578,8.008469,0.13179845,6.1613784,-0.26016903,0.17893068,0.0057287156,0.21046545,0.0034637125,0.07231637,-0.0030536149,253.04881,252.38617,339.0676,0.12837058,11.607197,0.1373924
8,31,10,0.0020971524,0.07894821,0.022052214,0.05158656,0.0053094355,0.07424994,0.007526834,8.64245,0.034149766,6.208195,-0.4174635,0.14849988,0.015053668,0.22712675,0.0008974677,0.07286587,-0.0048997863,253.06288,252.48071,338.3042,0.38331375,11.607197,0.155553
8,32,10,0.0020971524,0.08264345,0.026750023,0.0509467,0.0049467273,0.08177717,0.0073247505,8.588685,-0.87101936,5.992393,-0.72506344,0.16355434,0.014649501,0.22571376,-0.022890707,0.070332974,-0.008510102,253.1508,252.81969,338.84488,1.5960828,11.607197,0.16049144
8,33,10,0.0020971524,0.090070665,0.03548378,0.04878218,0.005804701,0.094185695,0.0017109555,8.404256,-0.98382723,6.4912925,-0.1759547,0.18837139,0.003421911,0.22086689,-0.025855334,0.07618859,-0.0020651892,253.26784,253.35736,339.5501,1.1597819,11.606546,0.20740034
8,34,10,0.0020971524,0.07843566,0.023001062,0.049660765,0.005773832,0.075830504,0.0071684844,8.479601,-1.2393218,6.4740095,-0.41247967,0.15166101,0.014336969,0.22284696,-0.032569826,0.07598574,-0.004841294,253.32283,253.77324,339.48865,1.6518015,11.606546,0.24414721
8,35,10,0.0020971524,0.07957365,0.027194764,0.047921624,0.004457264,0.082454175,0.008779637,8.329798,-1.8404005,5.6882067,-0.85218734,0.16490835,0.017559273,0.21891008,-0.048366383,0.066762745,-0.010002162,253.35922,253.91364,340.17844,2.6925879,11.606546,0.31165805
8,36,10,0.0020971524,0.094877586,0.041385353,0.04829472,0.005197514,0.10171695,0.003843132,8.362161,-0.9921827,6.142413,-0.2548658,0.2034339,0.007686264,0.2197606,-0.02607492,0.072093785,-0.0029913725,253.32622,253.66714,340.1103,1.2470485,11.606546,0.22743137
8,37,10,0.0020971524,0.07661879,0.021023573,0.05058289,0.005012322,0.07249754,0.008882584,8.557964,-0.94219226,6.031991,-0.35548162,0.14499508,0.017765168,0.2249064,-0.024761153,0.07079776,-0.004172305,253.25647,253.43117,339.0117,1.297674,11.605991,0.24776517
8,38,10,0.0020971524,0.07782457,0.025624752,0.047465127,0.004734688,0.08003867,0.008218929,8.290028,-1.4446386,5.862555,-0.6809261,0.16007733,0.016437858,0.21786493,-0.03796563,0.06880907,-0.007992063,253.25891,253.32892,339.47296,2.1255646,11.605991,0.30918297
8,39,10,0.0020971524,0.08176719,0.03090775,0.04553878,0.0053206533,0.087903,0.0045667244,8.120063,-1.1339146,6.2147503,-0.2668739,0.175806,0.009133449,0.21339817,-0.029799683,0.07294281,-0.003132312,253.2994,253.45029,339.94113,1.4007885,11.605991,0.26760298
8,40,10,0.0020971524,0.078898065,0.01929992,0.05438916,0.0052089817,0.069462076,0.007872545,8.87411,-1.1871334,6.1491857,-0.31371614,0.13892415,0.01574509,0.23321484,-0.031198293,0.072173275,-0.0036821023,253.26831,253.40456,339.06448,1.5008496,11.605991,0.30133942
8,41,10,0.0020971524,0.08381483,0.025128061,0.054093786,0.0045929854,0.079259165,0.007888745,8.849981,-1.5312222,5.7741594,-0.7302215,0.15851833,0.01577749,0.2325807,-0.040241063,0.06777157,-0.008570645,253.2691,253.29321,339.41608,2.2614436,11.605564,0.36593965
8,42,10,0.0020971524,0.09310235,0.033626884,0.054246202,0.0052292664,0.09168817,0.003669065,8.862441,-0.8078148,6.1611476,-0.30929726,0.18337634,0.00733813,0.23290814,-0.021229668,0.07231367,-0.003630234,253.27531,253.2337,339.84573,1.117112,11.605564,0.28612652
8,43,10,0.0020971524,0.07988265,0.021907499,0.052541196,0.005433952,0.07400591,0.008477686,8.722052,-0.8864296,6.2805705,-0.46638057,0.14801182,0.016955372,0.22921866,-0.023295691,0.073715344,-0.0054739276,253.27094,253.29372,338.97284,1.3528101,11.605564,0.331125
8,44,10,0.0020971524,0.09155232,0.026666664,0.059941277,0.004944379,0.08164965,0.0079716565,9.316047,-1.4997844,5.9909687,-0.81797075,0.1632993,0.015943313,0.24482907,-0.03941487,0.07031628,-0.009600557,253.31488,253.4695,339.2903,2.3177552,11.605564,0.40509441
8,45,10,0.0020971524,0.105205074,0.039073315,0.06097012,0.0051616468,0.09883486,0.0035256527,9.395659,-0.9136531,6.121183,-0.36899883,0.19766971,0.0070513054,0.24692129,-0.024011118,0.0718446,-0.0043309582,253.3271,253.45802,339.47632,1.2826519,11.60527,0.3390046
8,46,10,0.0020971524,0.0924032,0.023327196,0.06355965,0.0055163563,0.076366216,0.007806993,9.593111,-0.5851412,6.328013,-0.21908922,0.15273243,0.015613986,0.2521104,-0.015377722,0.07427218,-0.0025714603,253.25291,253.21042,338.53128,0.8042304,11.60527,0.3566612
8,47,10,0.0020971524,0.09671319,0.027263144,0.06394996,0.005500095,0.082557775,0.006746245,9.6225195,-1.0291208,6.3186793,-0.43897173,0.16511555,0.01349249,0.2528833,-0.02704568,0.074162625,-0.005152233,253.29782,253.33704,339.3105,1.4680926,11.60527,0.40076324
8,48,10,0.0020971524,0.10574451,0.035292998,0.06459783,0.0058536837,0.09393215,0.003941177,9.671139,-0.55435234,6.5186234,-0.008863083,0.1878643,0.007882354,0.25416103,-0.014568582,0.07650937,-0.00010402636,253.38469,253.62572,339.81818,0.56321543,11.60527,0.31608403
8,49,10,0.0020971524,0.08789289,0.0243521,0.05778577,0.0057550212,0.078025796,0.008143787,9.14701,-0.51628506,6.463454,-0.18328543,0.15605159,0.016287575,0.24038671,-0.01356816,0.07586186,-0.002151229,253.41505,253.85828,339.0506,0.6995705,11.605075,0.3038398
8,50,10,0.0020971524,0.09409822,0.030837687,0.05791684,0.0053436896,0.08780331,0.008018168,9.157377,-1.1407958,6.2281895,-0.42591357,0.17560662,0.016036335,0.24065918,-0.029980518,0.073100545,-0.004998967,253.42923,253.89267,339.55756,1.5667094,11.605075,0.3709103
8,51,10,0.0020971524,0.099393375,0.03836961,0.055454794,0.005568975,0.09794081,0.0030605546,8.960623,-0.4415999,6.3581214,-0.07874314,0.19588162,0.0061211092,0.23548841,-0.011605398,0.07462557,-0.00092420855,253.43158,253.80855,340.08173,0.52034307,11.605075,0.28006086
8,52,10,0.0020971524,0.0805999,0.020869542,0.054446008,0.0052843476,0.07223147,0.008780529,8.878747,-0.29515737,6.19351,0.00015123926,0.14446294,0.017561058,0.23333669,-0.0077568423,0.07269352,1.7736897e-6,253.39603,253.65926,339.31955,0.29500613,11.605075,0.27928007
8,53,10,0.0020971524,0.08636318,0.026575336,0.054787945,0.0049999002,0.08150972,0.007687451,8.906585,-0.4961852,6.0245123,-0.336648,0.16301943,0.015374902,0.23406824,-0.013039931,0.07070997,-0.003951254,253.42125,253.72183,339.52554,0.8328332,11.604943,0.31039333
8,54,10,0.0020971524,0.10199912,0.039772242,0.05691889,0.0053079873,0.0997149,0.0037797769,9.07814,-0.1291806,6.2073493,-0.018116498,0.1994298,0.0075595537,0.2385768,-0.0033949048,0.072855935,-0.00021263625,253.46385,253.92253,339.9258,0.1472971,11.604943,0.2402522
8,55,10,0.0020971524,0.08164579,0.021039505,0.054976527,0.005629758,0.072525,0.00763665,8.921901,-0.3223978,6.3927255,0.04937536,0.14505,0.0152733,0.23447074,-0.008472731,0.07503171,0.00057952123,253.47404,254.13094,339.38998,0.27302244,11.604943,0.24545419
8,56,10,0.0020971524,0.08101851,0.02659661,0.04969773,0.004724167,0.081542335,0.008268557,8.482757,-0.9377876,5.8560376,-0.02011725,0.16308467,0.016537113,0.22292988,-0.024645394,0.068732575,-0.00023611748,253.49953,254.2077,340.18304,0.9579048,11.604943,0.3351898
8,57,10,0.0020971524,0.0959143,0.0365002,0.05381002,0.00560408,0.09552513,0.0029081793,8.826739,0.15502544,6.37813,0.24402487,0.19105026,0.0058163586,0.23196986,0.004074116,0.0748604,0.0028641324,253.47719,254.09337,340.28787,-0.3990503,11.604867,0.2639561
8,58,10,0.0020971524,0.08994135,0.024080673,0.060015883,0.005844798,0.07758974,0.00781944,9.321843,0.43064365,6.5136733,0.007540539,0.15517949,0.01563888,0.2449814,0.01131747,0.07645128,8.850236e-5,253.39088,253.78038,339.1906,-0.4381842,11.604867,0.2905894
8,59,10,0.0020971524,0.085278735,0.026207069,0.05363161,0.0054400545,0.08094299,0.00628257,8.812093,0.12733474,6.2840962,-0.19760239,0.16188598,0.01256514,0.231585,0.0033464264,0.073756725,-0.0023192668,253.36226,253.48766,339.66098,0.07026765,11.604867,0.34389547
8,60,10,0.0020971524,0.08984157,0.03335547,0.05128564,0.0052004512,0.0913174,0.002653568,8.617207,0.6712649,6.1441483,0.043435644,0.1826348,0.005307136,0.22646333,0.017641079,0.072114155,0.0005098063,253.3746,253.46161,339.80643,-0.7147005,11.604867,0.29576817
8,61,10,0.0020971524,0.079132326,0.022454217,0.05162506,0.0050530476,0.07492366,0.006832336,8.645676,0.7994559,6.056447,0.0051828055,0.14984731,0.013664672,0.22721149,0.021009998,0.07108479,6.0831055e-5,253.38542,253.62747,338.9244,-0.8046387,11.604815,0.25572512
8,62,10,0.0020971524,0.081086315,0.025721159,0.05028777,0.0050773853,0.08018909,0.0057244287,8.532963,-0.11330522,6.071015,-0.15423615,0.16037817,0.011448857,0.22424935,-0.0029776988,0.07125577,-0.001810277,253.4749,254.00777,339.48737,0.26754138,11.604815,0.26099998
8,63,10,0.0020971524,0.10031081,0.04250859,0.052062288,0.0057399375,0.10308806,0.0008728768,8.68221,0.39552152,6.4549785,0.30414703,0.20617612,0.0017457536,0.22817162,0.010394453,0.075762376,0.00356979,253.51839,254.12674,339.872,-0.6996685,11.604815,0.2038083
8,64,10,0.0020971524,0.08113009,0.02319977,0.052185643,0.00574467,0.076157354,0.0071076723,8.692491,0.6033108,6.457639,0.2940157,0.15231471,0.014215345,0.22844177,0.015855223,0.0757936,0.0034508738,253.48607,253.99965,339.26862,-0.8973265,11.604815,0.20407514
8,65,10,0.0020971524,0.08301035,0.03014271,0.04824282,0.0046248245,0.08680828,0.0044377916,8.357666,0.383746,5.794138,-0.14837462,0.17361656,0.008875583,0.21964248,0.010084979,0.06800606,-0.0017414809,253.51196,254.09557,339.89413,-0.23537138,11.604764,0.20705542
8,66,10,0.0020971524,0.08278587,0.030281661,0.047700338,0.004803864,0.08700813,0.00012382504,8.310542,0.8663869,5.9052267,0.21961923,0.17401627,0.00024765008,0.21840407,0.022768963,0.06930991,0.002577681,253.5138,254.05739,340.1122,-1.0860062,11.604764,0.1912498
8,67,10,0.0020971524,0.07830317,0.022817291,0.05022821,0.0052576736,0.07552697,0.0056744893,8.527908,1.0929298,6.1778607,0.18973708,0.15105394,0.011348979,0.2241165,0.02872259,0.07250982,0.002226952,253.42967,253.7683,339.0643,-1.2826669,11.604764,0.2128019
8,68,10,0.0020971524,0.07854921,0.024517125,0.049223773,0.0048083123,0.078289725,0.004345549,8.442209,0.8236649,5.90796,0.0720284,0.15657945,0.008691098,0.22186431,0.021646205,0.069341995,0.0008454022,253.39954,253.53143,339.50528,-0.8956933,11.604764,0.25038904
8,69,10,0.0020971524,0.09285762,0.03260632,0.055099007,0.0051522898,0.0902861,-0.0008098326,8.931833,1.8699032,6.1156316,0.19051912,0.1805722,-0.0016196652,0.23473178,0.049141724,0.07177945,0.0022361306,253.34438,253.24281,339.48804,-2.0604224,11.604683,0.29323956
8,70,10,0.0020971524,0.08284916,0.018993635,0.058437098,0.0054184254,0.0689087,0.0034960725,9.198415,2.2755628,6.271591,0.2478239,0.1378174,0.006992145,0.24173766,0.05980261,0.073609956,0.0029087227,253.2355,252.75883,338.21957,-2.5233867,11.604683,0.32277393
8,71,10,0.0020971524,0.08223938,0.02417742,0.053603295,0.004458666,0.07774545,0.00282986,8.809768,1.80749,5.689101,-0.27654365,0.1554909,0.00565972,0.23152386,0.047501497,0.06677324,-0.0032458066,253.21323,252.6018,338.10318,-1.5309464,11.604683,0.31932804
8,72,10,0.0020971524,0.09629657,0.03739811,0.05383255,0.0050659073,0.09669296,-0.0014786938,8.828587,2.325356,6.0641484,-0.15246554,0.19338591,-0.0029573876,0.23201843,0.061111204,0.07117519,-0.0017894937,253.2182,252.63686,338.25522,-2.1728904,11.604683,0.34844097
8,73,10,0.0020971524,0.07924,0.019860923,0.054293927,0.005085149,0.070464395,0.0048274607,8.866339,2.452495,6.075654,-0.49677607,0.14092879,0.0096549215,0.23301058,0.06445246,0.07131023,-0.0058306833,253.1703,252.5728,337.4918,-1.955719,11.604579,0.3502306
8,74,10,0.0020971524,0.0785504,0.024630032,0.04945077,0.004469597,0.07846979,0.0021392237,8.461653,1.8181465,5.696071,-0.548152,0.15693958,0.0042784475,0.22237529,0.047781553,0.06685504,-0.0064336867,253.17984,252.56541,337.97742,-1.2699945,11.604579,0.31447244
8,75,10,0.0020971524,0.09132024,0.03503801,0.051095087,0.005187147,0.09359221,-0.0019356962,8.601184,2.3828087,6.136284,-0.14132255,0.18718442,-0.0038713925,0.22604223,0.06262107,0.07202185,-0.0016587095,253.18063,252.43817,338.2593,-2.241486,11.604579,0.3346237
8,76,10,0.0020971524,0.079172425,0.021484891,0.052452896,0.005234636,0.07328863,0.0039413874,8.71472,2.241329,6.16431,-0.31763396,0.14657725,0.007882775,0.22902597,0.058902938,0.072350785,-0.0037280838,253.20924,252.60007,337.9957,-1.923695,11.604579,0.31593493
8,77,10,0.0020971524,0.07587675,0.02496905,0.046171334,0.0047363658,0.07900799,0.0016055566,8.176264,1.458373,5.863593,-0.8295988,0.15801598,0.0032111132,0.21487516,0.03832656,0.06882126,-0.009737039,253.27762,252.80524,338.5531,-0.62877417,11.604438,0.24805851
8,78,10,0.0020971524,0.08113175,0.03314502,0.043104306,0.004882418,0.09102887,-0.0026974205,7.9000344,1.5772278,5.953312,-0.70318043,0.18205774,-0.005394841,0.20761576,0.041450117,0.0698743,-0.0082532605,253.32549,253.02544,338.59848,-0.8740474,11.604438,0.24827522
8,79,10,0.0020971524,0.06880015,0.019755324,0.04395054,0.005094291,0.07027682,0.0043151975,7.9772058,1.4813828,6.0811133,-0.741251,0.14055364,0.008630395,0.20964384,0.038931273,0.071374305,-0.008700097,253.34848,253.17024,338.08633,-0.74013186,11.604438,0.24317312
8,80,10,0.0020971524,0.071212396,0.024343306,0.042058658,0.004810433,0.07801171,0.0030903243,7.803624,0.6437254,5.909262,-1.3321242,0.15602341,0.0061806487,0.20508207,0.016917339,0.06935728,-0.015635204,253.42546,253.45609,338.91098,0.68839884,11.604438,0.1737371
8,81,10,0.0020971524,0.081048675,0.031365033,0.044761397,0.004922246,0.08855088,-0.0013542185,8.050456,1.0269977,5.9775453,-0.97878,0.17710176,-0.002708437,0.21156889,0.026989873,0.07015872,-0.011487985,253.43932,253.46661,339.0209,-0.048217714,11.60425,0.18434408
8,82,10,0.0020971524,0.06703164,0.017017743,0.045289274,0.0047246194,0.06522603,0.0041401405,8.097787,1.3656422,5.8563175,-0.7427154,0.13045207,0.008280281,0.21281277,0.035889566,0.06873587,-0.008717283,253.39381,253.25464,338.21445,-0.6229268,11.60425,0.20174761
8,83,10,0.0020971524,0.06133828,0.020933533,0.03614022,0.0042645303,0.07234213,0.0028088428,7.2337594,1.063573,5.5638676,-0.92698544,0.14468426,0.0056176856,0.19010581,0.027951086,0.06530337,-0.010880071,253.3563,253.06407,338.6647,-0.13658756,11.60425,0.18566523
8,84,10,0.0020971524,0.07191,0.027611855,0.039758496,0.004539648,0.08308408,-0.0013202948,7.5872364,1.7069798,5.7405343,-0.7547105,0.16616815,-0.0026405896,0.19939533,0.044860046,0.06737691,-0.008858072,253.2878,252.7089,338.5805,-0.95226926,11.60425,0.2524101
8,85,10,0.0020971524,0.067416675,0.01874633,0.0443799,0.004290444,0.06845862,0.0038702476,8.016076,1.7684194,5.5807467,-0.7659017,0.13691723,0.0077404953,0.21066537,0.046474703,0.06550148,-0.008989423,253.19476,252.34077,337.48367,-1.0025177,11.604041,0.2602151
8,86,10,0.0020971524,0.061004102,0.020217918,0.036506627,0.004279558,0.07109486,0.0025848332,7.270336,1.1991957,5.5736628,-1.1803,0.14218973,0.0051696664,0.19106707,0.0315153,0.06541833,-0.013853237,253.19081,252.30518,337.92273,-0.018895745,11.604041,0.21718413
8,87,10,0.0020971524,0.0700867,0.028742494,0.03720874,0.0041354676,0.08476806,-0.0008986623,7.339917,1.7506199,5.479028,-0.88162524,0.16953611,-0.0017973246,0.19289567,0.046006925,0.0643076,-0.0103476755,253.18056,252.2304,338.0045,-0.86899465,11.604041,0.25868902
8,88,10,0.0020971524,0.061547972,0.017022656,0.039973017,0.004552299,0.06523545,0.004646254,7.6076784,1.7349838,5.748528,-1.0447886,0.1304709,0.009292508,0.19993253,0.045596007,0.06747073,-0.012262732,253.14142,252.12358,337.43637,-0.6901952,11.604041,0.25493795
8,89,10,0.0020971524,0.054607034,0.01872851,0.031811126,0.004067398,0.06842607,0.0025571934,6.786693,0.73602015,5.433749,-1.2456344,0.13685215,0.005114387,0.17835674,0.019342883,0.06377616,-0.01462007,253.17482,252.28271,337.82513,0.5096143,11.603816,0.17247133
8,90,10,0.0020971524,0.0638569,0.02762819,0.032262668,0.003966038,0.08310865,-0.0008117984,6.83469,0.9960515,5.365617,-0.7273706,0.1662173,-0.0016235968,0.17961812,0.026176587,0.06297649,-0.008537183,253.19289,252.35097,337.865,-0.26868087,11.603816,0.19596107
8,91,10,0.0020971524,0.05477063,0.019841306,0.03047809,0.0044512344,0.070429586,0.0041428027,6.6429734,0.80199933,5.6843586,-0.82422227,0.14085917,0.008285605,0.17457975,0.021076834,0.06671757,-0.009673935,253.18398,252.38626,337.32315,0.022222936,11.603816,0.19083343
8,92,10,0.0020971524,0.055393245,0.019575516,0.03115111,0.0046666204,0.069956265,0.0034442935,6.7159195,0.06456348,5.8202605,-1.4482131,0.13991253,0.006888587,0.17649677,0.001696748,0.06831267,-0.016997742,253.21066,252.4557,337.87564,1.3836496,11.603816,0.16400619
8,93,10,0.0020971524,0.062268734,0.024290191,0.032977577,0.0050009624,0.077926554,-0.0010390743,6.910001,0.44231862,6.0251517,-0.9027377,0.15585311,-0.0020781485,0.18159729,0.011624295,0.070717484,-0.010595473,253.19823,252.30632,337.8522,0.46041906,11.603618,0.20237695
8,94,10,0.0020971524,0.061688296,0.017000142,0.039387506,0.0053006466,0.0651923,0.0042935396,7.5517554,0.6888534,6.203055,-0.76640606,0.1303846,0.008587079,0.19846286,0.018103315,0.07280554,-0.008995343,253.12047,251.96509,336.8947,0.077552676,11.603618,0.21730304
8,95,10,0.0020971524,0.055445056,0.019032987,0.031422082,0.004989984,0.068980046,0.0022052801,6.745065,0.27371374,6.018535,-1.4146922,0.13796009,0.0044105602,0.17726275,0.0071932976,0.07063982,-0.01660431,253.09383,251.81876,337.17337,1.1409785,11.603618,0.17133157
8,96,10,0.0020971524,0.05643479,0.020313593,0.031195475,0.0049257246,0.07126288,-0.0013828832,6.7206993,0.6139718,5.9796576,-1.1190048,0.14252576,-0.0027657663,0.1766224,0.016135398,0.07018351,-0.013133811,253.08528,251.77814,337.29257,0.505033,11.603618,0.22407135
8,97,10,0.0020971524,0.05584978,0.014305924,0.03638867,0.0051551857,0.059803687,0.0040169647,7.2585807,0.39213547,6.11735,-0.776228,0.119607374,0.008033929,0.19075814,0.010305462,0.07179962,-0.009110625,253.04506,251.66634,336.5816,0.38409254,11.603401,0.24389826
8,98,10,0.0020971524,0.05705339,0.018336723,0.033362858,0.0053538126,0.06770658,0.0019044223,6.9502473,-0.2377925,6.2340865,-1.2854208,0.13541315,0.0038088446,0.18265502,-0.006249275,0.07316975,-0.01508704,253.05347,251.63043,337.085,1.5232133,11.603401,0.20386009
8,99,10,0.0020971524,0.0644264,0.024971476,0.03400567,0.0054492517,0.07901183,-0.0013141675,7.0168853,0.09697292,6.2894063,-1.204401,0.15802366,-0.002628335,0.18440627,0.0025484767,0.07381905,-0.01413611,253.04686,251.7106,337.16083,1.1074281,11.603401,0.22664963
8,100,10,0.0020971524,0.061978593,0.016041858,0.040582497,0.00535424,0.06332823,0.0042410567,7.665456,0.14222887,6.2343354,-0.9157075,0.12665646,0.0084821135,0.20145097,0.00373783,0.07317267,-0.010747701,252.9879,251.48915,336.30563,0.7734786,11.603401,0.22382508
9,1,10,0.001677722,0.11468528,0.019688703,0.07689691,0.018099662,0.07015822,-0.0032927322,10.551716,0.33870304,11.462422,-1.2774705,0.14031644,-0.0065854643,0.27730292,0.008901239,0.13453498,-0.014993723,252.07788,249.36795,334.47437,0.93876743,11.60315,0.591898
9,2,10,0.001677722,0.10139722,0.022191126,0.061585605,0.01762049,0.07448343,-0.0047083287,9.442963,-0.35845578,11.309678,-1.5107869,0.14896686,-0.0094166575,0.24816447,-0.0094203465,0.1327422,-0.017732173,252.11377,249.45364,335.18033,1.8692427,11.60315,0.53106254
9,3,10,0.001677722,0.12057805,0.032494247,0.07071833,0.017365469,0.090130806,-0.007673965,10.118933,0.5368107,11.227536,-1.501157,0.18026161,-0.01534793,0.2659292,0.014107569,0.1317781,-0.017619148,252.0902,249.3144,335.39093,0.96434635,11.60315,0.58624774
9,4,10,0.001677722,0.112528615,0.018695664,0.07742275,0.016410196,0.06836604,-0.003944113,10.587733,1.0214679,10.914355,-1.2645583,0.13673209,-0.007888226,0.27824944,0.026844554,0.12810229,-0.014842178,252.00801,249.01913,334.39584,0.24309039,11.60315,0.6235732
9,5,10,0.001677722,0.09594489,0.022244358,0.057723373,0.015977161,0.07457271,-0.0055367327,9.14207,0.085948594,10.769387,-1.3929629,0.14914542,-0.011073465,0.24025689,0.0022587392,0.1264008,-0.01634927,252.00624,248.99092,334.9093,1.3070143,11.602898,0.4941682
9,6,10,0.001677722,0.11128376,0.0318722,0.06369489,0.015716664,0.08926394,-0.008218042,9.60331,0.7902154,10.681232,-1.1803226,0.17852788,-0.016436083,0.25237846,0.020767145,0.12536612,-0.013853492,252.02814,249.00708,335.2701,0.39010727,11.602898,0.54254407
9,7,10,0.001677722,0.11144283,0.018496038,0.07751126,0.015435532,0.06800007,-0.0036561086,10.593782,0.8858812,10.585272,-1.0596981,0.13600014,-0.0073122173,0.27840844,0.02328128,0.12423982,-0.0124377245,252.05379,249.0552,334.65393,0.17381692,11.602898,0.56110674
9,8,10,0.001677722,0.09875834,0.024023434,0.05844292,0.016291983,0.077497475,-0.0063889795,9.198873,0.007918541,10.874973,-1.5029316,0.15499495,-0.012777959,0.2417497,0.0002081033,0.12764005,-0.017639972,252.1334,249.30804,335.35776,1.495013,11.602898,0.50160635
9,9,10,0.001677722,0.09942284,0.027588233,0.057221707,0.014612896,0.08304853,-0.008285657,9.102256,0.52194536,10.299339,-0.9828052,0.16609706,-0.016571313,0.23921059,0.013716915,0.120883815,-0.01153524,252.18074,249.45978,336.06778,0.46085984,11.60258,0.49270582
9,10,10,0.001677722,0.09582753,0.01773955,0.06367389,0.014414084,0.06659495,-0.0036708033,9.6017275,0.65335745,10.229037,-0.8937262,0.1331899,-0.0073416065,0.25233686,0.017170463,0.12005867,-0.01048971,252.16568,249.4926,335.49634,0.24036878,11.60258,0.5637256
9,11,10,0.001677722,0.093368426,0.02107224,0.057470694,0.014825493,0.0725814,-0.0052071065,9.122039,-0.078305334,10.37399,-1.4261632,0.1451628,-0.010414213,0.23973046,-0.0020578846,0.12175998,-0.016738947,252.18271,249.5126,335.92938,1.5044686,11.60258,0.45446312
9,12,10,0.001677722,0.10389568,0.03343042,0.056266595,0.014198659,0.091419935,-0.006914832,9.025972,0.19792838,10.15231,-1.1962491,0.18283987,-0.013829664,0.2372058,0.005201624,0.11915813,-0.01404042,252.25774,249.82986,336.4239,0.99832076,11.60258,0.4802642
9,13,10,0.001677722,0.08694289,0.018575033,0.05578776,0.012580096,0.068145126,-0.0014174489,8.987485,-0.122714415,9.556156,-0.87560123,0.13629025,-0.0028348977,0.23619433,-0.0032249845,0.112161025,-0.01027697,252.29921,250.13753,336.27393,0.99831563,11.602224,0.43962994
9,14,10,0.001677722,0.08138,0.020787038,0.047686644,0.012906323,0.072088555,-0.0034516011,8.30935,-0.7357902,9.679266,-1.2467548,0.14417711,-0.0069032023,0.21837272,-0.019336842,0.113606,-0.014633208,252.31027,250.15463,336.6979,1.9825449,11.602224,0.41811568
9,15,10,0.001677722,0.0926703,0.031376746,0.048934203,0.012359351,0.08856741,-0.0058233375,8.417341,-0.1558092,9.471942,-0.8374446,0.17713483,-0.011646675,0.22121076,-0.0040947213,0.11117262,-0.0098291235,252.32988,250.22615,337.01437,0.9932538,11.602224,0.42535543
9,16,10,0.001677722,0.08230992,0.016506325,0.05403907,0.011764523,0.064238474,-0.00038144368,8.845505,0.029864533,9.2412,-0.7582382,0.12847695,-0.00076288736,0.23246305,0.00078484986,0.10846438,-0.008899479,252.30824,250.17734,336.43335,0.72837365,11.602224,0.4089715
9,17,10,0.001677722,0.071156286,0.021036811,0.03916356,0.010955912,0.07252036,-0.0018349933,7.530256,-0.87220585,8.917959,-1.0284691,0.14504072,-0.0036699865,0.19789785,-0.022921884,0.104670495,-0.01207119,252.3348,250.19492,336.89883,1.9006749,11.601853,0.34306458
9,18,10,0.001677722,0.0846993,0.031649448,0.04232928,0.010720574,0.08895146,-0.0046888776,7.8286905,-0.31335688,8.821658,-0.8012709,0.17790292,-0.009377755,0.20574081,-0.0082351295,0.103540204,-0.009404553,252.3628,250.3049,337.26645,1.1146278,11.601853,0.34811583
9,19,10,0.001677722,0.076618984,0.016211497,0.049987033,0.010420453,0.063662186,0.000491962,8.507409,-0.13540433,8.697301,-0.7251425,0.12732437,0.000983924,0.2235778,-0.0035584816,0.10208062,-0.008511038,252.31487,250.17256,336.424,0.8605468,11.601853,0.35285023
9,20,10,0.001677722,0.06694507,0.017970504,0.038680688,0.010293878,0.067027055,-0.0007468745,7.4836903,-0.9134835,8.644319,-1.1457384,0.13405411,-0.001493749,0.19667406,-0.02400668,0.10145875,-0.013447576,252.31586,250.07643,336.77725,2.0592217,11.601853,0.31127176
9,21,10,0.001677722,0.076787315,0.023986472,0.042535532,0.010265316,0.07743783,-0.0026383484,7.8477407,-0.43339363,8.632318,-0.71774757,0.15487567,-0.0052766968,0.20624144,-0.011389737,0.1013179,-0.008424232,252.35004,250.15471,337.11694,1.1511412,11.601506,0.29516822
9,22,10,0.001677722,0.08393156,0.017931622,0.05633726,0.009662679,0.0669545,0.00063611823,9.031638,-0.2660353,8.3751,-0.39860612,0.133909,0.0012722365,0.23735471,-0.0069914972,0.09829893,-0.0046784543,252.37204,250.35654,336.37778,0.6646414,11.601506,0.3107186
9,23,10,0.001677722,0.07563868,0.019422667,0.047266822,0.0089491885,0.06968261,-0.00017084632,8.272692,-1.3334825,8.059962,-0.7024262,0.13936523,-0.00034169265,0.21740934,-0.035044402,0.09460015,-0.00824441,252.48935,250.83081,337.27142,2.0359087,11.601506,0.30838215
9,24,10,0.001677722,0.0905312,0.02930458,0.052213114,0.0090135075,0.0855929,-0.0035226159,8.6947775,-1.0286227,8.088875,-0.49937487,0.1711858,-0.0070452318,0.22850189,-0.027032575,0.09493949,-0.0058611943,252.60567,251.27371,338.22388,1.5279976,11.601506,0.3442268
9,25,10,0.001677722,0.07743282,0.017904889,0.051278986,0.008248947,0.066904575,0.0015891059,8.616649,-1.2574859,7.7382092,-0.10208346,0.13380915,0.0031782119,0.22644864,-0.03304718,0.09082371,-0.0011981642,252.67241,251.62999,337.93167,1.3595693,11.601175,0.33325493
9,26,10,0.001677722,0.07375185,0.022179274,0.043084815,0.008487764,0.07446354,0.00093370734,7.898249,-2.413839,7.849425,-0.42231134,0.14892708,0.0018674147,0.20756882,-0.06343657,0.09212906,-0.0049566827,252.7919,252.18475,338.67978,2.8361504,11.601175,0.38389963
9,27,10,0.001677722,0.082565844,0.031997316,0.04153955,0.009028975,0.08943897,-0.0019785198,7.755317,-1.4558948,8.095813,-0.052939214,0.17887793,-0.0039570397,0.20381254,-0.038261436,0.09502092,-0.0006213477,252.79715,252.18626,339.12524,1.508834,11.601175,0.31658953
9,28,10,0.001677722,0.07144516,0.017031142,0.046757895,0.007656122,0.06525171,0.0025638558,8.228036,-1.1451187,7.454966,0.142551,0.13050342,0.0051277117,0.21623574,-0.030094132,0.08749927,0.0016731276,252.7199,251.87036,338.3648,1.0025678,11.601175,0.29690766
9,29,10,0.001677722,0.07047011,0.020060688,0.04359329,0.0068161343,0.07081788,0.0018490348,7.9447184,-1.6999038,7.0341287,0.04423677,0.14163576,0.0036980696,0.20879006,-0.044674095,0.08255988,0.0005192058,252.70573,251.68993,338.5296,1.6556671,11.600839,0.31464735
9,30,10,0.001677722,0.07982904,0.02849773,0.044029955,0.007301351,0.08440635,-0.0020282622,7.98441,-1.0939572,7.280192,0.10744823,0.1688127,-0.0040565245,0.20983316,-0.028749587,0.085447945,0.0012611259,252.721,251.6259,338.71375,0.98650897,11.600839,0.2711848
9,31,10,0.001677722,0.070622616,0.018931441,0.044763546,0.0069276304,0.068795785,0.0022529708,8.05065,-1.121149,7.091425,0.2905883,0.13759157,0.0045059416,0.21157397,-0.029464202,0.08323239,0.0034106453,252.7178,251.59442,337.75943,0.8305607,11.600839,0.27014264
9,32,10,0.001677722,0.07133046,0.020949556,0.044143416,0.0062374873,0.07236981,0.00072793197,7.9946904,-1.6139326,6.728931,-0.040843617,0.14473961,0.0014558639,0.21010335,-0.042414725,0.07897776,-0.0004793851,252.71915,251.51567,337.99075,1.6547762,11.600839,0.9440776
9,33,10,0.001677722,0.07866079,0.030237362,0.042839482,0.0055839517,0.08694447,-0.0022085558,7.8757296,-0.86794305,6.366666,0.8306567,0.17388894,-0.0044171116,0.20697701,-0.022809858,0.074725844,0.009749456,252.74748,251.52954,338.3895,0.03728634,11.600549,0.22592384
9,34,10,0.001677722,0.06757857,0.017047543,0.045189373,0.0053416505,0.06528312,0.0025432205,8.088851,-1.054071,6.2270017,0.71250993,0.13056624,0.005086441,0.21257792,-0.027701369,0.0730866,0.008362765,252.76147,251.68866,337.87192,0.34156102,11.600549,0.21080226
9,35,10,0.001677722,0.06883505,0.020764414,0.042658027,0.005412607,0.07204931,0.0014411223,7.8590317,-1.7847528,6.268224,0.26154366,0.14409862,0.0028822445,0.2065382,-0.046903953,0.07357042,0.0030697535,252.81088,251.93414,338.42178,1.5232092,11.600549,0.31315625
9,36,10,0.001677722,0.08095938,0.033996604,0.04128497,0.005677805,0.09219084,-0.0023594312,7.731516,-0.93076396,6.419947,0.6240366,0.18438168,-0.0047188625,0.20318703,-0.024460815,0.07535121,0.0073243463,252.8362,251.98032,338.7359,0.30672735,11.600549,0.19975467
9,37,10,0.001677722,0.07028126,0.018457247,0.04647595,0.0053480663,0.067928724,0.002925918,8.203191,-0.7318326,6.2307396,1.1244643,0.13585745,0.005851836,0.21558282,-0.019232817,0.07313047,0.01319789,252.79787,251.92273,338.00623,-0.39263165,11.600245,0.20343703
9,38,10,0.001677722,0.071869746,0.020206656,0.04615169,0.005511405,0.07107506,0.000990678,8.174523,-1.0910066,6.325173,0.90479875,0.14215012,0.001981356,0.21482944,-0.028672049,0.07423884,0.010619666,252.79648,251.74329,338.27954,0.18620789,11.600245,0.29751268
9,39,10,0.001677722,0.07639085,0.029260213,0.04137204,0.005758595,0.08552808,-0.0023686814,7.7396655,-0.55643755,6.465461,1.2172196,0.17105617,-0.0047373627,0.20340118,-0.014623378,0.07588541,0.014286558,252.83865,251.85847,338.63318,-0.66078204,11.600245,0.2543721
9,40,10,0.001677722,0.07091667,0.020392926,0.04482528,0.005698462,0.0714019,0.0024922378,8.056199,-0.7194509,6.4316154,1.3296521,0.1428038,0.0049844757,0.21171981,-0.018907426,0.07548816,0.015606189,252.86865,252.02493,338.0047,-0.6102012,11.600245,0.24989404
9,41,10,0.001677722,0.07311378,0.022793464,0.044990387,0.0053299265,0.075487524,0.00022936048,8.071022,-1.3385394,6.2201643,1.1946864,0.15097505,0.00045872096,0.21210937,-0.035177298,0.07300635,0.014022089,252.9225,252.19122,338.533,0.14385295,11.5998745,0.32786196
9,42,10,0.001677722,0.081047185,0.028733006,0.047091313,0.005222861,0.084754065,-0.0015521706,8.257319,-0.82289946,6.1573734,1.6232659,0.16950813,-0.0031043412,0.21700533,-0.021626092,0.072269365,0.019052349,252.96808,252.35916,338.9239,-0.8003664,11.5998745,0.2714008
9,43,10,0.001677722,0.07434651,0.018270755,0.05080034,0.0052754213,0.06758468,0.0033301741,8.576341,-1.0467337,6.188278,1.5848542,0.13516936,0.0066603483,0.2253893,-0.027508548,0.0726321,0.018601505,252.98627,252.47044,338.40155,-0.5381205,11.5998745,0.26931655
9,44,10,0.001677722,0.07376516,0.020109164,0.04859368,0.005062313,0.07090339,0.0016577933,8.388003,-1.6647081,6.0619965,1.4302338,0.14180678,0.0033155866,0.22043975,-0.043749146,0.07114993,0.016786719,253.0449,252.65424,338.90247,0.2344743,11.5998745,0.34694955
9,45,10,0.001677722,0.08764005,0.028589776,0.053848848,0.0052014226,0.08454256,-0.001376575,8.829923,-0.96740955,6.144723,2.0732765,0.16908512,-0.00275315,0.23205355,-0.025423864,0.07212089,0.024334142,253.08417,252.79416,339.248,-1.1058669,11.599436,0.31528807
9,46,10,0.001677722,0.07923822,0.017808812,0.056209184,0.0052202265,0.06672483,0.0029851252,9.021367,-1.2718036,6.1558194,2.1504748,0.13344966,0.0059702503,0.23708476,-0.033423457,0.07225113,0.025240224,253.12222,253.13467,338.8227,-0.87867117,11.599436,0.33445814
9,47,10,0.001677722,0.07810749,0.021214422,0.05210853,0.004784541,0.07282586,0.003996711,8.686066,-2.082525,5.893338,1.942719,0.14565171,0.007993422,0.22827293,-0.05472951,0.06917038,0.022801783,253.18912,253.37248,339.47012,0.13980603,11.599436,0.43094414
9,48,10,0.001677722,0.083372146,0.026469233,0.05166809,0.0052348226,0.08134684,-0.0013125184,8.649279,-1.21029,6.1644197,2.2023115,0.16269368,-0.0026250368,0.22730616,-0.031806856,0.072352074,0.025848625,253.1828,253.3134,339.6723,-0.99202156,11.599436,0.3260321
9,49,10,0.001677722,0.08154202,0.01750967,0.058583807,0.0054485416,0.06616206,0.003651172,9.209955,-0.98595035,6.288996,2.2582242,0.13232411,0.007302344,0.24204092,-0.025911124,0.073814236,0.026504884,253.12962,253.10522,338.81738,-1.2722739,11.598923,0.29862
9,50,10,0.001677722,0.081303455,0.023078285,0.05293249,0.0052926745,0.07595769,0.0021968225,8.754468,-1.6920193,6.198388,2.0002255,0.15191539,0.004393645,0.23007062,-0.044466875,0.07275077,0.023476746,253.15779,253.05919,339.33032,-0.3082062,11.598923,0.3996702
9,51,10,0.001677722,0.091424875,0.03412493,0.05130942,0.0059905304,0.09236467,-0.00215359,8.619205,-1.0320039,6.5943785,2.2525625,0.18472934,-0.00430718,0.22651583,-0.027121428,0.077398516,0.026438424,253.20117,253.16734,339.63318,-1.2205586,11.598923,0.34639317
9,52,10,0.001677722,0.0760325,0.017586583,0.05192586,0.006520053,0.06630721,0.0028925592,8.670827,-1.1337323,6.879657,2.4100451,0.13261442,0.0057851183,0.22787246,-0.029794892,0.080746844,0.028286805,253.21883,253.33665,339.15747,-1.2763128,11.598923,0.346373
9,53,10,0.001677722,0.08507773,0.02468617,0.05417762,0.00621394,0.07855917,0.0031675822,8.856836,-1.7337606,6.7162175,1.9127113,0.15711834,0.0063351644,0.23276086,-0.04556385,0.07882855,0.022449577,253.29742,253.67303,340.09552,-0.17895067,11.598325,0.4461376
9,54,10,0.001677722,0.09072431,0.030369587,0.0532904,0.0070643174,0.08713436,-0.0005424447,8.784017,-1.2668304,7.161043,2.304833,0.17426872,-0.0010848894,0.23084714,-0.03329276,0.08404949,0.027051931,253.34927,253.83472,340.35794,-1.0380025,11.598325,0.36331332
9,55,10,0.001677722,0.086294636,0.021858545,0.057387386,0.0070487005,0.07392318,0.0044686673,9.115424,-1.3709481,7.153124,2.2214227,0.14784636,0.008937335,0.23955664,-0.036029026,0.08395654,0.02607294,253.36195,254.0028,339.73563,-0.8504746,11.598325,0.37656036
9,56,10,0.001677722,0.096706316,0.025344644,0.06538898,0.0059726946,0.07960001,0.003921313,9.730182,-1.9860047,6.5845547,1.7820709,0.15920001,0.007842626,0.2557127,-0.05219293,0.07728321,0.020916242,253.43277,254.27147,340.54648,0.20393384,11.598325,0.44970712
9,57,10,0.001677722,0.09360425,0.029202996,0.05758374,0.0068175113,0.08544442,-1.5511958e-5,9.131005,-1.3748786,7.034838,2.0132902,0.17088884,-3.1023916e-5,0.23996612,-0.036132313,0.08256822,0.023630079,253.49664,254.52324,340.99304,-0.6384115,11.597691,0.36486506
9,58,10,0.001677722,0.08036049,0.019377291,0.05291542,0.008067771,0.06960117,0.005371951,8.753057,-1.5275517,7.652759,2.3587775,0.13920234,0.010743902,0.23003352,-0.04014461,0.08982077,0.027685076,253.53835,254.6892,340.4917,-0.8312259,11.597691,0.38914037
9,59,10,0.001677722,0.0877909,0.025254,0.056381147,0.0061557484,0.07945754,0.0042946744,9.035154,-1.7637249,6.6846957,1.742973,0.15891507,0.008589349,0.23744714,-0.04635132,0.07845858,0.020457357,253.58492,254.73816,340.75177,0.020751953,11.597691,0.83485734
9,60,10,0.001677722,0.09051984,0.02798922,0.05560133,0.0069292863,0.083649896,0.00081932487,8.972454,-1.1424128,7.092274,2.152386,0.16729979,0.0016386497,0.23579934,-0.030023031,0.083242334,0.025262652,253.58333,254.711,340.71307,-1.0099732,11.597691,0.35062703
9,61,10,0.001677722,0.085647374,0.01994697,0.058427148,0.0072732596,0.07061687,0.0045161247,9.197633,-0.6341166,7.266173,1.963852,0.14123374,0.009032249,0.24171709,-0.016664824,0.085283406,0.023049816,253.52916,254.49014,339.8704,-1.3297355,11.597044,0.32531372
9,62,10,0.001677722,0.08925254,0.023699494,0.058891058,0.006661991,0.0769732,0.004159946,9.234073,-1.2723398,6.9541364,1.6132987,0.1539464,0.008319892,0.2426748,-0.033437546,0.08162102,0.018935358,253.52434,254.35056,340.07516,-0.34095883,11.597044,0.4329095
9,63,10,0.001677722,0.1015982,0.03675025,0.057026494,0.007821452,0.09585177,-0.00086840556,9.086719,-0.6008338,7.5350275,2.1098382,0.19170354,-0.0017368111,0.23880221,-0.015790131,0.08843897,0.024763271,253.54445,254.4002,340.65204,-1.5090045,11.597044,0.3762342
9,64,10,0.001677722,0.08622515,0.01845801,0.058808163,0.008958982,0.06793013,0.0047189947,9.227572,-0.65696716,8.064373,2.1723282,0.13586026,0.009437989,0.24250394,-0.017265335,0.0946519,0.025496723,253.50702,254.28632,339.9873,-1.5153611,11.597044,0.41550577
9,65,10,0.001677722,0.09406258,0.02711755,0.05914243,0.0078026038,0.08233704,0.004487159,9.25376,-0.634397,7.525944,1.2478988,0.16467407,0.008974318,0.24319217,-0.016672183,0.08833235,0.014646644,253.51772,254.20758,340.48724,-0.61350185,11.596391,0.41321757
9,66,10,0.001677722,0.10310574,0.03310613,0.061702486,0.008297127,0.09097545,-0.00026708466,9.45192,0.16431096,7.7607746,1.7257307,0.1819509,-0.0005341693,0.24839985,0.0043181553,0.09108856,0.020254979,253.51463,254.09415,340.46497,-1.8900416,11.596391,0.37076718
9,67,10,0.001677722,0.090632714,0.02180532,0.059668493,0.009158904,0.07383312,0.0040909094,9.294825,0.14574979,8.153855,1.6116438,0.14766625,0.008181819,0.24427135,0.0038303654,0.095702164,0.018915936,253.46654,253.8836,339.17218,-1.7573936,11.596391,0.40802392
9,68,10,0.001677722,0.09960763,0.027056549,0.06403186,0.008519216,0.082244374,0.0036112624,9.628679,-0.31255487,7.863956,1.1268914,0.16448875,0.007222525,0.25304517,-0.008214055,0.0922996,0.013226378,253.51433,253.9981,339.52383,-0.81433654,11.596391,0.4461191
9,69,10,0.001677722,0.103048295,0.037271585,0.057300694,0.00847602,0.09652925,0.0003814786,9.108537,0.4672685,7.8439927,1.0271568,0.1930585,0.0007629572,0.23937564,0.012279968,0.092065305,0.012055787,253.6034,254.3836,340.11243,-1.4944253,11.595751,0.35642496
9,70,10,0.001677722,0.08394237,0.022410734,0.053315837,0.008215797,0.07485107,0.0053648744,8.786113,0.020275848,7.722645,1.1280216,0.14970215,0.010729749,0.23090222,0.00053284864,0.09064104,0.013239648,253.63818,254.66438,339.77466,-1.1482974,11.595751,0.33627385
9,71,10,0.001677722,0.09272685,0.027505787,0.05730396,0.0079171015,0.08292434,0.004784839,9.108796,-0.645393,7.5809617,0.84502244,0.16584869,0.009569678,0.23938246,-0.016961165,0.0889781,0.009918068,253.69109,254.92334,340.5604,-0.19962943,11.595751,0.40183654
9,72,10,0.001677722,0.1069806,0.034798563,0.06353983,0.008642207,0.09327187,0.001504991,9.591614,0.21026458,7.9205174,1.3892032,0.18654373,0.003009982,0.25207108,0.0055258297,0.09296347,0.016305143,253.7133,254.99625,340.77936,-1.5994678,11.595751,0.36866528
9,73,10,0.001677722,0.08407335,0.021271154,0.05412905,0.0086731445,0.07292317,0.0050477856,8.852866,0.35270506,7.9346814,0.9428311,0.14584634,0.010095571,0.23265651,0.009269223,0.09312972,0.011066055,253.69484,254.90144,339.9483,-1.2955362,11.595114,0.33176214
9,74,10,0.001677722,0.09121246,0.029242275,0.052983645,0.008986542,0.085501865,0.0051612975,8.758698,-0.13503134,8.076766,0.6365068,0.17100373,0.010322595,0.23018177,-0.0035486654,0.09479737,0.007470709,253.72911,254.96092,340.508,-0.50147545,11.595114,0.3609052
9,75,10,0.001677722,0.10124005,0.03394356,0.057846114,0.009450368,0.09211889,0.001489902,9.151784,0.12763515,8.282578,1.0481116,0.18423778,0.002979804,0.24051219,0.0033542989,0.097213,0.012301729,253.7687,255.16939,340.74155,-1.1757467,11.595114,0.30814412
9,76,10,0.001677722,0.08648896,0.021485656,0.05654299,0.008460316,0.07328993,0.0064673796,9.048113,-0.26077193,7.836723,0.89444363,0.14657986,0.012934759,0.2377877,-0.006853188,0.09197997,0.010498126,253.7893,255.35933,340.24518,-0.6336717,11.595114,0.29152274
9,77,10,0.001677722,0.08666058,0.027773215,0.05014953,0.008737834,0.08332649,0.0063037775,8.521226,-0.70991933,7.9642177,0.18326692,0.16665298,0.012607555,0.22394091,-0.018656937,0.093476385,0.0021510173,253.82051,255.44504,340.88214,0.5266524,11.594491,0.33424106
9,78,10,0.001677722,0.0884116,0.030664612,0.049663752,0.008083243,0.08755657,0.0022931956,8.479856,0.08319832,7.660093,0.52860165,0.17511314,0.004586391,0.22285366,0.002186462,0.08990686,0.0062042223,253.8164,255.39134,341.36948,-0.61179996,11.594491,0.29341415
9,79,10,0.001677722,0.07500368,0.021091804,0.04594015,0.007971732,0.07261509,0.0071528717,8.155768,0.20228562,7.607072,0.3234821,0.14523017,0.014305743,0.21433653,0.005316137,0.089284554,0.0037967293,253.75311,255.22566,340.35724,-0.5257677,11.594491,0.29592848
9,80,10,0.001677722,0.081253916,0.026195314,0.04649906,0.008559539,0.08092483,0.0063717775,8.205231,-0.2066222,7.8825436,0.045753248,0.16184966,0.012743555,0.2156364,-0.0054301154,0.09251778,0.00053700653,253.73709,255.0713,340.5889,0.16086894,11.594491,0.3508595
9,81,10,0.001677722,0.08351285,0.02974215,0.045190167,0.008580534,0.08622956,0.0031676015,8.088922,0.5041599,7.8922048,-0.11453794,0.17245913,0.006335203,0.21257979,0.013249505,0.09263117,-0.0013443376,253.75186,255.12543,340.81354,-0.38962197,11.593913,0.27369452
9,82,10,0.001677722,0.07915422,0.021650279,0.049174506,0.008329438,0.07357017,0.0073528783,8.4379835,0.72721463,7.7758713,-0.04711999,0.14714034,0.014705757,0.22175325,0.019111454,0.09126575,-0.00055304443,253.70306,255.01045,339.88538,-0.68009466,11.593913,0.27892613
9,83,10,0.001677722,0.08117648,0.025687411,0.046661984,0.008827085,0.08013646,0.0064788237,8.219591,0.36813077,8.004788,0.16537629,0.16027293,0.012957647,0.21601385,0.0096746115,0.09395257,0.0019410258,253.68959,254.90424,340.3743,-0.53350705,11.593913,0.3126697
9,84,10,0.001677722,0.08708114,0.033615157,0.044498406,0.008967579,0.09167218,0.0029166155,8.0267725,0.9579555,8.068241,0.3220867,0.18334436,0.005833231,0.21094646,0.025175422,0.094697304,0.0037803445,253.67657,254.79364,340.74936,-1.2800422,11.593913,0.31825298
9,85,10,0.001677722,0.07262473,0.024267238,0.03990982,0.008447673,0.077889726,0.008098213,7.6016626,1.1459419,7.8308654,-0.26312995,0.15577945,0.016196426,0.19977443,0.030115774,0.09191123,-0.0030883646,253.62318,254.53777,339.76978,-0.8828119,11.593401,0.29017168
9,86,10,0.001677722,0.08171834,0.028338917,0.043722887,0.009656535,0.08417083,0.0069844555,7.9565177,0.5448448,8.372437,-0.61363065,0.16834167,0.013968911,0.20910019,0.014318721,0.098267674,-0.0072022076,253.64781,254.58891,340.06543,0.068785846,11.593401,0.29728332
9,87,10,0.001677722,0.09690815,0.03494787,0.05284786,0.009112422,0.09347174,0.003928543,8.747468,1.1425507,8.133138,0.00016091087,0.18694349,0.007857086,0.22988662,0.030026643,0.09545901,1.8868783e-6,253.64262,254.54999,340.1491,-1.1427116,11.593401,0.29544222
9,88,10,0.001677722,0.084825784,0.021171123,0.054323833,0.009330824,0.0727515,0.0078052836,8.868778,1.41781,8.230026,-0.20469111,0.145503,0.015610567,0.23307474,0.03726057,0.09659619,-0.0024024681,253.59383,254.33275,339.1976,-1.2131188,11.593401,0.3124111
9,89,10,0.001677722,0.07828195,0.026265586,0.04336707,0.008649287,0.081033304,0.0050552534,7.924078,1.1008154,7.9237614,-0.7371213,0.16206661,0.010110507,0.20824762,0.028929826,0.093001544,-0.008651619,253.5994,254.24785,339.50482,-0.36369413,11.592955,0.28104472
9,90,10,0.001677722,0.08549678,0.033153407,0.0436676,0.008675775,0.09104039,0.0019601628,7.9514875,1.5691822,7.935884,-0.43293962,0.18208078,0.0039203255,0.20896794,0.04123867,0.093143836,-0.0050814343,253.61447,254.30972,340.07693,-1.1362425,11.592955,0.3010362
9,91,10,0.001677722,0.07421373,0.020568479,0.045367256,0.008277995,0.071708575,0.0074984827,8.104755,1.4510192,7.7518215,-0.7020064,0.14341715,0.014996965,0.2129959,0.03813331,0.09098349,-0.008239483,253.57611,254.27026,339.3226,-0.74901277,11.592955,0.31003287
9,92,10,0.001677722,0.07669249,0.024664328,0.043994542,0.008033618,0.0785244,0.0053077573,7.981198,0.7353734,7.636544,-0.8406961,0.1570488,0.010615515,0.20974876,0.019325875,0.089630455,-0.009867288,253.58432,254.28151,339.65015,0.10532272,11.592955,0.30292192
9,93,10,0.001677722,0.08788593,0.03223755,0.047677267,0.007971117,0.08977409,0.0019600873,8.308533,1.2548503,7.606778,-0.7218454,0.17954817,0.0039201747,0.21835124,0.03297792,0.08928111,-0.008472335,253.58894,254.17336,339.70865,-0.5330049,11.592586,0.25882924
9,94,10,0.001677722,0.077699214,0.022541251,0.047295626,0.007862335,0.07506872,0.00633495,8.275213,1.1681293,7.554695,-0.95564085,0.15013744,0.0126699,0.21747558,0.03069886,0.08866981,-0.011216402,253.59178,254.14137,338.9673,-0.21248847,11.592586,0.26399076
9,95,10,0.001677722,0.07455481,0.029019158,0.037729047,0.007806608,0.08517505,0.0056647374,7.391058,0.49197942,7.5278754,-1.0885082,0.1703501,0.011329475,0.19423966,0.012929401,0.08835501,-0.012775877,253.64508,254.29921,339.55588,0.5965288,11.592586,0.23697822
9,96,10,0.001677722,0.090603404,0.038323198,0.043896955,0.008383254,0.097881556,0.0018817716,7.972341,0.7259146,7.80095,-1.0221522,0.19576311,0.0037635432,0.209516,0.019077301,0.09156011,-0.011997047,253.70097,254.54837,339.96924,0.2962376,11.592586,0.22776683
9,97,10,0.001677722,0.07031143,0.020748068,0.042233687,0.0073296707,0.07202095,0.0058997637,7.819845,0.5724875,7.2942967,-1.4320854,0.1440419,0.011799527,0.20550837,0.015045179,0.0856135,-0.016808445,253.70947,254.6563,339.35214,0.8595979,11.592275,0.24350747
9,98,10,0.001677722,0.06465527,0.024468211,0.033192985,0.0069940696,0.07821159,0.006327549,6.932531,0.043204296,7.1253495,-1.4399204,0.15642318,0.012655098,0.18218942,0.0011354227,0.083630554,-0.01690041,253.71463,254.73068,339.92575,1.3967161,11.592275,0.24397819
9,99,10,0.001677722,0.07802333,0.03319609,0.03792568,0.0069015613,0.09109897,0.0021416608,7.410293,0.73420155,7.0780706,-0.8989089,0.18219794,0.0042833216,0.19474517,0.019295083,0.083075635,-0.010550532,253.71051,254.72932,340.36932,0.16470736,11.592275,0.2683739
9,100,10,0.001677722,0.06506082,0.019936427,0.038257934,0.006866455,0.07059821,0.0075746058,7.4426804,0.8074323,7.0600452,-0.96357673,0.14119641,0.0151492115,0.19559635,0.021219615,0.082864076,-0.011309545,253.65619,254.5479,339.79428,0.15614444,11.592275,0.27869436
10,1,10,0.0013421776,0.075034715,0.0171764,0.053518694,0.004339623,0.06552938,0.00051720784,8.802813,1.8136538,5.6126404,-0.37486526,0.13105877,0.0010344157,0.23134108,0.047663487,0.06587581,-0.0043998114,253.19531,252.491,338.25165,-1.4387885,11.592033,0.48541325
10,2,10,0.0013421776,0.064438485,0.018481337,0.041630708,0.004326439,0.06797304,0.00017682712,7.7638216,1.3539844,5.604108,-0.65393275,0.13594608,0.00035365424,0.20403604,0.035583206,0.06577567,-0.0076752384,253.18498,252.31982,338.51938,-0.7000516,11.592033,0.43137527
10,3,10,0.0013421776,0.07625841,0.025697619,0.046363153,0.0041976403,0.080152385,-0.0042134994,8.193231,1.8398918,5.5200596,-0.36332232,0.16030477,-0.008426999,0.21532105,0.04835301,0.0647892,-0.0042643286,253.1836,252.25748,338.67157,-1.4765694,11.592033,0.5080161
10,4,10,0.0013421776,0.06799231,0.016037488,0.047487646,0.0044671735,0.0633196,0.0016156089,8.291994,1.8389208,5.6945267,-0.7003832,0.1266392,0.0032312179,0.21791661,0.048327506,0.066836916,-0.008220428,253.14548,252.15637,338.143,-1.1385376,11.592033,0.50569874
10,5,10,0.0013421776,0.063114576,0.017040294,0.041752204,0.0043220795,0.06526924,-7.566238e-5,7.775143,1.2151729,5.6012836,-0.9523147,0.13053848,-0.00015132476,0.20433356,0.031935178,0.06574252,-0.01117736,253.13991,252.07544,338.6639,-0.2628582,11.591771,0.45157486
10,6,10,0.0013421776,0.075970136,0.024887608,0.046754397,0.00432813,0.078879036,-0.0035198214,8.227727,1.4991064,5.6052027,-0.66976213,0.15775807,-0.007039643,0.21622765,0.03939706,0.06578852,-0.007861029,253.10332,251.92683,338.6735,-0.8293443,11.591771,0.48462972
10,7,10,0.0013421776,0.06743812,0.015675846,0.04750321,0.0042590564,0.06260161,0.0017226642,8.293353,1.6374354,5.5602956,-0.82437587,0.12520322,0.0034453284,0.21795231,0.0430324,0.065261446,-0.0096757375,253.00807,251.55798,337.49677,-0.81305957,11.591771,0.47561663
10,8,10,0.0013421776,0.060150076,0.01495942,0.041094318,0.004096337,0.061154354,-0.00051327306,7.7136436,1.2208353,5.453044,-0.98882717,0.12230871,-0.0010265461,0.20271733,0.032083992,0.06400263,-0.011605908,252.96828,251.30496,337.4816,-0.23200816,11.591771,0.40964398
10,9,10,0.0013421776,0.07611432,0.024099203,0.04779538,0.004219733,0.07761959,-0.0040494096,8.318819,1.5533673,5.534568,-0.5874384,0.15523918,-0.008098819,0.21862155,0.04082306,0.064959474,-0.0068947915,252.95847,251.21785,337.68686,-0.96592885,11.591439,0.47585443
10,10,10,0.0013421776,0.07024076,0.016020693,0.049743045,0.0044770176,0.06328644,0.0005677705,8.486622,1.3819916,5.7007966,-0.76042706,0.12657288,0.001135541,0.22303149,0.036319245,0.06691052,-0.008925166,252.94783,251.23962,337.02734,-0.62156457,11.591439,0.4803613
10,11,10,0.0013421776,0.06169684,0.017076727,0.04052169,0.0040984233,0.06533898,-0.0013352518,7.6597123,0.7939142,5.4544325,-1.1233401,0.13067795,-0.0026705037,0.2013,0.020864341,0.06401893,-0.0131846955,252.95601,251.28241,337.4992,0.32942593,11.591439,0.42641994
10,12,10,0.0013421776,0.07354065,0.021771742,0.047720667,0.0040482422,0.07377625,-0.004411398,8.312314,1.3482512,5.4209375,-0.72283226,0.1475525,-0.008822796,0.2184506,0.03543253,0.0636258,-0.0084839165,252.8836,250.93237,337.42755,-0.62541896,11.591439,0.49593037
10,13,10,0.0013421776,0.06718669,0.013516384,0.049456775,0.004213534,0.058129992,0.00019233907,8.462166,1.2302661,5.5305004,-0.727396,0.116259985,0.00038467813,0.22238879,0.03233183,0.06491174,-0.008537481,252.77814,250.51567,336.26184,-0.5028701,11.591063,0.4770396
10,14,10,0.0013421776,0.065030284,0.015201766,0.04512108,0.0047074393,0.06164772,-0.002091567,8.082736,0.7510408,5.84566,-1.1956435,0.12329544,-0.004183134,0.21241723,0.019737624,0.06861078,-0.014033323,252.72125,250.17775,336.20044,0.44460273,11.591063,0.4332412
10,15,10,0.0013421776,0.07765458,0.021602131,0.051012598,0.005039845,0.07348832,-0.005269482,8.594238,1.3775129,6.0485296,-1.028024,0.14697663,-0.010538964,0.22585969,0.036201537,0.07099187,-0.012065965,252.66364,249.8731,336.04993,-0.34948897,11.591063,0.49681607
10,16,10,0.0013421776,0.067677245,0.013876827,0.04904814,0.0047522774,0.058899973,-0.0007078035,8.4271345,1.2814515,5.873435,-1.0319978,0.117799945,-0.001415607,0.22146815,0.033677004,0.068936765,-0.012112604,252.61522,249.74022,335.30594,-0.24945366,11.591063,0.4858736
10,17,10,0.0013421776,0.059980568,0.015744574,0.03953618,0.0046998123,0.062738694,-0.0023523588,7.5659943,0.4710792,5.840923,-1.2110478,0.12547739,-0.0047047175,0.19883707,0.012380131,0.068555176,-0.014214121,252.6001,249.67262,335.65192,0.73996854,11.590653,0.39505273
10,18,10,0.0013421776,0.070745796,0.019749273,0.046263095,0.004733427,0.07026605,-0.0051602847,8.184384,0.9518417,5.8617744,-0.9417952,0.1405321,-0.010320569,0.21508858,0.025014753,0.068799905,-0.011053895,252.57909,249.59462,335.76788,-0.010046542,11.590653,0.45817643
10,19,10,0.0013421776,0.06580407,0.013142886,0.04797148,0.0046897084,0.057321213,-0.00032423707,8.334128,0.819424,5.834641,-1.0578891,0.11464243,-0.00064847415,0.21902393,0.021534761,0.068481445,-0.012416493,252.55339,249.51413,335.1434,0.23846513,11.590653,0.43878338
10,20,10,0.0013421776,0.06228974,0.01492416,0.04219376,0.005171822,0.06108224,-0.0019084751,7.8161488,0.37362933,6.127213,-1.490454,0.12216448,-0.0038169501,0.2054112,0.009819103,0.07191538,-0.017493526,252.55402,249.52467,335.31195,1.1168246,11.590653,0.4037543
10,21,10,0.0013421776,0.06834692,0.020063085,0.043091856,0.005191972,0.07082211,-0.004888265,7.898895,0.70866364,6.1391373,-0.94833696,0.14164422,-0.00977653,0.20758578,0.01862393,0.07205534,-0.011130678,252.53497,249.47426,335.37296,0.23967332,11.590234,0.43354174
10,22,10,0.0013421776,0.06195789,0.013814174,0.042598024,0.0055456897,0.058766857,7.9970014e-5,7.853503,0.5283493,6.3448157,-0.94378024,0.11753371,0.00015994003,0.20639288,0.013885199,0.07446939,-0.011077191,252.48608,249.33142,334.37015,0.41543096,11.590234,0.41914004
10,23,10,0.0013421776,0.06142767,0.015301179,0.040397037,0.0057294555,0.06184897,-0.0017991153,7.6479216,0.029426806,6.449082,-1.3809248,0.12369794,-0.0035982307,0.20099014,0.0007733432,0.07569317,-0.016207976,252.49968,249.33728,334.6853,1.351498,11.590234,0.39642948
10,24,10,0.0013421776,0.07223177,0.022929346,0.0431154,0.006187019,0.0757122,-0.004450348,7.9010506,0.39018804,6.7016535,-1.0468035,0.1514244,-0.008900696,0.20764248,0.010254282,0.078657605,-0.012286381,252.47455,249.29282,334.8417,0.65661544,11.590234,0.43327358
10,25,10,0.0013421776,0.06362566,0.015342465,0.041832965,0.0064502396,0.06193235,7.6820004e-5,7.782659,0.09585217,6.8427258,-1.1640258,0.1238647,0.00015364001,0.20453109,0.0025190248,0.080313385,-0.013662223,252.40944,249.09618,334.11862,1.0681736,11.589824,0.3812507
10,26,10,0.0013421776,0.060971778,0.01501566,0.03945628,0.0064998376,0.0612692,-0.00093688763,7.558346,-0.115140975,6.8689833,-1.4787239,0.1225384,-0.0018737753,0.19863605,-0.0030259364,0.08062157,-0.01735585,252.36572,248.83255,334.41727,1.5938649,11.589824,0.37971756
10,27,10,0.0013421776,0.070245005,0.020003699,0.043555386,0.006685923,0.070717216,-0.004391066,7.941264,0.46070784,6.966617,-1.2970458,0.14143443,-0.008782132,0.20869927,0.012107565,0.08176749,-0.015223486,252.3539,248.76482,334.49905,0.836338,11.589824,0.42125437
10,28,10,0.0013421776,0.06750583,0.017966704,0.042712737,0.0068263886,0.06701997,-0.0005762947,7.864071,0.038961083,7.0394173,-1.2450137,0.13403994,-0.0011525895,0.2066706,0.0010239187,0.08262196,-0.014612786,252.33365,248.78198,333.66443,1.2060527,11.589824,0.42126405
10,29,10,0.0013421776,0.062129907,0.017662486,0.037349503,0.0071179215,0.06645014,-0.0021653306,7.353788,-0.7465142,7.1881614,-1.2821534,0.13290028,-0.004330661,0.1932602,-0.01961867,0.084367774,-0.015048689,252.33687,248.79831,333.97214,2.0286674,11.589441,0.38272813
10,30,10,0.0013421776,0.07149963,0.021240234,0.042893756,0.007365645,0.07287015,-0.005122752,7.880717,-0.016355727,7.3121758,-0.9646117,0.1457403,-0.010245504,0.20710808,-0.0004298422,0.085823335,-0.011321693,252.28441,248.59761,333.87714,0.98096746,11.589441,0.40715867
10,31,10,0.0013421776,0.068379186,0.0165429,0.044496108,0.0073401765,0.064309604,-0.00030092354,8.026564,-0.073772855,7.2995224,-1.0261087,0.12861921,-0.0006018471,0.210941,-0.0019387814,0.08567483,-0.012043484,252.23422,248.4499,333.0771,1.0998816,11.589441,0.40459013
10,32,10,0.0013421776,0.069110624,0.018913714,0.042725597,0.0074713165,0.06876357,-0.0015376825,7.865254,-0.6262444,7.364441,-1.2991407,0.13752714,-0.003075365,0.20670171,-0.016457928,0.08643678,-0.015248075,252.26979,248.59592,333.52563,1.9253851,11.589441,0.3937072
10,33,10,0.0013421776,0.07393209,0.021760913,0.044501744,0.007669437,0.0737579,-0.00420379,8.027073,-0.4832198,7.461445,-0.9022265,0.1475158,-0.00840758,0.21095437,-0.012699185,0.087575324,-0.010589477,252.29869,248.79356,333.925,1.3854463,11.589099,0.3725159
10,34,10,0.0013421776,0.07537131,0.01982911,0.047742844,0.007799361,0.070407934,0.00054144964,8.314245,-0.6011553,7.52438,-1.0250734,0.14081587,0.0010828993,0.21850136,-0.015798587,0.08831399,-0.012031329,252.28188,248.79092,333.34372,1.6262287,11.589099,0.39200175
10,35,10,0.0013421776,0.06886767,0.019622052,0.041155264,0.008090355,0.07003937,-0.0024572278,7.719361,-0.9752427,7.663462,-1.2152349,0.14007874,-0.0049144556,0.2028676,-0.025629727,0.089946404,-0.014263265,252.29323,248.80333,333.8781,2.1904776,11.589099,0.4011169
10,36,10,0.0013421776,0.07115483,0.020218274,0.04243295,0.008503607,0.07109549,-0.004044302,7.8382707,-0.38900247,7.856747,-1.0280834,0.14219098,-0.008088604,0.2059926,-0.010223105,0.092215,-0.012066663,252.25183,248.62895,333.94263,1.4170859,11.589099,0.40332553
10,37,10,0.0013421776,0.070639424,0.020177525,0.04252519,0.007936707,0.07102381,2.9352277e-5,7.846786,-0.37310082,7.590342,-0.78253824,0.14204761,5.8704554e-5,0.20621637,-0.009805236,0.089088194,-0.009184686,252.15616,248.2599,333.0691,1.155639,11.588794,0.370315
10,38,10,0.0013421776,0.06722374,0.019248003,0.039454725,0.008521013,0.069368586,-0.0023799785,7.558197,-0.52595764,7.864784,-1.3180175,0.13873717,-0.004759957,0.19863214,-0.013822358,0.09230933,-0.015469629,252.10875,247.98248,333.18893,1.8439751,11.588794,0.37770727
10,39,10,0.0013421776,0.07581853,0.024193795,0.042592388,0.009032345,0.077771775,-0.004688916,7.852983,0.0029930347,8.097323,-1.0099723,0.15554355,-0.009377832,0.20637923,7.8658864e-5,0.09503865,-0.011854087,252.067,247.80078,332.76468,1.0069793,11.588794,0.37203023
10,40,10,0.0013421776,0.073612005,0.020146595,0.044487394,0.008978016,0.07096935,0.00018663539,8.025779,-0.084611684,8.072934,-0.97835064,0.1419387,0.00037327077,0.21092035,-0.0022236218,0.09475239,-0.011482948,252.02309,247.61336,331.9709,1.0629623,11.588794,0.3747137
10,41,10,0.0013421776,0.07567687,0.021746904,0.044774573,0.009155392,0.07373416,-0.0017675086,8.051641,-0.31975934,8.15229,-1.1329389,0.14746831,-0.0035350171,0.21160004,-0.0084033925,0.09568381,-0.013297357,252.0057,247.55869,332.02124,1.4526982,11.588545,0.36075318
10,42,10,0.0013421776,0.087838866,0.025382264,0.052272573,0.01018403,0.07965906,-0.0040794527,8.699726,0.21758139,8.598071,-0.8471191,0.15931812,-0.008158905,0.22863196,0.0057181157,0.10091595,-0.009942679,251.98042,247.54471,331.9584,0.6295377,11.588545,0.36825338
10,43,10,0.0013421776,0.08245306,0.023648998,0.048556425,0.010247634,0.076891154,-0.0011463234,8.384787,0.083233766,8.62488,-0.94947,0.15378231,-0.0022926468,0.22035523,0.002187411,0.1012306,-0.011143976,251.91724,247.27945,330.99475,0.8662362,11.588545,0.35584676
10,44,10,0.0013421776,0.078651324,0.02437077,0.043100953,0.0111796,0.0780557,-0.0026569224,7.8997273,-0.35744146,9.008538,-1.4089557,0.1561114,-0.005313845,0.20760769,-0.009393677,0.105733626,-0.016536979,251.91441,247.18689,331.35614,1.7663971,11.588545,0.3521117
10,45,10,0.0013421776,0.08011213,0.025893163,0.042758085,0.011460884,0.08045676,-0.006262157,7.868243,0.15085532,9.121164,-0.8811758,0.16091353,-0.012524314,0.20678028,0.0039645205,0.107055515,-0.010342398,251.91826,247.20763,331.49338,0.7303205,11.588331,0.33120865
10,46,10,0.0013421776,0.07912795,0.02422774,0.043124124,0.01177609,0.07782631,-0.00091420405,7.901851,-0.28368092,9.245742,-0.9536031,0.15565263,-0.0018284081,0.20766349,-0.0074552335,0.10851769,-0.011192482,251.89595,247.28749,330.84644,1.237284,11.588331,0.33146206
10,47,10,0.0013421776,0.07927221,0.024818681,0.043707833,0.010745699,0.07876973,-0.0038193169,7.955149,-0.43175668,8.831989,-1.0603002,0.15753946,-0.0076386337,0.20906419,-0.011346726,0.10366146,-0.012444799,251.91159,247.28302,331.0718,1.4920568,11.588331,0.34650278
10,48,10,0.0013421776,0.08584669,0.025409704,0.049495447,0.010941543,0.07970211,-0.005909445,8.465475,0.09711664,8.91211,-0.5856015,0.15940422,-0.01181889,0.22247572,0.0025522686,0.10460183,-0.006873232,251.93777,247.37654,331.37662,0.48848486,11.588331,0.35764965
10,49,10,0.0013421776,0.084507376,0.02496486,0.048796006,0.010746508,0.07900136,-0.000758922,8.405447,-0.085052796,8.832321,-0.24688043,0.15800272,-0.001517844,0.22089818,-0.0022352152,0.10366537,-0.002897648,251.92934,247.38705,331.1288,0.33193323,11.588146,0.34599334
10,50,10,0.0013421776,0.0791254,0.024927476,0.042194594,0.012003328,0.07894219,-0.0025035443,7.8162255,-0.55281514,9.334522,-0.5970081,0.15788437,-0.0050070887,0.20541322,-0.014528173,0.1095597,-0.0070071053,251.96587,247.5485,331.7465,1.1498232,11.588146,0.33466214
10,51,10,0.0013421776,0.086709134,0.027663026,0.046019446,0.013026661,0.083161026,-0.005118039,8.162805,-0.18491079,9.724287,-0.36955047,0.16632205,-0.010236078,0.21452144,-0.004859534,0.1141344,-0.0043374314,251.97446,247.67354,331.9316,0.55446124,11.588146,0.32892802
10,52,10,0.0013421776,0.08402324,0.025368378,0.046806596,0.011848262,0.07963727,-0.0022500798,8.232318,-0.26678097,9.27403,-0.24105048,0.15927453,-0.0045001595,0.21634832,-0.0070111006,0.10884972,-0.0028292122,251.90485,247.28961,331.0486,0.50783145,11.588146,0.32950497
10,53,10,0.0013421776,0.07900583,0.025829747,0.042175125,0.011000954,0.08035818,-0.0039269063,7.814423,-0.17574687,8.936272,-0.0699916,0.16071635,-0.007853813,0.20536584,-0.0046186834,0.10488543,-0.0008214965,251.88954,247.12898,331.22632,0.24573848,11.588005,0.29493722
10,54,10,0.0013421776,0.08474857,0.027054181,0.046363726,0.011330665,0.082240775,-0.005398465,8.193281,0.2811358,9.069199,0.1657086,0.16448155,-0.01079693,0.21532238,0.0073883487,0.106445596,0.0019449297,251.89243,247.13347,331.46677,-0.4468444,11.588005,0.2924639
10,55,10,0.0013421776,0.08744824,0.027704807,0.047949363,0.011794066,0.083223805,-0.0019526979,8.332208,0.0026971065,9.252795,0.23598318,0.16644761,-0.0039053957,0.21897343,7.088498e-5,0.10860049,0.0027697424,251.87895,247.20264,330.98926,-0.23868029,11.588005,0.31468102
10,56,10,0.0013421776,0.08543839,0.024969451,0.048686612,0.011782326,0.079008624,-0.004245945,8.396021,-0.06516952,9.24819,0.1237736,0.15801725,-0.00849189,0.22065043,-0.0017126738,0.10854642,0.0014527349,251.89319,247.22978,331.57242,-0.058604077,11.588005,0.33931047
10,57,10,0.0013421776,0.088232026,0.027229212,0.050042916,0.010959894,0.08250638,-0.0053093513,8.512164,0.38660455,8.9195795,0.5983751,0.16501276,-0.0106187025,0.22370274,0.0101601,0.104689516,0.007023153,251.90373,247.20253,331.6053,-0.9849796,11.58791,0.30002376
10,58,10,0.0013421776,0.08484087,0.024626851,0.049081616,0.011132401,0.078464724,-0.0006062247,8.430011,-0.10962592,8.989502,0.6636408,0.15692945,-0.0012124494,0.22154371,-0.0028810212,0.1055102,0.0077891867,251.884,247.21962,330.95056,-0.55401486,11.58791,0.2976719
10,59,10,0.0013421776,0.081337586,0.02472067,0.045119964,0.011496952,0.07861404,-0.0014236813,8.082636,-0.07726866,9.135504,0.51954526,0.15722808,-0.0028473625,0.2124146,-0.0020306471,0.10722384,0.006097921,251.83527,246.9746,331.3005,-0.4422766,11.58791,0.3155445
10,60,10,0.0013421776,0.083215505,0.025930218,0.045300785,0.0119845,0.08051431,-0.0030740558,8.098817,0.55517685,9.327198,0.51181126,0.16102862,-0.0061481115,0.21283981,0.014590248,0.10947374,0.0060071466,251.7706,246.72583,331.01236,-1.0669881,11.58791,0.3071947
10,61,10,0.0013421776,0.07946512,0.02470328,0.043377362,0.011384476,0.078586385,0.0011161395,7.9250183,0.3258143,9.090708,0.78387237,0.15717277,0.002232279,0.20827232,0.008562516,0.10669806,0.00920035,251.73961,246.66428,330.04968,-1.1096866,11.58789,0.30633968
10,62,10,0.0013421776,0.077880286,0.027181147,0.039450724,0.011248416,0.08243353,-0.00017707908,7.5578136,0.076283,9.036222,0.7116428,0.16486706,-0.00035415817,0.19862206,0.0020047438,0.10605855,0.008352589,251.75989,246.68257,330.4088,-0.7879258,11.58789,0.31229097
10,63,10,0.0013421776,0.090155184,0.027683495,0.049767993,0.012703698,0.08319179,-0.0016588409,8.4887495,0.5513768,9.602986,0.9125859,0.16638358,-0.0033176818,0.22308742,0.014490387,0.112710685,0.010711056,251.7426,246.63956,330.61856,-1.4639628,11.58789,0.32294518
10,64,10,0.0013421776,0.09194571,0.02516657,0.05425211,0.012527025,0.07931987,0.0014994915,8.862924,0.589689,9.535976,0.9815982,0.15863974,0.002998983,0.23292083,0.015497251,0.111924194,0.011521057,251.70439,246.54877,330.02518,-1.5712872,11.58789,0.3420504
10,65,10,0.0013421776,0.091704905,0.026018884,0.053602178,0.012083843,0.08065185,3.2482123e-5,8.809675,0.5463836,9.365775,1.1016382,0.1613037,6.4964246e-5,0.23152144,0.014359161,0.10992654,0.012929981,251.72845,246.72803,330.41052,-1.6480218,11.58795,0.32276
10,66,10,0.0013421776,0.100900404,0.031086173,0.056484837,0.013329394,0.08815636,-0.0025810448,9.04346,0.9894024,9.836632,1.1589713,0.17631271,-0.0051620896,0.23766539,0.02600185,0.115453,0.013602894,251.79033,247.0264,330.7945,-2.1483736,11.58795,0.3107769
10,67,10,0.0013421776,0.09607591,0.029786393,0.053441696,0.012847818,0.086293675,-0.00016045992,8.796477,0.22924958,9.657304,1.149988,0.17258735,-0.00032091985,0.2311746,0.0060247653,0.113348216,0.013497463,251.82549,247.16835,330.33463,-1.3792377,11.58795,0.30650434
10,68,10,0.0013421776,0.08764436,0.026809458,0.047440574,0.013394333,0.08186797,-0.0011892903,8.287884,0.0230605,9.860563,0.8476408,0.16373594,-0.0023785806,0.21780857,0.00060603116,0.11573389,0.0099488,251.87338,247.26495,331.30453,-0.8707013,11.58795,0.31252247
10,69,10,0.0013421776,0.0872643,0.027538007,0.04599939,0.013726909,0.0829729,-0.0019569413,8.161024,0.662022,9.98223,0.94568455,0.1659458,-0.0039138827,0.21447468,0.01739817,0.11716189,0.011099548,251.87358,247.24463,331.41205,-1.6077065,11.588074,0.280847
10,70,10,0.0013421776,0.086550824,0.027744327,0.045782473,0.013024026,0.08328314,0.0012682215,8.14176,0.3856383,9.723302,1.1880789,0.16656628,0.002536443,0.2139684,0.010134721,0.11412285,0.013944535,251.86044,247.24266,330.59637,-1.5737171,11.588074,0.2993904
10,71,10,0.0013421776,0.09043557,0.026898993,0.050997682,0.012538894,0.08200456,0.00020799672,8.592982,-0.047907818,9.540493,1.1105559,0.16400912,0.00041599345,0.22582667,-0.0012590331,0.111977205,0.013034646,251.93031,247.49219,330.9454,-1.062648,11.588074,0.31961933
10,72,10,0.0013421776,0.08798433,0.026825838,0.047694225,0.013464266,0.081892975,-0.0007931813,8.310011,0.30593473,9.8862705,1.3376758,0.16378595,-0.0015863626,0.21839008,0.008040071,0.116035625,0.015700363,251.96915,247.7806,331.4274,-1.6436105,11.588074,0.30201858
10,73,10,0.0013421776,0.08200548,0.026998572,0.042674866,0.012332046,0.08215621,0.0035772456,7.860583,-0.29085702,9.461474,1.5496749,0.16431242,0.0071544913,0.20657896,-0.007643825,0.11104975,0.018188601,251.93367,247.87196,330.79575,-1.2588179,11.588245,0.30955827
10,74,10,0.0013421776,0.085434854,0.027450709,0.0464021,0.011582049,0.08284128,0.0008926717,8.1966715,-0.26948795,9.169251,1.3561779,0.16568255,0.0017853434,0.21541147,-0.0070822407,0.10761993,0.015917517,251.91788,247.60674,331.10696,-1.08669,11.588245,0.32208437
10,75,10,0.0013421776,0.092277266,0.02991728,0.04930029,0.013059699,0.08648306,-3.6807523e-5,8.448769,0.44790727,9.73661,1.4609175,0.17296612,-7.361505e-5,0.22203669,0.011771173,0.11427904,0.017146856,251.94377,247.6662,331.29648,-1.9088247,11.588245,0.30230606
10,76,10,0.0013421776,0.0895382,0.028893845,0.04753685,0.013107508,0.08499095,0.0029505412,8.296289,-0.0025935317,9.754416,1.2236589,0.1699819,0.0059010824,0.21802947,-6.815881e-5,0.11448803,0.014362142,251.93015,247.75937,330.72534,-1.2210654,11.588245,0.33587044
10,77,10,0.0013421776,0.085170954,0.027358234,0.04658246,0.011230259,0.08270162,0.0014971825,8.2125845,-0.18111427,9.028925,1.2336682,0.16540325,0.002994365,0.2158297,-0.00475975,0.105972916,0.014479621,251.95793,247.80191,331.29468,-1.0525539,11.58847,0.32609326
10,78,10,0.0013421776,0.08938541,0.030049032,0.047690295,0.011646086,0.08667328,-0.0002648728,8.309668,0.40320995,9.194566,1.3066707,0.17334656,-0.0005297456,0.21838108,0.010596492,0.10791703,0.015336457,251.98923,247.9577,331.77454,-1.7098806,11.58847,0.29762825
10,79,10,0.0013421776,0.09123705,0.031008072,0.048347186,0.0118817985,0.088045545,0.0038388805,8.366702,0.008294616,9.287147,1.4073724,0.17609109,0.007677761,0.21987994,0.00021798201,0.10900366,0.016518394,251.99191,248.03247,331.5646,-1.4156669,11.58847,0.3292506
10,80,10,0.0013421776,0.081372015,0.028752811,0.04068131,0.011937891,0.08478327,0.0012491887,7.674783,-0.35600588,9.309043,1.0807402,0.16956654,0.0024983773,0.20169608,-0.009355972,0.109260656,0.0126846945,252.01854,248.09195,332.08002,-0.7247343,11.58847,0.31010866
10,81,10,0.0013421776,0.078861564,0.029653978,0.03835484,0.010852745,0.08610165,-0.0007041934,7.452101,0.14938185,8.875872,1.142547,0.1722033,-0.0014083867,0.19584392,0.003925808,0.10417651,0.013410128,252.0703,248.35373,332.4244,-1.2919289,11.588743,0.26636177
10,82,10,0.0013421776,0.08060862,0.026864173,0.042859063,0.010885387,0.08195147,0.0037881967,7.877529,-0.28901625,8.889211,1.0519502,0.16390294,0.0075763934,0.2070243,-0.0075954525,0.10433306,0.012346793,252.07245,248.41003,331.75244,-0.76293397,11.588743,0.30545244
10,83,10,0.0013421776,0.0811806,0.027888644,0.041285273,0.012006684,0.08349947,0.0021473628,7.731544,-0.705041,9.335827,0.60774016,0.16699894,0.0042947256,0.20318778,-0.018528739,0.10957502,0.0071330694,252.14272,248.6626,332.53812,0.09730083,11.588743,0.32718334
10,84,10,0.0013421776,0.08720422,0.03152791,0.04292894,0.012747363,0.0887805,0.0005291878,7.883948,-0.100712635,9.619475,0.903359,0.177561,0.0010583756,0.207193,-0.0026467594,0.11290422,0.010602762,252.20442,248.98311,332.72992,-0.80264634,11.588743,0.30710715
10,85,10,0.0013421776,0.07603462,0.02696015,0.038746417,0.010328054,0.08209773,0.0047676023,7.490045,-0.48064977,8.658655,0.99212706,0.16419546,0.009535205,0.19684109,-0.0126316575,0.10162704,0.011644643,252.22656,249.1149,332.0363,-0.5114773,11.589069,0.3086984
10,86,10,0.0013421776,0.079763986,0.028019438,0.041973744,0.009770806,0.08369504,0.002287371,7.795743,-0.6893386,8.421829,0.85931075,0.16739008,0.004574742,0.20487495,-0.018116072,0.09884739,0.010085772,252.26605,249.07059,332.67322,-0.16997212,11.589069,0.31450617
10,87,10,0.0013421776,0.08496593,0.029838175,0.044771742,0.010356007,0.08636865,0.00063489075,8.051387,-0.23278284,8.670365,0.9871589,0.1727373,0.0012697815,0.21159334,-0.0061176233,0.10176447,0.011586332,252.30403,249.1164,333.05414,-0.75437605,11.589069,0.25844225
10,88,10,0.0013421776,0.08040655,0.02692853,0.043191716,0.010286302,0.08204957,0.003040262,7.908041,-0.24545349,8.641136,1.0178744,0.16409914,0.006080524,0.20782617,-0.00645061,0.10142141,0.011946837,252.2984,249.1103,332.41928,-0.7724209,11.589069,0.27541426
10,89,10,0.0013421776,0.06951381,0.026344998,0.033499375,0.009669441,0.08115571,0.0012397914,6.964453,-0.80434936,8.37803,0.722389,0.16231142,0.0024795828,0.18302834,-0.021138595,0.098333314,0.008478711,252.35843,249.36826,333.51788,0.08196038,11.589426,0.26497406
10,90,10,0.0013421776,0.07432619,0.031326715,0.033002123,0.009997354,0.088496774,0.000553862,6.9125714,-0.49859774,8.518904,0.7942257,0.17699355,0.001107724,0.18166487,-0.013103331,0.09998677,0.009321867,252.38557,249.58531,334.15897,-0.29562795,11.589426,0.2376804
10,91,10,0.0013421776,0.06724099,0.023204155,0.03484538,0.00919146,0.07616455,0.0053917584,7.1029916,-0.47846437,8.168334,0.8068624,0.1523291,0.010783517,0.18666917,-0.012574203,0.095872104,0.009470181,252.34946,249.49129,333.72855,-0.32839805,11.589426,0.2854875
10,92,10,0.0013421776,0.06665679,0.024997978,0.032944538,0.0087142745,0.079053745,0.0040805466,6.9065375,-0.5461353,7.9534736,0.62022114,0.15810749,0.008161093,0.1815063,-0.0143526355,0.09335028,0.0072795684,252.35393,249.43486,334.0421,-0.07408583,11.589426,0.29409578
10,93,10,0.0013421776,0.07491245,0.02958557,0.036297645,0.009029235,0.08600228,0.00059568643,7.249498,0.3230026,8.095928,0.63064176,0.17200457,0.0011913729,0.1905194,0.008488629,0.09502228,0.007401872,252.40294,249.6393,334.13068,-0.9536444,11.589819,0.2185002
10,94,10,0.0013421776,0.07727657,0.025824508,0.04291866,0.008533402,0.08035003,0.0039664325,7.8830037,-0.11913161,7.8705,0.86124676,0.16070005,0.007932865,0.20716819,-0.003130819,0.09237642,0.0101084905,252.44603,249.84494,333.67844,-0.74211514,11.589819,0.2559635
10,95,10,0.0013421776,0.07097467,0.025752068,0.036825433,0.008397172,0.080237255,0.003701171,7.3020124,-0.7957393,7.8074236,0.57644147,0.16047451,0.007402342,0.19189954,-0.020912321,0.091636084,0.0067657186,252.50519,250.06229,334.76187,0.21929783,11.589819,0.31963485
10,96,10,0.0013421776,0.07206426,0.027324552,0.035905227,0.008834484,0.0826507,0.0011489352,7.210203,-0.14180763,8.008142,0.75713265,0.1653014,0.0022978703,0.18948674,-0.003726758,0.093991935,0.0088864975,252.50546,249.86829,335.137,-0.61532503,11.589819,0.2461217
10,97,10,0.0013421776,0.06931737,0.022485578,0.037845124,0.008986666,0.07497596,0.004804771,7.402419,0.09585155,8.076823,0.41396472,0.14995192,0.009609542,0.19453824,0.0025190164,0.09479803,0.004858722,252.48383,249.69006,334.09344,-0.5098163,11.590248,0.20457281
10,98,10,0.0013421776,0.068539664,0.02636072,0.034223933,0.007955009,0.081179924,0.0030888487,7.0393667,-0.47787204,7.599089,0.4995004,0.16235985,0.0061776973,0.18499711,-0.012558654,0.089190856,0.005862658,252.55576,250.01172,334.51764,-0.02162835,11.590248,0.23132278
10,99,10,0.0013421776,0.069056556,0.030642223,0.030249536,0.008164795,0.0875246,0.00065992697,6.61802,-0.040496904,7.6986365,0.6522362,0.1750492,0.0013198539,0.17392394,-0.0010642728,0.090359256,0.0076553267,252.57979,250.22212,334.94717,-0.61173934,11.590248,0.20943736
10,100,10,0.0013421776,0.059536777,0.019669484,0.03193097,0.007936324,0.07012397,0.0051995995,6.7994647,-0.05370109,7.5901594,0.5665508,0.14024794,0.010399199,0.17869239,-0.0014112802,0.08908605,0.0066496306,252.54001,250.13715,334.273,-0.5128497,11.590248,0.2168736
