ic,traj,n_steps,eta,loss_total,loss_T,loss_olw,loss_slwd,rmse_T,bias_T,rmse_olw,bias_olw,rmse_slwd,bias_slwd,nrmse_T,nbias_T,nrmse_olw,nbias_olw,nrmse_slwd,nbias_slwd,mean_T,mean_olw,mean_slwd,bias_C,pnorm,gnorm
1,1,10,0.01,2.6554337,0.21798536,1.2914718,1.1459764,0.23344451,0.051903203,43.24253,15.969555,91.207184,-37.079433,0.46688902,0.103806406,1.1364294,0.41968566,1.0705029,-0.435203,251.12997,245.07397,329.26288,21.109879,11.465782,5.557857
1,2,10,0.01,2.689321,0.22630404,1.3103491,1.152668,0.23785712,0.048609316,43.557423,16.041588,91.473076,-37.94074,0.47571424,0.09721863,1.1447048,0.42157876,1.0736238,-0.44531226,251.18488,245.25986,330.13773,21.89915,11.465782,5.568016
1,3,10,0.01,2.7185264,0.2354376,1.3287798,1.1543089,0.24260956,0.04543788,43.862682,15.849699,91.53818,-37.769737,0.48521912,0.09087576,1.1527271,0.41653582,1.0743877,-0.44330505,251.19293,245.31136,330.5379,21.920038,11.465782,5.567
1,4,10,0.01,2.6956086,0.20722738,1.3303773,1.1580038,0.22761117,0.050613552,43.889034,15.942228,91.68456,-37.690678,0.45522234,0.101227105,1.1534199,0.41896755,1.0761058,-0.44237724,251.14836,245.21626,329.86777,21.74845,11.465782,5.626701
1,5,10,0.01,1.8981442,0.18121687,0.9985059,0.71842146,0.21284787,0.03168303,38.02279,15.24772,72.21557,-23.771315,0.42569575,0.06336606,0.9992527,0.40071565,0.8475975,-0.279005,251.13963,245.198,330.21683,8.523595,11.459293,3.878504
1,6,10,0.01,1.9503341,0.19820978,1.0229454,0.72917885,0.22260378,0.028647695,38.485302,15.34306,72.75423,-23.186506,0.44520757,0.05729539,1.0114076,0.40322122,0.8539197,-0.2721411,251.11403,245.10222,330.36642,7.8434467,11.459293,3.913973
1,7,10,0.01,1.9513535,0.18981613,1.0248121,0.7367253,0.21783946,0.03543809,38.520405,15.247317,73.129745,-23.34382,0.43567893,0.07087618,1.01233,0.400705,0.85832703,-0.2739874,251.0897,245.05899,329.71014,8.096503,11.459293,3.892004
1,8,10,0.01,1.9911311,0.19266413,1.057271,0.7411959,0.21946761,0.032789737,39.125675,15.111641,73.35128,-23.655516,0.43893522,0.065579474,1.0282369,0.39713943,0.86092734,-0.2776458,251.15254,245.2758,330.30252,8.543875,11.459293,4.3351154
1,9,10,0.01,1.4389819,0.17980438,0.7820929,0.4770846,0.21201673,0.017150315,33.65099,12.864397,58.848972,-12.793819,0.42403346,0.03430063,0.8843602,0.33808097,0.6907131,-0.15016162,251.235,245.56648,330.48846,-0.07057762,11.460925,2.8684435
1,10,10,0.01,1.386951,0.1618462,0.75947726,0.46562752,0.20115057,0.023133172,33.16088,12.544475,58.13806,-13.19799,0.40230113,0.046266343,0.8714799,0.32967326,0.68236905,-0.15490542,251.34013,246.0508,330.30188,0.6535158,11.460925,2.7773454
1,11,10,0.01,1.3680269,0.16854683,0.7426791,0.4568009,0.20527227,0.01947881,32.792107,12.104887,57.584385,-14.207918,0.41054454,0.03895762,0.86178833,0.31812072,0.6758705,-0.16675901,251.47806,246.48405,331.4207,2.1030312,11.460925,2.7437465
1,12,10,0.01,1.325448,0.17657773,0.70120394,0.44766632,0.21010576,0.016786154,31.86331,11.643693,57.00572,-14.401488,0.42021152,0.03357231,0.8373792,0.30600038,0.6690787,-0.16903093,251.59161,246.91493,332.06738,2.7577953,11.460925,2.7233691
1,13,10,0.01,0.9262927,0.13718504,0.48775694,0.30135077,0.1851925,0.013544673,26.574823,9.651829,46.771072,-7.413936,0.370385,0.027089346,0.69839597,0.25365356,0.54895425,-0.08701775,251.63667,247.13573,331.94702,-2.2378926,11.46657,1.9888703
1,14,10,0.01,0.92753714,0.14264782,0.4813306,0.3035587,0.18884373,0.010974813,26.399176,9.236933,46.942104,-7.515994,0.37768745,0.021949627,0.69377995,0.24274993,0.5509616,-0.08821555,251.68385,247.30402,332.6265,-1.7209387,11.46657,2.0071716
1,15,10,0.01,0.96597564,0.15983766,0.49586982,0.31026816,0.19989851,0.007837297,26.794924,9.56224,47.458046,-7.3567147,0.39979702,0.015674595,0.70418024,0.25129908,0.5570172,-0.086346105,251.66765,247.26926,332.7512,-2.205525,11.46657,2.0547636
1,16,10,0.01,0.9612245,0.13556561,0.50743234,0.31822652,0.18409617,0.014206388,27.105522,9.564225,48.06284,-7.979768,0.36819234,0.028412776,0.71234286,0.2513512,0.5641157,-0.09365892,251.61018,247.0474,331.96393,-1.5844574,11.46657,2.0612416
1,17,10,0.01,0.7151749,0.118795104,0.3543919,0.24198794,0.17233333,0.0028143271,22.652208,8.054933,41.91197,-2.9785643,0.34466666,0.0056286543,0.59530824,0.21168654,0.4919227,-0.034959532,251.63057,247.09134,332.4595,-5.0763683,11.473885,1.6356912
1,18,10,0.01,0.7405572,0.13285993,0.36896792,0.23872936,0.18224978,-0.0008867359,23.11336,8.515493,41.628826,-2.0420692,0.36449957,-0.0017734718,0.6074273,0.22379021,0.4885994,-0.023967844,251.64105,247.11467,332.55844,-6.473424,11.473885,1.689369
1,19,10,0.01,0.72777605,0.117516145,0.37428197,0.23597798,0.17140314,0.008179608,23.279205,8.559773,41.38824,-2.3909957,0.34280628,0.016359216,0.6117859,0.22495393,0.48577565,-0.028063234,251.62505,247.07288,331.8645,-6.1687775,11.473885,1.7098815
1,20,10,0.01,0.74547005,0.12363366,0.38633925,0.23549712,0.1758079,0.0028374188,23.651194,8.321562,41.34605,-2.2347484,0.3516158,0.0056748376,0.62156194,0.21869366,0.48528045,-0.026229324,251.67053,247.24432,332.4974,-6.0868134,11.473885,1.7265984
1,21,10,0.01,0.5400151,0.113611236,0.25925738,0.16714653,0.16853133,-0.0031695028,19.374666,6.610612,34.83292,2.1295946,0.33706266,-0.0063390057,0.5091732,0.17372927,0.4088356,0.02499517,251.73119,247.48463,332.997,-8.740207,11.482961,1.3276802
1,22,10,0.01,0.53124875,0.105944805,0.26606908,0.15923485,0.16274582,0.002962007,19.627539,6.3187156,33.99854,1.4235772,0.32549164,0.005924014,0.51581883,0.16605811,0.39904243,0.016708588,251.7805,247.65808,332.4609,-7.742293,11.482961,1.2728337
1,23,10,0.01,0.52186257,0.10918403,0.2558117,0.15686686,0.16521503,0.00041918622,19.245485,5.5650167,33.744797,0.9726091,0.33043006,0.00083837245,0.5057783,0.14625065,0.39606422,0.011415573,251.9177,248.15169,333.40533,-6.537626,11.482961,1.2681354
1,24,10,0.01,0.50840265,0.12183662,0.23217808,0.15438794,0.17452551,-0.0016592783,18.33493,5.5845184,33.477104,1.0342947,0.34905103,-0.0033185566,0.4818486,0.14676313,0.3929223,0.01213958,252.0189,248.59982,334.1999,-6.618813,11.482961,1.2716229
1,25,10,0.01,0.36531872,0.08127998,0.16983746,0.11420127,0.14254822,0.002879238,15.681421,3.6539805,28.79232,3.0476801,0.28509644,0.005758476,0.4121134,0.0960279,0.3379368,0.03577075,251.99704,248.54794,333.76562,-6.7016606,11.49387,0.86293674
1,26,10,0.01,0.3745701,0.09134339,0.1644135,0.118813224,0.15111534,-4.096284e-5,15.428987,3.5366967,29.367947,2.0882833,0.3022307,-8.192568e-5,0.40547934,0.09294568,0.34469295,0.024510268,252.00157,248.46909,334.32983,-5.62498,11.49387,0.93425655
1,27,10,0.01,0.38453645,0.10012391,0.16697443,0.11743812,0.15821181,-0.0038792193,15.548685,4.1607704,29.197508,3.6448357,0.31642362,-0.0077584386,0.40862504,0.109346546,0.34269246,0.042779613,251.9903,248.41422,334.41956,-7.805606,11.49387,0.8981978
1,28,10,0.01,0.37373143,0.0830642,0.17372951,0.116937734,0.1441043,0.0033569438,15.860084,4.0729103,29.135235,3.5843484,0.2882086,0.0067138877,0.41680872,0.107037574,0.3419616,0.042069655,251.93805,248.2698,333.76382,-7.657259,11.49387,0.9248464
1,29,10,0.01,0.31325668,0.07131872,0.13786191,0.10407605,0.13352783,-0.00069723045,14.128329,1.7616392,27.486324,3.5355144,0.26705566,-0.0013944609,0.3712976,0.04629651,0.3226082,0.041496497,251.94113,248.24084,334.24835,-5.2971535,11.506428,0.71319544
1,30,10,0.01,0.31983745,0.07616517,0.13200343,0.11166884,0.13799019,-0.0067000897,13.824877,1.8881583,28.471296,4.1296787,0.27598038,-0.013400179,0.36332276,0.049621467,0.33416888,0.048470236,251.95763,248.22937,334.40884,-6.017837,11.506428,0.69315374
1,31,10,0.01,0.30681223,0.06577688,0.13537419,0.10566116,0.12823501,-0.00086557626,14.000277,1.8113352,27.694843,3.5820088,0.25647002,-0.0017311525,0.36793232,0.047602538,0.32505563,0.042042196,251.94835,248.24239,333.73166,-5.393344,11.506428,0.7624032
1,32,10,0.01,0.3104999,0.06992738,0.13509956,0.10547298,0.13221893,-0.0019782577,13.986069,1.5326422,27.670172,2.753587,0.26443785,-0.0039565153,0.36755893,0.040278405,0.32476604,0.032318972,251.99315,248.42894,334.34384,-4.286229,11.506428,0.6945611
1,33,10,0.01,0.3102129,0.069240615,0.12440506,0.11656721,0.13156806,-0.003849312,13.421088,0.29959923,29.089043,3.9274893,0.26313612,-0.007698624,0.35271102,0.007873573,0.3414194,0.046097133,251.99002,248.40839,334.46094,-4.2270885,11.519547,0.82206357
1,34,10,0.01,0.30339324,0.0585682,0.13133964,0.1134854,0.121004336,0.0014896484,13.790072,0.46075955,28.701935,3.6295278,0.24200867,0.0029792967,0.3624081,0.012108923,0.33687595,0.04259994,251.94565,248.2672,333.66425,-4.090287,11.519547,0.80576384
1,35,10,0.01,0.31265947,0.06173653,0.13387601,0.11704692,0.124234185,-9.098438e-5,13.922589,0.34863928,29.148834,3.0874465,0.24846837,-0.00018196876,0.3658907,0.009162368,0.3421212,0.0362375,251.96371,248.23662,334.19476,-3.4360857,11.519547,0.77557427
1,36,10,0.01,0.32651982,0.07252877,0.13555066,0.1184404,0.13465583,-0.0045974865,14.0093975,0.69692993,29.321833,4.4586205,0.26931167,-0.009194973,0.36817205,0.018315578,0.3441517,0.05233103,252.01521,248.39607,334.66785,-5.1555505,11.519547,0.8268465
1,37,10,0.01,0.31369072,0.049788672,0.14142655,0.122475505,0.11156688,0.0002720404,14.309818,-0.40059453,29.81713,5.0135713,0.22313376,0.0005440808,0.37606722,-0.01052776,0.349965,0.058844518,252.06944,248.69717,334.22452,-4.6129766,11.53267,0.97094446
1,38,10,0.01,0.30843365,0.051276334,0.14427762,0.11287969,0.11322139,-0.0011132857,14.453339,-1.0032985,28.625242,4.070662,0.22644278,-0.0022265713,0.37983894,-0.026367057,0.33597574,0.04777754,252.16635,249.07947,335.01215,-3.0673635,11.53267,0.9279748
1,39,10,0.01,0.3266308,0.057483893,0.14747235,0.12167456,0.11987899,-0.0038564967,14.612482,-1.3641688,29.719475,5.3707986,0.23975798,-0.0077129933,0.38402128,-0.035850845,0.3488188,0.06303731,252.27669,249.52931,335.76578,-4.00663,11.53267,1.0400373
1,40,10,0.01,0.31886843,0.04990633,0.15251453,0.11644756,0.11169862,0.0036103604,14.860188,-1.5128452,29.074108,4.6877007,0.22339724,0.007220721,0.3905311,-0.039758116,0.34124413,0.055019736,252.33673,249.91837,335.3921,-3.1748557,11.53267,1.0455667
1,41,10,0.01,0.30029863,0.044699382,0.14077364,0.11482562,0.10571114,0.0012953365,14.27675,-2.3015807,28.870916,5.1832566,0.21142228,0.002590673,0.37519813,-0.060486376,0.3388593,0.06083612,252.40201,250.12209,336.31454,-2.881676,11.545756,1.0659828
1,42,10,0.01,0.31474188,0.04876024,0.14102851,0.124953136,0.110408604,-0.0031742065,14.289669,-1.9751687,30.117212,5.981174,0.22081721,-0.006348413,0.37553763,-0.051908143,0.3534871,0.07020132,252.41643,250.02579,336.6367,-4.0060053,11.545756,1.1327783
1,43,10,0.01,0.3140515,0.04290956,0.15180546,0.11933649,0.10357311,0.0025655737,14.825603,-1.646366,29.432549,5.513705,0.20714623,0.0051311473,0.3896222,-0.043267097,0.34545115,0.064714596,252.41068,250.06754,335.9185,-3.8673387,11.545756,1.1240581
1,44,10,0.01,0.3226424,0.048559617,0.15898329,0.11509946,0.110181235,8.8295856e-5,15.172055,-2.1382763,28.905325,4.805107,0.22036247,0.00017659171,0.3987271,-0.05619468,0.3392631,0.056397766,252.46054,250.24571,336.2345,-2.6668308,11.545756,1.0722264
1,45,10,0.01,0.3151648,0.052332945,0.14206794,0.120763935,0.11438198,-0.0045532947,14.34223,-1.3399588,29.60805,6.962642,0.22876395,-0.0091065895,0.376919,-0.0352146,0.34751105,0.08172085,252.53224,250.53906,336.70013,-5.6226835,11.558182,1.1276408
1,46,10,0.01,0.3031789,0.046062075,0.14286548,0.11425135,0.107310385,0.002235094,14.382432,-1.2134012,28.798634,6.870531,0.21462077,0.004470188,0.3779755,-0.031888634,0.33801088,0.08063972,252.52287,250.65172,336.06207,-5.65713,11.558182,1.0927105
1,47,10,0.01,0.29812056,0.051354248,0.14439699,0.10236931,0.11330738,0.0023712926,14.459315,-1.5911933,27.260015,5.783353,0.22661476,0.004742585,0.37999603,-0.041817144,0.31995204,0.067879476,252.56277,250.82375,336.7155,-4.1921597,11.558182,1.0200853
1,48,10,0.01,0.3003708,0.05669587,0.12549129,0.11818363,0.119054474,-0.0021558425,13.479553,-1.5412054,29.290033,6.774056,0.23810895,-0.004311685,0.3542475,-0.040503442,0.34377846,0.07950738,252.60863,250.89694,337.4488,-5.2328506,11.558182,1.0835121
1,49,10,0.01,0.2506088,0.03733981,0.118570834,0.09469817,0.09661756,-0.0009483737,13.102604,-0.4754802,26.21875,6.0347123,0.19323511,-0.0018967474,0.34434116,-0.01249578,0.30773067,0.07082969,252.59428,250.88759,336.79623,-5.559232,11.5692215,1.0155046
1,50,10,0.01,0.25341168,0.039824463,0.12106987,0.092517346,0.099780336,-0.0031798002,13.239963,-0.59037274,25.915094,5.0012946,0.19956067,-0.0063596005,0.34795097,-0.015515207,0.30416664,0.058700416,252.60172,250.91193,337.19675,-4.410922,11.5692215,1.0098621
1,51,10,0.01,0.27257764,0.053469535,0.11451293,0.10459517,0.1156174,-0.007422669,12.876445,-0.27617985,27.554785,6.3759856,0.2312348,-0.014845338,0.3383976,-0.0072581023,0.32341176,0.07483524,252.6207,250.95676,337.63272,-6.099806,11.5692215,1.0281621
1,52,10,0.01,0.26372242,0.041082513,0.12141531,0.10122459,0.10134411,-0.0012804655,13.258836,-0.15182325,27.107174,6.603634,0.20268822,-0.002560931,0.348447,-0.003989976,0.31815812,0.07750714,252.60551,250.95198,336.91586,-6.451811,11.5692215,1.0032997
1,53,10,0.01,0.22574823,0.03931453,0.109377004,0.07705669,0.09913946,-0.0059923613,12.584376,-0.5307563,23.650833,3.9582303,0.19827892,-0.011984723,0.33072194,-0.013948477,0.27759087,0.04645793,252.6308,251.03456,337.31888,-3.427474,11.578581,0.91160023
1,54,10,0.01,0.25175697,0.04794782,0.11598143,0.087827705,0.109484956,-0.01061974,12.958743,-0.49783972,25.249743,4.9181056,0.21896991,-0.02123948,0.34056047,-0.013083408,0.2963574,0.057724033,252.67557,251.18274,337.7803,-4.4202657,11.578581,0.9002701
1,55,10,0.01,0.23642783,0.035035692,0.11841574,0.082976386,0.09358912,-0.004542594,13.094031,-0.025910271,24.542482,5.6987343,0.18717824,-0.009085188,0.34411588,-0.0006809379,0.28805622,0.066886306,252.67677,251.20403,337.17227,-5.672824,11.578581,0.98052675
1,56,10,0.01,0.23865941,0.037606936,0.11599627,0.08505619,0.09696254,-0.0051109684,12.959574,-0.26720807,24.848156,4.4394054,0.19392508,-0.010221937,0.34058225,-0.007022335,0.29164395,0.05210551,252.68541,251.23824,337.51617,-4.1721973,11.578581,0.9124757
1,57,10,0.01,0.22733027,0.052150507,0.09989067,0.07528909,0.11418243,-0.011844445,12.026275,-0.26483363,23.377993,3.574908,0.22836486,-0.02368889,0.31605485,-0.0069599394,0.27438858,0.041958857,252.70056,251.26843,337.8242,-3.3100743,11.586344,0.7711816
1,58,10,0.01,0.21702148,0.03826643,0.10735265,0.0714024,0.09780904,-0.006031122,12.467377,-0.3055601,22.76657,3.338707,0.19561808,-0.012062244,0.32764715,-0.008030231,0.26721227,0.03918655,252.70883,251.31996,337.0599,-3.0331469,11.586344,0.7990077
1,59,10,0.01,0.22040439,0.039135356,0.11431241,0.06695663,0.09891329,-0.0067685433,12.865165,-0.8169742,22.04642,1.757683,0.19782658,-0.013537087,0.33810118,-0.021470377,0.2587598,0.020630006,252.79195,251.62788,337.88635,-0.9407088,11.586344,0.8081697
1,60,10,0.01,0.22727433,0.046333604,0.10938686,0.07155386,0.10762621,-0.009339315,12.584944,-0.598902,22.790707,3.2816823,0.21525241,-0.01867863,0.33073685,-0.015739359,0.26749554,0.038517248,252.87666,251.93793,338.66653,-2.6827803,11.586344,0.8319208
1,61,10,0.01,0.1817788,0.03300442,0.09192925,0.056845132,0.09083559,-0.006447537,11.537069,-0.7844525,20.313643,2.2462437,0.18167119,-0.012895074,0.30319837,-0.0206157,0.23842217,0.026364263,252.8845,252.0088,338.06006,-1.4617913,11.592866,0.6034624
1,62,10,0.01,0.18712279,0.035111643,0.09315563,0.058855515,0.09369051,-0.0066373516,11.6137705,-1.1385796,20.669731,1.0430743,0.18738101,-0.013274703,0.30521408,-0.02992229,0.24260156,0.012242609,252.91252,252.07181,338.55563,0.09550536,11.592866,0.601912
1,63,10,0.01,0.19867489,0.04463324,0.09315269,0.060888965,0.1056329,-0.010838674,11.613586,-0.89112425,21.023767,1.6394018,0.2112658,-0.021677349,0.30520925,-0.023419067,0.2467569,0.01924173,252.92464,252.06578,338.81973,-0.74827754,11.592866,0.6154051
1,64,10,0.01,0.18982121,0.036346156,0.09201473,0.06146034,0.09532334,-0.0064437366,11.542434,-0.39401308,21.122177,2.0964346,0.19064668,-0.012887473,0.3033393,-0.010354803,0.24791196,0.024605956,252.89963,252.02158,338.0565,-1.7024215,11.592866,0.6410293
1,65,10,0.01,0.17615421,0.042095583,0.07881288,0.05524574,0.10258604,-0.006699392,10.682362,-1.3610305,20.025835,-0.2940085,0.20517208,-0.013398784,0.28073633,-0.03576838,0.23504412,-0.0034507874,252.95805,252.26918,338.7358,1.655039,11.59873,0.47391766
1,66,10,0.01,0.17657927,0.04301498,0.08021348,0.053350806,0.103700265,-0.012895395,10.776862,-1.34153,19.679394,1.0014472,0.20740053,-0.02579079,0.28321984,-0.035255887,0.23097794,0.011754036,253.0449,252.6585,339.45624,0.34008276,11.59873,0.4910867
1,67,10,0.01,0.16941626,0.033488423,0.083700575,0.052227262,0.09149921,-0.0064242915,11.008619,-1.0056703,19.471071,1.4879522,0.18299842,-0.012848583,0.28931051,-0.026429385,0.22853285,0.017464155,253.0462,252.83069,338.8435,-0.48228192,11.59873,0.5017722
1,68,10,0.01,0.17942177,0.040755473,0.08674701,0.051919278,0.10093992,-0.005974455,11.207169,-1.4460497,19.413576,0.33798552,0.20187984,-0.01194891,0.29452845,-0.03800271,0.22785802,0.003966952,253.04648,252.73528,339.31268,1.1080642,11.59873,0.45247814
1,69,10,0.01,0.17711012,0.046395157,0.08066029,0.050054666,0.10769767,-0.012205568,10.806836,-1.3746232,19.061783,0.12725641,0.21539535,-0.024411136,0.28400755,-0.036125597,0.223729,0.0014936225,253.03145,252.51057,339.44064,1.2473668,11.60445,0.42175436
1,70,10,0.01,0.17369191,0.03354681,0.08854348,0.051601622,0.09157894,-0.005960639,11.32262,-1.2034898,19.354097,0.85869414,0.18315788,-0.011921278,0.29756257,-0.031628143,0.2271599,0.010078534,253.0118,252.426,338.65024,0.34479564,11.60445,0.42095995
1,71,10,0.01,0.19124693,0.04120534,0.09733898,0.05270261,0.10149549,-0.007102529,11.871676,-1.4491452,19.559479,-0.46102065,0.20299098,-0.014205058,0.31199196,-0.03808406,0.2295705,-0.0054110186,253.0425,252.48067,338.79352,1.9101658,11.60445,0.38421437
1,72,10,0.01,0.20150113,0.053949155,0.095313735,0.052238237,0.116134785,-0.010644025,11.747526,-1.0422754,19.473116,0.19109595,0.23226957,-0.02128805,0.30872923,-0.027391382,0.22855686,0.0022429065,253.07446,252.5827,338.87985,0.8511795,11.60445,0.3922071
1,73,10,0.01,0.16891727,0.04082596,0.076919526,0.05117178,0.101027176,-0.0070854444,10.5532675,-0.80568355,19.273317,0.25653931,0.20205435,-0.014170889,0.2773437,-0.021173652,0.2262118,0.0030110115,253.11273,252.88522,338.44815,0.54914427,11.610253,0.41702363
1,74,10,0.01,0.17657863,0.04014221,0.08156394,0.05487247,0.1001776,-0.007920151,10.867204,-1.247338,19.958067,-0.8956907,0.2003552,-0.015840301,0.28559402,-0.0327805,0.23424874,-0.010512762,253.17867,253.09737,339.32117,2.1430287,11.610253,0.42780972
1,75,10,0.01,0.19108918,0.055351354,0.08225559,0.053482242,0.11763434,-0.013088817,10.913181,-0.9365229,19.703619,0.0032241512,0.23526868,-0.026177634,0.28680235,-0.024612153,0.23126228,3.784233e-5,253.1976,253.17574,339.70825,0.93329877,11.610253,0.42402348
1,76,10,0.01,0.17504552,0.03512783,0.08932199,0.050595693,0.0937121,-0.0061986255,11.372289,-0.62801105,19.16452,0.53244317,0.1874242,-0.012397251,0.29886785,-0.016504355,0.22493486,0.0062493165,253.17192,253.09828,339.03296,0.09556788,11.610253,0.3913039
1,77,10,0.01,0.18362059,0.041488398,0.087288044,0.05484414,0.101843506,-0.008211755,11.2420635,-0.28166014,19.952915,-0.5012585,0.20368701,-0.01642351,0.2954455,-0.0074021285,0.23418826,-0.0058832937,253.18158,253.00749,339.36206,0.78291863,11.616201,0.46627906
1,78,10,0.01,0.19326374,0.053507525,0.086295165,0.053461038,0.11565847,-0.015085919,11.177944,-0.25145483,19.699713,0.114603214,0.23131694,-0.030171838,0.2937604,-0.0066083246,0.23121643,0.0013451005,253.19736,253.07281,339.52658,0.13685161,11.616201,0.49282104
1,79,10,0.01,0.1762886,0.035239052,0.087151304,0.053898238,0.093860336,-0.009233967,11.233254,0.3708984,19.7801,0.60013264,0.18772067,-0.018467935,0.295214,0.009747341,0.23215994,0.0070437733,253.14738,252.96527,338.8792,-0.97103107,11.616201,0.43828282
1,80,10,0.01,0.18594179,0.044099264,0.08644114,0.055401392,0.104999125,-0.00963678,11.187393,-0.011399394,20.054026,-0.95286715,0.20999825,-0.01927356,0.29400873,-0.00029956934,0.235375,-0.011183847,253.173,252.95952,339.29608,0.96426654,11.616201,0.528286
1,81,10,0.01,0.20375583,0.052507713,0.097825564,0.053422533,0.11457281,-0.018307557,11.901312,0.55065686,19.692617,-0.08274201,0.22914562,-0.036615115,0.31277078,0.014471458,0.23113315,-0.00097113906,253.2038,253.05038,339.55478,-0.46791485,11.622129,0.60690945
1,82,10,0.01,0.19650976,0.037646856,0.10659596,0.052266937,0.09701399,-0.010539013,12.42336,1.0062126,19.478464,0.44335368,0.19402798,-0.021078026,0.32649037,0.02644363,0.22861964,0.0052036527,253.20387,253.04573,339.0878,-1.4495662,11.622129,0.5827847
1,83,10,0.01,0.21533695,0.0478033,0.11099325,0.056540392,0.10931983,-0.010449985,12.677013,0.5409817,20.259125,-0.3395674,0.21863966,-0.02089997,0.3331565,0.014217184,0.23778224,-0.003985518,253.25653,253.12035,339.24945,-0.20141432,11.622129,0.6795847
1,84,10,0.01,0.214369,0.059229817,0.101112336,0.05402685,0.121685885,-0.014699861,12.099593,0.38259858,19.803686,0.08745167,0.24337177,-0.029399723,0.31798166,0.0100548295,0.23243676,0.0010264185,253.3142,253.27878,339.69244,-0.47005025,11.622129,0.62952286
1,85,10,0.01,0.17875081,0.039957695,0.08944985,0.049343266,0.0999471,-0.009512886,11.380425,0.7677845,18.925838,0.2696681,0.1998942,-0.019025773,0.29908168,0.020177646,0.22213344,0.003165103,253.2987,253.26062,338.9277,-1.0374526,11.627768,0.5296558
1,86,10,0.01,0.19017316,0.039743256,0.097893976,0.05253594,0.09967855,-0.010202601,11.905474,0.54239154,19.528526,-1.1292531,0.1993571,-0.020405201,0.31288013,0.014254254,0.2292072,-0.013254093,253.33641,253.40605,339.47626,0.5868616,11.627768,0.57327485
1,87,10,0.01,0.20882043,0.050369933,0.10768927,0.050761223,0.112216234,-0.016307427,12.486906,0.568055,19.195843,-0.16232423,0.22443247,-0.032614853,0.32816043,0.014928673,0.22530252,-0.0019052149,253.38849,253.60925,340.00928,-0.40573072,11.627768,0.62442344
1,88,10,0.01,0.20505473,0.043305874,0.10899688,0.052751966,0.104050316,-0.009407659,12.5624895,0.82395196,19.568634,0.4092002,0.20810063,-0.018815318,0.33014676,0.02165374,0.22967796,0.004802799,253.41454,253.74095,339.37555,-1.2331522,11.627768,0.60578614
1,89,10,0.01,0.1967833,0.04254519,0.102352336,0.051885784,0.10313243,-0.0076481584,12.173558,-0.1415336,19.407312,-0.64675933,0.20626485,-0.015296317,0.31992552,-0.0037195561,0.22778451,-0.0075910524,253.52026,254.15102,340.2386,0.78829294,11.633176,0.5943634
1,90,10,0.01,0.21345623,0.058629192,0.105603546,0.0492235,0.12106733,-0.012209153,12.365394,-0.6421046,18.902859,-0.34220502,0.24213466,-0.024418306,0.324967,-0.01687476,0.2218637,-0.0040164823,253.5936,254.4886,340.6983,0.9843097,11.633176,0.62561804
1,91,10,0.01,0.18690184,0.039472263,0.10094221,0.04648736,0.09933814,-0.005876842,12.08941,-0.19925512,18.369982,-0.18370457,0.19867627,-0.011753684,0.31771404,-0.005236505,0.21560928,-0.0021561407,253.5928,254.46628,340.18552,0.3829597,11.633176,0.55234843
1,92,10,0.01,0.19622843,0.04452985,0.10258255,0.049116034,0.10551049,-0.006309113,12.187241,-0.33251274,18.882212,-1.3274324,0.21102098,-0.012618226,0.3202851,-0.0087385615,0.22162138,-0.015580135,253.6263,254.53302,340.36948,1.6599451,11.633176,0.5795442
1,93,10,0.01,0.20564929,0.05538977,0.10437249,0.045887023,0.117675155,-0.011088199,12.293109,-0.24520381,18.250978,0.3822382,0.23535031,-0.022176398,0.3230673,-0.006444057,0.21421257,0.0044863466,253.6796,254.72739,340.7489,-0.1370344,11.638498,0.53627235
1,94,10,0.01,0.18798782,0.040596694,0.100895,0.046496127,0.10074311,-0.005045404,12.086581,-0.24127027,18.371712,0.6763182,0.20148621,-0.010090808,0.31763974,-0.006340677,0.2156296,0.007937986,253.69937,254.93233,340.22253,-0.43504795,11.638498,0.5316938
1,95,10,0.01,0.1878315,0.041725162,0.100170575,0.045935765,0.10213369,-0.0043132682,12.043113,-0.68078184,18.26067,-0.61840916,0.20426738,-0.0086265365,0.31649736,-0.017891176,0.2143263,-0.007258302,253.73532,255.03291,340.59976,1.299191,11.638498,0.58087844
1,96,10,0.01,0.19872068,0.055081673,0.09979928,0.043839723,0.11734743,-0.0121074105,12.020773,-0.56325525,17.83919,-0.097944625,0.23469485,-0.024214821,0.31591025,-0.014802547,0.20937937,-0.0011495762,253.74753,255.0876,340.63312,0.66119987,11.638498,0.5873353
1,97,10,0.01,0.17930053,0.042210683,0.09553808,0.04155177,0.10272619,-0.0048148152,11.761343,0.6793586,17.367449,0.94100076,0.20545238,-0.0096296305,0.30909234,0.017853789,0.2038425,0.011044568,253.69586,254.90344,339.94534,-1.6203594,11.643762,0.4630501
1,98,10,0.01,0.1748154,0.04297496,0.089835785,0.042004663,0.103652015,-0.005332383,11.404949,0.37687916,17.46184,-0.23901892,0.20730403,-0.010664766,0.2997262,0.009904529,0.20495039,-0.0028053727,253.69536,254.76266,340.40436,-0.13786024,11.643762,0.49445915
1,99,10,0.01,0.18712763,0.051775478,0.09465668,0.040695477,0.113771126,-0.011733547,11.706965,0.409223,17.187561,0.6636522,0.22754225,-0.023467094,0.30766326,0.010754525,0.2017312,0.007789312,253.7017,254.70842,340.7108,-1.0728751,11.643762,0.51695114
1,100,10,0.01,0.18138282,0.03930932,0.10029478,0.041778717,0.09913289,-0.005638614,12.050577,0.9197941,17.414812,0.9745733,0.19826578,-0.011277228,0.3166935,0.024172533,0.20439842,0.011438607,253.68512,254.734,339.98312,-1.8943675,11.643762,0.50479704
2,1,10,0.008,0.25940943,0.050853122,0.15147072,0.05708559,0.11275318,-0.01132014,14.809248,3.6169353,20.356564,6.4798927,0.22550637,-0.02264028,0.3891924,0.09505437,0.2389259,0.076054804,251.61624,247.1782,330.9434,-10.096828,11.648894,1.1276535
2,2,10,0.008,0.25643,0.050315395,0.1491997,0.056914907,0.11215547,-0.01337546,14.69781,3.1889071,20.326109,5.598417,0.22431093,-0.02675092,0.38626376,0.08380558,0.23856845,0.065708876,251.60306,247.16249,331.563,-8.787324,11.648894,1.1310657
2,3,10,0.008,0.26249117,0.052658778,0.15104957,0.058782827,0.1147375,-0.018111566,14.788645,3.4698455,20.656961,6.4483795,0.229475,-0.036223132,0.38865095,0.09118876,0.2424517,0.07568492,251.55713,247.02156,331.60092,-9.918225,11.648894,1.1781723
2,4,10,0.008,0.2772245,0.051609848,0.16659473,0.059019927,0.113589,-0.01281704,15.530997,3.862996,20.69858,6.6229935,0.227178,-0.02563408,0.40816018,0.10152094,0.24294017,0.07773439,251.5101,246.88411,330.87244,-10.48599,11.648894,1.2375474
2,5,10,0.008,0.23612754,0.0484973,0.1368271,0.050803144,0.110110514,-0.013604778,14.075205,4.2894754,19.20377,5.3848605,0.22022103,-0.027209556,0.36990148,0.11272897,0.22539553,0.06320236,251.5421,246.9423,331.45422,-9.6743355,11.652443,0.9048441
2,6,10,0.008,0.23468134,0.05242964,0.13100316,0.051248547,0.114487596,-0.018509744,13.772397,4.2288275,19.28777,5.8880677,0.22897519,-0.037019487,0.36194357,0.111135095,0.22638142,0.06910851,251.56674,247.03786,331.65472,-10.116896,11.652443,0.88360965
2,7,10,0.008,0.2407219,0.048627693,0.14179544,0.050298765,0.11025844,-0.012215737,14.328467,4.319187,19.108206,5.7633686,0.22051688,-0.024431475,0.37655735,0.113509804,0.22427386,0.06764491,251.5827,247.08646,331.4093,-10.082556,11.652443,0.9299487
2,8,10,0.008,0.24624166,0.05197386,0.14600942,0.04825837,0.113988884,-0.012620074,14.5398245,4.0173554,18.716623,4.828708,0.22797777,-0.025240147,0.3821118,0.105577536,0.21967788,0.056674775,251.63637,247.21483,332.05997,-8.846064,11.652443,0.9198422
2,9,10,0.008,0.22390452,0.05407914,0.12748493,0.042340443,0.11627461,-0.014617785,13.586204,5.106593,17.531494,4.9852605,0.23254922,-0.02923557,0.35705033,0.13420309,0.20576793,0.058512226,251.68611,247.40877,332.38864,-10.091854,11.655453,0.7918682
2,10,10,0.008,0.2284402,0.04996298,0.1367501,0.041727107,0.111762,-0.0091254655,14.071244,5.392985,17.40405,4.9218745,0.223524,-0.018250931,0.36979738,0.1417296,0.20427214,0.05776826,251.68239,247.44215,331.90082,-10.314859,11.655453,0.8214235
2,11,10,0.008,0.21830514,0.04845146,0.1285587,0.04129499,0.110058464,-0.010477121,13.643297,4.952111,17.313698,3.9588685,0.22011693,-0.020954242,0.35855082,0.13014327,0.20321168,0.046465416,251.69392,247.41527,332.61868,-8.910979,11.655453,0.78310513
2,12,10,0.008,0.2171397,0.05366362,0.12214562,0.04133047,0.11582705,-0.013695765,13.298651,5.1991096,17.321138,5.015841,0.2316541,-0.02739153,0.34949338,0.13663447,0.20329897,0.058871154,251.67273,247.41312,332.66302,-10.214951,11.655453,0.79161346
2,13,10,0.008,0.19697061,0.04587319,0.11252898,0.03856844,0.10709014,-0.0059250616,12.764414,5.5088315,16.73236,3.8122947,0.21418028,-0.011850123,0.3354534,0.14477412,0.1963885,0.04474507,251.64162,247.34969,331.77563,-9.321126,11.657745,0.7552662
2,14,10,0.008,0.20179541,0.049438663,0.11474732,0.03760943,0.11117403,-0.0067534316,12.889615,4.9895153,16.523026,2.9649456,0.22234806,-0.013506863,0.33874375,0.13112627,0.1939315,0.034799706,251.689,247.44246,332.01965,-7.954461,11.657745,0.71302474
2,15,10,0.008,0.2037321,0.05710604,0.10878704,0.03783902,0.11948435,-0.011178135,12.55039,4.8087873,16.573381,3.3856125,0.2389687,-0.02235627,0.3298288,0.12637669,0.19452254,0.039737087,251.76622,247.75284,332.45755,-8.1944,11.657745,0.6934679
2,16,10,0.008,0.19792491,0.046919756,0.113432,0.037573166,0.10830484,-0.0046334066,12.815527,5.029075,16.515057,3.4220395,0.21660969,-0.009266813,0.33679667,0.13216592,0.19383799,0.040164635,251.77728,247.81303,332.02545,-8.451115,11.657745,0.7258725
2,17,10,0.008,0.16057089,0.039691333,0.08706489,0.033814676,0.09961342,-0.0019515479,11.227685,4.005411,15.667291,1.5914319,0.19922684,-0.0039030958,0.2950676,0.10526364,0.18388768,0.018678708,251.79175,247.7416,332.88254,-5.596843,11.659299,0.61310315
2,18,10,0.008,0.16153559,0.044088528,0.08345132,0.033995748,0.10498634,-0.0075613917,10.992216,4.042305,15.709178,1.9146438,0.20997268,-0.015122783,0.28887942,0.10623327,0.18437935,0.022472264,251.78973,247.76672,333.22214,-5.9569488,11.659299,0.58295166
2,19,10,0.008,0.16831042,0.041578475,0.092639565,0.03409238,0.101954006,-0.0002920274,11.581557,4.230688,15.731491,1.9077289,0.20390801,-0.0005840548,0.30436748,0.111184,0.18464123,0.022391103,251.76369,247.67303,332.40115,-6.1384172,11.659299,0.57278234
2,20,10,0.008,0.16626525,0.042051453,0.0901013,0.034112494,0.10253225,-0.0009585306,11.42179,3.9510207,15.736129,1.1482295,0.2050645,-0.0019170612,0.30016878,0.10383427,0.18469568,0.0134768225,251.82895,247.82503,333.23312,-5.0992503,11.659299,0.5761272
2,21,10,0.008,0.14977552,0.04484409,0.06944207,0.035489354,0.105882116,-0.0001288851,10.027208,2.765626,16.050564,1.0820397,0.21176423,-0.0002577702,0.26351863,0.07268163,0.18838619,0.012699941,251.86798,247.99118,333.71243,-3.8476658,11.6602545,0.46373528
2,22,10,0.008,0.14545515,0.038300853,0.07302647,0.03412784,0.09785302,0.006477243,10.282741,2.80888,15.73967,0.9646322,0.19570604,0.012954486,0.2702341,0.073818386,0.18473722,0.011321932,251.87114,248.21796,333.30048,-3.7735124,11.6602545,0.47228917
2,23,10,0.008,0.13933325,0.038479723,0.067797124,0.03305641,0.098081246,0.0065485276,9.907733,2.2429874,15.490626,-0.35294482,0.19616249,0.013097055,0.2603788,0.058946524,0.18181421,-0.004142529,251.86731,248.10953,333.73758,-1.8900425,11.6602545,0.43508735
2,24,10,0.008,0.1539502,0.047557373,0.07179027,0.034602553,0.10903826,0.0018993132,10.1953335,2.3745594,15.84876,0.6713222,0.21807653,0.0037986264,0.26793706,0.062404286,0.18601762,0.007879341,251.87561,248.09016,333.7193,-3.0458817,11.6602545,0.43308744
2,25,10,0.008,0.1469774,0.041567534,0.06963789,0.035771973,0.10194059,0.013611476,10.041336,0.9539553,16.114346,-0.48362848,0.20388117,0.027222952,0.2638899,0.025070295,0.1891348,-0.005676375,251.89754,248.28091,333.21036,-0.4703268,11.660773,0.37628412
2,26,10,0.008,0.1430985,0.039389282,0.06853368,0.035175532,0.099233665,0.01324812,9.961408,0.50317377,15.979441,-1.1099671,0.19846733,0.02649624,0.26178938,0.013223593,0.18755141,-0.013027738,251.93321,248.48425,333.76587,0.60679334,11.660773,0.36799857
2,27,10,0.008,0.14682412,0.046803605,0.06393374,0.036086783,0.1081707,0.00828666,9.6213,0.5415591,16.185099,-0.1954489,0.2163414,0.01657332,0.25285122,0.014232365,0.18996522,-0.0022939877,251.94524,248.53093,333.9581,-0.3461102,11.660773,0.3913124
2,28,10,0.008,0.13586463,0.04100161,0.061419208,0.033443812,0.10124427,0.014357956,9.430197,0.54050505,15.581135,-0.5037297,0.20248854,0.028715912,0.24782899,0.014204671,0.1828765,-0.0059122937,251.98236,248.75154,333.35547,-0.03677535,11.660773,0.3773806
2,29,10,0.008,0.13251135,0.03935095,0.060592737,0.032567665,0.09918537,0.017886423,9.366534,-1.6080812,15.375686,-2.7110987,0.19837074,0.035772845,0.24615592,-0.04226095,0.18046513,-0.031820282,252.08546,249.05551,334.3344,4.31918,11.66108,0.46054423
2,30,10,0.008,0.13714632,0.04277239,0.059843004,0.034530923,0.103407435,0.012767615,9.308407,-1.892788,15.832348,-1.8430222,0.20681487,0.02553523,0.2446283,-0.04974316,0.18582498,-0.02163163,252.1527,249.21394,334.8059,3.7358103,11.66108,0.48924622
2,31,10,0.008,0.12982774,0.035771813,0.06078421,0.033271722,0.09456719,0.01965465,9.381323,-1.4341961,15.540997,-1.9722885,0.18913437,0.0393093,0.24654454,-0.037691195,0.18240538,-0.02314884,252.16994,249.3383,334.44666,3.4064846,11.66108,0.5018305
2,32,10,0.008,0.12512437,0.03538477,0.05618421,0.033555396,0.0940542,0.019361498,9.019362,-1.5809828,15.607106,-2.9114292,0.1881084,0.038722996,0.23703209,-0.0415488,0.18318132,-0.034171574,252.1772,249.34306,334.92648,4.492412,11.66108,0.4903203
2,33,10,0.008,0.13680154,0.040987954,0.060332395,0.03548119,0.10122741,0.015599754,9.346392,-2.6137516,16.048716,-2.7066293,0.20245482,0.031199507,0.24562654,-0.06869034,0.1883645,-0.03176784,252.17282,249.26973,335.2613,5.320381,11.661346,0.6221416
2,34,10,0.008,0.12907785,0.03227465,0.061650574,0.035152636,0.089825734,0.022149533,9.447943,-2.2310815,15.974237,-2.850208,0.17965147,0.044299066,0.24829534,-0.05863363,0.18749036,-0.033453017,252.1411,249.20576,334.6483,5.0812893,11.661346,0.59923095
2,35,10,0.008,0.123515904,0.032450642,0.05838019,0.03268507,0.09007031,0.022119712,9.193935,-2.3533664,15.403377,-3.3852472,0.18014061,0.044239424,0.24161993,-0.061847325,0.18079013,-0.039732803,252.15968,249.23216,335.23224,5.7386136,11.661346,0.54494375
2,36,10,0.008,0.12888646,0.039403394,0.05626752,0.03321555,0.09925144,0.015141745,9.026046,-2.3991134,15.527871,-2.1677935,0.19850288,0.03028349,0.23720776,-0.06304957,0.18225133,-0.025443485,252.1747,249.30098,335.3264,4.566907,11.661346,0.58683777
2,37,10,0.008,0.12788734,0.035020825,0.06289441,0.029972104,0.09356926,0.020021183,9.542776,-2.1211207,14.750265,-2.5002465,0.18713851,0.040042367,0.2507876,-0.055743814,0.17312454,-0.029345496,252.1731,249.43663,334.64206,4.6213675,11.66156,0.5376258
2,38,10,0.008,0.12986785,0.037622944,0.06267129,0.029573612,0.09698317,0.020041429,9.525833,-2.597409,14.651881,-3.680666,0.19396634,0.040082857,0.25034234,-0.06826084,0.1719698,-0.043200135,252.23059,249.54727,335.559,6.278075,11.66156,0.5573759
2,39,10,0.008,0.13782804,0.04094469,0.06523758,0.031645764,0.101173975,0.016712878,9.718911,-2.659046,15.156504,-2.7442157,0.20234795,0.033425756,0.25541648,-0.06988067,0.17789257,-0.032208983,252.29932,249.73938,336.10037,5.4032617,11.66156,0.552766
2,40,10,0.008,0.1259695,0.03042111,0.062426537,0.033121858,0.08720824,0.02317737,9.507215,-2.2549837,15.505955,-3.2289715,0.17441648,0.04635474,0.24985303,-0.05926178,0.18199411,-0.03789859,252.303,249.69728,335.63092,5.4839554,11.66156,0.53599566
2,41,10,0.008,0.12606174,0.031877737,0.062454984,0.031729013,0.08927169,0.02073408,9.50938,-2.3179991,15.176425,-4.5016346,0.17854337,0.04146816,0.24990995,-0.06091784,0.1781264,-0.05283589,252.3117,249.64058,335.9694,6.8196335,11.661567,0.540483
2,42,10,0.008,0.13764584,0.03751629,0.06631888,0.033810683,0.09684561,0.015570788,9.799124,-2.434384,15.666364,-3.5999355,0.19369122,0.031141575,0.25752452,-0.06397649,0.18387681,-0.042252608,252.3174,249.65115,336.11276,6.03432,11.661567,0.58607894
2,43,10,0.008,0.13141128,0.03002977,0.06590998,0.03547152,0.0866455,0.020171164,9.768868,-2.2905772,16.04653,-3.806168,0.173291,0.040342327,0.2567294,-0.060197193,0.18833885,-0.044673167,252.3302,249.84435,335.2837,6.0967455,11.661567,0.5710041
2,44,10,0.008,0.14106587,0.03297526,0.07422626,0.033864357,0.09079546,0.021893397,10.366865,-2.7446017,15.678795,-4.8286476,0.18159091,0.043786794,0.27244496,-0.07212912,0.18402271,-0.056674063,252.42401,250.23032,335.93552,7.5732493,11.661567,0.5902028
2,45,10,0.008,0.14145751,0.034672808,0.075561024,0.031223679,0.09310318,0.012518189,10.4596615,-1.9704489,15.055086,-3.4113042,0.18620636,0.025036378,0.27488366,-0.051784117,0.17670223,-0.040038634,252.47153,250.37593,336.50333,5.381753,11.661186,0.59992915
2,46,10,0.008,0.13709155,0.028912881,0.0780169,0.030161768,0.08501894,0.017707234,10.628281,-1.9712813,14.796862,-3.260862,0.17003788,0.03541447,0.27931505,-0.051805977,0.17367144,-0.03827288,252.47629,250.52939,336.01553,5.2321434,11.661186,0.6146203
2,47,10,0.008,0.13412188,0.028119704,0.077698275,0.028303899,0.083844654,0.016265007,10.606555,-2.2162066,14.3338995,-4.0320525,0.16768931,0.032530013,0.2787441,-0.058242712,0.16823763,-0.04732439,252.51581,250.58116,336.50674,6.248259,11.661186,0.6179312
2,48,10,0.008,0.13836652,0.034471232,0.07443581,0.029459484,0.09283215,0.0109978,10.381488,-2.1880243,14.623582,-3.0586145,0.1856643,0.0219956,0.27282926,-0.057502054,0.17163765,-0.03589911,252.58055,250.77975,336.97067,5.246639,11.661186,0.641833
2,49,10,0.008,0.12622212,0.026979389,0.071777605,0.02746513,0.08212702,0.010737321,10.194435,-1.2337617,14.119912,-2.7155614,0.16425404,0.021474643,0.26791343,-0.032423712,0.16572607,-0.031872667,252.59982,250.81636,336.543,3.9493232,11.660238,0.59790826
2,50,10,0.008,0.124330536,0.027266929,0.07308012,0.023983486,0.082563505,0.0111256605,10.286516,-1.6318865,13.194635,-3.6924944,0.16512701,0.022251321,0.27033335,-0.04288657,0.15486602,-0.043338973,252.64792,250.84874,337.144,5.324381,11.660238,0.646541
2,51,10,0.008,0.12821577,0.035026193,0.06713083,0.02605875,0.09357643,0.0073906435,9.858928,-1.4237741,13.753653,-2.6691701,0.18715286,0.014781287,0.25909618,-0.037417285,0.16142723,-0.031328168,252.7044,251.01376,337.72095,4.092944,11.660238,0.6377562
2,52,10,0.008,0.13138953,0.029129922,0.07440726,0.027852345,0.08533745,0.013166938,10.379498,-1.1070794,14.219099,-2.589832,0.1706749,0.026333876,0.27277693,-0.029094435,0.16689022,-0.030396977,252.70279,251.0885,336.96472,3.6969113,11.660238,0.6329214
2,53,10,0.008,0.1300001,0.03344296,0.07452007,0.022037072,0.09143708,0.0071737096,10.387362,-1.4406418,12.647892,-2.9815507,0.18287416,0.014347419,0.27298364,-0.037860595,0.14844888,-0.03499459,252.74469,251.25465,337.5382,4.4221926,11.65874,0.626078
2,54,10,0.008,0.13681577,0.03957309,0.072891414,0.02435127,0.09946493,0.003996882,10.273226,-1.3424083,13.295417,-2.0762527,0.19892986,0.007993764,0.2699841,-0.035278972,0.15604894,-0.024369068,252.76746,251.29652,337.82623,3.418661,11.65874,0.6462967
2,55,10,0.008,0.122208156,0.030281693,0.06655375,0.025372716,0.08700818,0.009041166,9.816461,-1.2281204,13.571401,-2.2488875,0.17401636,0.018082332,0.25798014,-0.032275442,0.15928815,-0.026395297,252.74637,251.29433,337.0082,3.4770079,11.65874,0.62242174
2,56,10,0.008,0.12502694,0.03334898,0.06710458,0.024573391,0.09130852,0.008859282,9.856999,-1.4002233,13.355917,-3.4519718,0.18261704,0.017718565,0.2590455,-0.036798377,0.15675902,-0.04051595,252.76393,251.30774,337.38837,4.852195,11.65874,0.6361236
2,57,10,0.008,0.11408536,0.0380819,0.05082989,0.025173571,0.09757292,-0.0011991006,8.578835,-1.4416994,13.518038,-1.633646,0.19514585,-0.0023982013,0.22545485,-0.037888378,0.15866181,-0.019174177,252.81929,251.45709,337.91043,3.0753455,11.656721,0.4571598
2,58,10,0.008,0.10526239,0.029611936,0.050333586,0.025316872,0.08604059,0.0045199716,8.53685,-1.244129,13.556459,-1.6760892,0.17208119,0.009039943,0.22435148,-0.032696154,0.15911277,-0.019672336,252.85603,251.73418,337.3812,2.920218,11.656721,0.40691894
2,59,10,0.008,0.11481641,0.032928325,0.059847195,0.022040885,0.090730816,0.004379462,9.308732,-1.5847158,12.648985,-2.660498,0.18146163,0.008758924,0.24463686,-0.04164691,0.14846173,-0.03122638,252.91092,251.95537,337.95706,4.2452135,11.656721,0.44539645
2,60,10,0.008,0.12273003,0.039657574,0.059951507,0.023120953,0.09957105,-0.0011737378,9.316842,-1.5664929,12.955198,-1.6323742,0.1991421,-0.0023474756,0.24484996,-0.041167993,0.15205576,-0.019159248,252.9554,252.05968,338.46857,3.198867,11.656721,0.4583829
2,61,10,0.008,0.10697007,0.031227708,0.05160989,0.024132473,0.088356815,-0.00036754995,8.644406,-1.1720624,13.235556,-0.5463659,0.17671363,-0.0007350999,0.2271781,-0.030802209,0.1553463,-0.0064127184,252.96439,252.13542,337.844,1.7184284,11.654411,0.27008137
2,62,10,0.008,0.110347025,0.03220678,0.05478985,0.023350397,0.08973124,-0.0003547295,8.906738,-1.7504069,13.019322,-1.7038673,0.17946248,-0.000709459,0.23407231,-0.046001334,0.15280837,-0.019998368,253.02135,252.35782,338.29578,3.4542742,11.654411,0.31668234
2,63,10,0.008,0.11666682,0.03887564,0.055207584,0.022583608,0.09858453,-0.003336455,8.940628,-1.9354831,12.80377,-0.9247526,0.19716907,-0.00667291,0.23496294,-0.050865196,0.15027843,-0.010853865,253.07951,252.57158,338.90378,2.8602357,11.654411,0.30735746
2,64,10,0.008,0.10950097,0.029822929,0.05506826,0.024609784,0.08634658,0.0009105121,8.92934,-1.5143045,13.365805,-0.6422536,0.17269316,0.0018210242,0.23466627,-0.039796468,0.15687506,-0.0075381566,253.07417,252.56218,338.29758,2.156558,11.654411,0.30067208
2,65,10,0.008,0.10909957,0.034436725,0.0523812,0.022281649,0.09278567,-0.002277428,8.708761,-1.9533561,12.717883,-0.8150004,0.18557134,-0.004554856,0.2288694,-0.051334903,0.14927039,-0.009565696,253.14816,252.85452,338.8768,2.7683566,11.652004,0.34783426
2,66,10,0.008,0.12054905,0.042284586,0.05629029,0.021974178,0.10281608,-0.007979759,9.027873,-2.2396686,12.62983,-0.2259701,0.20563217,-0.015959518,0.23725575,-0.058859304,0.1482369,-0.00265222,253.21516,253.17654,339.44153,2.4656386,11.652004,0.35790133
2,67,10,0.008,0.119541645,0.032591883,0.06256068,0.024389086,0.09026611,-0.003437951,9.517424,-1.8142636,13.3057375,0.050422207,0.18053222,-0.006875902,0.25012133,-0.04767949,0.15617006,0.0005918073,253.22337,253.302,338.9972,1.7638414,11.652004,0.36862186
2,68,10,0.008,0.1232593,0.037750095,0.06263166,0.022877546,0.09714692,-0.0035664449,9.522822,-2.1489573,12.8868265,-0.9528288,0.19429384,-0.0071328897,0.25026318,-0.05647537,0.15125325,-0.011183392,253.25517,253.33693,339.61346,3.1017861,11.652004,0.36786744
2,69,10,0.008,0.13587756,0.04671832,0.06618712,0.022972126,0.10807211,-0.013622418,9.789385,-1.2500424,12.913434,0.9820507,0.21614422,-0.027244836,0.25726858,-0.03285157,0.15156558,0.011526372,253.28065,253.30086,339.85007,0.26799172,11.649697,0.40549815
2,70,10,0.008,0.11777174,0.03270133,0.061841235,0.023229176,0.09041754,-0.0073923846,9.462541,-0.74435455,12.985482,1.0414135,0.18083508,-0.014784769,0.24867898,-0.01956191,0.15241121,0.012223121,253.24925,253.16035,339.1138,-0.297059,11.649697,0.44360384
2,71,10,0.008,0.11471244,0.033311903,0.059422303,0.021978239,0.09125774,-0.0076486813,9.27563,-1.0917568,12.630998,0.122452706,0.18251549,-0.015297363,0.2437669,-0.028691763,0.1482506,0.0014372293,253.26804,253.17244,339.467,0.9693041,11.649697,0.3959783
2,72,10,0.008,0.11785801,0.042649582,0.053365726,0.021842703,0.10325888,-0.0127255665,8.790223,-1.1799768,12.59199,1.143467,0.20651776,-0.025451133,0.23101023,-0.03101022,0.14779277,0.013420928,253.28159,253.15598,339.85287,0.03650987,11.649697,0.36443815
2,73,10,0.008,0.11009103,0.029950306,0.056407843,0.023732888,0.08653078,-0.011824608,9.037293,-0.043414194,13.125521,1.8513566,0.17306156,-0.023649216,0.23750335,-0.0011409419,0.15405482,0.021729458,253.23756,253.0907,338.938,-1.8079424,11.647584,0.4063758
2,74,10,0.008,0.11128305,0.0321391,0.057143643,0.02200031,0.08963691,-0.011580189,9.0960455,-0.19709009,12.637338,0.6949616,0.17927381,-0.023160378,0.23904736,-0.005179598,0.14832501,0.008156802,253.24467,253.03853,339.39938,-0.49787152,11.647584,0.34551424
2,75,10,0.008,0.12836099,0.0452041,0.060635585,0.022521304,0.10630628,-0.019314906,9.369847,0.19405143,12.786096,1.8300004,0.21261255,-0.03862981,0.24624294,0.005099739,0.150071,0.021478798,253.2428,252.97589,339.55545,-2.024052,11.647584,0.3253062
2,76,10,0.008,0.11587845,0.030300936,0.06046081,0.0251167,0.08703582,-0.012101154,9.356333,0.70428735,13.502759,2.1949775,0.17407164,-0.024202308,0.2458878,0.018508922,0.15848249,0.025762549,253.20447,252.88562,338.87457,-2.8992648,11.647584,0.35470566
2,77,10,0.008,0.11853609,0.035610188,0.059562065,0.023363838,0.09435331,-0.015090231,9.286531,1.1405169,13.023067,1.963824,0.18870662,-0.030180462,0.24405341,0.029973194,0.15285234,0.0230495,253.19476,252.76408,338.98587,-3.104341,11.645641,0.32968917
2,78,10,0.008,0.12518412,0.04402045,0.057757348,0.023406327,0.104905255,-0.021887632,9.144759,1.0836804,13.0349045,2.7437797,0.20981051,-0.043775264,0.24032758,0.028479513,0.15299127,0.03220386,253.2085,252.7696,339.4379,-3.82746,11.645641,0.31274644
2,79,10,0.008,0.11879274,0.03471456,0.058427207,0.025650974,0.09315922,-0.013897455,9.197638,1.3273064,13.645617,2.9009638,0.18631844,-0.02779491,0.2417172,0.034882087,0.16015922,0.03404874,253.22293,252.96034,339.03592,-4.22827,11.645641,0.31251255
2,80,10,0.008,0.1198422,0.03743825,0.058702122,0.023701834,0.096744835,-0.013997774,9.219249,0.7813776,13.116929,1.623069,0.19348967,-0.027995547,0.2422852,0.020534886,0.153954,0.019050037,253.29192,253.2269,339.49786,-2.4044466,11.645641,0.27721456
2,81,10,0.008,0.13630204,0.052125886,0.060933974,0.023242174,0.11415547,-0.022347854,9.392872,1.0844648,12.989116,2.5936325,0.22831094,-0.04469571,0.24684808,0.02850014,0.15245384,0.030441582,253.3733,253.55618,339.9484,-3.6780972,11.643782,0.29980436
2,82,10,0.008,0.11476682,0.033719994,0.057006847,0.024039987,0.091815025,-0.016339084,9.085152,1.3603725,13.210169,2.9582486,0.18363005,-0.03267817,0.23876107,0.035751086,0.15504834,0.0347211,253.3899,253.65802,339.51102,-4.318621,11.643782,0.3036186
2,83,10,0.008,0.11685917,0.040032253,0.053700402,0.023126509,0.10004031,-0.0150665995,8.817743,1.3361437,12.956756,2.1946838,0.20008062,-0.030133199,0.23173347,0.035114333,0.15207402,0.025759112,253.39868,253.61276,339.91855,-3.5308275,11.643782,0.29984057
2,84,10,0.008,0.12676159,0.047483154,0.056182317,0.023096116,0.10895315,-0.020837775,9.01921,1.4974146,12.94824,2.8667047,0.2179063,-0.04167555,0.23702809,0.0393526,0.15197407,0.03364665,253.36632,253.44937,339.94547,-4.3641195,11.643782,0.2963675
2,85,10,0.008,0.121789925,0.037364088,0.05870158,0.025724256,0.09664896,-0.014468321,9.219207,2.0648515,13.665093,3.2091002,0.19329792,-0.028936641,0.24228409,0.054265052,0.16038783,0.037665356,253.33728,253.37958,339.09326,-5.2739515,11.641909,0.32498965
2,86,10,0.008,0.115660295,0.037758373,0.054321576,0.023580339,0.09715757,-0.01437986,8.868595,1.6165525,13.083267,2.131412,0.19431514,-0.02875972,0.2330699,0.04248359,0.15355891,0.025016481,253.41754,253.6888,339.92447,-3.7479644,11.641909,0.29358006
2,87,10,0.008,0.12143017,0.047117133,0.05079896,0.023514073,0.10853241,-0.020481374,8.576223,1.4103884,13.064869,2.9135785,0.21706481,-0.04096275,0.22538625,0.037065517,0.15334299,0.034196805,253.4882,253.98753,340.57327,-4.323967,11.641909,0.2871247
2,88,10,0.008,0.113923736,0.03730203,0.052576233,0.024045473,0.09656867,-0.014461985,8.724959,1.5737789,13.211675,3.0303135,0.19313733,-0.02892397,0.22929507,0.041359477,0.15506603,0.035566926,253.49358,254.03413,340.1102,-4.6040926,11.641909,0.27085268
2,89,10,0.008,0.11112534,0.03566093,0.053840995,0.021623416,0.09442051,-0.010357725,8.829278,1.2169744,12.528622,1.8191793,0.18884102,-0.02071545,0.23203662,0.031982522,0.14704902,0.021351788,253.49274,253.96759,340.309,-3.0361538,11.640046,0.26488727
2,90,10,0.008,0.12653571,0.04437607,0.060191367,0.021968272,0.10532814,-0.01619391,9.335461,1.4770188,12.628133,2.7123551,0.21065629,-0.03238782,0.24533929,0.038816582,0.14821698,0.03183503,253.45294,253.7314,340.22,-4.189374,11.640046,0.31051716
2,91,10,0.008,0.12604657,0.035404895,0.06739788,0.0232438,0.09408094,-0.011829852,9.878517,2.1287813,12.98957,2.9988453,0.18816188,-0.023659704,0.259611,0.05594513,0.15245917,0.035197575,253.36375,253.37677,339.11682,-5.1276264,11.640046,0.32119432
2,92,10,0.008,0.124657236,0.037582014,0.06476968,0.022305539,0.09693041,-0.011587503,9.683994,1.9564027,12.7247,2.0761874,0.19386081,-0.023175007,0.25449887,0.05141497,0.14935039,0.024368301,253.3834,253.40773,339.47696,-4.03259,11.640046,0.331448
2,93,10,0.008,0.12877342,0.047505222,0.059479572,0.02178863,0.108978465,-0.01353184,9.280098,1.5545001,12.576396,2.3131547,0.21795693,-0.02706368,0.24388434,0.040852822,0.14760973,0.027149603,253.42485,253.58023,339.93817,-3.8676548,11.63828,0.29615167
2,94,10,0.008,0.11461329,0.032788888,0.059315734,0.022508666,0.09053851,-0.008490064,9.267309,1.797036,12.782509,2.6279595,0.18107702,-0.016980128,0.24354821,0.047226757,0.15002888,0.03084448,253.42194,253.59552,339.3208,-4.4249954,11.63828,0.27990365
2,95,10,0.008,0.11897423,0.033304513,0.064255245,0.021414476,0.09124762,-0.008627002,9.645461,1.5011444,12.467947,1.7279607,0.18249524,-0.017254004,0.2534862,0.039450612,0.14633685,0.020281158,253.44873,253.67308,339.65918,-3.229105,11.63828,0.29859832
2,96,10,0.008,0.13645777,0.046969328,0.06695412,0.02253432,0.10836204,-0.013425598,9.8459425,1.6118321,12.78979,2.4987555,0.21672408,-0.026851196,0.25875494,0.042359527,0.15011436,0.029328002,253.42867,253.57121,340.0209,-4.1105876,11.63828,0.34711343
2,97,10,0.008,0.12222274,0.030293496,0.07023905,0.021690194,0.087025136,-0.00428366,10.084584,1.596442,12.547955,2.202591,0.17405027,-0.00856732,0.2650265,0.04195508,0.14727591,0.025851915,253.36699,253.37952,339.18347,-3.799033,11.6367035,0.3145721
2,98,10,0.008,0.12646781,0.038011502,0.06831179,0.020144526,0.097482696,-0.0041087708,9.945268,1.4778044,12.092602,1.0298544,0.19496539,-0.0082175415,0.26136523,0.03883725,0.14193141,0.012087439,253.3746,253.33694,339.59067,-2.507659,11.6367035,0.37539667
2,99,10,0.008,0.13574685,0.046607595,0.0683731,0.020766158,0.10794396,-0.008804429,9.94973,1.4990338,12.277763,1.6591966,0.21588792,-0.017608859,0.2614825,0.039395157,0.14410467,0.019474069,253.39722,253.43758,339.58383,-3.1582303,11.6367035,0.36360684
2,100,10,0.008,0.13051832,0.035523955,0.07351106,0.021483297,0.094239,-0.0041104946,10.3168,1.773808,12.487965,1.8102155,0.188478,-0.008220989,0.27112922,0.046616312,0.14657182,0.021246582,253.36612,253.3529,338.68777,-3.5840235,11.6367035,0.33118984
3,1,10,0.0064000003,0.12833108,0.036552038,0.06813171,0.023647334,0.09559294,0.0021222974,9.93215,-0.3688906,13.101841,2.1436093,0.19118588,0.004244595,0.2610205,-0.009694579,0.1537769,0.02515964,254.11472,256.71606,342.52145,-1.7747186,11.63534,0.29061466
3,2,10,0.0064000003,0.12515652,0.041696303,0.0630929,0.02036731,0.10209836,0.0016920823,9.557822,-0.65973,12.159285,0.9661776,0.20419672,0.0033841645,0.251183,-0.017337944,0.14271408,0.011340072,254.14087,256.77518,342.8283,-0.30644757,11.63534,0.30414253
3,3,10,0.0064000003,0.14456958,0.051069923,0.07152265,0.021976998,0.11299328,-0.0024189819,10.176312,-0.81813,12.630642,1.6660628,0.22598656,-0.0048379637,0.2674372,-0.021500751,0.14824641,0.019554654,254.16563,256.8938,343.20532,-0.8479328,11.63534,0.26421046
3,4,10,0.0064000003,0.13616885,0.039718177,0.07392558,0.022525106,0.0996471,0.0019367711,10.345845,-0.29163507,12.787177,1.9076134,0.1992942,0.0038735422,0.27189258,-0.0076642735,0.15008366,0.022389749,254.10028,256.7093,342.1941,-1.6159784,11.63534,0.28211263
3,5,10,0.0064000003,0.11513122,0.037815876,0.059047256,0.018268084,0.09723152,0.004068849,9.246311,-0.6262783,11.515631,0.36554548,0.19446304,0.008137698,0.24299641,-0.016458817,0.13515948,0.0042904266,254.08455,256.55762,342.7221,0.2607328,11.634492,0.27250078
3,6,10,0.0064000003,0.12347623,0.04557493,0.059308764,0.018592538,0.10674143,-0.001274658,9.266764,-0.44280112,11.617444,0.94786274,0.21348286,-0.002549316,0.24353391,-0.01163698,0.13635446,0.011125109,254.0605,256.36356,343.1468,-0.5050616,11.634492,0.24394114
3,7,10,0.0064000003,0.11396606,0.033465087,0.060163908,0.020337071,0.09146733,0.003747188,9.333331,-0.20575267,12.150256,1.5079134,0.18293466,0.007494376,0.24528332,-0.0054072565,0.1426081,0.017698444,254.02594,256.2633,342.3147,-1.3021607,11.634492,0.25548586
3,8,10,0.0064000003,0.11929892,0.03820131,0.062343203,0.018754404,0.09772578,0.0038463522,9.500867,-0.4519264,11.667905,0.61019635,0.19545156,0.0076927044,0.24968621,-0.011876793,0.13694672,0.0071619004,254.01918,256.16647,342.4103,-0.15826994,11.634492,0.26407626
3,9,10,0.0064000003,0.13095002,0.04939627,0.063737765,0.017815983,0.111126356,0.00022441661,9.606543,-0.33825344,11.372243,0.578574,0.22225271,0.00044883322,0.2524634,-0.008889424,0.13347653,0.006790747,253.9826,256.02844,342.32675,-0.24032056,11.633878,0.27437815
3,10,10,0.0064000003,0.10882032,0.03231301,0.05899776,0.017509554,0.0898791,0.0048596966,9.242435,0.18850473,11.274018,0.8471432,0.1797582,0.009719393,0.24289455,0.0049539744,0.13232367,0.00994296,253.90175,255.71046,341.44193,-1.0356479,11.633878,0.24900518
3,11,10,0.0064000003,0.10865714,0.035247732,0.055351254,0.018058153,0.0938719,0.003878476,8.952254,0.17204608,11.449271,0.15094618,0.1877438,0.007756952,0.23526847,0.0045214314,0.13438062,0.0017716613,253.8709,255.47867,341.6254,-0.32299227,11.633878,0.23512678
3,12,10,0.0064000003,0.12496076,0.04357048,0.062691376,0.0186989,0.10436772,-5.1759107e-5,9.527359,0.1436234,11.650626,0.8420421,0.20873544,-0.000103518214,0.25038245,0.0037744779,0.13674392,0.009883089,253.82098,255.20778,341.65002,-0.9856655,11.633878,0.218997
3,13,10,0.0064000003,0.1108588,0.030594762,0.06373056,0.016533481,0.08745679,0.004926408,9.605999,0.69293797,10.9552765,0.27688348,0.17491359,0.009852816,0.25244913,0.01821066,0.12858258,0.0032497928,253.71248,254.86095,340.49356,-0.96982145,11.633458,0.22815764
3,14,10,0.0064000003,0.100684874,0.031163052,0.053976435,0.015545388,0.0882653,0.003088322,8.840378,0.65859216,10.622873,-0.3026557,0.1765306,0.006176644,0.2323283,0.017308038,0.124681145,-0.0035522808,253.63495,254.38084,340.78687,-0.35593647,11.633458,0.24140401
3,15,10,0.0064000003,0.107098676,0.037109654,0.052573506,0.017415516,0.09631933,-0.00095659436,8.724733,1.0256488,11.243703,0.5403504,0.19263867,-0.0019131887,0.22928913,0.026954424,0.13196786,0.0063421153,253.5678,254.0176,340.76236,-1.5659993,11.633458,0.21146257
3,16,10,0.0064000003,0.10367682,0.02926188,0.055950306,0.018464632,0.08553052,0.003486201,9.000568,1.4325703,11.577414,0.47417966,0.17106104,0.006972402,0.23653817,0.03764846,0.13588463,0.0055654664,253.4788,253.73059,339.61206,-1.90675,11.633458,0.24170293
3,17,10,0.0064000003,0.100947574,0.03329819,0.0508734,0.016775979,0.09123896,0.0032732724,8.582504,1.2164005,11.035326,-0.7655206,0.18247792,0.006546545,0.22555132,0.03196744,0.12952211,-0.00898495,253.47676,253.63242,339.94345,-0.45087993,11.633166,0.22502369
3,18,10,0.0064000003,0.11328441,0.04132588,0.054788746,0.017169788,0.10164384,-0.0014102092,8.90665,1.3717179,11.1641,-0.11276037,0.20328768,-0.0028204184,0.23406996,0.036049243,0.13103354,-0.0013234748,253.4602,253.48193,340.12604,-1.2589575,11.633166,0.2196839
3,19,10,0.0064000003,0.097720444,0.02591006,0.056096762,0.015713615,0.08048301,0.0027167127,9.012341,1.83035,10.680199,0.1827272,0.16096602,0.0054334253,0.23684755,0.048102263,0.12535396,0.0021446776,253.38766,253.19666,339.2579,-2.0130773,11.633166,0.23616396
3,20,10,0.0064000003,0.10114757,0.03162044,0.053325918,0.016201215,0.088910684,0.003133194,8.786943,1.485774,10.844637,-0.6872383,0.17782137,0.006266388,0.23092405,0.03904668,0.12728399,-0.008066147,253.39601,253.13478,339.39816,-0.79853576,11.633166,0.24578339
3,21,10,0.0064000003,0.104607336,0.038635198,0.04889101,0.017081125,0.09827919,-0.0010616219,8.413625,1.2171588,11.135237,-0.55913156,0.19655839,-0.0021232439,0.22111312,0.031987373,0.13069478,-0.0065625533,253.44673,253.3546,339.7386,-0.65802723,11.632917,0.20481576
3,22,10,0.0064000003,0.10084605,0.030770676,0.052736793,0.017338585,0.08770786,0.0044510346,8.738271,1.3500035,11.2188425,-0.5468174,0.17541572,0.008902069,0.22964492,0.03547858,0.13167606,-0.006418023,253.43675,253.42155,339.05,-0.80318606,11.632917,0.2628313
3,23,10,0.0064000003,0.09189888,0.0300132,0.046269078,0.015616602,0.08662159,0.0036266157,8.184915,1.0922775,10.647178,-1.2847142,0.17324318,0.0072532315,0.21510248,0.028705448,0.124966405,-0.0150787495,253.44887,253.3535,339.59454,0.1924367,11.632917,0.22627479
3,24,10,0.0064000003,0.102053255,0.03955896,0.04547343,0.017020868,0.09944717,-0.0012846322,8.114234,1.3340318,11.115579,-0.5866855,0.19889434,-0.0025692645,0.213245,0.035058837,0.13046405,-0.0068859537,253.43466,253.17377,339.90298,-0.74734634,11.632917,0.2291863
3,25,10,0.0064000003,0.08737537,0.024896035,0.045455653,0.017023679,0.07889239,0.0026978117,8.112648,1.4942102,11.116495,-0.8697545,0.15778477,0.0053956234,0.21320331,0.03926839,0.13047482,-0.010208349,253.39378,253.06989,339.0264,-0.62445575,11.632649,0.23551811
3,26,10,0.0064000003,0.087309994,0.02717083,0.044770923,0.015368244,0.08241788,0.0030401263,8.051312,0.8657809,10.562174,-1.4106507,0.16483577,0.0060802526,0.21159141,0.022753036,0.12396872,-0.016556868,253.44334,253.26213,339.39423,0.54486984,11.632649,0.2027502
3,27,10,0.0064000003,0.0948987,0.03732222,0.041333217,0.016243268,0.096594796,-0.0025133842,7.736033,0.8664521,10.858703,-0.8026838,0.19318959,-0.0050267684,0.20330572,0.022770675,0.12744908,-0.009421135,253.47716,253.39426,339.61002,-0.06376833,11.632649,0.21739781
3,28,10,0.0064000003,0.08396205,0.024351466,0.043074302,0.016536282,0.07802478,0.0029906412,7.897284,1.0978053,10.956205,-0.652233,0.15604956,0.0059812823,0.20754349,0.028850725,0.12859347,-0.007655287,253.47223,253.51628,339.2169,-0.44557226,11.632649,0.26182815
3,29,10,0.0064000003,0.07945592,0.026399663,0.038557623,0.014498639,0.081239864,0.0019522273,7.4717746,0.8740468,10.258996,-1.3774235,0.16247973,0.0039044546,0.19636095,0.022970265,0.12041029,-0.016166883,253.45927,253.4062,339.70392,0.5033767,11.632308,0.18105346
3,30,10,0.0064000003,0.08844046,0.031409394,0.041140802,0.015890269,0.08861348,-0.0026664434,7.718004,1.1947683,10.740064,-0.6951951,0.17722696,-0.0053328867,0.20283195,0.03139894,0.12605661,-0.008159537,253.41887,253.11794,339.78314,-0.49957323,11.632308,0.19919705
3,31,10,0.0064000003,0.08278045,0.022921603,0.04338154,0.016477307,0.07569941,0.0020161802,7.9253993,1.4356736,10.936651,-0.72533834,0.15139882,0.0040323604,0.20828235,0.03773002,0.12836397,-0.008513328,253.36134,252.89978,338.95795,-0.71033525,11.632308,0.22786415
3,32,10,0.0064000003,0.07954387,0.024239302,0.039785326,0.015519249,0.07784488,0.0014187787,7.589796,1.0468148,10.613937,-1.3703775,0.15568976,0.0028375573,0.1994626,0.027510673,0.12457628,-0.016084181,253.35582,252.83757,339.22388,0.32356274,11.632308,0.19956292
3,33,10,0.0064000003,0.08629807,0.032972775,0.03716011,0.01616519,0.09079204,-0.0031436079,7.335119,0.95532465,10.832573,-0.7457951,0.18158408,-0.0062872157,0.19276957,0.025106275,0.1271424,-0.008753431,253.34064,252.82074,339.28354,-0.20952958,11.631904,0.20080873
3,34,10,0.0064000003,0.08620253,0.024186315,0.044470403,0.017545814,0.07775975,0.0015019944,8.024245,1.2129556,11.285686,-0.82692164,0.1555195,0.0030039889,0.21088007,0.031876903,0.13246061,-0.009705616,253.30417,252.76814,338.42007,-0.38603395,11.631904,0.2361749
3,35,10,0.0064000003,0.08193578,0.025558593,0.0410325,0.015344689,0.079935275,0.0008184154,7.70784,0.8742924,10.554077,-1.5028125,0.15987055,0.0016368309,0.2025648,0.02297672,0.12387368,-0.017638579,253.3072,252.64767,338.58148,0.62852013,11.631904,0.18831863
3,36,10,0.0064000003,0.08478992,0.02907715,0.039572682,0.016140085,0.085260116,-0.003582726,7.569486,1.037875,10.824158,-0.82495767,0.17052023,-0.007165452,0.19892883,0.027275734,0.12704363,-0.009682566,253.30945,252.61266,338.9009,-0.21291739,11.631904,0.22108568
3,37,10,0.0064000003,0.07914944,0.024519868,0.038370743,0.016258826,0.078294106,0.0009296538,7.453646,1.2512733,10.863901,-0.87621516,0.15658821,0.0018593076,0.19588451,0.03288391,0.1275101,-0.010284178,253.23512,252.41063,338.03128,-0.3750581,11.631445,0.24485992
3,38,10,0.0064000003,0.07238413,0.023257192,0.033085454,0.01604148,0.076251544,-0.00060956494,6.9212923,1.0366757,10.791045,-1.5798831,0.15250309,-0.0012191299,0.18189408,0.027244214,0.12665497,-0.018543158,253.1747,252.11499,338.0578,0.5432074,11.631445,0.2049337
3,39,10,0.0064000003,0.08254631,0.030080352,0.03627072,0.01619524,0.08671844,-0.005341335,7.2468085,1.2881615,10.842636,-0.6346385,0.17343688,-0.01068267,0.19044873,0.03385335,0.12726052,-0.0074487817,253.11647,251.79501,337.9174,-0.653523,11.631445,0.24322857
3,40,10,0.0064000003,0.07712475,0.021945573,0.0383429,0.01683628,0.07407019,-0.00015830543,7.4509416,1.4785572,11.0551405,-0.47899064,0.14814039,-0.00031661085,0.19581343,0.038857017,0.12975469,-0.0056219343,253.06184,251.55579,336.9738,-0.99956656,11.631445,0.25694016
3,41,10,0.0064000003,0.069770984,0.024441963,0.029745167,0.015583851,0.07816963,-0.00053099776,6.562615,0.8226227,10.636007,-1.2972418,0.15633926,-0.0010619955,0.17246787,0.021618819,0.1248353,-0.015225789,253.04611,251.47789,337.32022,0.4746191,11.630873,0.2008192
3,42,10,0.0064000003,0.08364707,0.031026086,0.036094718,0.016526265,0.088071115,-0.005771224,7.2292037,1.0996219,10.952887,-0.51051456,0.17614223,-0.011542448,0.1899861,0.028898455,0.12855452,-0.0059919357,253.00833,251.31123,337.2949,-0.58910733,11.630873,0.24096912
3,43,10,0.0064000003,0.08090778,0.02252652,0.041356076,0.017025184,0.075044185,8.770131e-5,7.738171,1.2363873,11.116987,-0.48641062,0.15008837,0.00017540262,0.20336193,0.032492705,0.13048059,-0.0057090246,252.97415,251.14682,336.42883,-0.74997663,11.630873,0.24783932
3,44,10,0.0064000003,0.07357772,0.023124337,0.033760335,0.016693043,0.07603344,-0.00096459145,6.9915276,0.64135826,11.008014,-1.3669702,0.15206689,-0.0019291829,0.18373986,0.016855126,0.12920156,-0.016044192,253.00691,251.21204,336.9798,0.7256119,11.630873,0.20848787
3,45,10,0.0064000003,0.0788656,0.028289812,0.033719476,0.016856316,0.08409788,-0.0044860947,6.9872947,0.34849143,11.061718,-0.37948385,0.16819575,-0.008972189,0.18362863,0.009158477,0.12983188,-0.0044540195,253.01083,251.23962,337.37173,0.030992419,11.630131,0.19151066
3,46,10,0.0064000003,0.07946316,0.023147583,0.03829308,0.018022502,0.07607165,-0.000774788,7.4460993,0.59138966,11.437965,-0.4680617,0.1521433,-0.001549576,0.19568618,0.015541936,0.13424791,-0.005493662,252.96997,251.20312,336.54507,-0.12332797,11.630131,0.2278766
3,47,10,0.0064000003,0.07662274,0.024836319,0.035292197,0.016494222,0.07879771,-0.0001117563,7.1483855,0.06794769,10.942262,-1.4676893,0.15759543,-0.0002235126,0.18786217,0.0017856925,0.12842983,-0.017226337,252.95364,251.08131,336.62003,1.3997415,11.630131,0.1911726
3,48,10,0.0064000003,0.08306023,0.030775998,0.035638828,0.0166454,0.08771545,-0.0049629235,7.183405,0.2154672,10.992293,-0.72870266,0.1754309,-0.009925847,0.18878248,0.0056625567,0.12901706,-0.008552815,252.95671,251.12166,336.72278,0.51323545,11.630131,0.20017913
3,49,10,0.0064000003,0.07671282,0.02381017,0.03650398,0.016398668,0.07715272,-0.00087340706,7.270074,0.23528436,10.9105215,-0.45283037,0.15430544,-0.0017468141,0.19106016,0.0061833565,0.12805729,-0.0053148908,252.89792,250.91377,335.76108,0.21754602,11.629298,0.16091579
3,50,10,0.0064000003,0.071957916,0.02423346,0.03289378,0.014830673,0.0778355,-0.0007262653,6.901215,-0.15213698,10.375801,-1.0141151,0.155671,-0.0014525306,0.18136643,-0.0039982144,0.12178125,-0.011902715,252.85861,250.71922,335.92075,1.1662521,11.629298,0.14799376
3,51,10,0.0064000003,0.08171016,0.03079465,0.034742855,0.016172655,0.08774202,-0.0065898895,7.0925336,0.13974126,10.835074,-0.15954266,0.17548405,-0.013179779,0.18639435,0.0036724517,0.12717175,-0.0018725594,252.8298,250.58221,335.99707,0.019801408,11.629298,0.16104846
3,52,10,0.0064000003,0.0868851,0.023918826,0.046138663,0.016827611,0.07732856,-0.0013200113,8.17337,0.26534274,11.052295,-0.30194172,0.15465713,-0.0026400227,0.21479912,0.006973303,0.12972128,-0.0035439052,252.80043,250.47496,335.16666,0.03659898,11.629298,0.17592587
3,53,10,0.0064000003,0.08192136,0.024765749,0.04242698,0.014728625,0.078685686,-0.0020183544,7.83772,-0.593414,10.340042,-0.89804345,0.15737137,-0.0040367087,0.20597811,-0.015595132,0.121361546,-0.010540377,252.79706,250.42708,335.34525,1.4914575,11.628375,0.16292581
3,54,10,0.0064000003,0.08829418,0.03374781,0.03865631,0.015890066,0.09185289,-0.005727025,7.4813313,-0.191254,10.739995,0.13490112,0.18370578,-0.01145405,0.19661207,-0.0050262273,0.1260558,0.0015833405,252.76416,250.2488,335.55875,0.056352884,11.628375,0.1634349
3,55,10,0.0064000003,0.08360388,0.023638899,0.042990465,0.016974518,0.07687473,-0.0022668568,7.8895955,-0.039747298,11.100432,0.2654352,0.15374947,-0.0045337137,0.20734142,-0.0010445744,0.13028629,0.0031154251,252.7139,250.04242,334.7534,-0.22568789,11.628375,0.16810061
3,56,10,0.0064000003,0.081362456,0.02449788,0.04013083,0.016733741,0.07825899,-0.0012213732,7.6226816,-0.5288843,11.021423,-0.621274,0.15651798,-0.0024427464,0.20032682,-0.0138992695,0.12935896,-0.0072919237,252.74475,250.09514,335.16742,1.1501583,11.628375,0.1803619
3,57,10,0.0064000003,0.090046994,0.033064723,0.03983553,0.017146744,0.09091854,-0.0050092107,7.594584,-0.6657118,11.156606,0.505316,0.18183708,-0.010018421,0.1995884,-0.01749515,0.13094558,0.0059309173,252.75572,250.19585,335.31622,0.1603958,11.627403,0.17706026
3,58,10,0.0064000003,0.08229077,0.024250569,0.040573657,0.017466543,0.07786297,-0.0015386759,7.664622,-0.5138103,11.260164,0.21269853,0.15572594,-0.0030773517,0.20142904,-0.013503124,0.13216105,0.002496452,252.71431,250.12622,334.5974,0.30111176,11.627403,0.20154788
3,59,10,0.0064000003,0.08075309,0.0258378,0.038257945,0.016657341,0.0803707,-0.002240317,7.4426823,-0.6930137,10.996236,-0.391078,0.1607414,-0.004480634,0.19559638,-0.018212654,0.12906332,-0.0045900987,252.68225,249.93503,334.79364,1.0840917,11.627403,0.20617989
3,60,10,0.0064000003,0.09119393,0.03075177,0.04264807,0.017794091,0.08768091,-0.006913968,7.8581142,-0.17364317,11.365253,0.7205861,0.17536183,-0.013827936,0.20651409,-0.0045634084,0.1333945,0.008457551,252.63463,249.74791,334.7721,-0.54694295,11.627403,0.21513125
3,61,10,0.0064000003,0.09087173,0.028269775,0.04448503,0.018116927,0.08406809,-0.002377095,8.025565,0.011065705,11.467889,1.1149912,0.16813618,-0.00475419,0.21091475,0.00029080082,0.13459913,0.013086702,252.5417,249.40071,333.77893,-1.1260569,11.626421,0.22063988
3,62,10,0.0064000003,0.080282316,0.026414162,0.037188906,0.016679246,0.08126217,-0.001874282,7.3379607,-0.42778647,11.003465,0.15906648,0.16252434,-0.003748564,0.19284426,-0.01124239,0.12914816,0.0018669713,252.50806,249.24664,334.04486,0.26871997,11.626421,0.21587193
3,63,10,0.0064000003,0.09127572,0.03501973,0.03909161,0.017164376,0.093567796,-0.0062211114,7.5233355,-0.21945074,11.16234,1.0269868,0.18713559,-0.012442223,0.19771598,-0.0057672393,0.13101289,0.01205379,252.4641,249.06818,333.80936,-0.8075361,11.626421,0.20785956
3,64,10,0.0064000003,0.08998957,0.028607704,0.042364117,0.019017752,0.08456906,-0.0033592444,7.831911,0.024138402,11.749537,0.88787705,0.16913812,-0.006718489,0.20582545,0.00063436443,0.13790487,0.0104210535,252.3913,248.75525,332.94373,-0.91201544,11.626421,0.1987047
3,65,10,0.0064000003,0.0845466,0.026589077,0.041031577,0.016925951,0.08153079,-0.002648666,7.7077527,-0.21157135,11.084541,0.11702636,0.16306157,-0.005297332,0.20256253,-0.0055601695,0.13009977,0.0013735433,252.37135,248.58896,333.23746,0.09454499,11.625448,0.1847047
3,66,10,0.0064000003,0.09019492,0.033721436,0.038124602,0.01834888,0.091816984,-0.0056135557,7.4297013,-0.12454971,11.541068,1.1313916,0.18363397,-0.011227111,0.19525522,-0.0032732198,0.13545804,0.013279196,252.35689,248.6019,333.37222,-1.0068419,11.625448,0.17762285
3,67,10,0.0064000003,0.08815963,0.027149582,0.041721262,0.019288784,0.08238565,-0.002161042,7.772261,-0.025166983,11.832967,0.90529156,0.1647713,-0.004322084,0.20425783,-0.0006613948,0.13888407,0.010625449,252.29597,248.402,332.7167,-0.88012457,11.625448,0.18858428
3,68,10,0.0064000003,0.09529579,0.02926967,0.048242163,0.017783958,0.085541904,-0.0033182008,8.357609,-0.21896061,11.362019,0.078684516,0.17108381,-0.0066364016,0.21964099,-0.0057543623,0.13335651,0.0009235269,252.26003,248.19128,332.83328,0.1402761,11.625448,0.20812146
3,69,10,0.0064000003,0.10189442,0.033662338,0.04957791,0.018654175,0.091736495,-0.005582104,8.472523,0.026231091,11.636684,1.2277431,0.18347299,-0.011164208,0.22266097,0.00068936445,0.13658029,0.014410077,252.23903,248.17998,332.74283,-1.2539742,11.62438,0.20070954
3,70,10,0.0064000003,0.09688767,0.028061543,0.04967943,0.019146705,0.0837579,-0.00093528524,8.481194,0.0092089875,11.789306,0.9443191,0.1675158,-0.0018705705,0.22288883,0.00024202134,0.13837162,0.01108352,252.2304,248.20947,332.29483,-0.9535281,11.62438,0.20198028
3,71,10,0.0064000003,0.09602985,0.030004883,0.048071813,0.01795315,0.08660959,-0.0006928009,8.34284,-0.18660158,11.4159355,0.40868768,0.17321917,-0.0013856018,0.21925285,-0.004903952,0.13398936,0.004796783,252.23882,248.22743,332.74142,-0.2220861,11.62438,0.20761812
3,72,10,0.0064000003,0.097964115,0.03209265,0.0473277,0.018543763,0.08957211,-0.005130433,8.278018,0.1373459,11.602196,1.5404654,0.17914422,-0.010260866,0.21754931,0.003609491,0.13617548,0.018080512,252.18964,248.09375,332.6845,-1.6778113,11.62438,0.21762027
3,73,10,0.0064000003,0.09307568,0.026907377,0.04720617,0.018962134,0.08201734,-0.0010376757,8.267384,0.19659254,11.732345,1.1127839,0.16403468,-0.0020753513,0.21726981,0.0051665353,0.13770306,0.013060795,252.10587,247.80489,331.6351,-1.3093765,11.623215,0.19679102
3,74,10,0.0064000003,0.0967543,0.029277062,0.049894016,0.017583221,0.08555271,-0.0011225563,8.499491,-0.017329128,11.297709,0.3514886,0.17110541,-0.0022451126,0.22336969,-0.0004554156,0.13260174,0.0041254372,252.09302,247.703,331.9657,-0.33415946,11.623215,0.19968016
3,75,10,0.0064000003,0.10729448,0.033679284,0.055229336,0.018385857,0.091759585,-0.004100708,8.9423895,0.2253959,11.5526905,1.491087,0.18351917,-0.008201416,0.23500922,0.005923483,0.13559446,0.017500957,252.10243,247.73422,332.18805,-1.7164829,11.623215,0.22042607
3,76,10,0.0064000003,0.11004732,0.029607335,0.061165817,0.019274168,0.08603391,-0.0014943882,9.410724,0.24268441,11.828483,1.2927858,0.17206782,-0.0029887764,0.24731724,0.0063778344,0.13883144,0.015173485,252.10602,247.80489,331.67484,-1.5354701,11.623215,0.23275921
3,77,10,0.0064000003,0.10998516,0.030617332,0.06153567,0.017832156,0.087489046,-0.0011254171,9.439134,0.1542773,11.377403,0.6687262,0.17497809,-0.0022508341,0.24806385,0.0040544574,0.1335371,0.007848868,252.11961,247.83627,332.13834,-0.82300353,11.621955,0.24493825
3,78,10,0.0064000003,0.10962207,0.03302714,0.05775401,0.018840915,0.09086685,-0.004602738,9.144495,0.57949287,11.694783,1.8090731,0.1817337,-0.009205476,0.24032064,0.015229283,0.13726221,0.02123317,252.12042,247.84904,332.24567,-2.388566,11.621955,0.24022883
3,79,10,0.0064000003,0.10794093,0.031079123,0.05642359,0.020438217,0.08814636,0.00051085773,9.038556,0.2534635,12.180431,1.2313423,0.17629272,0.0010217155,0.2375365,0.0066611115,0.14296229,0.0144523205,252.12186,247.94443,331.65744,-1.4848058,11.621955,0.22879879
3,80,10,0.0064000003,0.11150425,0.034257922,0.058562238,0.01868409,0.09254448,-0.00064933265,9.208259,-0.032922763,11.64601,0.52105,0.18508896,-0.0012986653,0.24199636,-0.000865221,0.13668975,0.00611559,252.1441,247.93225,331.90826,-0.4881272,11.621955,0.26137978
3,81,10,0.0064000003,0.10290082,0.03431852,0.049571153,0.019011144,0.092626296,-0.001369731,8.471947,0.023479886,11.747497,0.9889649,0.18525259,-0.002739462,0.2226458,0.0006170586,0.1378809,0.011607523,252.18837,248.11859,332.35638,-1.0124449,11.620588,0.22764185
3,82,10,0.0064000003,0.101982854,0.03304052,0.04785485,0.021087488,0.09088526,0.0019762956,8.323992,-0.2168721,12.372393,0.97099334,0.18177052,0.003952591,0.21875751,-0.0056994758,0.14521532,0.011396597,252.22076,248.40242,332.16556,-0.75412124,11.620588,0.2740169
3,83,10,0.0064000003,0.10454143,0.03111546,0.05408239,0.01934358,0.08819787,0.0008405208,8.8490505,-0.4048718,11.849763,0.3579443,0.17639574,0.0016810416,0.23255621,-0.010640178,0.1390812,0.004201207,252.204,248.37552,332.66827,0.046927482,11.620588,0.2574601
3,84,10,0.0064000003,0.10562367,0.032832213,0.053287763,0.019503688,0.09059831,-0.002512124,8.783799,0.3721795,11.898703,1.4794925,0.18119662,-0.005024248,0.23084143,0.009781004,0.1396556,0.017364867,252.1263,248.0941,332.36844,-1.851672,11.620588,0.29384056
3,85,10,0.0064000003,0.097945586,0.030118313,0.048074547,0.019752724,0.08677314,0.0019288998,8.343078,0.6386374,11.974425,0.8821911,0.17354628,0.0038577996,0.21925908,0.016783627,0.14054438,0.010354318,252.02928,247.68576,331.41257,-1.5208285,11.6191435,0.23264939
3,86,10,0.0064000003,0.10300305,0.031154383,0.0527371,0.019111564,0.08825302,0.0012510814,8.7382965,0.438922,11.778482,0.2513318,0.17650604,0.0025021627,0.2296456,0.011535033,0.13824458,0.0029498916,252.00691,247.59595,331.49277,-0.6902538,11.6191435,0.24330054
3,87,10,0.0064000003,0.11289078,0.036905155,0.055849813,0.020135809,0.09605357,-0.0025154047,8.99248,0.6732274,12.089985,1.2163141,0.19210714,-0.0050308094,0.23632565,0.017692655,0.1419007,0.014275932,251.98492,247.54991,331.31937,-1.8895415,11.6191435,0.26652524
3,88,10,0.0064000003,0.121001996,0.035681315,0.06448523,0.02083545,0.09444749,0.00086183863,9.662707,0.62578845,12.298229,0.6475444,0.18889499,0.0017236773,0.25393942,0.01644594,0.1443449,0.0076002628,251.95111,247.41083,330.71582,-1.2733328,11.6191435,0.26237693
3,89,10,0.0064000003,0.12624124,0.03497435,0.07163458,0.019632298,0.093507156,0.002601895,10.184272,0.109694816,11.937869,0.019290924,0.18701431,0.00520379,0.26764637,0.002882825,0.1401153,0.00022642013,251.98149,247.57022,330.99606,-0.12898573,11.617627,0.21830647
3,90,10,0.0064000003,0.12289384,0.037036836,0.067293435,0.018563565,0.096224785,5.1108273e-5,9.870861,0.22678383,11.608387,0.93592864,0.19244957,0.000102216545,0.2594098,0.0059599564,0.13624817,0.01098504,252.01385,247.74109,331.18875,-1.1627125,11.617627,0.2244095
3,91,10,0.0064000003,0.11520809,0.03603201,0.059654582,0.0195215,0.094910495,0.003350608,9.293741,0.47595915,11.904135,0.70075595,0.18982099,0.006701216,0.24424288,0.012508377,0.13971937,0.008224805,251.94977,247.41762,330.47485,-1.1767151,11.617627,0.2312514
3,92,10,0.0064000003,0.113110214,0.03477947,0.058373384,0.01995736,0.09324627,0.0024005412,9.193398,0.21959062,12.036292,-0.060118128,0.18649255,0.0048010824,0.24160585,0.0057709194,0.14127052,-0.0007056103,251.95076,247.34319,330.60556,-0.1594725,11.617627,0.22805111
3,93,10,0.0064000003,0.11154309,0.03944437,0.052821107,0.01927762,0.09930303,0.00076888327,8.745254,0.07934262,11.829542,0.23087615,0.19860606,0.0015377665,0.22982843,0.0020851512,0.13884386,0.0027098046,251.98303,247.57188,330.67783,-0.31021875,11.616083,0.19409269
3,94,10,0.0064000003,0.10627677,0.03633017,0.049803477,0.02014313,0.09530237,0.004367614,8.4917755,0.041387618,12.092181,-0.044558745,0.19060475,0.008735228,0.22316693,0.0010876824,0.1419265,-0.0005229877,251.94725,247.47884,330.0803,0.0031711273,11.616083,0.1878525
3,95,10,0.0064000003,0.11228151,0.036787964,0.055970434,0.019523105,0.095900945,0.004163296,9.002186,-0.032685637,11.904624,-0.53732747,0.19180189,0.008326592,0.23658071,-0.00085898844,0.1397251,-0.0063066366,251.95728,247.40665,330.65622,0.5700131,11.616083,0.20014986
3,96,10,0.0064000003,0.121806815,0.037531454,0.06529942,0.018975945,0.096865185,0.0013586086,9.7235155,0.28696042,11.736616,0.36989504,0.19373037,0.0027172172,0.2555375,0.0075414255,0.1377532,0.0043414743,251.98366,247.50136,331.15918,-0.65685546,11.616083,0.204368
3,97,10,0.0064000003,0.114241794,0.031896625,0.06311379,0.019231377,0.08929813,0.0055872956,9.559403,0.15123287,11.815345,-0.32317007,0.17859626,0.011174591,0.25122458,0.003974456,0.13867724,-0.003793059,252.00328,247.66687,330.66168,0.1719372,11.614528,0.18046032
3,98,10,0.0064000003,0.11805421,0.037068054,0.06268922,0.018296937,0.09626533,0.005029081,9.527197,-0.23734888,11.524722,-0.7019448,0.19253066,0.010058162,0.25037816,-0.0062376154,0.13526617,-0.008238758,252.06784,248.0999,331.2594,0.93929374,11.614528,0.20926729
3,99,10,0.0064000003,0.11925785,0.04006048,0.06184541,0.017351963,0.10007557,0.0017566124,9.462859,0.012967351,11.223169,0.44722608,0.20015115,0.003513225,0.24868737,0.00034078202,0.13172685,0.0052491124,252.06512,248.14006,331.3526,-0.46019343,11.614528,0.2105036
3,100,10,0.0064000003,0.11292775,0.03627312,0.057125896,0.019528732,0.09522752,0.0057450226,9.094633,0.118103564,11.906339,0.1651843,0.19045503,0.011490045,0.23901024,0.003103798,0.13974524,0.0019387726,252.03261,248.00055,330.73993,-0.28328788,11.614528,0.21337111
4,1,10,0.0051200003,0.08486426,0.02241538,0.041456923,0.02099195,0.07485884,0.008601491,7.747601,-0.087719,12.344334,-1.6626745,0.14971767,0.017202983,0.20360973,-0.002305291,0.14488599,-0.019514887,251.74763,247.85655,332.86813,1.7503935,11.613018,0.28165224
4,2,10,0.0051200003,0.08371007,0.025697041,0.038873736,0.01913929,0.08015148,0.0084985,7.5023413,-0.68183315,11.787024,-2.277912,0.16030297,0.016997,0.19716424,-0.017918818,0.13834482,-0.026735954,251.85619,248.2815,333.87296,2.959745,11.613018,0.31692967
4,3,10,0.0051200003,0.089634866,0.032483526,0.038959213,0.01819213,0.090115935,0.003329029,7.510585,-0.80842125,11.491667,-1.6032238,0.18023187,0.006658058,0.19738089,-0.021245603,0.1348782,-0.018817114,251.91112,248.49113,334.36978,2.411645,11.613018,0.29949895
4,4,10,0.0051200003,0.089058116,0.02505479,0.043575373,0.020427953,0.079143524,0.010018072,7.9430847,-0.5778163,12.177373,-1.7462109,0.15828705,0.020036144,0.20874715,-0.015185213,0.1429264,-0.020495359,251.8993,248.51419,333.8165,2.3240273,11.613018,0.30892444
4,5,10,0.0051200003,0.08885951,0.026209926,0.043820843,0.018828742,0.0809474,0.010429632,7.9654264,-0.77453905,11.691005,-2.4285603,0.1618948,0.020859264,0.20933428,-0.020355167,0.13721786,-0.028504124,251.89954,248.4885,334.41028,3.2030993,11.611661,0.3514261
4,6,10,0.0051200003,0.096088186,0.03849965,0.039133977,0.018454557,0.09810664,0.0055237273,7.527412,-0.5377436,11.574255,-1.6806967,0.19621328,0.011047455,0.19782309,-0.014132104,0.13584755,-0.019726418,251.89986,248.40738,334.5898,2.2184403,11.611661,0.33166292
4,7,10,0.0051200003,0.08251738,0.023429258,0.03917384,0.019914279,0.076533094,0.010477071,7.5312443,-0.43967623,12.023294,-1.856781,0.15306619,0.020954141,0.19792382,-0.011554853,0.14111796,-0.021793129,251.91101,248.55556,334.24164,2.2964573,11.611661,0.32064062
4,8,10,0.0051200003,0.081906475,0.023917504,0.04005008,0.01793889,0.077326424,0.009490421,7.615008,-0.7941193,11.411401,-2.51719,0.15465285,0.018980842,0.20012516,-0.020869754,0.13393614,-0.029544372,251.97546,248.76472,334.9883,3.3113093,11.611661,0.37140357
4,9,10,0.0051200003,0.08473185,0.028771993,0.038826216,0.017133635,0.084811546,0.005812418,7.4977536,-0.8598419,11.152338,-1.5118072,0.16962309,0.011624836,0.19704369,-0.022596957,0.13089551,-0.01774415,252.04393,248.99387,335.40906,2.371649,11.61017,0.3319353
4,10,10,0.0051200003,0.08128579,0.022604236,0.04092845,0.0177531,0.07517353,0.009943868,7.69806,-0.90556574,11.352156,-1.577583,0.15034705,0.019887736,0.2023078,-0.023798596,0.13324076,-0.01851616,252.08517,249.2854,335.0752,2.4831486,11.61017,0.34697244
4,11,10,0.0051200003,0.08462791,0.024997238,0.04299922,0.016631454,0.079052575,0.010128041,7.8904,-1.3503221,10.987688,-2.2454643,0.15810515,0.020256082,0.20736253,-0.035486948,0.128963,-0.026355116,252.14334,249.51065,335.72437,3.5957866,11.61017,0.3851639
4,12,10,0.0051200003,0.09555883,0.035482567,0.042651657,0.017424606,0.094184086,0.006139136,7.8584447,-1.09509,11.246636,-1.4489945,0.18836817,0.012278272,0.20652278,-0.028779369,0.1320023,-0.017006915,252.19182,249.58963,335.96054,2.5440845,11.61017,0.35551485
4,13,10,0.0051200003,0.0867436,0.027263977,0.041141357,0.018338272,0.082559034,0.010563878,7.718057,-0.7749934,11.537731,-1.2400806,0.16511807,0.021127757,0.20283332,-0.02036711,0.13541888,-0.014554883,252.2178,249.78618,335.10434,2.015074,11.608596,0.3009898
4,14,10,0.0051200003,0.0866297,0.027999343,0.041686673,0.016943682,0.08366502,0.010466107,7.7690396,-1.306078,11.090347,-1.9573326,0.16733004,0.020932214,0.20417315,-0.034324195,0.1301679,-0.0229733,252.29163,250.02744,336.0089,3.2634106,11.608596,0.35584858
4,15,10,0.0051200003,0.09359591,0.03308936,0.043155894,0.017350662,0.090952404,0.00553952,7.904761,-1.332128,11.222749,-1.3732241,0.18190481,0.01107904,0.20773996,-0.035008796,0.13172191,-0.016117591,252.33606,250.14883,336.65787,2.7053523,11.608596,0.36011773
4,16,10,0.0051200003,0.09138338,0.023877505,0.04944963,0.018056242,0.07726174,0.008797629,8.461555,-1.0646024,11.448667,-1.1317146,0.15452348,0.017595258,0.22237273,-0.02797813,0.13437352,-0.013282986,252.31526,250.19296,336.03586,2.196317,11.608596,0.35317674
4,17,10,0.0051200003,0.087885626,0.024673197,0.0480411,0.015171329,0.07853852,0.0084570665,8.340175,-1.027932,10.494288,-1.4701279,0.15707704,0.016914133,0.2191828,-0.02701442,0.12317195,-0.01725496,252.3329,250.1914,336.60034,2.49806,11.606932,0.3505086
4,18,10,0.0051200003,0.08721993,0.029360987,0.041810337,0.016048605,0.08567524,0.0036875906,7.7805533,-0.4381942,10.79344,-0.43697742,0.17135048,0.007375181,0.20447576,-0.011515901,0.12668309,-0.005128825,252.3285,250.0449,336.892,0.8751716,11.606932,0.32967147
4,19,10,0.0051200003,0.08262946,0.022372184,0.042898446,0.01735882,0.07478667,0.008133255,7.881147,-0.045942366,11.225388,-0.53375775,0.14957334,0.01626651,0.2071194,-0.0012073806,0.13175288,-0.0062647383,252.28905,249.88037,336.10544,0.5797001,11.606932,0.3217639
4,20,10,0.0051200003,0.080866925,0.023546522,0.041757893,0.015562509,0.07672438,0.008633041,7.775672,-0.510019,10.628722,-1.5252997,0.15344876,0.017266082,0.20434748,-0.013403483,0.12474979,-0.017902516,252.31277,249.90471,336.50067,2.0353186,11.606932,0.34348667
4,21,10,0.0051200003,0.08410486,0.029889898,0.038578965,0.015635995,0.08644348,0.0016572465,7.4738426,-0.16087842,10.653787,-0.7686584,0.17288695,0.003314493,0.19641529,-0.004227949,0.12504397,-0.009021782,252.35898,250.07817,336.82608,0.9295368,11.605197,0.29579532
4,22,10,0.0051200003,0.0878108,0.025658607,0.044666797,0.017485399,0.08009152,0.0058073923,8.0419445,-0.03168611,11.266239,-0.8515309,0.16018304,0.011614785,0.21134521,-0.0008327214,0.13223237,-0.009994457,252.39102,250.35889,336.3075,0.88321704,11.605197,0.31204653
4,23,10,0.0051200003,0.08045859,0.027222268,0.038236722,0.014999599,0.08249586,0.007769852,7.4406176,-0.47496912,10.434726,-1.3782936,0.16499172,0.015539704,0.19554213,-0.012482364,0.12247285,-0.016177094,252.45337,250.53587,337.08096,1.8532628,11.605197,0.3250759
4,24,10,0.0051200003,0.0842268,0.033067904,0.035384282,0.015774617,0.090922914,0.0025846784,7.1577063,-0.2744606,10.700908,-0.61360794,0.18184583,0.0051693567,0.1881071,-0.0072129327,0.12559704,-0.007201943,252.50821,250.74947,337.56918,0.88806856,11.605197,0.33742207
4,25,10,0.0051200003,0.08069413,0.025706658,0.03800237,0.016985103,0.08016648,0.0051458604,7.417782,0.30164576,11.103893,0.041222595,0.16033296,0.010291721,0.19494197,0.007927363,0.13032691,0.00048382935,252.46768,250.71849,336.70908,-0.34286836,11.603412,0.29514477
4,26,10,0.0051200003,0.08258778,0.027200647,0.041574817,0.0138123175,0.08246309,0.0050469097,7.7586083,-0.062285144,10.013237,-0.7681983,0.16492619,0.010093819,0.20389904,-0.0016368736,0.117525816,-0.00901638,252.48518,250.74521,337.34985,0.83048344,11.603412,0.33275402
4,27,10,0.0051200003,0.09986828,0.040079154,0.044064518,0.015724616,0.10009889,0.0011489962,7.987543,0.15831919,10.683935,0.22548714,0.20019779,0.0022979924,0.2099155,0.0041606883,0.12539783,0.002646555,252.51125,250.77194,337.6235,-0.38380635,11.603412,0.3580955
4,28,10,0.0051200003,0.087949134,0.025816696,0.04315452,0.018977916,0.080337875,0.005543745,7.9046345,0.39334598,11.737225,0.34535918,0.16067575,0.01108749,0.20773666,0.010337286,0.13776036,0.0040534954,252.5341,250.83191,336.979,-0.73870516,11.603412,0.3678177
4,29,10,0.0051200003,0.083988234,0.028446311,0.04159375,0.0139481705,0.08433017,0.0043832683,7.760375,0.0146134505,10.062361,-0.532777,0.16866034,0.008766537,0.20394546,0.000384049,0.11810237,-0.0062532322,252.60559,251.0857,337.47763,0.51816356,11.601555,0.28020415
4,30,10,0.0051200003,0.09959665,0.040105164,0.044394575,0.01509691,0.10013137,-0.0011600804,8.017401,-0.060204092,10.46852,-0.048014592,0.20026274,-0.0023201609,0.2107002,-0.0015821867,0.122869484,-0.00056354597,252.67328,251.33124,337.92883,0.108218685,11.601555,0.27278352
4,31,10,0.0051200003,0.088499844,0.02793611,0.043474294,0.017089438,0.083570495,0.00481558,7.9338675,0.028786708,11.137947,-0.061429273,0.16714099,0.00963116,0.2085049,0.0007565238,0.13072658,-0.00072099915,252.70576,251.54697,337.61017,0.032642566,11.601555,0.28460607
4,32,10,0.0051200003,0.09133547,0.0328993,0.043775108,0.014661062,0.09069082,0.0045766733,7.961268,-0.43024567,10.316299,-0.7948377,0.18138164,0.0091533465,0.20922501,-0.011307016,0.12108287,-0.009329043,252.78154,251.79735,338.16135,1.2250834,11.601555,0.30152887
4,33,10,0.0051200003,0.10569477,0.04680553,0.043870565,0.015018672,0.10817293,-0.0009137094,7.969945,-0.21976641,10.441358,0.21063125,0.21634586,-0.0018274188,0.20945302,-0.0057755336,0.12255069,0.002472188,252.88342,252.16493,338.8446,0.009135157,11.599675,0.23760882
4,34,10,0.0051200003,0.0892633,0.028856942,0.043896742,0.016509615,0.084936656,0.0027602918,7.972322,-0.13462166,10.947368,0.4736816,0.16987331,0.0055205836,0.2095155,-0.0035379054,0.12848975,0.0055596204,252.90605,252.36636,338.21347,-0.33905995,11.599675,0.25517723
4,35,10,0.0051200003,0.08951306,0.032614425,0.042690534,0.01420811,0.09029732,0.0036279734,7.862026,-0.44803295,10.155689,-0.21038143,0.18059464,0.0072559468,0.20661688,-0.011774463,0.11919778,-0.0024692568,252.95427,252.56679,338.72153,0.65841436,11.599675,0.24947543
4,36,10,0.0051200003,0.105647065,0.047007736,0.04365318,0.014986153,0.108406335,-0.0013166636,7.9501734,-0.17581053,10.430047,0.49287695,0.21681267,-0.0026333272,0.20893343,-0.004620369,0.12241794,0.0057849213,252.98065,252.5975,339.129,-0.31706643,11.599675,0.2700498
4,37,10,0.0051200003,0.09236137,0.030760713,0.046272308,0.015328346,0.08769366,0.00046629013,8.1852,0.49068388,10.548455,0.8038008,0.17538732,0.00093258027,0.21510999,0.012895355,0.1238077,0.009434248,252.98631,252.68155,338.6685,-1.2944847,11.597823,0.29293567
4,38,10,0.0051200003,0.08950115,0.032225695,0.043250643,0.014024814,0.089757584,0.0014168096,7.913434,0.0029763116,10.089966,-0.002888323,0.17951517,0.0028336192,0.20796789,7.8213336e-5,0.118426405,-3.390315e-5,253.01825,252.69499,339.41074,-8.798856e-5,11.597823,0.21890508
4,39,10,0.0051200003,0.09360436,0.03941988,0.038667496,0.015516992,0.0992722,-0.004332349,7.4824133,0.05523797,10.613167,0.60148126,0.1985444,-0.008664698,0.19664052,0.0014516742,0.12456722,0.0070596165,253.072,252.87386,339.8704,-0.6567192,11.597823,0.22621663
4,40,10,0.0051200003,0.0865711,0.030166956,0.040508077,0.01589607,0.086843185,0.001213559,7.658425,0.45656916,10.742023,0.4897861,0.17368637,0.002427118,0.20126618,0.011998801,0.12607962,0.00574864,253.0479,252.8187,339.0344,-0.9463552,11.597823,0.25861505
4,41,10,0.0051200003,0.08078941,0.03013436,0.036751855,0.013903191,0.086796254,-0.0006606862,7.294714,0.15829533,10.046121,-0.12987858,0.17359251,-0.0013213723,0.19170773,0.004160063,0.11791179,-0.0015243914,253.06615,252.81183,339.48517,-0.028416753,11.5959835,0.22003764
4,42,10,0.0051200003,0.08550161,0.034297388,0.035873022,0.015331198,0.09259777,-0.0057714204,7.206969,0.47237676,10.549437,0.6476409,0.18519554,-0.011542841,0.18940175,0.012414234,0.12381922,0.0076013887,253.05696,252.676,339.71756,-1.1200176,11.5959835,0.21948929
4,43,10,0.0051200003,0.0839548,0.02789536,0.03948682,0.016572624,0.08350952,-0.0014333271,7.5612707,0.8590251,10.968238,0.7120255,0.16701904,-0.0028666542,0.19871292,0.022575488,0.12873471,0.008357071,253.03577,252.65923,338.80386,-1.5710506,11.5959835,0.25460607
4,44,10,0.0051200003,0.08127578,0.030113926,0.037169084,0.013992774,0.086766824,0.00018594722,7.3360043,0.24720086,10.078436,-0.053439748,0.17353365,0.00037189445,0.19279285,0.0064965286,0.11829106,-0.000627229,253.11893,253.00726,339.28735,-0.19376111,11.5959835,0.19265652
4,45,10,0.0051200003,0.09473799,0.040631607,0.038647912,0.015458471,0.10078642,-0.0074508246,7.4805183,0.5176233,10.593134,0.5258212,0.20157284,-0.014901649,0.19659072,0.013603327,0.1243321,0.0061715865,253.20274,253.36072,339.7845,-1.0434445,11.594166,0.21210802
4,46,10,0.0051200003,0.083602145,0.028966632,0.037974685,0.016660826,0.08509793,-0.0023926038,7.4150786,0.52375394,10.997386,0.7480282,0.17019586,-0.0047852076,0.19487095,0.013764443,0.12907682,0.00877964,253.25797,253.63115,339.46442,-1.2717822,11.594166,0.20348588
4,47,10,0.0051200003,0.08499937,0.032335233,0.038195625,0.014468509,0.08991,-0.0019560673,7.4366183,0.27386484,10.248331,-0.16929667,0.17982,-0.0039121346,0.19543701,0.0071972692,0.120285116,-0.0019870442,253.32329,253.83553,339.9171,-0.10456817,11.594166,0.19852772
4,48,10,0.0051200003,0.09806251,0.04148452,0.041058674,0.015519314,0.101838745,-0.0068204217,7.710298,0.34315902,10.613961,0.54834193,0.20367749,-0.013640843,0.2026294,0.009018342,0.12457654,0.006435916,253.3478,253.8628,340.27692,-0.89150095,11.594166,0.18775068
4,49,10,0.0051200003,0.09397492,0.029039774,0.048476532,0.016458614,0.0852053,-0.0040466413,8.377886,0.9555711,10.930446,1.0681041,0.1704106,-0.008093283,0.22017387,0.02511276,0.12829113,0.0125363935,253.32585,253.7418,339.69254,-2.0236752,11.592429,0.23017105
4,50,10,0.0051200003,0.09808551,0.034144636,0.049249783,0.014691086,0.092391334,-0.0044113775,8.444439,0.8142511,10.326856,0.4726682,0.18478267,-0.008822755,0.22192292,0.021398816,0.12120679,0.0055477293,253.3325,253.66603,339.73752,-1.2869194,11.592429,0.21858759
4,51,10,0.0051200003,0.10797591,0.04045926,0.05332814,0.0141885085,0.10057244,-0.0078879185,8.7871275,0.8416556,10.148681,0.70708907,0.20114487,-0.015775837,0.23092887,0.02211902,0.119115524,0.008299136,253.3573,253.7605,339.8266,-1.5487447,11.592429,0.21704438
4,52,10,0.0051200003,0.092166945,0.03090706,0.046264924,0.014994966,0.08790202,-0.004225586,8.184546,1.0720769,10.433114,0.6126352,0.17580403,-0.008451172,0.21509282,0.028174572,0.122453935,0.0071905297,253.33858,253.72928,339.23074,-1.6847122,11.592429,0.2246447
4,53,10,0.0051200003,0.08977865,0.032753523,0.042653363,0.014371764,0.09048967,-0.0041980008,7.8586025,0.8585992,10.214008,0.019610435,0.18097934,-0.0083960015,0.2065269,0.022564296,0.11988229,0.00023016694,253.38376,253.85771,339.93292,-0.8782096,11.590765,0.23210979
4,54,10,0.0051200003,0.10325028,0.041438807,0.047229614,0.014581857,0.10178262,-0.00974669,8.269436,1.1081842,10.288394,0.6146782,0.20356524,-0.01949338,0.21732375,0.029123481,0.12075536,0.007214509,253.42604,254.01085,340.3529,-1.7228625,11.590765,0.25102085
4,55,10,0.0051200003,0.094601184,0.030689877,0.049871594,0.014039706,0.08759263,-0.0054031727,8.497581,1.4325868,10.095323,0.97758144,0.17518526,-0.010806345,0.22331949,0.037648905,0.118489265,0.011473916,253.39452,254.01059,339.6348,-2.4101682,11.590765,0.24226853
4,56,10,0.0051200003,0.0912037,0.031579502,0.045845762,0.013778432,0.08885311,-0.005724378,8.147385,1.3406713,10.000946,0.34639546,0.17770623,-0.011448756,0.21411623,0.035233323,0.117381565,0.004065658,253.38191,253.84091,339.90735,-1.6870668,11.590765,0.20121418
4,57,10,0.0051200003,0.09865146,0.04161529,0.042971645,0.014064529,0.10199913,-0.010695564,7.887868,1.4876456,10.104243,0.69769174,0.20399825,-0.021391127,0.20729603,0.03909586,0.11859397,0.00818884,253.4001,253.89386,340.0201,-2.1853373,11.589175,0.20925318
4,58,10,0.0051200003,0.0901353,0.03274113,0.043316595,0.014077574,0.09047255,-0.005469705,7.919464,1.4536558,10.108929,0.5920791,0.1809451,-0.01093941,0.2081264,0.038202602,0.118648954,0.006949261,253.41772,254.07256,339.40784,-2.045735,11.589175,0.2090523
4,59,10,0.0051200003,0.09284567,0.03464705,0.04365558,0.014543032,0.09306859,-0.0040121167,7.9503922,1.1335806,10.274689,0.07131434,0.18613718,-0.008024233,0.20893918,0.029790908,0.120594494,0.000837016,253.46033,254.1573,340.13873,-1.2048949,11.589175,0.22268185
4,60,10,0.0051200003,0.096250676,0.03743731,0.04316554,0.015647829,0.09674361,-0.009679847,7.905644,1.2680558,10.657817,0.59372467,0.19348723,-0.019359695,0.20776318,0.033324964,0.12509128,0.0069685727,253.49171,254.25221,340.8153,-1.8617804,11.589175,0.18513474
4,61,10,0.0051200003,0.08640841,0.029377699,0.043008607,0.014022096,0.08569962,-0.005719829,7.8912606,1.7024322,10.08899,0.90658945,0.17139924,-0.011439658,0.20738517,0.04474053,0.11841493,0.010640678,253.43604,254.08237,339.8019,-2.6090217,11.587696,0.19365913
4,62,10,0.0051200003,0.09503101,0.034625813,0.046204284,0.014200909,0.093040064,-0.0063468623,8.17918,1.5368878,10.153114,0.28160205,0.18608013,-0.012693725,0.21495181,0.040389966,0.11916757,0.0033051756,253.44156,254.0045,339.9364,-1.8184898,11.587696,0.20284851
4,63,10,0.0051200003,0.10394338,0.041009527,0.047372483,0.015561374,0.101254046,-0.011435518,8.281934,1.3224641,10.628334,0.37957755,0.20250809,-0.022871036,0.2176522,0.03475483,0.124745235,0.0044551203,253.50157,254.21977,340.40384,-1.7020416,11.587696,0.1847295
4,64,10,0.0051200003,0.08976765,0.031466495,0.043040454,0.015260699,0.08869399,-0.0060605174,7.8941813,1.5387498,10.525153,0.8089578,0.17738798,-0.012121035,0.20746194,0.040438898,0.1235342,0.009494777,253.48947,254.18173,339.94043,-2.3477077,11.587696,0.18507415
4,65,10,0.0051200003,0.0935591,0.03424945,0.044874325,0.014435321,0.09253304,-0.0053139986,8.060605,1.332811,10.236569,0.023936147,0.18506607,-0.010627997,0.21183561,0.035026755,0.12014708,0.00028094318,253.4972,254.15112,340.2266,-1.3567472,11.586275,0.2083096
4,66,10,0.0051200003,0.0993536,0.03751323,0.047379572,0.014460797,0.09684166,-0.009934521,8.282554,1.5680456,10.245599,0.52241075,0.19368333,-0.019869043,0.21766849,0.041208804,0.12025306,0.006131558,253.49274,254.10815,340.4114,-2.0904565,11.586275,0.21417677
4,67,10,0.0051200003,0.09591083,0.030317066,0.050759673,0.014834089,0.087058984,-0.0064235907,8.5729065,1.9473758,10.376996,0.74352866,0.17411797,-0.012847181,0.22529908,0.051177736,0.121795274,0.008726835,253.42284,253.91998,339.43848,-2.6909044,11.586275,0.2351888
4,68,10,0.0051200003,0.09973635,0.03550038,0.049265172,0.0149707915,0.09420773,-0.0063386494,8.445759,1.8483136,10.424701,-0.038476963,0.18841545,-0.012677299,0.2219576,0.04857435,0.122355185,-0.00045160513,253.41124,253.79028,339.7523,-1.8098366,11.586275,0.2645791
4,69,10,0.0051200003,0.10833175,0.04565647,0.047152046,0.015523232,0.10683687,-0.009189808,8.262642,1.473428,10.6153,0.35179818,0.21367374,-0.018379616,0.21714522,0.03872222,0.12459226,0.0041290727,253.43394,253.87437,339.9888,-1.8252262,11.584949,0.25022617
4,70,10,0.0051200003,0.08993229,0.03153898,0.043815,0.014578311,0.08879609,-0.0058393395,7.964896,1.5125868,10.287144,0.23658594,0.17759217,-0.011678679,0.20932034,0.039751336,0.120740674,0.002776819,253.43872,253.93951,339.31287,-1.7491728,11.584949,0.2167914
4,71,10,0.0051200003,0.086743765,0.03127005,0.04095723,0.014516479,0.088416696,-0.005644807,7.700766,1.2778637,10.265305,-0.32946432,0.17683339,-0.011289614,0.20237893,0.033582732,0.12048435,-0.0038669363,253.49072,254.13344,339.82748,-0.9483994,11.584949,0.21981625
4,72,10,0.0051200003,0.10144451,0.04363026,0.043171916,0.014642339,0.10443929,-0.010869433,7.906228,1.3975167,10.3097105,0.20472679,0.20887858,-0.021738866,0.20777853,0.036727246,0.121005535,0.002402888,253.5105,254.2478,340.36557,-1.6022435,11.584949,0.24357413
4,73,10,0.0051200003,0.09045282,0.029490137,0.046739724,0.01422296,0.08586346,-0.004106493,8.226437,1.3326225,10.160994,0.30088928,0.17172693,-0.008212986,0.21619372,0.035021804,0.11926005,0.0035315524,253.4687,254.12926,339.6396,-1.6335118,11.583726,0.24988273
4,74,10,0.0051200003,0.094932154,0.032466337,0.048599508,0.013866303,0.090092085,-0.0044834744,8.388506,1.256666,10.032786,-0.37399432,0.18018417,-0.008966949,0.22045296,0.033025645,0.117755264,-0.004389592,253.44868,253.97386,339.9457,-0.8826716,11.583726,0.27661932
4,75,10,0.0051200003,0.10280943,0.039804623,0.048614472,0.0143903345,0.09975548,-0.008972436,8.389797,1.4389333,10.220606,0.033948418,0.19951096,-0.017944872,0.2204869,0.03781569,0.11995972,0.00039845644,253.42862,253.80382,340.03424,-1.4728817,11.583726,0.2857173
4,76,10,0.0051200003,0.09377145,0.02808617,0.05169521,0.013990069,0.083794646,-0.0047794823,8.651548,1.5367991,10.07746,0.28533697,0.16758929,-0.0095589645,0.2273658,0.040387634,0.11827962,0.0033490115,253.41563,253.84268,339.3253,-1.822136,11.583726,0.27868444
4,77,10,0.0051200003,0.09659691,0.033892777,0.049352296,0.013351841,0.09204996,-0.004453495,8.453223,0.9336709,9.844911,-0.47073695,0.18409991,-0.00890699,0.22215377,0.024537217,0.11555017,-0.0055250605,253.4394,253.9775,339.66376,-0.46293393,11.582573,0.27049384
4,78,10,0.0051200003,0.10323897,0.03893024,0.050714128,0.013594594,0.09865374,-0.0076900735,8.569059,1.0640448,9.934004,0.013846041,0.19730748,-0.015380147,0.22519797,0.027963487,0.11659586,0.00016251116,253.46944,254.0865,340.1848,-1.0778909,11.582573,0.27316105
4,79,10,0.0051200003,0.09104746,0.028024657,0.04963097,0.013391833,0.08370283,-0.0023160656,8.4770565,1.4076587,9.859644,0.46672875,0.16740566,-0.004632131,0.2227801,0.03699377,0.11572309,0.005478013,253.43817,254.00063,339.6684,-1.8743875,11.582573,0.27464855
4,80,10,0.0051200003,0.10087835,0.03669901,0.050161906,0.014017439,0.095784925,-0.0036832415,8.522278,1.2755983,10.087314,-0.19187057,0.19156985,-0.007366483,0.22396854,0.033523194,0.11839527,-0.0022519936,253.41635,253.88329,339.5251,-1.0837277,11.582573,0.29994074
4,81,10,0.0051200003,0.1106471,0.04633713,0.05024422,0.01406574,0.107630305,-0.008007917,8.529267,0.95204705,10.104678,0.060844883,0.21526061,-0.016015833,0.22415222,0.025020137,0.11859907,0.0007141383,253.42975,253.92175,339.637,-1.0128919,11.581618,0.27125183
4,82,10,0.0051200003,0.09749351,0.030771466,0.05332944,0.013392596,0.08770899,-0.003743312,8.787233,1.023496,9.859924,0.21239641,0.17541797,-0.007486624,0.23093168,0.026897844,0.11572638,0.0024929096,253.4276,254.02,338.9445,-1.2358924,11.581618,0.25471833
4,83,10,0.0051200003,0.09336343,0.030648097,0.049824037,0.012891292,0.08753299,-0.0023708793,8.493527,0.64351,9.673629,-0.51568323,0.17506598,-0.0047417586,0.22321299,0.016911682,0.11353982,-0.0060526007,253.45001,254.08481,339.71185,-0.12782675,11.581618,0.2714284
4,84,10,0.0051200003,0.10468734,0.04130222,0.04926338,0.014121742,0.101614736,-0.0073232735,8.445605,0.9307098,10.124774,0.17547168,0.20322947,-0.014646547,0.22195356,0.02445938,0.118834935,0.0020595163,253.42216,253.92226,340.2874,-1.1061815,11.581618,0.29583785
4,85,10,0.0051200003,0.094121374,0.02873677,0.051409062,0.0139755355,0.084759615,-0.002189333,8.62757,1.0213039,10.072226,0.343205,0.16951923,-0.004378666,0.22673567,0.02684024,0.11821817,0.00402821,253.34485,253.59671,339.20352,-1.3645089,11.580863,0.2503813
4,86,10,0.0051200003,0.09536728,0.034849133,0.047524214,0.012993931,0.093339615,-0.004111715,8.295186,0.86588675,9.712063,-0.40306422,0.18667923,-0.00822343,0.21800049,0.02275582,0.113990925,-0.0047307834,253.3346,253.47379,339.07156,-0.46282253,11.580863,0.27710295
4,87,10,0.0051200003,0.110358864,0.044501763,0.052580114,0.013276989,0.10547721,-0.008437921,8.725281,0.7916063,9.817276,0.21255748,0.21095441,-0.016875843,0.22930354,0.020803697,0.115225814,0.0024947939,253.35347,253.54344,339.21085,-1.0041637,11.580863,0.286801
4,88,10,0.0051200003,0.09698004,0.02851136,0.054400757,0.014067928,0.08442654,-0.0037994552,8.875057,0.9338106,10.105464,0.57175314,0.16885307,-0.0075989105,0.2332397,0.024540879,0.118608296,0.006710692,253.3661,253.66505,338.7838,-1.5055637,11.580863,0.28206676
4,89,10,0.0051200003,0.09885398,0.03605835,0.05017065,0.012624986,0.094945185,-0.0014011558,8.523021,0.44729123,9.573191,-0.579388,0.18989037,-0.0028023117,0.22398806,0.01175497,0.11236096,-0.0068003014,253.42424,253.84935,339.2959,0.1320968,11.580301,0.23077846
4,90,10,0.0051200003,0.104100294,0.043889064,0.047070205,0.013141026,0.104748584,-0.006286526,8.255468,0.51668805,9.766881,-0.015655672,0.20949717,-0.012573052,0.21695669,0.013578747,0.11463431,-0.00018375208,253.42772,253.74448,339.48706,-0.50103235,11.580301,0.22232176
4,91,10,0.0051200003,0.08365794,0.026912421,0.04394481,0.012800718,0.08202503,-0.0012212868,7.9766846,0.71531093,9.6395855,0.077104434,0.16405006,-0.0024425737,0.20963018,0.018798629,0.113140255,0.00090497674,253.41687,253.71362,338.9458,-0.7924154,11.580301,0.19974235
4,92,10,0.0051200003,0.09171554,0.034230623,0.04502599,0.012458927,0.0925076,-0.0013575025,8.074216,0.3573781,9.510022,-0.64484066,0.1850152,-0.002715005,0.21219328,0.009392029,0.11161956,-0.007568524,253.46735,253.99138,339.39456,0.28746256,11.580301,0.20006436
4,93,10,0.0051200003,0.0952526,0.04359756,0.039390866,0.012264174,0.10440014,-0.006702952,7.552078,0.28727528,9.435402,-0.08714032,0.20880029,-0.013405904,0.19847132,0.007549701,0.11074373,-0.0010227711,253.49347,254.17993,339.8046,-0.20013496,11.579904,0.20162189
4,94,10,0.0051200003,0.075592875,0.025091263,0.03867262,0.011828995,0.07920111,-0.0021468133,7.4829082,0.6554023,9.266487,0.2930093,0.15840222,-0.0042936266,0.19665354,0.017224208,0.108761184,0.0034390623,253.44781,254.01219,338.9813,-0.9484116,11.579904,0.23408695
4,95,10,0.0051200003,0.07908889,0.029923135,0.03806729,0.011098466,0.086491525,-0.002371341,7.4241138,0.4579564,8.975791,-0.353201,0.17298305,-0.004742682,0.1951084,0.012035259,0.10534926,-0.0041455342,253.43637,253.87573,339.44263,-0.1047554,11.579904,0.20705594
4,96,10,0.0051200003,0.09595155,0.04149159,0.042449374,0.012010584,0.101847425,-0.007000782,7.8397884,0.6897192,9.337342,0.24886514,0.20369485,-0.014001564,0.20603245,0.018126069,0.10959281,0.002920942,253.40428,253.67047,339.46475,-0.9385843,11.579904,0.20523337
4,97,10,0.0051200003,0.07831955,0.025443397,0.041489836,0.011386317,0.07975493,-0.0023647915,7.750675,0.7980236,9.091444,0.22278719,0.15950987,-0.004729583,0.20369054,0.020972345,0.10670669,0.0026148623,253.33183,253.36923,338.55063,-1.0208107,11.579603,0.19087355
4,98,10,0.0051200003,0.07515424,0.02717368,0.037340224,0.010640331,0.082422204,-0.0021902036,7.3528743,0.5597875,8.788582,-0.3666308,0.16484441,-0.0043804073,0.19323619,0.01471142,0.10315198,-0.0043031634,253.33574,253.21655,338.73904,-0.19315672,11.579603,0.19137058
4,99,10,0.0051200003,0.088524155,0.039308846,0.03784786,0.01136745,0.09913229,-0.006737062,7.4026866,0.29732785,9.083908,0.055005852,0.19826458,-0.013474124,0.19454527,0.007813884,0.10661824,0.0006456062,253.39082,253.37831,338.90735,-0.3523337,11.579603,0.17509978
4,100,10,0.0051200003,0.075421914,0.024893632,0.039003346,0.011524936,0.07888858,-0.001891558,7.514837,0.4209259,9.146617,0.07496478,0.15777716,-0.003783116,0.19749264,0.011062083,0.10735425,0.0008798657,253.41678,253.55086,338.544,-0.49589068,11.579603,0.2126368
5,1,10,0.0040960005,0.08495286,0.026196968,0.045731068,0.01302482,0.08092739,-0.00296366,8.137188,0.6174246,9.723599,1.506231,0.16185477,-0.00592732,0.21384823,0.016226135,0.11412633,0.017678702,253.81453,254.87244,341.0886,-2.1236556,11.579292,0.47956938
5,2,10,0.0040960005,0.08603416,0.030071229,0.0448417,0.011121227,0.08670529,-0.0035384297,8.057674,0.40980506,8.984989,0.824343,0.17341058,-0.0070768595,0.21175858,0.010769829,0.10545723,0.009675352,253.8389,254.91776,341.53516,-1.234148,11.579292,0.47568223
5,3,10,0.0040960005,0.095585376,0.03994657,0.044039913,0.01159889,0.09993319,-0.009419445,7.985312,0.43519878,9.175916,1.317943,0.19986638,-0.01883889,0.20985688,0.011437182,0.10769814,0.015468757,253.82022,254.78816,341.79718,-1.7531418,11.579292,0.48986316
5,4,10,0.0040960005,0.083063886,0.025156423,0.046266012,0.011641448,0.07930388,-0.0031123024,8.184642,0.9217831,9.192736,1.4659699,0.15860777,-0.006224605,0.21509536,0.024224782,0.107895546,0.017206157,253.72423,254.44756,340.8114,-2.387753,11.579292,0.50214165
5,5,10,0.0040960005,0.07650647,0.026973236,0.03961573,0.009917502,0.082117654,-0.0023828591,7.5736027,0.5325072,8.484816,0.572636,0.16423531,-0.0047657182,0.19903702,0.013994481,0.09958666,0.006721057,253.70299,254.22934,341.23642,-1.1051432,11.579061,0.40995204
5,6,10,0.0040960005,0.094027,0.043499254,0.040004443,0.010523307,0.10428237,-0.0072422167,7.6106687,0.4597567,8.740118,1.1933855,0.20856474,-0.014484433,0.2000111,0.012082574,0.10258317,0.014006819,253.70631,254.19626,341.34225,-1.6531422,11.579061,0.42642495
5,7,10,0.0040960005,0.07181226,0.021737333,0.03917823,0.010896691,0.07371793,-0.0027722672,7.531666,0.7995801,8.893823,1.2119689,0.14743586,-0.0055445344,0.19793491,0.021013254,0.104387216,0.014224935,253.66316,254.0713,340.50272,-2.011549,11.579061,0.46432376
5,8,10,0.0040960005,0.07035953,0.025373945,0.035114314,0.009871268,0.079646006,-0.0032568043,7.1303487,0.7988908,8.4650135,0.502633,0.15929201,-0.0065136086,0.18738814,0.02099514,0.09935425,0.0058994265,253.66145,254.0583,340.86176,-1.3015238,11.579061,0.4176839
5,9,10,0.0040960005,0.0869251,0.04209305,0.034517273,0.010314769,0.102582954,-0.00913512,7.069471,0.8045068,8.653086,0.9163723,0.20516591,-0.01827024,0.18578824,0.021142727,0.10156165,0.010755507,253.62567,253.9362,340.82486,-1.7208791,11.578793,0.3521773
5,10,10,0.0040960005,0.07405146,0.027621994,0.035515994,0.010913479,0.08309933,-0.0042690085,7.171016,1.2371241,8.900674,1.1468904,0.16619866,-0.008538017,0.18845688,0.032512065,0.1044676,0.013461104,253.52177,253.57106,339.68167,-2.3840146,11.578793,0.38074264
5,11,10,0.0040960005,0.061770894,0.021827854,0.030555168,0.009387872,0.07387126,-0.0035815842,6.651368,1.2601277,8.255147,0.29127172,0.14774252,-0.0071631684,0.17480037,0.033116598,0.09689103,0.0034186677,253.42596,252.99866,339.78006,-1.5513994,11.578793,0.33789212
5,12,10,0.0040960005,0.079118684,0.038385663,0.030896392,0.009836632,0.0979613,-0.008709812,6.688404,1.3537776,8.4501505,0.83093953,0.1959226,-0.017419623,0.1757737,0.03557777,0.0991798,0.009752778,253.3412,252.55788,339.53763,-2.1847172,11.578793,0.3499894
5,13,10,0.0040960005,0.064906225,0.022811998,0.031733796,0.010360435,0.075518206,-0.003708385,6.7784386,1.5516269,8.672218,0.61619985,0.15103641,-0.00741677,0.17813982,0.040777322,0.10178622,0.007232365,253.25397,252.27759,338.37097,-2.1678267,11.578476,0.29957047
5,14,10,0.0040960005,0.060812384,0.022064753,0.029175164,0.009572471,0.074271046,-0.002862285,6.499431,1.1015861,8.335915,-0.012317966,0.14854209,-0.00572457,0.17080739,0.028950075,0.097839005,-0.00014457438,253.24893,252.13182,338.75092,-1.0892681,11.578476,0.2783086
5,15,10,0.0040960005,0.08156476,0.03792627,0.03209797,0.011540524,0.097373344,-0.007898683,6.8172226,0.9534662,9.152801,0.52140546,0.19474669,-0.015797365,0.17915906,0.025057431,0.10742683,0.00611976,253.27797,252.21846,339.11917,-1.4748716,11.578476,0.30606294
5,16,10,0.0040960005,0.07465709,0.022388497,0.04076895,0.011499645,0.07481393,-0.0034889816,7.6830454,1.242591,9.136575,0.44676664,0.14962786,-0.0069779633,0.20191322,0.032655742,0.1072364,0.0052437214,253.26581,252.27158,338.2597,-1.6893576,11.578476,0.35065648
5,17,10,0.0040960005,0.063858226,0.023916297,0.029773891,0.01016804,0.07732447,-0.002291691,6.565782,0.5752211,8.591319,-0.60216594,0.15464894,-0.004583382,0.17255113,0.015117021,0.1008367,-0.00706765,253.28119,252.29578,338.62042,0.026944816,11.578073,0.2426667
5,18,10,0.0040960005,0.07180774,0.03425954,0.027444206,0.010104001,0.092546664,-0.0076073804,6.303678,0.5932399,8.564221,-0.026100505,0.18509333,-0.015214761,0.16566293,0.01559056,0.10051866,-0.0003063432,253.30663,252.4183,339.02557,-0.5671394,11.578073,0.24993476
5,19,10,0.0040960005,0.06127619,0.020690177,0.029523019,0.011062993,0.0719204,-0.0020429287,6.538063,0.7696055,8.961435,0.03928305,0.1438408,-0.0040858574,0.17182264,0.02022551,0.10518076,0.00046106783,253.28732,252.40523,338.38782,-0.80888855,11.578073,0.26596788
5,20,10,0.0040960005,0.058316883,0.022628026,0.02577475,0.009914103,0.075213075,-0.0015104605,6.1089406,0.62679166,8.483361,-0.55958146,0.15042615,-0.003020921,0.16054517,0.01647231,0.09956959,-0.006567833,253.25908,252.19861,338.58316,-0.0672102,11.578073,0.2584247
5,21,10,0.0040960005,0.074374594,0.038520146,0.02495261,0.010901837,0.09813275,-0.0060983957,6.0107217,0.16532177,8.895924,-0.27985802,0.1962655,-0.012196791,0.15796395,0.0043447185,0.10441186,-0.0032847074,253.2326,252.10399,338.63022,0.114536256,11.577566,0.20771334
5,22,10,0.0040960005,0.06490187,0.023823002,0.029161697,0.011917172,0.07717351,-0.0015232225,6.497931,0.39150742,9.300961,-0.38967958,0.15434702,-0.003046445,0.17076796,0.010288957,0.1091658,-0.004573687,253.19485,252.0277,337.60828,-0.001827836,11.577566,0.20034768
5,23,10,0.0040960005,0.06199901,0.023469249,0.026913766,0.011615994,0.07659838,-0.00090958434,6.2424626,-0.15285861,9.182679,-0.9534359,0.15319677,-0.0018191687,0.16405416,-0.004017177,0.10777752,-0.011190521,253.22328,252.07532,337.8784,1.1062945,11.577566,0.21552399
5,24,10,0.0040960005,0.07950288,0.038226683,0.030522805,0.010753397,0.097758226,-0.0054849433,6.6478453,-0.16649504,8.835153,-0.4514388,0.19551645,-0.010969887,0.17470777,-0.004375554,0.10369859,-0.005298557,253.25876,252.1106,338.3556,0.61793387,11.577566,0.23793948
5,25,10,0.0040960005,0.061778143,0.022294898,0.02856022,0.010923027,0.07465738,-0.0002630028,6.43057,-0.36213315,8.904565,-0.29068047,0.14931476,-0.0005260056,0.16899769,-0.009516993,0.10451329,-0.00341173,253.23785,252.1688,337.95566,0.6528136,11.576996,0.18632261
5,26,10,0.0040960005,0.060396686,0.023091067,0.026473306,0.010832314,0.075978726,-0.00012475192,6.19117,-0.75126445,8.867514,-0.9057868,0.15195745,-0.00024950385,0.1627062,-0.019743498,0.104078405,-0.01063126,253.22234,252.11115,338.15265,1.6570513,11.576996,0.196771
5,27,10,0.0040960005,0.076716945,0.036644902,0.028947564,0.0111244805,0.09571429,-0.0053464416,6.4740295,-0.38906628,8.986304,-0.36979806,0.19142859,-0.010692883,0.17013983,-0.010224804,0.105472654,-0.004340336,253.17384,251.85345,338.16254,0.75886434,11.576996,0.20632128
5,28,10,0.0040960005,0.06707315,0.021441478,0.033742785,0.01188889,0.073214546,3.340494e-5,6.98971,0.15381634,9.289918,-0.34996024,0.14642909,6.680988e-5,0.1836921,0.004042352,0.109036185,-0.0041075,253.09187,251.49203,337.38028,0.1961439,11.576996,0.22046849
5,29,10,0.0040960005,0.0625761,0.023621352,0.027514912,0.011439834,0.0768462,0.0002183413,6.311793,-0.55175096,9.112784,-1.1329881,0.1536924,0.0004366826,0.1658762,-0.014500214,0.10695716,-0.013297935,253.06522,251.32642,337.44168,1.6847391,11.576411,0.2031863
5,30,10,0.0040960005,0.07837796,0.034891974,0.031399436,0.012086554,0.09339697,-0.0051946184,6.742634,-0.42728648,9.366826,-0.33379698,0.18679394,-0.010389237,0.17719886,-0.011229244,0.10993887,-0.00391779,253.04077,251.24527,337.32532,0.7610835,11.576411,0.20957687
5,31,10,0.0040960005,0.070642605,0.022254871,0.03510199,0.013285739,0.07459033,-0.00028155008,7.1290965,-0.2010584,9.820512,-0.31251776,0.14918067,-0.00056310015,0.18735525,-0.0052838866,0.11526378,-0.0036680342,252.98651,251.0775,336.46542,0.51357615,11.576411,0.19514523
5,32,10,0.0040960005,0.06484194,0.021988977,0.031004451,0.011848513,0.0741434,-0.00031431246,6.700091,-0.6390379,9.27413,-0.8690659,0.1482868,-0.0006286249,0.17608081,-0.016794149,0.108850874,-0.010200266,252.97836,250.95247,336.89694,1.5081038,11.576411,0.2182465
5,33,10,0.0040960005,0.072101966,0.03135107,0.029042613,0.011708285,0.08853117,-0.004220735,6.4846497,-0.49834415,9.219087,0.0019740674,0.17706233,-0.00844147,0.17041893,-0.013096664,0.10820483,2.3168295e-5,252.92708,250.69247,337.04578,0.49637008,11.575767,0.21271636
5,34,10,0.0040960005,0.063606046,0.02049892,0.030597974,0.0125091495,0.07158722,-1.2666288e-5,6.6560264,-0.15346858,9.529171,0.06803894,0.14317444,-2.5332576e-5,0.17492276,-0.0040332098,0.11184431,0.0007985745,252.83174,250.35071,336.11633,0.08542964,11.575767,0.18827902
5,35,10,0.0040960005,0.06346039,0.022738835,0.028817244,0.011904309,0.07539701,0.00021087792,6.45944,-0.2896104,9.295939,-0.59295416,0.15079401,0.00042175583,0.16975643,-0.0076110633,0.10910687,-0.006959533,252.76341,249.99992,336.00504,0.88256454,11.575767,0.21041627
5,36,10,0.0040960005,0.07710023,0.0335216,0.03145525,0.012123385,0.091544524,-0.004321518,6.748624,0.036931932,9.381087,-0.1354303,0.18308905,-0.008643036,0.17735627,0.00097058277,0.110106245,-0.0015895532,252.70119,249.72388,335.79868,0.098498374,11.575767,0.23957175
5,37,10,0.0040960005,0.06493252,0.02068139,0.03146259,0.012788534,0.07190513,0.00028483148,6.749411,-0.062188234,9.634997,-0.09904382,0.14381026,0.00056966295,0.17737697,-0.0016343364,0.1130864,-0.0011624824,252.63814,249.51381,334.90405,0.16123205,11.575077,0.21622881
5,38,10,0.0040960005,0.0631126,0.021432778,0.029983731,0.011696092,0.07319969,-0.00018228259,6.588879,-0.37252915,9.214285,-0.72560275,0.14639938,-0.00036456517,0.17315811,-0.009790198,0.10814847,-0.008516432,252.62599,249.43541,335.16815,1.0981319,11.575077,0.22522497
5,39,10,0.0040960005,0.08162983,0.035883006,0.033469405,0.012277414,0.09471405,-0.0037578219,6.961338,-0.17903908,9.440493,0.044170342,0.1894281,-0.0075156437,0.18294646,-0.0047052135,0.11080349,0.00051842857,252.5932,249.30972,334.9802,0.13486874,11.575077,0.23275536
5,40,10,0.0040960005,0.07267378,0.023246795,0.035902917,0.01352407,0.0762345,0.00050611945,7.2099714,-0.095506415,9.908203,-0.14649905,0.152469,0.0010122389,0.18948065,-0.0025099467,0.116293035,-0.0017194676,252.55255,249.24915,334.22733,0.24200547,11.575077,0.220866
5,41,10,0.0040960005,0.06964165,0.022843698,0.0346095,0.012188448,0.07557066,0.00033169857,7.078909,-0.653706,9.406226,-0.43158168,0.15114132,0.00066339714,0.18603629,-0.017179623,0.1104013,-0.00506549,252.55127,249.21625,334.59833,1.0852877,11.574368,0.21818991
5,42,10,0.0040960005,0.07859485,0.029580593,0.036593553,0.012420701,0.08599505,-0.0026774222,7.278988,-0.42783552,9.495422,0.069460206,0.1719901,-0.0053548445,0.19129442,-0.011243671,0.1114482,0.00081525906,252.52043,249.09915,334.5974,0.3583753,11.574368,0.2308839
5,43,10,0.0040960005,0.070735,0.022364892,0.03539804,0.012972067,0.07477448,0.0019785154,7.159097,-0.24136707,9.70389,0.055412486,0.14954896,0.003957031,0.18814367,-0.0063432166,0.113894984,0.0006503809,252.46962,248.99933,333.8544,0.18595459,11.574368,0.23831128
5,44,10,0.0040960005,0.06720437,0.023245063,0.030962767,0.012996543,0.07623166,0.00024035388,6.695585,-0.49714243,9.713038,-0.37236586,0.15246332,0.00048070776,0.1759624,-0.013065089,0.114002384,-0.0043704743,252.4544,248.94543,334.03394,0.86950827,11.574368,0.24338543
5,45,10,0.0040960005,0.08387577,0.03771039,0.033251747,0.012913632,0.09709582,-0.0034913677,6.938665,-0.38579455,9.682007,0.4044914,0.19419163,-0.0069827354,0.18235062,-0.010138825,0.11363816,0.004747535,252.4071,248.75478,334.01523,-0.018696845,11.573629,0.23795651
5,46,10,0.0040960005,0.07831185,0.026826043,0.037981562,0.0135042425,0.08189329,0.0002336448,7.415751,-0.18612193,9.900938,0.2663641,0.16378658,0.0004672896,0.19488859,-0.004891356,0.116207756,0.003126327,252.32088,248.40381,333.13538,-0.08024217,11.573629,0.2552919
5,47,10,0.0040960005,0.075403266,0.024876552,0.036576167,0.013950546,0.07886151,-0.00091847725,7.2772574,-0.32872948,10.063215,-0.18846712,0.15772302,-0.0018369545,0.19124897,-0.008639135,0.11811243,-0.0022120469,252.30112,248.28583,333.4293,0.5171966,11.573629,0.26130876
5,48,10,0.0040960005,0.08588178,0.031994443,0.039309364,0.014577971,0.08943495,-0.003234715,7.54426,-0.325935,10.287023,0.5301877,0.1788699,-0.00646943,0.1982659,-0.008565692,0.12073927,0.0062228367,252.28864,248.23738,333.43588,-0.20425272,11.573629,0.25602588
5,49,10,0.0040960005,0.08166434,0.026332282,0.041463986,0.013868073,0.08113612,0.0014972975,7.7482605,-0.48301852,10.033426,0.49513614,0.16227224,0.002994595,0.20362708,-0.012693899,0.11776278,0.005811436,252.2439,248.15536,332.4608,-0.012117624,11.572892,0.21704443
5,50,10,0.0040960005,0.083524674,0.026411029,0.043449268,0.013664382,0.08125735,0.00050169014,7.931583,-0.8633962,9.959468,-0.09396478,0.1625147,0.0010033803,0.20844488,-0.022690365,0.116894744,-0.0011028636,252.241,248.16092,332.7253,0.957361,11.572892,0.22598721
5,51,10,0.0040960005,0.09222479,0.035680275,0.04235072,0.0141937975,0.094446115,-0.0031486647,7.830672,-0.7242561,10.150571,0.48697218,0.18889223,-0.0062973294,0.2057929,-0.019033713,0.11913773,0.005715617,252.24838,248.23486,332.74524,0.23728392,11.572892,0.23437013
5,52,10,0.0040960005,0.0849929,0.028773293,0.04201888,0.014200731,0.08481346,0.00047459966,7.799934,-0.73120195,10.153049,0.36942044,0.16962692,0.0009491993,0.20498507,-0.019216254,0.11916682,0.004335905,252.2382,248.24709,332.2717,0.3617815,11.572892,0.23336677
5,53,10,0.0040960005,0.08181134,0.026595293,0.042019084,0.013196961,0.08154032,0.0010651071,7.7999525,-1.1201618,9.787645,-0.3057407,0.16308063,0.0021302141,0.20498557,-0.029438257,0.11487803,-0.0035884934,252.25426,248.18864,332.6916,1.4259025,11.572185,0.20087154
5,54,10,0.0040960005,0.08977966,0.03270845,0.043565676,0.013505536,0.09042739,-0.0022558116,7.9422007,-0.9315369,9.901412,0.63532233,0.18085478,-0.004511623,0.20872392,-0.024481123,0.11621332,0.007456809,252.26453,248.18475,332.91864,0.29621458,11.572185,0.20064704
5,55,10,0.0040960005,0.08711763,0.028200697,0.04434247,0.014574463,0.08396532,0.00063552894,8.012695,-0.9504521,10.285786,0.4343792,0.16793063,0.0012710579,0.21057652,-0.024978228,0.12072474,0.0050983243,252.27174,248.34079,332.48978,0.51607287,11.572185,0.22060817
5,56,10,0.0040960005,0.08408097,0.026979899,0.04338316,0.01371791,0.082127795,0.00072656607,7.925547,-1.2502117,9.978958,-0.1752702,0.16425559,0.0014531321,0.20828624,-0.032856017,0.117123485,-0.0020571586,252.30981,248.53807,333.09378,1.4254819,11.572185,0.2495732
5,57,10,0.0040960005,0.0845638,0.031460408,0.039821416,0.013281977,0.08868541,-0.0017282859,7.593238,-0.69340014,9.819119,0.5746791,0.17737082,-0.0034565718,0.19955304,-0.0182228,0.11524746,0.0067450316,252.31837,248.58649,333.4087,0.11872107,11.571432,0.28937605
5,58,10,0.0040960005,0.08218843,0.027542984,0.04058946,0.014055981,0.082980394,0.0020109632,7.666115,-0.51419497,10.101172,0.4278974,0.16596079,0.0040219263,0.20146826,-0.013513225,0.11855792,0.0050222515,252.2814,248.46997,332.9216,0.08629757,11.571432,0.22968708
5,59,10,0.0040960005,0.08047867,0.025903005,0.040727433,0.013848229,0.08047205,0.0012139915,7.679133,-0.66210824,10.026246,-0.14034934,0.1609441,0.002427983,0.20181039,-0.017400438,0.1176785,-0.0016472879,252.23573,248.25577,333.16064,0.8024576,11.571432,0.2362005
5,60,10,0.0040960005,0.08604261,0.032643806,0.039389547,0.0140092615,0.090337984,-0.0016769189,7.551951,-0.29211873,10.084372,0.584879,0.18067597,-0.0033538379,0.198468,-0.007676977,0.11836073,0.006864751,252.18872,248.065,332.9599,-0.29276025,11.571432,0.22898716
5,61,10,0.0040960005,0.08391872,0.02739982,0.04243456,0.014084339,0.082764454,0.0017516282,7.8384204,-0.21814072,10.111357,0.40394685,0.16552891,0.0035032565,0.2059965,-0.005732811,0.11867746,0.004741141,252.1368,248.0114,332.18643,-0.18580613,11.570692,0.2003339
5,62,10,0.0040960005,0.08831285,0.027464556,0.046641145,0.014207151,0.08286217,0.00050808454,8.217756,-0.48385027,10.155345,-0.14011316,0.16572434,0.0010161691,0.21596561,-0.012715759,0.119193755,-0.0016445136,252.10495,247.86182,332.2705,0.6239634,11.570692,0.22199334
5,63,10,0.0040960005,0.09533522,0.034406062,0.04607667,0.014852487,0.09274436,-0.0018404903,8.167878,-0.23795258,10.383429,0.7026423,0.18548872,-0.0036809805,0.21465477,-0.0062534832,0.12187078,0.008246948,252.05902,247.67284,331.9974,-0.46468973,11.570692,0.21460854
5,64,10,0.0040960005,0.09279317,0.029782021,0.04754029,0.015470851,0.08628734,0.0013368991,8.296588,-0.48397687,10.597377,0.506978,0.17257468,0.0026737982,0.21803735,-0.012719082,0.12438188,0.0059504183,252.04593,247.80049,331.13242,-0.023001105,11.570692,0.20489994
5,65,10,0.0040960005,0.08979261,0.029562486,0.04588943,0.014340689,0.085968725,0.0011643241,8.151265,-0.6829734,10.202961,0.02988432,0.17193745,0.0023286482,0.21421818,-0.017948788,0.119752616,0.00035075226,252.07487,247.93594,331.48975,0.65308905,11.569922,0.21149103
5,66,10,0.0040960005,0.09582479,0.03648402,0.045001406,0.014339369,0.095503956,-0.0016087439,8.07201,-0.41123512,10.202491,0.7712924,0.19100791,-0.0032174878,0.21213534,-0.010807408,0.1197471,0.009052695,252.08406,247.91035,331.82977,-0.36005726,11.569922,0.21217725
5,67,10,0.0040960005,0.09553678,0.031148802,0.049443286,0.014944698,0.088245116,0.00085923146,8.461012,-0.475504,10.415612,0.5814503,0.17649023,0.0017184629,0.22235847,-0.012496418,0.12224851,0.006824505,252.0811,247.86667,331.3421,-0.10594627,11.569922,0.232145
5,68,10,0.0040960005,0.10071983,0.030568484,0.05578993,0.014361418,0.08741923,0.0001396996,8.987659,-0.8366005,10.210332,-0.08722038,0.17483845,0.0002793992,0.23619892,-0.021986147,0.11983913,-0.0010237079,252.12622,247.99348,332.0831,0.92382085,11.569922,0.26490825
5,69,10,0.0040960005,0.10044637,0.03512105,0.051695812,0.013629507,0.093703054,-0.0014243013,8.651599,-0.106583335,9.946753,0.58960664,0.18740611,-0.0028486026,0.22736713,-0.0028010497,0.11674548,0.006920235,252.12675,248.05855,332.34634,-0.48302332,11.569115,0.22218716
5,70,10,0.0040960005,0.096719764,0.02916192,0.0524772,0.015080645,0.08538431,0.0013768628,8.716738,0.030002555,10.462878,0.5589655,0.17076862,0.0027537255,0.22907902,0.0007884767,0.12280328,0.0065606004,252.06134,247.94424,331.61224,-0.58896804,11.569115,0.23480773
5,71,10,0.0040960005,0.10052672,0.030663015,0.055395618,0.014468086,0.08755429,0.00010655278,8.955842,-0.14219381,10.248181,0.13386127,0.17510858,0.00021310557,0.23536274,-0.003736903,0.12028336,0.0015711403,252.02928,247.7509,331.79306,0.008332536,11.569115,0.25750023
5,72,10,0.0040960005,0.103424095,0.03430688,0.054327454,0.014789757,0.09261058,-0.0026690927,8.869077,0.057572953,10.361479,0.74855334,0.18522117,-0.0053381855,0.2330825,0.0015130428,0.121613145,0.008785802,252.03542,247.7935,331.83414,-0.8061263,11.569115,0.26489347
5,73,10,0.0040960005,0.09741925,0.03142099,0.049724482,0.01627377,0.088629834,0.00039250788,8.485039,0.31438145,10.868894,0.5397642,0.17725967,0.00078501576,0.22298987,0.0082620615,0.12756869,0.0063352366,252.0655,248.0539,331.65836,-0.85414565,11.568315,0.23415151
5,74,10,0.0040960005,0.09774439,0.03082543,0.051391557,0.015527401,0.08778586,-0.000109785135,8.626101,-0.02195655,10.616726,-0.0073872,0.17557172,-0.00021957027,0.22669706,-0.0005770356,0.12460899,-8.67076e-5,252.11455,248.27344,332.20218,0.02934375,11.568315,0.25043392
5,75,10,0.0040960005,0.10372357,0.03584157,0.052809507,0.015072498,0.09465935,-0.0031974951,8.744293,0.23432845,10.460051,0.7123595,0.1893187,-0.0063949903,0.22980319,0.006158234,0.1227701,0.008360995,252.12256,248.31775,332.20438,-0.94668794,11.568315,0.24333781
5,76,10,0.0040960005,0.09891543,0.031583477,0.05139298,0.015938964,0.0888587,0.0009822701,8.626221,0.39081427,10.756508,0.6470252,0.1777174,0.0019645402,0.2267002,0.010270738,0.12624961,0.0075941626,252.12926,248.38705,331.81207,-1.0378395,11.568315,0.23715371
5,77,10,0.0040960005,0.09017353,0.029921047,0.04547512,0.014777366,0.08648851,0.001016181,8.114385,0.34803194,10.357138,0.24688043,0.17297702,0.002032362,0.21324897,0.009146412,0.12156219,0.0028976456,252.17274,248.54062,332.5026,-0.59491235,11.567496,0.23889609
5,78,10,0.0040960005,0.09538462,0.03527815,0.045823015,0.014283458,0.09391239,-0.0018327391,8.145364,0.4286108,10.182581,1.036379,0.18782479,-0.0036654782,0.21406311,0.011264039,0.11951342,0.0121640265,252.178,248.56952,332.51465,-1.4649898,11.567496,0.2276172
5,79,10,0.0040960005,0.09303623,0.031930745,0.045854,0.015251482,0.08934588,0.0011798893,8.148118,0.457469,10.521975,0.8795974,0.17869176,0.0023597786,0.21413547,0.012022449,0.12349689,0.010323875,252.1426,248.41414,331.83612,-1.3370664,11.567496,0.24318728
5,80,10,0.0040960005,0.09935623,0.035153277,0.050313424,0.013889526,0.09374604,-0.0003580561,8.535139,0.31649002,10.041183,0.21396756,0.18749207,-0.0007161122,0.22430654,0.008317478,0.117853835,0.002511346,252.15881,248.375,332.34418,-0.5304576,11.567496,0.23695445
5,81,10,0.0040960005,0.09499938,0.035954546,0.04572349,0.013321349,0.09480842,-0.002360445,8.136515,1.0033636,9.833663,0.7895658,0.18961684,-0.00472089,0.21383052,0.026368763,0.11541815,0.009267172,252.16849,248.41924,332.44476,-1.7929294,11.566656,0.2052588
5,82,10,0.0040960005,0.08974624,0.032689344,0.04304952,0.014007371,0.09040097,0.0004030576,7.8950124,0.8204574,10.083691,0.38229984,0.18080194,0.0008061152,0.20748378,0.021561917,0.11835274,0.0044870703,252.151,248.40916,331.799,-1.2027572,11.566656,0.20662573
5,83,10,0.0040960005,0.086766966,0.0323987,0.040878553,0.013489717,0.08999819,0.00082320545,7.6933665,0.38114473,9.895611,0.002791896,0.17999639,0.0016464109,0.20218445,0.010016623,0.11614524,3.2768407e-5,252.17593,248.41068,332.49557,-0.3839366,11.566656,0.20480865
5,84,10,0.0040960005,0.088821635,0.036311843,0.03909035,0.01341944,0.09527833,-0.0020526948,7.5232143,0.5469936,9.8698015,0.59573174,0.19055666,-0.0041053896,0.1977128,0.01437519,0.115842305,0.006992127,252.19583,248.51147,332.65186,-1.1427253,11.566656,0.19733852
5,85,10,0.0040960005,0.081500456,0.030784866,0.037101813,0.013613776,0.08772808,0.00039862984,7.329364,0.6835634,9.94101,0.13520649,0.17545617,0.0007972597,0.19261831,0.01796429,0.11667809,0.001586924,252.18257,248.61894,332.02493,-0.81876993,11.565798,0.20250686
5,86,10,0.0040960005,0.079926714,0.031470113,0.035604097,0.012852509,0.08869909,0.0003754891,7.1799045,0.5817195,9.659067,-0.35995007,0.17739818,0.0007509782,0.18869048,0.015287797,0.113368906,-0.00422475,252.20502,248.59738,332.38763,-0.22176945,11.565798,0.19141357
5,87,10,0.0040960005,0.085719116,0.036504477,0.036291603,0.01292304,0.095530726,-0.0016616377,7.248894,0.6238842,9.6855345,0.17387758,0.19106145,-0.0033232754,0.19050355,0.016395899,0.11367955,0.0020408104,252.23221,248.73433,332.64316,-0.7977618,11.565798,0.18028246
5,88,10,0.0040960005,0.08066418,0.029536502,0.03711084,0.014016835,0.085930936,0.0018502334,7.330254,0.66765153,10.087097,0.2631462,0.17186187,0.0037004668,0.19264174,0.017546121,0.11839271,0.0030885567,252.23302,248.77942,332.31735,-0.9307977,11.565798,0.18526098
5,89,10,0.0040960005,0.08044033,0.029900117,0.03723701,0.013303201,0.08645825,0.0015631571,7.3427052,0.51376903,9.826962,-0.14356141,0.1729165,0.0031263141,0.19296893,0.013502035,0.1153395,-0.0016849887,252.24292,248.84825,332.76413,-0.3702076,11.564934,0.17981486
5,90,10,0.0040960005,0.08271183,0.03309952,0.036761366,0.012850941,0.090966366,-0.0015538597,7.2956586,0.7827999,9.658478,0.58078533,0.18193273,-0.0031077194,0.19173254,0.020572262,0.11336199,0.0068167015,252.2126,248.80739,332.94937,-1.3635852,11.564934,0.19356619
5,91,10,0.0040960005,0.08077478,0.030557195,0.03668314,0.013534442,0.08740308,0.0019547897,7.2878914,0.97633857,9.912003,0.31100723,0.17480616,0.0039095795,0.19152842,0.025658535,0.11633762,0.003650304,252.12683,248.46188,332.11862,-1.2873458,11.564934,0.20320487
5,92,10,0.0040960005,0.08497615,0.03195929,0.03962468,0.0133921765,0.08938581,0.0003857146,7.574458,0.85087216,9.859769,-0.2269353,0.17877162,0.0007714292,0.19905949,0.022361226,0.11572457,-0.0026635497,252.11511,248.363,332.49744,-0.6239369,11.564934,0.1959549
5,93,10,0.0040960005,0.08508495,0.035629567,0.03650688,0.012948507,0.09437898,-0.0010149957,7.2703624,0.9339481,9.695072,0.15979655,0.18875796,-0.0020299915,0.19106774,0.024544492,0.11379151,0.0018755384,252.14851,248.52077,332.80844,-1.0937446,11.564109,0.18280476
5,94,10,0.0040960005,0.08538991,0.031533472,0.039622396,0.0142340455,0.08878833,0.0027753538,7.5742393,0.6175505,10.164953,-0.2584761,0.17757666,0.0055507077,0.19905375,0.016229453,0.11930652,-0.0030337472,252.1725,248.68752,332.09323,-0.35907438,11.564109,0.19657943
5,95,10,0.0040960005,0.090026416,0.035936493,0.04018623,0.01390369,0.09478462,0.002084099,7.627941,0.2797341,10.046302,-0.6957496,0.18956923,0.004168198,0.20046504,0.0073515093,0.11791391,-0.008166043,252.25671,248.87639,332.3429,0.41601548,11.564109,0.16910972
5,96,10,0.0040960005,0.08528091,0.03689485,0.034808505,0.013577552,0.09604016,-0.0008134806,7.0992317,0.37295336,9.927775,0.027317278,0.19208032,-0.0016269612,0.18657038,0.00980135,0.11652275,0.00032062602,252.35439,249.26164,333.04324,-0.40027064,11.564109,0.17132665
5,97,10,0.0040960005,0.076341644,0.029602638,0.032970637,0.013768366,0.086027086,0.004038118,6.909273,0.4935516,9.9972925,-0.13114995,0.17205417,0.008076236,0.18157819,0.012970718,0.11733868,-0.0015393137,252.33884,249.26703,332.90167,-0.36240166,11.5633,0.19883478
5,98,10,0.0040960005,0.07191422,0.027221123,0.03159767,0.013095423,0.082494125,0.0027690814,6.7638845,0.22010009,9.749918,-0.81587535,0.16498825,0.005538163,0.17775734,0.005784312,0.11443523,-0.009575966,252.32329,249.15236,333.63385,0.59577525,11.5633,0.18599236
5,99,10,0.0040960005,0.07675842,0.033198707,0.03130154,0.012258181,0.09110256,-0.00019039048,6.7321153,0.41999474,9.433096,-0.06296842,0.18220513,-0.00038078096,0.17692241,0.011037613,0.11071667,-0.0007390654,252.2815,249.00497,333.46497,-0.35702634,11.5633,0.20815568
5,100,10,0.0040960005,0.075544685,0.02844685,0.033445697,0.013652138,0.08433097,0.0038589365,6.958872,0.571322,9.955007,-0.30240852,0.16866194,0.007717873,0.18288165,0.015014546,0.11684237,-0.0035493828,252.2147,248.81598,332.46967,-0.2689135,11.5633,0.23294938
6,1,10,0.0032768005,0.094246455,0.023962181,0.052339315,0.017944952,0.07739861,0.008360677,8.705279,-0.7835331,11.41333,-1.1532044,0.15479723,0.016721355,0.22877787,-0.020591538,0.13395877,-0.013535213,252.92647,252.26227,338.30606,1.9367375,11.562527,0.57484186
6,2,10,0.0032768005,0.10083445,0.027911877,0.05600237,0.016920201,0.08353424,0.008489713,9.004754,-1.497553,11.082659,-2.0528672,0.16706848,0.016979426,0.2366482,-0.039356243,0.13007767,-0.024094597,253.0017,252.5,339.15756,3.5504203,11.562527,0.6283876
6,3,10,0.0032768005,0.111386105,0.03634002,0.057012405,0.018033687,0.09531529,0.0037489058,9.085594,-1.4029605,11.441513,-1.494109,0.19063058,0.0074978117,0.2387727,-0.036870312,0.13428956,-0.01753642,253.07388,252.75694,339.87878,2.8970695,11.562527,0.629539
6,4,10,0.0032768005,0.10298627,0.025649661,0.05875022,0.018586388,0.08007756,0.008653498,9.223026,-1.1487421,11.6155205,-1.4682876,0.16015512,0.017306997,0.24238445,-0.03018935,0.1363319,-0.017233355,253.09663,252.97455,339.26938,2.6170297,11.562527,0.6178225
6,5,10,0.0032768005,0.100503065,0.029383328,0.05587098,0.015248755,0.08570783,0.008439533,8.994185,-1.3680582,10.521034,-1.9392105,0.17141566,0.016879067,0.23637043,-0.03595305,0.12348585,-0.022760598,253.13727,253.16,339.74323,3.3072686,11.56161,0.6165707
6,6,10,0.0032768005,0.11098075,0.036329295,0.05849769,0.016153768,0.095301226,0.0036066733,9.203182,-1.0926964,10.828746,-1.1018299,0.19060245,0.0072133467,0.24186295,-0.02871644,0.12709747,-0.012932228,253.14157,253.17093,340.20068,2.1945262,11.56161,0.6146845
6,7,10,0.0032768005,0.10114196,0.02235176,0.060900297,0.017889906,0.074752524,0.009043393,9.390277,-0.8517222,11.39581,-1.0018545,0.14950505,0.018086785,0.24677986,-0.02238358,0.13375315,-0.011758812,253.08432,252.88301,339.41895,1.8535767,11.56161,0.63791764
6,8,10,0.0032768005,0.10342508,0.02724404,0.059592634,0.016588405,0.082528844,0.008707755,9.288915,-0.873754,10.973459,-1.8175249,0.16505769,0.01741551,0.24411602,-0.02296257,0.12879598,-0.02133237,253.07027,252.68852,339.53943,2.691279,11.56161,0.6734397
6,9,10,0.0032768005,0.10512172,0.037769325,0.052424397,0.014928002,0.09717166,0.002872021,8.712353,-0.66448236,10.409791,-1.1213517,0.19434331,0.005744042,0.22896375,-0.017462827,0.1221802,-0.013161352,253.07532,252.64877,339.50916,1.7858341,11.56049,0.53234273
6,10,10,0.0032768005,0.09869499,0.027496709,0.05403525,0.017163033,0.08291066,0.008090505,8.845192,-0.5399964,11.161903,-1.0304291,0.16582131,0.01618101,0.23245484,-0.014191295,0.13100776,-0.012094193,253.06274,252.63405,338.7631,1.5704255,11.56049,0.5420759
6,11,10,0.0032768005,0.10649148,0.030483887,0.06008148,0.01592611,0.08729818,0.008600748,9.326937,-1.0163796,10.752169,-1.5467008,0.17459635,0.017201496,0.24511524,-0.026710814,0.1261987,-0.0181537,253.11865,252.81311,339.30377,2.5630803,11.56049,0.6186844
6,12,10,0.0032768005,0.12473252,0.037275992,0.07144542,0.016011102,0.09653496,0.0030554726,10.170817,-0.9191215,10.780821,-0.8620353,0.19306992,0.0061109453,0.26729277,-0.024154842,0.12653498,-0.010117749,253.16298,253.006,339.7021,1.7811568,11.56049,0.6288105
6,13,10,0.0032768005,0.10412899,0.030375779,0.059056208,0.014696997,0.08714324,0.008656489,9.247013,-0.92422426,10.328935,-0.68570673,0.17428648,0.017312977,0.24301483,-0.02428894,0.12123117,-0.0080481665,253.16187,253.02707,339.03528,1.609931,11.559253,0.47379124
6,14,10,0.0032768005,0.10943488,0.03521135,0.0603828,0.01384073,0.09382344,0.008929993,9.350295,-1.3945545,10.02353,-1.5655348,0.18764688,0.017859986,0.24572912,-0.036649395,0.117646635,-0.018374745,253.20988,253.20871,339.25583,2.9600892,11.559253,0.511315
6,15,10,0.0032768005,0.12115994,0.047947835,0.0580183,0.015193804,0.10948497,0.005323112,9.165394,-1.1240771,10.502059,-0.9194689,0.21896994,0.010646224,0.24086988,-0.029541165,0.12326315,-0.010791848,253.29372,253.51439,340.03787,2.043546,11.559253,0.49657926
6,16,10,0.0032768005,0.10044628,0.031251486,0.05413968,0.015055113,0.08839045,0.0086457385,8.853735,-0.98095536,10.454018,-0.8061941,0.1767809,0.017291477,0.23267935,-0.025779873,0.122699276,-0.009462335,253.3033,253.6336,339.69528,1.7871494,11.559253,0.49149168
6,17,10,0.0032768005,0.09202254,0.030984906,0.048253737,0.012783894,0.08801265,0.008877321,8.358611,-1.3815517,9.633248,-1.2459382,0.1760253,0.017754642,0.21966733,-0.036307693,0.11306588,-0.014623638,253.29956,253.54526,340.1646,2.62749,11.557991,0.41379666
6,18,10,0.0032768005,0.104462996,0.03729045,0.053568166,0.013604381,0.096553676,0.0034198954,8.80688,-1.0492452,9.937579,-0.43390423,0.19310735,0.006839791,0.23144798,-0.02757453,0.11663782,-0.005092755,253.27225,253.34636,340.3603,1.4831495,11.557991,0.42046422
6,19,10,0.0032768005,0.10462087,0.031039389,0.0591463,0.014435181,0.088089995,0.00749572,9.254064,-0.5241049,10.23652,-0.09381774,0.17617999,0.01499144,0.24320012,-0.013773663,0.1201465,-0.0011011423,253.21689,253.18718,339.4705,0.61792266,11.557991,0.43866077
6,20,10,0.0032768005,0.1042571,0.033995718,0.05636756,0.013893822,0.09218964,0.0071978634,9.034066,-0.80485505,10.042737,-0.6059112,0.18437928,0.014395727,0.23741853,-0.02115187,0.11787206,-0.0071116076,253.23907,253.1905,339.95526,1.4107662,11.557991,0.45423433
6,21,10,0.0032768005,0.1106197,0.042494018,0.052918896,0.015206791,0.103070386,0.0024625752,8.7533455,-0.8867733,10.506546,0.12155236,0.20614077,0.0049251504,0.23004107,-0.023304718,0.12331582,0.0014266676,253.26926,253.26901,340.11703,0.76522094,11.556806,0.39003757
6,22,10,0.0032768005,0.10316178,0.031155715,0.05520362,0.016802445,0.088254906,0.0062981904,8.940308,-0.653144,11.044026,0.3414433,0.17650981,0.012596381,0.2349545,-0.017164847,0.12962425,0.004007535,253.23369,253.08643,339.12747,0.3117007,11.556806,0.4088679
6,23,10,0.0032768005,0.101835676,0.034983657,0.05301879,0.013833232,0.09351959,0.006035556,8.761603,-0.9384798,10.020815,-0.60057944,0.18703918,0.012071112,0.23025809,-0.02466359,0.11761476,-0.0070490264,253.26572,253.10318,339.4637,1.5390592,11.556806,0.40190303
6,24,10,0.0032768005,0.12155783,0.046678446,0.06148235,0.01339704,0.108025976,0.0029811056,9.435043,-0.63250285,9.861562,0.11412607,0.21605195,0.005962211,0.24795635,-0.016622394,0.11574558,0.0013395045,253.29716,253.18805,339.47726,0.51837677,11.556806,0.4113484
6,25,10,0.0032768005,0.10738239,0.034880057,0.059351217,0.0131511055,0.09338102,0.004305158,9.270081,0.04672164,9.770626,0.4092545,0.18676203,0.008610316,0.24362105,0.0012278581,0.11467827,0.004803436,253.27115,253.19255,338.49814,-0.45597613,11.555762,0.39934155
6,26,10,0.0032768005,0.10409523,0.035977125,0.055621985,0.012496118,0.09483819,0.0044452194,8.974121,0.032186028,9.524206,-0.2646815,0.18967637,0.008890439,0.23584314,0.00084585854,0.11178604,-0.0031065785,253.28204,253.17947,339.36584,0.23249546,11.555762,0.34032613
6,27,10,0.0032768005,0.11343887,0.045333553,0.053503934,0.0146013815,0.10645839,0.00028015778,8.801599,0.2616699,10.29528,0.42970422,0.21291678,0.00056031556,0.23130918,0.0068767867,0.120836176,0.0050434577,253.26233,253.07251,339.7761,-0.6913741,11.555762,0.37228823
6,28,10,0.0032768005,0.09908279,0.030499218,0.053036,0.015547576,0.08732013,0.0045235953,8.763024,0.3489668,10.623621,0.55293095,0.17464025,0.009047191,0.23029546,0.009170977,0.12468992,0.006489778,253.2374,253.06844,338.99478,-0.9018978,11.555762,0.3603978
6,29,10,0.0032768005,0.102094315,0.039269865,0.0490944,0.01373005,0.099083126,0.0026807026,8.431108,0.19824797,9.983373,-0.39938495,0.19816625,0.005361405,0.22157256,0.0052100313,0.117175296,-0.004687597,253.30875,253.3292,339.50623,0.20113698,11.554884,0.2681691
6,30,10,0.0032768005,0.113596834,0.05107152,0.04610492,0.016420394,0.11299504,-0.0012357837,8.170382,-0.21078484,10.917746,0.045940552,0.22599009,-0.0024715674,0.21472056,-0.005539492,0.12814209,0.0005392023,253.4109,253.7946,340.2092,0.16484429,11.554884,0.2700711
6,31,10,0.0032768005,0.0968558,0.035659265,0.044191323,0.017005214,0.0944183,0.0035966665,7.9990277,-0.17207769,11.110466,0.18478085,0.1888366,0.007193333,0.21021733,-0.004522268,0.13040404,0.0021687825,253.45212,254.02002,339.90466,-0.012703165,11.554884,0.3114211
6,32,10,0.0032768005,0.09625247,0.037864815,0.043751422,0.014636236,0.09729442,0.0029807459,7.9591146,-0.26085046,10.307561,-0.65506166,0.19458884,0.0059614917,0.2091684,-0.006855247,0.120980315,-0.0076884893,253.51018,254.20695,340.3389,0.91591215,11.554884,0.2418211
6,33,10,0.0032768005,0.10241908,0.044314597,0.043663286,0.014441188,0.105255164,-0.0032116538,7.9510946,0.312407,10.238649,-0.04991227,0.21051033,-0.0064233076,0.20895761,0.008210169,0.120171495,-0.00058582216,253.57793,254.48524,340.88876,-0.2624947,11.55404,0.29462036
6,34,10,0.0032768005,0.090959534,0.031825032,0.04455674,0.014577761,0.08919786,0.0013076675,8.032031,0.64053595,10.28695,0.43097264,0.17839572,0.002615335,0.21108468,0.01683352,0.1207384,0.0050583463,253.56194,254.5151,340.34232,-1.0715086,11.55404,0.33401465
6,35,10,0.0032768005,0.09857299,0.03962508,0.04559772,0.013350199,0.09953024,0.00055145106,8.125317,0.7207631,9.844304,-0.22114728,0.19906048,0.0011029021,0.21353623,0.01894192,0.11554306,-0.0025956172,253.5314,254.3203,340.54056,-0.4996158,11.55404,0.24780983
6,36,10,0.0032768005,0.117831424,0.051964026,0.051251292,0.014616103,0.113978095,-0.003044142,8.614323,1.0145719,10.30047,0.39043632,0.22795619,-0.006088284,0.22638749,0.02666332,0.12089708,0.0045825676,253.50969,254.16022,340.6141,-1.4050082,11.55404,0.2755193
6,37,10,0.0032768005,0.099808276,0.03506843,0.050240412,0.014499433,0.09363283,-0.0007216735,8.528944,1.6643004,10.259275,0.37570557,0.18726566,-0.001443347,0.22414373,0.043738417,0.120413594,0.0044096736,253.46184,253.94713,339.74945,-2.040006,11.553188,0.31362677
6,38,10,0.0032768005,0.10317938,0.04250804,0.046742644,0.0139287,0.10308739,-0.00069123413,8.226693,1.5934247,10.055334,-0.34129912,0.20617478,-0.0013824683,0.21620047,0.04187577,0.118019916,-0.0040058447,253.4456,253.76329,339.65598,-1.2521255,11.553188,0.28261873
6,39,10,0.0032768005,0.1100417,0.04843433,0.046920765,0.014686605,0.110039,-0.0055767526,8.242353,1.7174191,10.325282,0.18745364,0.220078,-0.011153505,0.21661201,0.045134395,0.121188305,0.0022001495,253.44109,253.67683,339.72363,-1.9048728,11.553188,0.313796
6,40,10,0.0032768005,0.09813976,0.035810392,0.04794688,0.014382486,0.09461817,-0.0012815775,8.331991,1.9068247,10.217818,0.25427184,0.18923634,-0.002563155,0.21896777,0.05011204,0.119927004,0.0029844022,253.42688,253.6512,338.88528,-2.1610966,11.553188,0.3446758
6,41,10,0.0032768005,0.10258859,0.04105499,0.04777642,0.0137571795,0.10131016,-0.001765044,8.317167,1.6392008,9.993231,-0.40905,0.20262031,-0.003530088,0.21857817,0.043078795,0.117291,-0.00480104,253.51111,254.03735,339.68988,-1.2301508,11.552257,0.35454297
6,42,10,0.0032768005,0.10939358,0.0461973,0.049171526,0.014024761,0.107467785,-0.0061717965,8.437728,1.4402103,10.089948,-0.10629484,0.21493557,-0.012343593,0.22174653,0.03784925,0.11842618,-0.0012475903,253.61636,254.56303,340.75757,-1.3339155,11.552257,0.36066967
6,43,10,0.0032768005,0.096936144,0.034092445,0.04813816,0.014705537,0.092320696,-0.0017369982,8.348595,1.8309884,10.331935,0.30080107,0.18464139,-0.0034739964,0.2194041,0.04811903,0.12126639,0.0035305144,253.60448,254.62627,340.36273,-2.1317894,11.552257,0.3736519
6,44,10,0.0032768005,0.09827475,0.041094117,0.04324387,0.0139367655,0.10135842,-0.0024557502,7.912813,1.6681362,10.058245,-0.4251604,0.20271684,-0.0049115005,0.2079516,0.043839224,0.11805408,-0.00499013,253.61201,254.6438,340.70013,-1.2429758,11.552257,0.31329978
6,45,10,0.0032768005,0.10820439,0.04487709,0.04915761,0.014169684,0.10592107,-0.0070355493,8.436534,2.0532043,10.141946,0.07240438,0.21184213,-0.0140710985,0.22171515,0.053958956,0.11903648,0.00084981293,253.59375,254.49521,340.6864,-2.1256087,11.551208,0.3504939
6,46,10,0.0032768005,0.09777662,0.033221107,0.050921,0.01363452,0.09113329,-0.002974735,8.586519,2.3886285,9.948581,0.2906824,0.18226658,-0.00594947,0.22565682,0.06277403,0.116766945,0.0034117547,253.53648,254.27318,339.79294,-2.6793108,11.551208,0.3691753
6,47,10,0.0032768005,0.09855169,0.03862571,0.046001997,0.013923986,0.09826712,-0.0027523634,8.161256,2.2455044,10.053633,-0.36342382,0.19653425,-0.005504727,0.21448076,0.059012663,0.11799994,-0.0042655226,253.56558,254.30328,340.18277,-1.8820806,11.551208,0.35479438
6,48,10,0.0032768005,0.10770431,0.04525568,0.048146453,0.014302179,0.10636691,-0.007160838,8.349314,2.0443742,10.189252,0.20334275,0.21273382,-0.014321676,0.219423,0.053726893,0.11959172,0.0023866447,253.64856,254.66904,340.65045,-2.247717,11.551208,0.36347294
6,49,10,0.0032768005,0.09623247,0.036580447,0.045582723,0.014069295,0.09563008,-0.0034096427,8.12398,2.1532416,10.105955,0.04999234,0.19126016,-0.0068192855,0.21350111,0.05658797,0.118614055,0.0005867577,253.64384,254.7331,339.79892,-2.203234,11.550057,0.38481426
6,50,10,0.0032768005,0.09536029,0.039707527,0.04198319,0.013669576,0.09963374,-0.0028050083,7.7966204,1.9627953,9.961363,-0.6530213,0.19926748,-0.0056100166,0.204898,0.051582962,0.11691696,-0.0076645403,253.66667,254.83562,340.44412,-1.3097739,11.550057,0.360218
6,51,10,0.0032768005,0.10031068,0.047184628,0.039461568,0.01366448,0.108610116,-0.0074278163,7.558852,2.0798697,9.959505,-0.08149253,0.21722023,-0.014855633,0.19864936,0.054659724,0.11689517,-0.00095648295,253.67162,254.7541,340.91934,-1.9983772,11.550057,0.37398055
6,52,10,0.0032768005,0.086496726,0.031275187,0.04241378,0.0128077585,0.08842396,-0.0028100207,7.8365006,2.5181499,9.642237,0.32911423,0.17684792,-0.0056200414,0.20594606,0.06617789,0.11317137,0.003862827,253.6038,254.47972,340.30182,-2.847264,11.550057,0.4043519
6,53,10,0.0032768005,0.085595675,0.03153697,0.041163426,0.01289528,0.088793255,-0.0031066856,7.720126,2.3121088,9.675124,-0.38260427,0.17758651,-0.006213371,0.20288771,0.06076306,0.11355738,-0.0044906433,253.55666,254.20769,340.40143,-1.9295045,11.548829,0.38826287
6,54,10,0.0032768005,0.10728025,0.051196832,0.043286316,0.012797093,0.11313359,-0.008197876,7.916696,2.3440018,9.638222,0.0100577,0.22626717,-0.016395751,0.20805363,0.061601214,0.11312424,0.000118041884,253.55376,254.21547,340.4624,-2.3540595,11.548829,0.34355396
6,55,10,0.0032768005,0.08860208,0.030006183,0.044829234,0.013766659,0.086611465,-0.0022082825,8.056555,2.4801295,9.996673,0.13440327,0.17322293,-0.004416565,0.21172915,0.0651787,0.11733141,0.0015774954,253.5214,254.24274,339.72885,-2.6145327,11.548829,0.33270118
6,56,10,0.0032768005,0.09059843,0.03789985,0.03836702,0.014331556,0.09733942,-0.003086399,7.4532857,2.2165234,10.199711,-0.71580446,0.19467884,-0.006172798,0.19587502,0.05825104,0.119714476,-0.008401432,253.54343,254.26938,340.3208,-1.500719,11.548829,0.33659837
6,57,10,0.0032768005,0.092994615,0.04231882,0.036953256,0.013722536,0.102857694,-0.0060676215,7.3146753,2.0200703,9.98064,-0.28711545,0.20571539,-0.012135243,0.1922323,0.053088184,0.11714323,-0.003369884,253.56143,254.29088,340.48285,-1.7329549,11.547592,0.27785373
6,58,10,0.0032768005,0.086817145,0.031109272,0.042122234,0.013585644,0.0881891,-0.0013924205,7.8095202,2.1939151,9.930734,-0.21672109,0.1763782,-0.002784841,0.20523702,0.05765688,0.11655747,-0.0025436662,253.53389,254.25668,339.46274,-1.9771941,11.547592,0.29589495
6,59,10,0.0032768005,0.08943828,0.03742052,0.03863014,0.013387628,0.09672192,-0.0028763493,7.4787974,1.8776351,9.858095,-0.78858036,0.19344383,-0.0057526985,0.19654551,0.04934493,0.11570492,-0.009255599,253.5297,254.17613,339.76593,-1.0890548,11.547592,0.29970577
6,60,10,0.0032768005,0.100511044,0.047615714,0.03880267,0.014092661,0.109105125,-0.00606414,7.495481,2.0657957,10.114344,-0.32396948,0.21821025,-0.01212828,0.19698393,0.054289855,0.118712515,-0.0038024427,253.52768,254.11826,340.08926,-1.7418262,11.547592,0.29826295
6,61,10,0.0032768005,0.0802469,0.030531803,0.036297493,0.013417606,0.08736676,-0.0003522559,7.249482,1.6190922,9.869127,-0.310426,0.17473352,-0.0007045118,0.190519,0.04255033,0.11583439,-0.0036434843,253.51219,254.17436,339.6643,-1.3086662,11.54641,0.24810462
6,62,10,0.0032768005,0.0897468,0.039338425,0.03768341,0.012724965,0.09916958,-0.000994353,7.386585,1.24794,9.611021,-0.9282848,0.19833916,-0.001988706,0.19412215,0.03279631,0.11280499,-0.010895325,253.52223,254.20236,339.88965,-0.31965512,11.54641,0.2609416
6,63,10,0.0032768005,0.10151437,0.048048746,0.040349722,0.0131159015,0.10960012,-0.0046411157,7.6434417,1.2890183,9.75754,-0.5637898,0.21920024,-0.009282231,0.2008724,0.033875868,0.11452468,-0.0066172257,253.5159,254.0973,340.119,-0.7252285,11.54641,0.25285298
6,64,10,0.0032768005,0.082898766,0.030571006,0.039396543,0.012931212,0.08742283,0.00020991161,7.552622,1.6562977,9.688596,-0.32868442,0.17484567,0.00041982322,0.19848563,0.043528102,0.113715485,-0.0038577877,253.47328,253.94719,339.40634,-1.3276132,11.54641,0.2646462
6,65,10,0.0032768005,0.079421684,0.034181245,0.03285332,0.0123871155,0.09244085,0.0010116829,6.8969693,0.8819578,9.482575,-1.0192541,0.1848817,0.0020233658,0.18125485,0.02317817,0.11129742,-0.011963033,253.49335,253.94983,339.59305,0.13729626,11.545293,0.23518659
6,66,10,0.0032768005,0.08207077,0.03785928,0.03225622,0.011955271,0.097287305,-0.0028605903,6.834007,0.753293,9.315816,-0.67642367,0.19457461,-0.0057211807,0.17960016,0.01979681,0.10934016,-0.007939216,253.52817,254.04823,339.92917,-0.07686931,11.545293,0.2084748
6,67,10,0.0032768005,0.06831524,0.024758413,0.031950906,0.011605917,0.07867403,0.0016156553,6.801587,0.9805862,9.178695,-0.47465357,0.15734807,0.0032313105,0.17874816,0.025770156,0.10773076,-0.0055710305,253.50937,254.07837,339.39035,-0.50593257,11.545293,0.2360574
6,68,10,0.0032768005,0.06849113,0.027355779,0.02953495,0.011600398,0.08269791,0.00020457187,6.539383,0.79532677,9.176513,-0.9904438,0.16539583,0.00040914374,0.17185736,0.020901473,0.107705146,-0.011624884,253.53596,254.13562,339.9907,0.19511706,11.545293,0.22705442
6,69,10,0.0032768005,0.08089766,0.04107895,0.028644376,0.01117434,0.10133971,-0.0034732276,6.440037,0.5811348,9.006419,-0.20829703,0.20267943,-0.006946455,0.1692465,0.015272432,0.10570875,-0.0024447893,253.54396,254.10034,340.14224,-0.37283778,11.5442295,0.19213976
6,70,10,0.0032768005,0.07035099,0.026363092,0.032678396,0.011309501,0.081183575,0.0004804011,6.8785834,0.79925257,9.060724,-0.006793937,0.16236715,0.0009608022,0.18077166,0.021004647,0.10634614,-7.974078e-5,253.51442,253.98438,339.13803,-0.79245865,11.5442295,0.20138165
6,71,10,0.0032768005,0.07822639,0.033227313,0.03417137,0.0108277025,0.091141805,0.0009724147,7.0339594,0.40447736,8.865625,-0.71365756,0.18228361,0.0019448294,0.184855,0.01062981,0.10405625,-0.0083762305,253.54454,254.10007,339.8089,0.3091802,11.5442295,0.20903228
6,72,10,0.0032768005,0.083577916,0.041067038,0.030846924,0.011663956,0.10132502,-0.0033749556,6.6830482,0.49717405,9.201617,-0.43947592,0.20265004,-0.0067499112,0.17563292,0.013065914,0.107999794,-0.0051581473,253.55287,254.11414,340.27463,-0.05769813,11.5442295,0.19990891
6,73,10,0.0032768005,0.06906662,0.028489787,0.030071916,0.010504918,0.08439459,0.001595004,6.598561,0.31195512,8.732479,-0.08959414,0.16878918,0.003190008,0.17341256,0.008198293,0.1024935,-0.0010515734,253.49919,253.92815,339.42715,-0.22236098,11.543315,0.20589723
6,74,10,0.0032768005,0.068379335,0.029173816,0.02878967,0.010415855,0.08540172,0.0010897734,6.456349,-0.09444187,8.695382,-0.72082305,0.17080344,0.0021795467,0.16967519,-0.002481965,0.1020581,-0.008460331,253.51608,253.93796,339.59003,0.81526494,11.543315,0.21219814
6,75,10,0.0032768005,0.077906564,0.040055603,0.027788226,0.010062736,0.10006948,-0.0034191194,6.3430643,0.016146438,8.546716,-0.26116127,0.20013896,-0.006838239,0.16669801,0.0004243345,0.100313194,-0.0030652622,253.53085,254.01878,339.8237,0.24501483,11.543315,0.21866044
6,76,10,0.0032768005,0.06320657,0.02240434,0.030640142,0.010162086,0.0748404,0.00083424017,6.6606107,0.36000416,8.588803,-0.14723483,0.1496808,0.0016684803,0.17504326,0.00946104,0.100807175,-0.0017281024,253.45766,253.70752,338.91016,-0.21276933,11.543315,0.23534365
6,77,10,0.0032768005,0.06163152,0.024077848,0.028699266,0.008854407,0.07758519,-7.111617e-6,6.4462047,-0.003860493,8.017168,-0.43575817,0.15517038,-1.4223234e-5,0.16940857,-0.00010145674,0.09409786,-0.0051145167,253.42471,253.45839,339.30548,0.43961868,11.542509,0.22770834
6,78,10,0.0032768005,0.07076038,0.033583537,0.02762034,0.009556503,0.09162906,-0.0033625406,6.3238735,0.16337678,8.328959,0.03246916,0.18325812,-0.0067250812,0.16619368,0.0042935996,0.09775737,0.00038109042,253.38324,253.21721,339.50427,-0.19584593,11.542509,0.22120593
6,79,10,0.0032768005,0.06304436,0.022377774,0.030387586,0.010278998,0.07479601,0.00019143417,6.6331034,0.45093304,8.638068,0.08306908,0.14959203,0.00038286834,0.17432036,0.011850683,0.10138539,0.0009749875,253.31871,252.98119,338.25696,-0.5340021,11.542509,0.2349282
6,80,10,0.0032768005,0.06315278,0.024641875,0.02864659,0.0098643135,0.078488655,-2.9427536e-5,6.440286,0.107946664,8.462031,-0.6381321,0.15697731,-5.8855072e-5,0.16925304,0.0028368735,0.09931925,-0.0074897837,253.32469,252.95384,338.35748,0.53018546,11.542509,0.22911085
6,81,10,0.0032768005,0.068778746,0.033969566,0.024979835,0.009829344,0.092154175,-0.0031571642,6.0140004,0.039284464,8.44702,-0.1703845,0.18430835,-0.0063143284,0.1580501,0.0010324102,0.09914305,-0.0019998092,253.32698,252.88187,338.53195,0.13110003,11.541829,0.18916993
6,82,10,0.0032768005,0.059197467,0.02166972,0.027397782,0.010129966,0.07360319,0.0006183402,6.298344,0.052105837,8.575218,-0.08781903,0.14720638,0.0012366804,0.16552275,0.0013693575,0.10064773,-0.001030734,253.32527,252.95656,337.84418,0.035713196,11.541829,0.21087736
6,83,10,0.0032768005,0.0624255,0.027539032,0.025603013,0.009283457,0.08297444,0.0009800043,6.0885553,-0.34484878,8.209109,-0.57510406,0.16594888,0.0019600086,0.16000941,-0.009062749,0.0963507,-0.006750025,253.34464,253.0006,338.40182,0.91995287,11.541829,0.20995404
6,84,10,0.0032768005,0.074975505,0.037066806,0.02831968,0.009589019,0.09626371,-0.0028875503,6.4034324,-0.14011256,8.343117,-0.037516277,0.19252741,-0.0057751006,0.16828452,-0.0036822082,0.09792354,-0.00044033022,253.27962,252.61137,338.32532,0.17762884,11.541829,0.20529103
6,85,10,0.0032768005,0.05724926,0.02061877,0.02764665,0.00898384,0.071796186,0.0013307802,6.3268857,0.1182176,8.075552,0.2560676,0.14359237,0.0026615604,0.16627282,0.0031068025,0.09478312,0.0030054776,253.19728,252.26257,337.52817,-0.37428522,11.541208,0.20838223
6,86,10,0.0032768005,0.056601465,0.026172899,0.021687077,0.008741492,0.0808902,0.0010653744,5.6036263,-0.34025642,7.965885,-0.31499287,0.1617804,0.0021307487,0.14726533,-0.008942065,0.09349595,-0.0036970847,253.19499,252.18994,337.87738,0.6552493,11.541208,0.21359327
6,87,10,0.0032768005,0.060285322,0.02932814,0.022131184,0.008826,0.0856273,-0.0032949534,5.6607113,-0.327497,8.004296,0.1672462,0.1712546,-0.0065899068,0.14876553,-0.008606738,0.09394679,0.0019629796,253.1956,252.2128,337.94333,0.16025081,11.541208,0.22477828
6,88,10,0.0032768005,0.05420789,0.020124177,0.025015514,0.009068198,0.070929855,0.001508924,6.018294,0.020858351,8.113379,0.27792343,0.14185971,0.003017848,0.15816294,0.00054816407,0.095227085,0.003262002,253.1299,251.94475,337.10773,-0.29878178,11.541208,0.2331521
6,89,10,0.0032768005,0.055161417,0.025736738,0.021342484,0.008082195,0.08021337,0.00079636206,5.5589294,-0.20951878,7.6595964,-0.49450907,0.16042674,0.0015927241,0.14609067,-0.005506229,0.08990103,-0.005804076,253.09312,251.73727,337.20663,0.70402783,11.5405855,0.1896906
6,90,10,0.0032768005,0.06484318,0.03187021,0.02436149,0.008611478,0.089261144,-0.0031023568,5.9390993,0.040294338,7.9064236,0.00054854574,0.17852229,-0.0062047136,0.15608168,0.0010589494,0.09279805,6.4373016e-6,253.06357,251.61024,337.11346,-0.040842883,11.5405855,0.1945436
6,91,10,0.0032768005,0.053109165,0.018550228,0.026114052,0.008444887,0.06809961,0.00094414945,6.149019,0.20369637,7.829574,0.29157466,0.13619922,0.0018882989,0.16159843,0.005353216,0.091896065,0.0034222265,253.01204,251.45508,336.34366,-0.49527103,11.5405855,0.20244363
6,92,10,0.0032768005,0.049171522,0.020563705,0.02080736,0.0078004594,0.07170025,0.0007659151,5.488797,-0.12921894,7.5249104,-0.2539938,0.1434005,0.0015318302,0.14424756,-0.0033959188,0.08832021,-0.0029811389,252.98766,251.19078,336.56528,0.38321275,11.5405855,0.18854895
6,93,10,0.0032768005,0.058311056,0.02784663,0.02216618,0.008298245,0.08343655,-0.0035135674,5.665185,0.03343769,7.7612967,0.25026503,0.1668731,-0.0070271348,0.1488831,0.0008787543,0.0910947,0.0029373735,252.9631,251.03282,336.60464,-0.28370273,11.539965,0.1866714
6,94,10,0.0032768005,0.053204704,0.020003336,0.024710394,0.008490976,0.070716575,0.0001965406,5.981478,0.27133584,7.8509107,0.24978337,0.14143315,0.0003930812,0.1571954,0.0071308035,0.09214649,0.0029317213,252.91896,250.98302,335.85196,-0.52111924,11.539965,0.18999566
6,95,10,0.0032768005,0.062004194,0.03253108,0.021249348,0.008223765,0.09018187,2.0946818e-5,5.546787,-0.28129926,7.7263885,-0.38861614,0.18036374,4.1893636e-5,0.14577156,-0.0073926463,0.09068497,-0.004561205,252.92839,250.9695,336.26123,0.66991544,11.539965,0.16114326
6,96,10,0.0032768005,0.05491349,0.022876933,0.023041107,0.008995453,0.07562561,-0.0037455757,5.775909,-0.01995969,8.08077,0.07087253,0.15125123,-0.0074911513,0.15179297,-0.00052454794,0.09484436,0.0008318364,252.93857,250.94402,336.4667,-0.050912842,11.539965,0.17224477
6,97,10,0.0032768005,0.05134441,0.018321628,0.024471167,0.0085516125,0.067678705,-0.00080560223,5.952454,-0.046267778,7.878893,0.36266366,0.13535741,-0.0016112045,0.15643263,-0.0012159343,0.09247493,0.0042565996,252.93852,250.96378,335.8431,-0.31639588,11.539321,0.14871606
6,98,10,0.0032768005,0.050556168,0.021921568,0.020742835,0.007891768,0.07402967,-0.0007851005,5.4802794,-0.5751895,7.5688224,-0.33160335,0.14805934,-0.001570201,0.14402373,-0.015116187,0.08883562,-0.0038920457,252.96059,251.09679,336.1061,0.9067928,11.539321,0.15456027
6,99,10,0.0032768005,0.057928357,0.026148392,0.023080792,0.008699176,0.08085232,-0.0030875213,5.780881,-0.22825694,7.9465804,0.03919875,0.16170464,-0.0061750426,0.15192364,-0.005998674,0.09326937,0.00046007682,252.94356,251.07504,336.28937,0.18905818,11.539321,0.16396809
6,100,10,0.0032768005,0.05407063,0.020140389,0.025078392,0.0088518495,0.07095842,-4.8587495e-5,6.025853,-0.047723945,8.016009,0.22275543,0.14191684,-9.717499e-5,0.15836158,-0.0012542021,0.09408427,0.0026144902,252.90948,250.95352,335.6183,-0.17503148,11.539321,0.18182468
7,1,10,0.0026214404,0.07329478,0.024306512,0.03700117,0.011987099,0.07795273,-0.0021080412,7.3194156,0.5148738,9.328209,0.6032807,0.15590546,-0.0042160824,0.19235688,0.013531064,0.10948561,0.0070807356,252.22984,248.4719,332.6855,-1.1181545,11.538568,0.40927905
7,2,10,0.0026214404,0.07198024,0.024520166,0.0353731,0.012086975,0.07829458,-0.002261833,7.1565747,0.48243976,9.366989,0.37867406,0.15658917,-0.004523666,0.18807738,0.012678681,0.10994078,0.00444451,252.14825,248.08997,332.74405,-0.8611138,11.538568,0.4147285
7,3,10,0.0026214404,0.07902333,0.027716763,0.03868071,0.01262586,0.08324176,-0.0050834087,7.4836917,0.9264834,9.573522,0.89392745,0.16648352,-0.010166817,0.19667412,0.024348324,0.11236485,0.01049207,252.07501,247.69894,332.57352,-1.8204108,11.538568,0.4457437
7,4,10,0.0026214404,0.076626725,0.024060208,0.039736755,0.012829757,0.07755677,-0.0024520473,7.5851626,1.0238051,9.650515,0.8171629,0.15511353,-0.0049040946,0.1993408,0.026905984,0.11326852,0.009591078,252.01521,247.51117,331.90936,-1.840968,11.538568,0.45043448
7,5,10,0.0026214404,0.07280564,0.024801636,0.036384124,0.011619881,0.078742675,-0.0027521325,7.258128,0.78749734,9.184216,0.33424678,0.15748535,-0.005504265,0.19074623,0.02069571,0.10779555,0.0039230757,251.99503,247.43158,332.34564,-1.1217442,11.537777,0.40900385
7,6,10,0.0026214404,0.07985704,0.029870508,0.036798917,0.013187613,0.08641543,-0.005490662,7.299383,1.1216897,9.784178,0.99624825,0.17283086,-0.010981324,0.19183044,0.02947841,0.11483733,0.011693008,251.94302,247.24825,332.35788,-2.117938,11.537777,0.42599574
7,7,10,0.0026214404,0.07626841,0.025881104,0.03662325,0.013764058,0.080438025,-0.002829485,7.28194,0.98135066,9.9957285,0.8840386,0.16087605,-0.00565897,0.19137202,0.025790248,0.11732032,0.010376003,251.8926,247.13849,331.51318,-1.8653893,11.537777,0.41078934
7,8,10,0.0026214404,0.07831921,0.026117606,0.03894914,0.013252459,0.08080471,-0.0029279897,7.5096135,0.68743616,9.808203,0.04413967,0.16160943,-0.0058559794,0.19735536,0.01806605,0.11511932,0.0005180703,251.904,247.14642,331.706,-0.73157585,11.537777,0.40395135
7,9,10,0.0026214404,0.0840661,0.03230595,0.037738785,0.014021369,0.089869276,-0.005436974,7.3920116,0.8101382,10.088728,0.47817677,0.17973855,-0.010873948,0.19426472,0.021290712,0.11841186,0.005612383,251.89148,247.16515,331.70193,-1.288315,11.536844,0.37520018
7,10,10,0.0026214404,0.08525316,0.029390404,0.041760627,0.0141021265,0.08571815,-0.0024424372,7.7759266,0.6314994,10.117742,0.5321455,0.1714363,-0.0048848744,0.20435417,0.016596032,0.118752375,0.006245815,251.828,247.04362,330.80023,-1.1636449,11.536844,0.37203106
7,11,10,0.0026214404,0.08264942,0.026988877,0.04262508,0.013035462,0.08214146,-0.0025771426,7.855996,0.35112,9.727572,0.099010274,0.16428292,-0.005154285,0.20645842,0.009227546,0.11417295,0.0011620865,251.78226,246.78468,330.86664,-0.45013028,11.536844,0.37677902
7,12,10,0.0026214404,0.08639025,0.030876819,0.042133957,0.013379479,0.087859005,-0.005591619,7.810607,0.7729523,9.855095,0.92093635,0.17571801,-0.011183238,0.20526558,0.020313475,0.1156697,0.0108090695,251.75339,246.63625,330.79697,-1.6938887,11.536844,0.38026586
7,13,10,0.0026214404,0.08091481,0.029083645,0.038273465,0.013557706,0.08526964,-0.0032566958,7.444192,0.49305117,9.920517,0.7781175,0.17053927,-0.0065133916,0.19563605,0.012957568,0.11643756,0.0091328,251.73924,246.61316,330.29785,-1.2711687,11.535777,0.30739337
7,14,10,0.0026214404,0.08124614,0.029714694,0.03938868,0.01214276,0.086189754,-0.0034770665,7.551867,0.1332154,9.388579,0.39941016,0.17237951,-0.006954133,0.19846581,0.0035009505,0.11019419,0.004687899,251.78767,246.71887,330.91672,-0.53262556,11.535777,0.31812003
7,15,10,0.0026214404,0.08733676,0.03485844,0.039330747,0.013147567,0.09335207,-0.0063233003,7.546312,0.5070286,9.76931,0.9222417,0.18670414,-0.012646601,0.19831981,0.013324889,0.11466284,0.010824389,251.81436,246.81787,331.26846,-1.4292703,11.535777,0.32498074
7,16,10,0.0026214404,0.08233099,0.028265681,0.03974596,0.014319349,0.084062,-0.0032943988,7.586041,0.41406775,10.195367,0.8642772,0.168124,-0.0065887976,0.19936389,0.010881857,0.119663484,0.010144058,251.79483,246.7979,330.65674,-1.2783449,11.535777,0.32650638
7,17,10,0.0026214404,0.078246295,0.02839652,0.03649103,0.013358738,0.084256336,-0.0023563872,7.268784,-0.08619166,9.847454,0.08250296,0.16851267,-0.0047127744,0.19102626,-0.00226515,0.11558001,0.0009683416,251.81093,246.80086,330.8662,0.0036887005,11.534639,0.29388204
7,18,10,0.0026214404,0.08211983,0.031934038,0.036536872,0.013648918,0.089350484,-0.0049467357,7.273348,0.35143542,9.953832,0.8569352,0.17870097,-0.009893471,0.19114621,0.00923585,0.11682858,0.010057885,251.77318,246.61028,331.0044,-1.2083707,11.534639,0.30092996
7,19,10,0.0026214404,0.07868484,0.028535118,0.03601435,0.014135371,0.084461704,-0.00315113,7.221152,0.2657705,10.129659,0.78476685,0.16892341,-0.00630226,0.18977447,0.006984542,0.11889227,0.009210846,251.68596,246.33197,330.26904,-1.0505373,11.534639,0.30326298
7,20,10,0.0026214404,0.0795655,0.028042406,0.03835082,0.013172276,0.083729334,-0.0036475405,7.451711,0.057049837,9.778487,0.24256167,0.16745867,-0.007295081,0.19583365,0.0014992916,0.11477054,0.0028469583,251.62462,245.9497,330.2647,-0.2996115,11.534639,0.32721248
7,21,10,0.0026214404,0.081424646,0.032047275,0.035745647,0.013631725,0.089508764,-0.0056074257,7.194162,0.25169435,9.94756,0.91268057,0.17901753,-0.011214851,0.18906519,0.0066146106,0.11675498,0.010712173,251.5778,245.81215,330.1054,-1.164375,11.533502,0.29792053
7,22,10,0.0026214404,0.08033924,0.029606618,0.036437426,0.0142951915,0.08603287,-0.002529185,7.2634425,0.1500093,10.186763,0.873603,0.17206573,-0.00505837,0.1908859,0.0039423043,0.1195625,0.010253519,251.55559,245.85446,329.5694,-1.0236123,11.533502,0.2893214
7,23,10,0.0026214404,0.08268503,0.030387104,0.037906304,0.014391623,0.087159485,-0.0029967178,7.408399,-0.048419837,10.221065,0.4635361,0.17431897,-0.0059934356,0.19469541,-0.0012724977,0.11996509,0.0054405453,251.56802,245.84132,329.85663,-0.41511628,11.533502,0.28494453
7,24,10,0.0026214404,0.08752341,0.033761747,0.038912117,0.014849546,0.09187185,-0.005094653,7.5060434,0.15190771,10.382401,1.1046838,0.1837437,-0.010189306,0.19726154,0.003992196,0.121858716,0.012965723,251.605,245.96051,330.1054,-1.2565914,11.533502,0.29365566
7,25,10,0.0026214404,0.08561443,0.03254406,0.037293527,0.015776841,0.090199865,-0.0023114376,7.3482747,-0.3804746,10.701663,0.820241,0.18039973,-0.0046228752,0.19311532,-0.009999011,0.1256059,0.009627205,251.65327,246.3164,329.73962,-0.43976638,11.532458,0.2878387
7,26,10,0.0026214404,0.08401125,0.03235734,0.036518842,0.015135074,0.08994073,-0.0026260284,7.271553,-0.7815755,10.481743,0.37156346,0.17988145,-0.0052520568,0.19109903,-0.020540088,0.12302469,0.0043610553,251.72226,246.67378,330.43552,0.41001204,11.532458,0.27702114
7,27,10,0.0026214404,0.08940512,0.038254146,0.036850963,0.014300011,0.09779333,-0.0059508886,7.3045435,-0.60784966,10.188479,1.0265186,0.19558667,-0.011901777,0.19196604,-0.015974505,0.11958265,0.012048293,251.72487,246.72328,330.44424,-0.41866893,11.532458,0.2832759
7,28,10,0.0026214404,0.09198475,0.037763994,0.039286662,0.014934094,0.0971648,-0.0027692162,7.542082,-0.5785411,10.411917,0.84902644,0.1943296,-0.0055384324,0.19820863,-0.015204273,0.12220513,0.009965059,251.71019,246.66069,329.9588,-0.27048534,11.532458,0.27301672
7,29,10,0.0026214404,0.083835416,0.032784544,0.03748996,0.013560913,0.09053251,-0.0021613166,7.367602,-0.52917933,9.92169,0.34629336,0.18106502,-0.004322633,0.19362324,-0.013907018,0.11645133,0.0040644608,251.75006,246.71935,330.63925,0.18288597,11.531535,0.25146788
7,30,10,0.0026214404,0.08971445,0.038532197,0.038290124,0.012892125,0.0981481,-0.0056910026,7.4458117,-0.27431735,9.673942,0.9642314,0.1962962,-0.011382005,0.19567862,-0.0072091613,0.113543496,0.011317224,251.75316,246.73042,330.58453,-0.689914,11.531535,0.26374334
7,31,10,0.0026214404,0.08830708,0.037811406,0.036924515,0.013571154,0.09722578,-0.0027843155,7.31183,-0.29934722,9.925436,0.82326853,0.19445156,-0.005568631,0.19215752,-0.0078669535,0.1164953,0.009662742,251.73384,246.69922,329.77448,-0.5239213,11.531535,0.25533104
7,32,10,0.0026214404,0.08915469,0.036460318,0.038898285,0.013796091,0.095472924,-0.0025780604,7.5047092,-0.7152265,10.007354,0.2605341,0.19094585,-0.0051561208,0.19722648,-0.018796405,0.117456764,0.0030579022,251.79443,246.92964,330.21988,0.45469236,11.531535,0.25709432
7,33,10,0.0026214404,0.087083116,0.036806535,0.03701592,0.013260663,0.095925145,-0.004709078,7.320874,-0.44976914,9.811238,0.83201677,0.19185029,-0.009418156,0.19239521,-0.011820091,0.11515495,0.00976542,251.82413,247.16512,330.5434,-0.38224763,11.530718,0.24024692
7,34,10,0.0026214404,0.0871145,0.037375726,0.035522528,0.014216246,0.09666401,-0.0024357338,7.171675,-0.36653715,10.158595,0.64614266,0.19332802,-0.0048714676,0.18847421,-0.009632724,0.1192319,0.007583806,251.77325,247.06427,329.92447,-0.2796055,11.530718,0.2479894
7,35,10,0.0026214404,0.0860949,0.034110963,0.038170196,0.0138137415,0.09234577,-0.0027048476,7.434142,-0.5409298,10.013753,0.34066856,0.18469153,-0.005409695,0.19537194,-0.014215826,0.11753187,0.0039984444,251.73856,246.73914,330.24673,0.20026124,11.530718,0.27151912
7,36,10,0.0026214404,0.09609239,0.04055547,0.041565217,0.013971698,0.100691944,-0.004844294,7.7577133,-0.39965135,10.070843,0.9738364,0.20138389,-0.009688588,0.2038755,-0.010502988,0.118201934,0.011429961,251.72783,246.57988,330.2131,-0.5741851,11.530718,0.26019302
7,37,10,0.0026214404,0.09214304,0.037576176,0.04025874,0.014308118,0.096922874,-0.0018836672,7.6348186,-0.40463033,10.191368,0.8927979,0.19384575,-0.0037673344,0.2006458,-0.01063383,0.119616546,0.010478808,251.73927,246.75615,329.65588,-0.48816755,11.53006,0.22527257
7,38,10,0.0026214404,0.08408356,0.033911593,0.035686094,0.014485867,0.092075504,-0.002394157,7.1881666,-0.7356623,10.254476,0.28358316,0.18415101,-0.004788314,0.18890764,-0.01933347,0.120357245,0.0033284312,251.78685,246.91653,330.34515,0.45207912,11.53006,0.23023419
7,39,10,0.0026214404,0.08889602,0.038412597,0.036731653,0.013751774,0.09799566,-0.0050969487,7.2927094,-0.4698171,9.991266,0.9259978,0.19599132,-0.010193897,0.19165504,-0.012346962,0.11726796,0.010868482,251.79816,246.91534,330.53406,-0.4561807,11.53006,0.225028
7,40,10,0.0026214404,0.08183144,0.0327639,0.034925826,0.01414172,0.090504006,-0.0019036578,7.111186,-0.44812733,10.131934,0.7163808,0.18100801,-0.0038073156,0.18688452,-0.011776949,0.11891896,0.008408191,251.75534,246.76427,330.01254,-0.26825345,11.53006,0.23759113
7,41,10,0.0026214404,0.07801625,0.031219244,0.032879934,0.01391707,0.08834484,-0.0030092997,6.8997626,-0.4294698,10.051134,0.23695347,0.17668968,-0.0060185995,0.18132825,-0.011286622,0.11797063,0.0027811355,251.72643,246.55356,330.5152,0.19251633,11.529501,0.24102712
7,42,10,0.0026214404,0.083609045,0.03751789,0.03246179,0.013629366,0.096847676,-0.0053939,6.855749,0.09331582,9.9467,0.9168532,0.19369535,-0.0107878,0.18017155,0.0024523796,0.116744876,0.010761147,251.69147,246.36127,330.66513,-1.010169,11.529501,0.23305592
7,43,10,0.0026214404,0.07743522,0.029373836,0.03446028,0.013601101,0.085693985,-0.0022415684,7.0636325,0.59757894,9.936382,1.0588393,0.17138797,-0.004483137,0.1856348,0.015704596,0.11662376,0.012427646,251.6514,246.26056,330.24854,-1.6564183,11.529501,0.25112158
7,44,10,0.0026214404,0.07640068,0.030765956,0.03276889,0.012865833,0.087701134,-0.0022713556,6.888101,0.293355,9.664071,0.5277544,0.17540227,-0.004542711,0.1810218,0.007709472,0.113427654,0.0061942744,251.65625,246.29999,330.743,-0.8211094,11.529501,0.26625073
7,45,10,0.0026214404,0.08231495,0.037158757,0.033600274,0.011555922,0.096383035,-0.003666181,6.9749336,0.6284099,9.158903,0.97472256,0.19276607,-0.007332362,0.18330377,0.016514834,0.107498474,0.011440362,251.66165,246.36542,330.8136,-1.6031325,11.529064,0.2634785
7,46,10,0.0026214404,0.07726112,0.031367194,0.033232883,0.012661038,0.08855393,-0.00022912146,6.9366956,0.69380605,9.586848,0.8783435,0.17710786,-0.00045824292,0.18229888,0.01823347,0.112521276,0.010309159,251.63765,246.39172,330.16666,-1.5721495,11.529064,0.274267
7,47,10,0.0026214404,0.0749392,0.029450012,0.033075746,0.012413441,0.08580503,-0.0021018605,6.920276,0.57907856,9.492647,0.15279455,0.17161006,-0.004203721,0.18186739,0.015218393,0.111415625,0.0017933579,251.64615,246.40356,330.4536,-0.7318731,11.529064,0.28983516
7,48,10,0.0026214404,0.083062515,0.036757983,0.034007568,0.012296959,0.09586186,-0.004574612,7.0170803,0.8741731,9.448004,0.65265733,0.19172372,-0.009149224,0.1844114,0.022973586,0.110891655,0.0076602716,251.68016,246.61028,330.7033,-1.5268304,11.529064,0.2959509
7,49,10,0.0026214404,0.077471316,0.030509332,0.034591954,0.0123700285,0.0873346,-0.000597181,7.077115,0.69038224,9.476033,0.21517918,0.1746692,-0.001194362,0.18598913,0.018143496,0.11122063,0.0025255661,251.67274,246.74718,330.09747,-0.90556145,11.528707,0.28307083
7,50,10,0.0026214404,0.075086005,0.030387025,0.032797754,0.011901225,0.08715937,-0.00048213775,6.8911347,0.56945837,9.294736,-0.34096813,0.17431875,-0.0009642755,0.1811015,0.0149655705,0.109092735,-0.004001959,251.6895,246.83427,330.6364,-0.22849023,11.528707,0.29640973
7,51,10,0.0026214404,0.08125881,0.035457984,0.03474424,0.01105659,0.09415145,-0.0024202392,7.0926757,1.0819073,8.95884,0.16269039,0.1883029,-0.0048404783,0.18639807,0.028432913,0.10515032,0.0019095067,251.69,246.80797,330.97876,-1.2445977,11.528707,0.30421937
7,52,10,0.0026214404,0.07898628,0.029849002,0.03709243,0.012044845,0.08638432,0.00024353834,7.328437,0.9734877,9.350651,0.15619655,0.17276864,0.00048707667,0.19259395,0.025583604,0.10974901,0.0018332883,251.65926,246.64331,330.30316,-1.1296842,11.528707,0.2880642
7,53,10,0.0026214404,0.07533512,0.029969882,0.03358963,0.011775607,0.08655906,0.0009957436,6.9738297,0.56761444,9.245552,-0.36678132,0.17311811,0.001991487,0.18327475,0.014917107,0.10851547,-0.0043049334,251.70813,246.82616,331.0248,-0.20083311,11.528353,0.27538282
7,54,10,0.0026214404,0.08181262,0.03499982,0.035449293,0.011363506,0.0935412,-0.0012911599,7.164278,0.7503943,9.082332,0.17478727,0.1870824,-0.0025823198,0.18827982,0.01972064,0.10659975,0.002051488,251.76056,247.15504,331.4135,-0.92518157,11.528353,0.29502723
7,55,10,0.0026214404,0.07788779,0.029082693,0.036841672,0.011963429,0.085268244,0.0016864014,7.303623,0.6375894,9.3189945,-0.10319392,0.17053649,0.0033728029,0.19194184,0.016756073,0.10937746,-0.0012111899,251.73984,247.22992,331.03116,-0.53439546,11.528353,0.3124286
7,56,10,0.0026214404,0.07697836,0.027813599,0.036964137,0.012200634,0.08338705,0.0019692988,7.3157516,0.37978333,9.410927,-0.53533655,0.1667741,0.0039385976,0.1922606,0.0099808425,0.11045648,-0.006283264,251.72304,247.07225,331.52005,0.15555322,11.528353,0.3226762
7,57,10,0.0026214404,0.08251985,0.034851022,0.03579138,0.011877452,0.09334214,0.00019112071,7.198763,0.407063,9.285449,-0.44034928,0.18668428,0.00038224141,0.1891861,0.010697764,0.108983725,-0.0051684026,251.73682,247.167,331.6352,0.033286273,11.5280485,0.266761
7,58,10,0.0026214404,0.081809975,0.031656843,0.038508993,0.01164414,0.08896185,0.0032514909,7.4670625,0.15388438,9.193797,-0.56575966,0.1779237,0.0065029818,0.19623709,0.004044134,0.10790802,-0.006640347,251.7412,247.27124,330.95453,0.41187528,11.5280485,0.26475677
7,59,10,0.0026214404,0.07583819,0.029678082,0.03450625,0.011653859,0.08613664,0.002748108,7.068342,-0.057249166,9.197633,-1.0808789,0.17227328,0.005496216,0.18575858,-0.0015045285,0.10795304,-0.012686325,251.77777,247.28838,331.5988,1.138128,11.5280485,0.26508126
7,60,10,0.0026214404,0.07815752,0.035370942,0.031561807,0.011224767,0.09403582,-0.000663546,6.760045,0.036585335,9.026718,-0.5365616,0.18807164,-0.001327092,0.17765643,0.00096147833,0.105947,-0.006297646,251.84047,247.46954,332.0453,0.49997628,11.5280485,0.24177395
7,61,10,0.0026214404,0.0716985,0.0289328,0.030471437,0.012294261,0.08504822,0.0043670004,6.6422486,-0.2559566,9.446966,-0.6413844,0.17009644,0.008734001,0.1745607,-0.0067266314,0.11087949,-0.00752796,251.83989,247.48102,331.5233,0.897341,11.527758,0.20177059
7,62,10,0.0026214404,0.072187506,0.028903922,0.0311903,0.012093285,0.08500577,0.00561211,6.720142,-0.62163407,9.369434,-1.1166546,0.17001154,0.01122422,0.17660776,-0.016336769,0.109969474,-0.013106226,251.86324,247.49327,332.1946,1.7382886,11.527758,0.20904051
7,63,10,0.0026214404,0.07074429,0.030517483,0.02890331,0.011323493,0.08734627,0.0014768814,6.469079,-0.22878122,9.066328,-0.37478656,0.17469254,0.002953763,0.17000973,-0.006012454,0.106411904,-0.0043988847,251.87015,247.48834,332.6025,0.6035678,11.527758,0.2129695
7,64,10,0.0026214404,0.06473395,0.02667999,0.026531925,0.011522032,0.08167005,0.0046180096,6.198021,-0.32361212,9.145464,-0.50775534,0.1633401,0.009236019,0.16288623,-0.008504645,0.10734073,-0.00595955,251.83733,247.42108,331.94327,0.8313675,11.527758,0.22835512
7,65,10,0.0026214404,0.06409117,0.026759006,0.026393024,0.010939136,0.0817909,0.006598512,6.1817756,-0.53383356,8.911128,-1.1229564,0.1635818,0.013197024,0.1624593,-0.014029337,0.10459033,-0.013180191,251.81554,247.25768,332.27252,1.65679,11.5275135,0.19879097
7,66,10,0.0026214404,0.0646165,0.030948406,0.02265692,0.011011172,0.087960795,0.002022942,5.7275534,-0.19289273,8.940422,-0.5664278,0.17592159,0.004045884,0.15052216,-0.0050692894,0.10493413,-0.006648191,251.81017,247.27588,332.3054,0.75932056,11.5275135,0.18149991
7,67,10,0.0026214404,0.05994117,0.024449918,0.024015347,0.011475903,0.07818235,0.0059708343,5.8967547,-0.2613273,9.127138,-0.5669067,0.1563647,0.011941669,0.15496886,-0.0068677748,0.10712564,-0.0066538076,251.77867,247.16144,331.4001,0.82823396,11.5275135,0.17739667
7,68,10,0.0026214404,0.062499985,0.025022326,0.025674343,0.011803313,0.079092234,0.0053941635,6.09703,-0.6355146,9.256423,-1.1894512,0.15818447,0.010788327,0.16023216,-0.016701553,0.108643055,-0.013960645,251.81514,247.2086,332.03458,1.8249658,11.5275135,0.18780006
7,69,10,0.0026214404,0.069024086,0.03172063,0.025567794,0.011735666,0.08905143,0.0030096674,6.0843654,-0.5278702,9.229858,-0.76171774,0.17810287,0.006019335,0.15989932,-0.013872621,0.10833128,-0.008940318,251.8954,247.5524,332.55655,1.289588,11.527281,0.16627613
7,70,10,0.0026214404,0.06780026,0.024958936,0.030539714,0.012301611,0.07899199,0.007076722,6.6496863,-0.29026747,9.449791,-0.6858504,0.15798397,0.014153444,0.17475615,-0.0076283338,0.11091263,-0.008049859,251.93344,247.88533,332.14694,0.97611785,11.527281,0.18531168
7,71,10,0.0026214404,0.06452985,0.02486354,0.027645268,0.012021042,0.07884088,0.0060731093,6.326727,-0.80292827,9.341408,-1.3410339,0.15768176,0.012146219,0.16626866,-0.021101244,0.10964052,-0.015739774,251.99213,248.15329,333.04678,2.1439621,11.527281,0.19462009
7,72,10,0.0026214404,0.07277548,0.035081558,0.026082484,0.0116114365,0.093650356,0.0031429245,6.145301,-0.66494125,9.180878,-0.8424435,0.18730071,0.006285849,0.16150072,-0.017474897,0.107756376,-0.009887799,252.00214,248.10791,333.47092,1.5073848,11.527281,0.1865607
7,73,10,0.0026214404,0.06592721,0.026358442,0.027597228,0.01197154,0.081176415,0.0077949106,6.3212276,-0.5267194,9.322153,-0.4728281,0.16235283,0.015589821,0.16612414,-0.013842379,0.10941453,-0.005549603,252.0157,248.21155,332.76276,0.9995475,11.52706,0.16692396
7,74,10,0.0026214404,0.06618542,0.025015976,0.029392805,0.011776642,0.0790822,0.0070181913,6.5236287,-1.2372341,9.245959,-1.1143078,0.1581644,0.014036383,0.1714433,-0.032514956,0.10852024,-0.01307868,252.12863,248.63307,333.48883,2.351542,11.52706,0.20220295
7,75,10,0.0026214404,0.07620413,0.03496936,0.028961292,0.012273475,0.09350048,0.0038875828,6.4755645,-1.494006,9.438977,-0.86320895,0.18700096,0.0077751656,0.17018017,-0.03926302,0.110785715,-0.01013152,252.2199,249.02902,334.0711,2.357215,11.52706,0.21601786
7,76,10,0.0026214404,0.06779634,0.024681756,0.031088311,0.012026273,0.07855214,0.0071292217,6.709146,-1.517375,9.343438,-0.8243126,0.15710428,0.014258443,0.17631878,-0.039877158,0.109664366,-0.009674994,252.25801,249.23384,333.65128,2.3416877,11.52706,0.22294645
7,77,10,0.0026214404,0.06558452,0.025441961,0.028699089,0.011443463,0.07975268,0.0066065555,6.446184,-1.2542857,9.11423,-0.97032803,0.15950537,0.013213111,0.16940805,-0.032963082,0.106974125,-0.011388786,252.30554,249.32639,334.19144,2.2246137,11.526765,0.21125148
7,78,10,0.0026214404,0.0662386,0.029357182,0.025498243,0.011383174,0.08566969,0.0036430259,6.076084,-0.9294876,9.090189,-0.4163487,0.17133938,0.0072860518,0.1596817,-0.024427272,0.10669196,-0.004886704,252.32887,249.32751,334.6105,1.3458363,11.526765,0.20380095
7,79,10,0.0026214404,0.061098553,0.022384966,0.026644723,0.012068865,0.07480803,0.007932548,6.211182,-0.70335317,9.35997,-0.30792937,0.14961606,0.015865097,0.16323212,-0.018484376,0.109858386,-0.0036141812,252.30283,249.28673,334.04404,1.0112826,11.526765,0.19785874
7,80,10,0.0026214404,0.061659053,0.023358481,0.027040726,0.0112598445,0.07641741,0.0077650794,6.257169,-0.90337056,9.040811,-0.9540787,0.15283482,0.015530159,0.16444065,-0.023740903,0.10611241,-0.011198064,252.29407,249.25789,334.52194,1.8574493,11.526765,0.20190273
7,81,10,0.0026214404,0.06798114,0.033932753,0.023416182,0.010632199,0.09210423,0.00335207,5.822731,-0.3963865,8.785223,-0.34226218,0.18420845,0.00670414,0.15302347,-0.010417178,0.103112556,-0.0040171472,252.25706,249.01544,334.80453,0.73864865,11.526367,0.19662242
7,82,10,0.0026214404,0.059117444,0.023551663,0.024673937,0.010891842,0.076732755,0.0070165494,5.977064,-0.37758136,8.891844,-0.29279235,0.15346551,0.014033099,0.1570794,-0.009922977,0.104363985,-0.0034365184,252.19034,248.73676,333.8823,0.6703737,11.526367,0.19512221
7,83,10,0.0026214404,0.057105638,0.020189507,0.025905902,0.011010228,0.07104489,0.0070746187,6.1244636,-0.526473,8.940039,-0.6526184,0.14208978,0.014149237,0.1609531,-0.013835901,0.10492963,-0.007659811,252.20403,248.68446,334.24652,1.1790915,11.526367,0.21192582
7,84,10,0.0026214404,0.065307066,0.030330341,0.023916503,0.011060224,0.08707804,0.0031933158,5.8846073,-0.5199483,8.960313,-0.3741525,0.17415608,0.0063866316,0.15464962,-0.013664427,0.1051676,-0.0043914467,252.26508,248.9746,334.6231,0.8941008,11.526367,0.20969307
7,85,10,0.0026214404,0.05913129,0.022158356,0.026207127,0.0107658105,0.07442842,0.0073483256,6.159967,-0.37108612,8.84025,-0.092271514,0.14885683,0.014696651,0.16188616,-0.009752276,0.103758425,-0.0010829959,252.30737,249.22191,334.2223,0.46335763,11.52586,0.2133801
7,86,10,0.0026214404,0.060496062,0.021768475,0.028455837,0.010271752,0.07377072,0.006541186,6.4188085,-0.9168143,8.635022,-0.89491934,0.14754143,0.013082372,0.16868858,-0.02409421,0.10134965,-0.010503708,252.38712,249.45049,335.2497,1.8117337,11.52586,0.2644483
7,87,10,0.0026214404,0.062266465,0.025768967,0.025837617,0.01065988,0.08026358,0.0036214115,6.116386,-0.69602525,8.796651,-0.29867762,0.16052715,0.007242823,0.16074084,-0.018291796,0.1032467,-0.0035055936,252.45569,249.65182,335.728,0.9947029,11.52586,0.2650293
7,88,10,0.0026214404,0.059232328,0.020855026,0.027109742,0.0112675605,0.07220635,0.00744553,6.265149,-0.38395452,9.043909,-0.15051347,0.1444127,0.01489106,0.16465037,-0.010090465,0.106148764,-0.0017665841,252.4656,249.7965,335.13565,0.534468,11.52586,0.26102832
7,89,10,0.0026214404,0.057049494,0.021577757,0.025528105,0.00994363,0.07344685,0.00597402,6.079641,-0.2703405,8.495984,-0.49378642,0.1468937,0.01194804,0.15977517,-0.007104645,0.09971775,-0.005795594,252.49658,249.87668,335.8054,0.7641269,11.525172,0.26638544
7,90,10,0.0026214404,0.06906952,0.032550223,0.026461486,0.010057813,0.090208404,0.0037743626,6.189789,-0.122500986,8.544624,-0.041529723,0.18041681,0.007548725,0.16266987,-0.0032193745,0.100288644,-0.00048743834,252.5204,249.9241,336.23227,0.1640307,11.525172,0.28577092
7,91,10,0.0026214404,0.057853628,0.020202374,0.027045803,0.010605452,0.07106753,0.00776732,6.2577558,-0.4689102,8.774165,-0.003434923,0.14213505,0.01553464,0.16445608,-0.012323133,0.102982774,-4.0314415e-5,252.51414,249.98994,335.36176,0.4723451,11.525172,0.3088219
7,92,10,0.0026214404,0.0626003,0.023874331,0.028938275,0.009787692,0.077256605,0.0069454443,6.4729905,-0.5229987,8.429103,-0.7056695,0.15451321,0.013890889,0.17011254,-0.0137446,0.098932765,-0.008282478,252.56787,250.26346,335.85208,1.2286682,11.525172,0.28430152
7,93,10,0.0026214404,0.065620415,0.030261708,0.02613862,0.009220085,0.08697946,0.001859487,6.151911,-0.0446634,8.181042,-0.22399832,0.17395893,0.003718974,0.16167443,-0.0011737671,0.09602127,-0.0026290796,252.60545,250.46815,336.3537,0.26866174,11.524313,0.24764673
7,94,10,0.0026214404,0.055968627,0.02157063,0.025129765,0.009268232,0.07343472,0.005644336,6.032021,0.06932284,8.202375,-0.05912041,0.14686944,0.011288672,0.15852371,0.001821825,0.09627166,-0.0006938968,252.54405,250.25252,335.77518,-0.01020243,11.524313,0.24539374
7,95,10,0.0026214404,0.055652723,0.02088562,0.025508413,0.009258688,0.07225929,0.0058267135,6.0772963,-0.16521269,8.198152,-0.422368,0.14451858,0.011653427,0.15971354,-0.004341848,0.09622208,-0.0049573546,252.50352,249.93486,336.0378,0.5875807,11.524313,0.29603183
7,96,10,0.0026214404,0.068740696,0.030952139,0.027978018,0.009810536,0.0879661,0.0011497653,6.3646884,-0.06704696,8.438934,0.05629915,0.1759322,0.0022995307,0.16726631,-0.0017620192,0.09904815,0.0006607867,252.50533,249.8651,336.26196,0.010747813,11.524313,0.32039574
7,97,10,0.0026214404,0.0593152,0.020626696,0.02851121,0.010177297,0.071809985,0.0053524245,6.4250493,0.057843603,8.595227,0.2886651,0.14361997,0.010704849,0.16885263,0.0015201508,0.10088259,0.0033880768,252.51746,249.99052,335.5814,-0.34650868,11.523285,0.27677083
7,98,10,0.0026214404,0.061743606,0.021089856,0.031625118,0.009028632,0.072611734,0.00525085,6.7668223,-0.47633648,8.095659,-0.56052554,0.14522347,0.0105017,0.17783453,-0.012518292,0.09501912,-0.0065789134,252.60791,250.3142,336.45847,1.036862,11.523285,0.31248897
7,99,10,0.0026214404,0.073185906,0.030793944,0.032924686,0.00946727,0.08774102,0.0017289318,6.9044557,-0.45155057,8.289983,-0.015020197,0.17548203,0.0034578636,0.1814516,-0.011866923,0.097299896,-0.00017629549,252.66312,250.532,337.0193,0.46657076,11.523285,0.33801296
7,100,10,0.0026214404,0.064087145,0.01947028,0.03370421,0.01091266,0.069767974,0.005243289,6.9857135,-0.19308811,8.900338,0.4848141,0.13953595,0.010486578,0.18358706,-0.0050744144,0.104463674,0.0056902855,252.6527,250.52417,336.29736,-0.291726,11.523285,0.3494058
8,1,10,0.0020971524,0.067511685,0.021870514,0.035558105,0.010083062,0.073943414,0.00018946601,7.175265,1.828215,8.555343,0.6394833,0.14788683,0.00037893202,0.18856856,0.048046146,0.10041445,0.0075056423,252.1986,248.23557,332.22766,-2.4676983,11.522073,0.44950926
8,2,10,0.0020971524,0.06895539,0.023661062,0.03567817,0.009616158,0.076910764,-0.00054260396,7.187369,1.7459711,8.354915,0.40602416,0.15382153,-0.0010852079,0.18888666,0.045884762,0.09806201,0.004765524,252.20049,248.16771,332.46365,-2.1519952,11.522073,0.43935022
8,3,10,0.0020971524,0.074916705,0.026236227,0.038641673,0.010038811,0.080988005,-0.003115182,7.4799147,1.9301847,8.53655,1.0899596,0.16197601,-0.006230364,0.19657485,0.050725956,0.100193866,0.012792905,252.17546,248.08801,332.39774,-3.0201445,11.522073,0.45380867
8,4,10,0.0020971524,0.0668466,0.021210399,0.035416994,0.010219212,0.07281895,-0.00013283362,7.161014,1.8015696,8.61291,1.3085436,0.1456379,-0.00026566724,0.18819404,0.047345895,0.10109012,0.015358431,252.1368,247.9998,331.99353,-3.1101131,11.522073,0.4507595
8,5,10,0.0020971524,0.06466504,0.024712762,0.030684415,0.009267866,0.078601465,-0.00092286925,6.665421,1.2502826,8.202213,0.66831636,0.15720293,-0.0018457385,0.17516968,0.032857884,0.09626976,0.007844059,252.14397,248.01447,332.52612,-1.918599,11.521,0.32931533
8,6,10,0.0020971524,0.067610085,0.027152307,0.031082999,0.009374775,0.08238979,-0.0034393626,6.708573,1.3107117,8.249387,1.1369596,0.16477957,-0.0068787253,0.17630371,0.034445982,0.096823424,0.013344546,252.18016,248.21281,332.75076,-2.4476714,11.521,0.33062637
8,7,10,0.0020971524,0.06368822,0.024568869,0.029714495,0.009404856,0.0783723,-0.000310278,6.55923,1.1862711,8.26261,0.9675054,0.1567446,-0.000620556,0.17237893,0.031175638,0.096978635,0.011355654,252.21283,248.491,332.52832,-2.1537764,11.521,0.32211465
8,8,10,0.0020971524,0.05938617,0.024243528,0.026727512,0.008415132,0.07785167,-0.0003970955,6.2208247,0.78327346,7.8157682,0.4412814,0.15570334,-0.000794191,0.16348551,0.020584714,0.09173403,0.005179338,252.24503,248.60114,333.18167,-1.2245549,11.521,0.3081886
8,9,10,0.0020971524,0.060054116,0.025358362,0.02606973,0.008626022,0.079621546,-0.0026583732,6.1437984,0.8297087,7.913098,1.0319163,0.15924309,-0.0053167464,0.16146123,0.021805039,0.09287638,0.012111647,252.19159,248.377,333.28662,-1.861625,11.519893,0.26044676
8,10,10,0.0020971524,0.055330567,0.021286882,0.024947638,0.009096049,0.072950125,0.00059846503,6.0101237,1.084383,8.125827,1.0347415,0.14590025,0.0011969301,0.15794821,0.028497975,0.095373206,0.012144809,252.07356,247.93715,332.3365,-2.1191244,11.519893,0.26648623
8,11,10,0.0020971524,0.055564806,0.02303448,0.023426292,0.009104037,0.07588557,-0.00012580246,5.823988,1.0507892,8.129395,0.51838917,0.15177114,-0.0002516049,0.1530565,0.027615119,0.09541508,0.0060843565,251.98982,247.49124,332.29395,-1.5691783,11.519893,0.23838478
8,12,10,0.0020971524,0.064143546,0.026341567,0.027912525,0.009889455,0.08115043,-0.0030401903,6.3572345,1.4065405,8.472809,1.1372204,0.16230085,-0.0060803806,0.16707042,0.036964394,0.09944574,0.013347606,251.94624,247.35579,332.11862,-2.5437608,11.519893,0.28420833
8,13,10,0.0020971524,0.060250916,0.021794206,0.028296184,0.010160527,0.0738143,6.965781e-5,6.4007754,1.000884,8.588144,1.0016619,0.1476286,0.00013931563,0.1682147,0.026303595,0.10079944,0.011756551,251.94173,247.51878,331.55307,-2.0025458,11.518832,0.3004523
8,14,10,0.0020971524,0.059039097,0.023772107,0.026098229,0.009168763,0.07709103,-0.00044632086,6.1471553,0.6995523,8.158241,0.640757,0.15418206,-0.0008926417,0.16154946,0.01838449,0.095753655,0.007520596,251.96729,247.6208,332.0547,-1.3403094,11.518832,0.2472273
8,15,10,0.0020971524,0.06563316,0.026241919,0.029856453,0.009534793,0.08099679,-0.0019911756,6.574879,0.9935677,8.319493,1.4377548,0.16199358,-0.003982351,0.1727902,0.026111318,0.097646266,0.01687499,251.9709,247.57213,332.36633,-2.4313226,11.518832,0.2659567
8,16,10,0.0020971524,0.06326871,0.026676286,0.027425997,0.009166428,0.08166438,0.00085050694,6.3015866,1.0234506,8.157203,1.2592531,0.16332877,0.0017010139,0.16560796,0.026896656,0.095741466,0.014779913,251.93726,247.49623,331.63367,-2.2827039,11.518832,0.29290766
8,17,10,0.0020971524,0.056156382,0.023600085,0.023510892,0.009045407,0.0768116,-0.00034025358,5.8344946,0.75619537,8.103176,0.41873252,0.1536232,-0.00068050716,0.15333262,0.019873083,0.09510735,0.0049146838,251.89919,247.32616,331.72964,-1.174928,11.517854,0.3120571
8,18,10,0.0020971524,0.06428818,0.026748931,0.027605765,0.009933482,0.0817755,-0.001758266,6.322205,1.0705923,8.491648,1.0897305,0.163551,-0.003516532,0.16614982,0.028135553,0.099666856,0.012790218,251.86617,247.1462,331.72586,-2.1603227,11.517854,0.3486919
8,19,10,0.0020971524,0.06363784,0.022520171,0.029930962,0.011186707,0.07503361,0.001062831,6.5830784,0.9789289,9.011401,1.1541997,0.15006723,0.002125662,0.17300567,0.0257266,0.10576723,0.013546897,251.86198,247.13129,331.22916,-2.1331286,11.517854,0.38141325
8,20,10,0.0020971524,0.064181626,0.025561746,0.027733967,0.010885913,0.07994021,0.00066502014,6.336868,0.6355175,8.889424,0.55691844,0.15988041,0.0013300403,0.16653518,0.016701628,0.10433558,0.0065365746,251.87875,247.2391,331.49628,-1.192436,11.517854,0.35011646
8,21,10,0.0020971524,0.06792912,0.027255828,0.030500758,0.010172532,0.082546696,-0.001503759,6.6454444,0.8256814,8.593217,1.0000455,0.16509339,-0.003007518,0.17464466,0.021699207,0.10085897,0.011737578,251.83723,247.19176,331.30753,-1.825727,11.517002,0.36689153
8,22,10,0.0020971524,0.06293999,0.025176734,0.027297355,0.010465898,0.07933589,0.00060086406,6.2867894,0.9286392,8.716246,0.8693805,0.15867178,0.0012017281,0.16521911,0.024404967,0.10230297,0.01020396,251.75923,246.89816,330.26913,-1.7980196,11.517002,0.37466407
8,23,10,0.0020971524,0.06500733,0.026206635,0.028323136,0.010477558,0.08094232,3.764229e-5,6.4038234,0.5847955,8.7211,0.25067008,0.16188464,7.528458e-5,0.16829479,0.015368635,0.10235994,0.002942122,251.79306,246.92155,330.8312,-0.83546555,11.517002,0.41604856
8,24,10,0.0020971524,0.07372929,0.029708864,0.03322891,0.010791521,0.0861813,-0.002328834,6.936281,0.7656284,8.8508005,0.7934894,0.1723626,-0.004657668,0.18228799,0.020120993,0.103882246,0.009313222,251.81975,246.99751,330.87418,-1.5591178,11.517002,0.36361077
8,25,10,0.0020971524,0.069547325,0.02680654,0.032727897,0.010012885,0.081863515,-6.032374e-5,6.8837914,0.649595,8.525519,0.68902665,0.16372703,-0.00012064748,0.18090853,0.01707159,0.100064404,0.008087138,251.82637,247.14575,330.33273,-1.3386216,11.516286,0.3206328
8,26,10,0.0020971524,0.069016166,0.02856162,0.030482123,0.009972424,0.08450092,-0.0009777787,6.6434135,0.35039836,8.508276,0.15675211,0.16900183,-0.0019555574,0.1745913,0.009208594,0.099862024,0.0018398063,251.87299,247.21802,330.81183,-0.5071505,11.516286,0.29902497
8,27,10,0.0020971524,0.06853537,0.028447075,0.030433025,0.009655275,0.084331304,-0.002412396,6.6380606,0.4348661,8.37189,0.5502663,0.16866261,-0.004824792,0.17445064,0.0114284335,0.09826126,0.006458498,251.93797,247.41183,331.33768,-0.98513246,11.516286,0.33420962
8,28,10,0.0020971524,0.062200733,0.025320448,0.027698394,0.009181889,0.079562,0.0008853841,6.3328023,0.41141453,8.16408,0.5739933,0.159124,0.0017707682,0.16642834,0.010812119,0.09582217,0.0067369873,251.97389,247.70146,331.5067,-0.9854078,11.516286,0.35981715
8,29,10,0.0020971524,0.059285164,0.025809452,0.024357969,0.009117746,0.0803266,0.0010306379,5.9386697,0.17568068,8.135513,-0.1671165,0.1606532,0.0020612758,0.1560704,0.004616947,0.09548689,-0.0019614515,252.00328,247.9423,332.2911,-0.008564189,11.515687,0.2350869
8,30,10,0.0020971524,0.06271709,0.028118864,0.02624512,0.008353101,0.0838434,-0.0016361917,6.16443,0.55762255,7.7869086,0.4858984,0.1676868,-0.0032723835,0.16200346,0.014654518,0.0913953,0.0057030115,251.97585,247.81561,332.44595,-1.0435209,11.515687,0.27284318
8,31,10,0.0020971524,0.059722066,0.024708517,0.026652344,0.008361204,0.078594714,0.00020017287,6.21207,0.65160125,7.790684,0.45116565,0.15718943,0.00040034574,0.16325545,0.017124323,0.09143962,0.005295352,251.91588,247.57591,331.62927,-1.1027669,11.515687,0.3162036
8,32,10,0.0020971524,0.06426554,0.027084984,0.027914368,0.009266193,0.08228758,-6.2568695e-5,6.357445,0.29706073,8.201473,0.10516512,0.16457516,-0.00012513739,0.16707593,0.007806866,0.09626107,0.0012343291,251.96184,247.7696,332.04678,-0.40222585,11.515687,0.29872656
8,33,10,0.0020971524,0.06656615,0.029203642,0.028106287,0.009256216,0.08544537,-0.0020578892,6.379261,0.67106533,8.197057,0.5886304,0.17089073,-0.0041157785,0.1676493,0.017635845,0.09620923,0.0069087828,252.03181,248.12042,332.46674,-1.2596958,11.515198,0.21927342
8,34,10,0.0020971524,0.063499264,0.025128726,0.029161345,0.0092091905,0.079260215,7.730497e-5,6.4978914,0.5552251,8.1762085,0.63476694,0.15852043,0.00015460994,0.17076693,0.014591516,0.09596453,0.0074502886,252.08115,248.44736,332.1067,-1.189992,11.515198,0.26086095
8,35,10,0.0020971524,0.06617558,0.026861165,0.029706307,0.009608105,0.08194688,0.00044249734,6.558326,-0.0025996198,8.351415,0.2543941,0.16389376,0.0008849947,0.17235518,-6.8316556e-5,0.09802094,0.0029858344,252.14708,248.57416,332.88345,-0.2517945,11.515198,0.23769422
8,36,10,0.0020971524,0.06848669,0.031349797,0.028059816,0.009077082,0.08852937,-0.0023713806,6.3739853,0.14402455,8.117352,0.7101851,0.17705874,-0.004742761,0.16751064,0.0037850142,0.095273726,0.008335475,252.14938,248.51024,333.1953,-0.85420966,11.515198,0.24661109
8,37,10,0.0020971524,0.056965657,0.0254648,0.023084238,0.008416618,0.07978847,-9.360097e-5,5.781313,0.45158923,7.8164577,0.32154837,0.15957694,-0.00018720193,0.15193498,0.0118679255,0.09174213,0.0037740287,252.12135,248.4035,332.50876,-0.77313757,11.51481,0.16615488
8,38,10,0.0020971524,0.05291623,0.024238832,0.019629551,0.009047843,0.07784413,-0.0009537067,5.331187,0.11223849,8.104267,-0.45176458,0.15568826,-0.0019074134,0.1401055,0.0029496653,0.09512015,-0.005302382,252.14967,248.42984,333.15222,0.3395261,11.51481,0.17479712
8,39,10,0.0020971524,0.060075976,0.031993534,0.019367354,0.008715088,0.089433685,-0.0028008798,5.295461,0.36857364,7.953845,0.070897266,0.17886737,-0.0056017595,0.13916664,0.009686247,0.093354635,0.0008321248,252.15523,248.58008,333.43207,-0.4394709,11.51481,0.17728263
8,40,10,0.0020971524,0.05217294,0.021552725,0.021777129,0.008843087,0.07340423,0.0006566356,5.6152487,0.49799627,8.012041,0.11098111,0.14680846,0.0013132712,0.14757076,0.013087524,0.09403769,0.0013025912,252.08504,248.36348,332.76486,-0.6089774,11.51481,0.18979126
8,41,10,0.0020971524,0.054244325,0.023492074,0.021818612,0.008933641,0.07663562,0.0008675387,5.620594,0.60005957,8.0529585,-0.76490843,0.15327124,0.0017350774,0.14771125,0.01576978,0.09451794,-0.008977763,252.03908,248.0483,333.17084,0.16484886,11.514465,0.24399745
8,42,10,0.0020971524,0.06309576,0.031533115,0.023194183,0.00836847,0.08878783,-0.0021036926,5.795064,1.0784456,7.794069,-0.3144913,0.17757566,-0.0042073852,0.15229636,0.028341945,0.09147934,-0.0036911988,252.01361,247.98006,333.20273,-0.7639543,11.514465,0.24786928
8,43,10,0.0020971524,0.05296681,0.020875001,0.023593754,0.008498056,0.07224092,0.00040924308,5.844767,1.155755,7.854183,-0.5281851,0.14448184,0.00081848615,0.15360259,0.030373665,0.0921849,-0.0061993334,251.99176,247.97783,332.5105,-0.6275699,11.514465,0.2488793
8,44,10,0.0020971524,0.056265496,0.024611112,0.02262387,0.009030512,0.078439645,9.630854e-5,5.7233744,0.8133613,8.096501,-1.0775825,0.15687929,0.00019261708,0.15041234,0.021375425,0.095029004,-0.0126476325,252.00706,248.06224,332.88232,0.2642212,11.514465,0.25044248
8,45,10,0.0020971524,0.061657418,0.028232832,0.02446335,0.008961235,0.08401314,-0.00069091446,5.951503,1.1624466,8.065386,-0.7866413,0.16802628,-0.0013818289,0.15640764,0.030549517,0.0946638,-0.009232846,252.0051,248.07855,332.94736,-0.37580532,11.514103,0.24526453
8,46,10,0.0020971524,0.061499365,0.026412442,0.026142402,0.00894452,0.08125953,0.00040642955,6.1523557,1.372658,8.057861,-0.6060947,0.16251905,0.0008128591,0.16168612,0.036073953,0.09457547,-0.007113762,251.97905,248.04028,332.11313,-0.7665633,11.514103,0.2343592
8,47,10,0.0020971524,0.057103325,0.02346294,0.024156217,0.009484167,0.07658809,-0.000119405864,5.9140244,0.9726878,8.297377,-0.9414152,0.15317617,-0.00023881173,0.1554227,0.02556259,0.09738669,-0.011049432,252.03831,248.22813,332.869,-0.03127259,11.514103,0.25389442
8,48,10,0.0020971524,0.07101251,0.03391978,0.0283044,0.0087883305,0.09208662,-0.0020013442,6.4017053,1.1939447,7.987197,-0.3320402,0.18417324,-0.0040026885,0.16823912,0.031377297,0.093746096,-0.0038971703,252.10965,248.52644,333.5385,-0.8619045,11.514103,0.22392951
8,49,10,0.0020971524,0.06371803,0.026397366,0.028440587,0.008880076,0.08123633,0.0009476619,6.417087,0.93211186,8.02878,-0.34974658,0.16247267,0.0018953237,0.16864337,0.02449624,0.09423415,-0.0041049924,252.14272,248.68427,333.08643,-0.5823653,11.513726,0.27236378
8,50,10,0.0020971524,0.060403433,0.025216993,0.025936307,0.00925013,0.079399295,0.00034124058,6.1280565,0.61940134,8.194362,-1.0048563,0.15879859,0.00068248116,0.16104753,0.016278092,0.09617759,-0.011794045,252.19241,248.73457,333.75696,0.385455,11.513726,0.319255
8,51,10,0.0020971524,0.06568131,0.02897594,0.027513977,0.009191393,0.0851116,-0.0016124449,6.3116856,1.0289903,8.168304,-0.7672501,0.1702232,-0.0032248897,0.16587338,0.02704224,0.095871754,-0.0090052495,252.19551,248.64244,333.82965,-0.26174015,11.513726,0.30464104
8,52,10,0.0020971524,0.060561255,0.023158953,0.028447758,0.0089545455,0.07609033,0.0013939046,6.417896,0.997321,8.062375,-0.9658576,0.15218066,0.0027878091,0.16866463,0.026209954,0.09462846,-0.011336314,252.15012,248.533,332.86258,-0.031463385,11.513726,0.2848352
8,53,10,0.0020971524,0.06274529,0.025348885,0.027650397,0.009746005,0.07960667,0.002003443,6.3273134,0.47936672,8.411133,-1.563978,0.15921333,0.004006886,0.16628408,0.012597932,0.098721854,-0.01835648,252.1809,248.70003,333.35995,1.0846112,11.51328,0.31117076
8,54,10,0.0020971524,0.07190414,0.03179973,0.029724976,0.01037943,0.089162394,-0.0011767346,6.560386,0.59166,8.680164,-1.0708245,0.17832479,-0.0023534691,0.17240933,0.015549036,0.101879485,-0.012568316,252.21318,248.81104,333.64368,0.47916448,11.51328,0.2880107
8,55,10,0.0020971524,0.06616317,0.023999568,0.03188463,0.010278971,0.07745897,0.0008563898,6.794529,0.61044145,8.638056,-0.9759064,0.15491794,0.0017127796,0.17856267,0.016042622,0.10138526,-0.011454258,252.21913,248.88672,332.98636,0.36546493,11.51328,0.26987174
8,56,10,0.0020971524,0.06652302,0.025425669,0.030599881,0.010497475,0.07972714,0.0009433718,6.6562333,0.058235552,8.729385,-1.3803797,0.15945429,0.0018867436,0.17492822,0.0015304516,0.10245719,-0.01620158,252.27438,249.0953,333.85315,1.3221442,11.51328,0.31857204
8,57,10,0.0020971524,0.06509082,0.02931804,0.025852202,0.0099205775,0.08561256,-0.0011725548,6.1181126,-0.06991477,8.48613,-0.9502256,0.17122512,-0.0023451096,0.1607862,-0.001837384,0.099602096,-0.011152838,252.36533,249.50667,334.50858,1.0201404,11.512749,0.2510973
8,58,10,0.0020971524,0.05981789,0.024322674,0.025634157,0.009861063,0.07797864,0.0010158144,6.092256,-0.23685151,8.460638,-0.69354993,0.15595728,0.0020316287,0.1601067,-0.006224542,0.09930289,-0.008140226,252.39323,249.67409,334.06107,0.93040144,11.512749,0.24540411
8,59,10,0.0020971524,0.057926845,0.023558615,0.024454555,0.0099136755,0.07674408,0.0006057541,5.950433,-0.3722403,8.483178,-1.0542177,0.15348816,0.0012115082,0.15637952,-0.00978261,0.09956744,-0.012373404,252.44942,249.68375,334.92447,1.426458,11.512749,0.29646063
8,60,10,0.0020971524,0.06663047,0.036894385,0.020403111,0.00933297,0.096039556,-0.002791933,5.4352174,-0.21310486,8.230972,-0.70035475,0.19207911,-0.005583866,0.14283946,-0.005600473,0.0966073,-0.008220096,252.52577,249.94774,335.39642,0.9134596,11.512749,0.26176822
8,61,10,0.0020971524,0.052596837,0.020507554,0.02312834,0.008960942,0.07160229,0.0016990599,5.7868323,-0.77342224,8.065253,-0.6692644,0.14320458,0.0033981197,0.15208004,-0.020325815,0.09466225,-0.007855188,252.53725,250.08028,334.67062,1.4426866,11.512155,0.20987979
8,62,10,0.0020971524,0.058511946,0.024255516,0.025178267,0.009078164,0.07787091,0.0026792425,6.0378394,-0.82885265,8.117835,-1.1676363,0.15574183,0.005358485,0.15867661,-0.021782547,0.095279396,-0.0137046,252.58064,250.26811,335.46466,1.9964889,11.512155,0.24502128
8,63,10,0.0020971524,0.063623995,0.031005003,0.023101987,0.009517009,0.08804119,-0.00043646147,5.7835345,-0.52976376,8.31173,-0.8852257,0.17608237,-0.00087292294,0.15199338,-0.013922383,0.09755516,-0.010389937,252.58136,250.2564,335.60638,1.4149895,11.512155,0.20433034
8,64,10,0.0020971524,0.060674585,0.024161214,0.02778001,0.00873336,0.07771939,0.002610642,6.342126,-0.4809836,7.962178,-0.7563119,0.15543878,0.005221284,0.16667336,-0.012640421,0.093452446,-0.008876866,252.55035,250.25438,334.83215,1.2372955,11.512155,0.17816381
8,65,10,0.0020971524,0.06305061,0.026007468,0.027886689,0.009156456,0.080634154,0.0029262612,6.3542924,-1.1012342,8.152765,-1.2884893,0.16126831,0.0058525223,0.16699308,-0.028940836,0.09568937,-0.015123058,252.60216,250.47398,335.57956,2.3897235,11.511492,0.20876344
8,66,10,0.0020971524,0.070933044,0.035777334,0.025827251,0.00932846,0.09457449,-0.0015138816,6.115159,-1.0987202,8.228984,-0.79633427,0.18914898,-0.0030277632,0.16070859,-0.028874764,0.096583955,-0.009346612,252.65976,250.70833,336.13092,1.8950545,11.511492,0.20907195
8,67,10,0.0020971524,0.057426237,0.022372719,0.026034072,0.009019446,0.074787565,0.0023202277,6.1395955,-1.3026601,8.091539,-0.59776455,0.14957513,0.0046404554,0.16135077,-0.034234375,0.09497076,-0.007015989,252.67389,250.73686,335.66644,1.9004247,11.511492,0.18736836
8,68,10,0.0020971524,0.059850544,0.024654822,0.026391456,0.008804267,0.07850927,0.0009640872,6.181592,-1.722077,7.9944363,-1.1314551,0.15701854,0.0019281744,0.16245447,-0.045256812,0.093831055,-0.013279941,252.76274,250.96452,336.47464,2.853532,11.511492,0.24113719
8,69,10,0.0020971524,0.06155467,0.030287076,0.023005228,0.008262368,0.08701591,-0.0011867525,5.771411,-1.8720052,7.744502,-0.5650003,0.17403182,-0.002373505,0.15167475,-0.049196977,0.09089757,-0.0066314354,252.83505,251.15874,337.0031,2.4370055,11.510797,0.20698734
8,70,10,0.0020971524,0.048274226,0.020015156,0.020113474,0.008145597,0.070737466,0.0024981704,5.3965006,-1.9080539,7.689581,-0.48719457,0.14147493,0.0049963407,0.14182198,-0.05014435,0.09025296,-0.0057182238,252.8519,251.36858,336.59998,2.3952484,11.510797,0.19911112
8,71,10,0.0020971524,0.04684921,0.019728994,0.019370696,0.0077495202,0.07022997,0.0026990024,5.295918,-2.1180723,7.5003,-0.8543101,0.14045994,0.005398005,0.13917865,-0.0556637,0.08803136,-0.010027075,252.87784,251.49416,337.28256,2.9723823,11.510797,0.23248449
8,72,10,0.0020971524,0.054767672,0.02716638,0.019858181,0.0077431095,0.08241113,-0.00063633505,5.362143,-1.9031774,7.4971976,-0.64157075,0.16482227,-0.0012726701,0.14091906,-0.05001619,0.08799494,-0.007530147,252.89587,251.51012,337.60828,2.544748,11.510797,0.21874587
8,73,10,0.0020971524,0.044915807,0.01770079,0.019520152,0.0076948674,0.06652216,0.0018867501,5.31631,-1.8511512,7.4738054,-0.34328556,0.13304432,0.0037735002,0.13971454,-0.04864892,0.087720394,-0.0040291576,252.87343,251.55086,337.19073,2.1944368,11.510062,0.20985879
8,74,10,0.0020971524,0.047222894,0.019446477,0.020210778,0.0075656357,0.06972531,0.002285,5.4095383,-2.1631427,7.4107804,-0.793812,0.13945062,0.00457,0.14216462,-0.056848165,0.08698066,-0.009317007,252.87091,251.51709,337.52454,2.9569547,11.510062,0.23919064
8,75,10,0.0020971524,0.05594322,0.02773147,0.020737007,0.007474742,0.083263844,0.00027637772,5.47951,-1.8878149,7.3661284,-0.6038477,0.16652769,0.00055275543,0.1440035,-0.049612463,0.08645659,-0.0070873895,252.86542,251.4641,337.72095,2.4916625,11.510062,0.22193772
8,76,10,0.0020971524,0.045096055,0.018445158,0.01919412,0.0074567758,0.06790648,0.0033862558,5.271725,-1.7298211,7.357271,-0.2837449,0.13581295,0.0067725116,0.13854285,-0.045460325,0.086352624,-0.0033303255,252.80084,251.27632,337.00867,2.013566,11.510062,0.20400201
8,77,10,0.0020971524,0.047415365,0.020174121,0.01968788,0.007553364,0.07101782,0.0031433688,5.3391013,-1.8786048,7.404767,-0.7270648,0.14203563,0.0062867375,0.1403135,-0.049370404,0.08691009,-0.008533593,252.78654,251.159,337.3415,2.6056695,11.509322,0.21163982
8,78,10,0.0020971524,0.059898414,0.034385197,0.01761546,0.007897759,0.09271623,-0.00086747285,5.050283,-1.4497801,7.5716953,-0.5170644,0.18543246,-0.0017349457,0.13272324,-0.038100746,0.08886933,-0.0060688085,252.78233,251.1324,337.5868,1.9668446,11.509322,0.19129018
8,79,10,0.0020971524,0.04589694,0.018142264,0.0202598,0.0074948748,0.06734661,0.002655347,5.4160943,-1.3023235,7.3760424,-0.34272027,0.13469322,0.005310694,0.14233692,-0.03422553,0.086572945,-0.004022523,252.7467,251.06985,336.89093,1.6450437,11.509322,0.19307679
8,80,10,0.0020971524,0.0499702,0.019239722,0.023365742,0.0073647355,0.06935366,0.002516729,5.8164563,-1.674373,7.3117237,-0.85678995,0.13870732,0.005033458,0.15285857,-0.04400312,0.08581804,-0.010056183,252.77505,251.10196,337.4736,2.531163,11.509322,0.21618518
8,81,10,0.0020971524,0.05769299,0.028901404,0.02111546,0.007676124,0.085002065,-0.0022594999,5.5292845,-1.5302315,7.464698,-0.44096428,0.17000413,-0.0045189997,0.1453116,-0.040215038,0.08761349,-0.005175618,252.81818,251.28009,337.96252,1.9711957,11.508569,0.1980765
8,82,10,0.0020971524,0.04512953,0.017342843,0.020338453,0.0074482355,0.065846115,0.0013854179,5.426598,-1.5892423,7.353057,-0.15598594,0.13169223,0.0027708358,0.14261295,-0.041765857,0.08630316,-0.0018308153,252.82632,251.45638,337.436,1.7452283,11.508569,0.21561308
8,83,10,0.0020971524,0.05186872,0.020825831,0.0233262,0.007716694,0.07215579,0.0012903751,5.811532,-1.9360389,7.484398,-0.9416556,0.14431158,0.0025807503,0.15272917,-0.050879803,0.087844715,-0.0110522555,252.9049,251.79282,338.33246,2.8776944,11.508569,0.24926525
8,84,10,0.0020971524,0.06098253,0.029203368,0.023525476,0.0082536815,0.085444964,-0.0009285553,5.8363037,-1.7220359,7.7404294,-0.43639374,0.17088993,-0.0018571106,0.15338017,-0.04525572,0.09084977,-0.0051219733,252.92926,251.83241,338.72916,2.1584296,11.508569,0.2257857
8,85,10,0.0020971524,0.048472792,0.019565301,0.02137644,0.0075310497,0.06993801,0.0008841551,5.56335,-1.2803704,7.3938217,0.19318841,0.13987602,0.0017683102,0.14620684,-0.0336486,0.08678162,0.0022674613,252.89284,251.7085,337.87033,1.0871819,11.50779,0.1916516
8,86,10,0.0020971524,0.054306455,0.022267539,0.024614152,0.0074247634,0.07461156,0.0013270408,5.9698176,-1.6524086,7.3414617,-0.39757133,0.14922312,0.0026540817,0.15688898,-0.0434259,0.08616707,-0.0046663126,252.93742,251.88394,338.25885,2.04998,11.50779,0.22919407
8,87,10,0.0020971524,0.06299837,0.028242217,0.026754571,0.008001582,0.084027104,-0.0025757696,6.2239723,-1.8171544,7.6213017,-0.34159172,0.16805421,-0.005151539,0.16356824,-0.047755476,0.08945156,-0.0040092794,252.99286,252.07329,338.7614,2.1587462,11.50779,0.2507031
8,88,10,0.0020971524,0.05766973,0.020286588,0.028697029,0.008686109,0.071215495,0.00032057983,6.445953,-1.8315474,7.9406104,-0.076817445,0.14243099,0.00064115966,0.16940197,-0.04813373,0.0931993,-0.0009016074,253.00568,252.14743,338.26578,1.9083648,11.50779,0.25349542
8,89,10,0.0020971524,0.06703674,0.024309801,0.03499219,0.007734754,0.077958,-4.836074e-5,7.1179385,-2.0065057,7.4931507,-0.4555018,0.155916,-9.672148e-5,0.187062,-0.052731697,0.08794745,-0.005346247,253.09596,252.41385,338.95282,2.4620075,11.5069685,0.30502343
8,90,10,0.0020971524,0.07642007,0.03670479,0.030896785,0.0088184895,0.09579247,-0.004318836,6.6884484,-1.6266775,8.00089,0.12739265,0.19158494,-0.008637672,0.17577481,-0.042749673,0.09390681,0.0014952132,253.1465,252.51993,339.2983,1.4992849,11.5069685,0.2791731
8,91,10,0.0020971524,0.05785731,0.02104316,0.027943812,0.008870337,0.072531305,-0.0006775263,6.360796,-1.3329319,8.024376,0.3363963,0.14506261,-0.0013550526,0.16716403,-0.035029933,0.09418247,0.003948299,253.14868,252.63484,338.5151,0.99653554,11.5069685,0.2603095
8,92,10,0.0020971524,0.05892838,0.021946175,0.02901627,0.007965936,0.074071206,-0.00060212176,6.4817076,-1.6626241,7.604306,-0.17822689,0.14814241,-0.0012042435,0.17034163,-0.04369436,0.08925209,-0.0020918597,253.18474,252.73221,339.07205,1.8408511,11.5069685,0.301371
8,93,10,0.0020971524,0.068759896,0.033414748,0.026884805,0.00846034,0.09139851,-0.005842229,6.239103,-1.2350032,7.836735,0.40191403,0.18279701,-0.011684458,0.16396587,-0.032456327,0.09198011,0.004717283,253.21042,252.75366,339.52408,0.83308923,11.506092,0.2651961
8,94,10,0.0020971524,0.06051203,0.022882225,0.028989151,0.0086406525,0.07563436,-0.0018598551,6.4786787,-1.0904182,7.919805,0.67423034,0.15126872,-0.0037197103,0.17026201,-0.028656581,0.09295511,0.007913469,253.21193,252.89125,339.1141,0.41618788,11.506092,0.24941215
8,95,10,0.0020971524,0.062861435,0.02379929,0.03148862,0.007573526,0.07713509,-0.002034148,6.7522035,-1.5435264,7.4146433,0.07164264,0.15427019,-0.004068296,0.17745033,-0.040564433,0.08702601,0.0008408716,253.27191,253.14745,339.7101,1.4718838,11.506092,0.2989982
8,96,10,0.0020971524,0.07174927,0.030099092,0.0326064,0.009043777,0.08674545,-0.0067340196,6.871003,-1.5775764,8.102446,0.68916744,0.1734909,-0.013468039,0.18057242,-0.04145928,0.09509878,0.008088792,253.2917,253.16043,340.10724,0.88840896,11.506092,0.34044093
8,97,10,0.0020971524,0.059143238,0.019316671,0.029710354,0.010116213,0.06949221,-0.003653983,6.5587735,-0.9621793,8.569396,1.0763793,0.13898443,-0.007307966,0.17236692,-0.02528642,0.10057939,0.012633516,253.30066,253.26129,339.48596,-0.114199996,11.505175,0.2778877
8,98,10,0.0020971524,0.06301055,0.021888372,0.03240715,0.00871503,0.073973596,-0.0037939572,6.8499765,-1.6751028,7.9538183,0.38892132,0.14794719,-0.0075879144,0.18001986,-0.04402231,0.09335432,0.0045647896,253.35345,253.34293,340.0056,1.2861814,11.505175,0.36509478
8,99,10,0.0020971524,0.06913287,0.027935209,0.03083251,0.010365154,0.08356915,-0.006469024,6.681487,-1.5031781,8.674193,0.8300544,0.1671383,-0.012938048,0.17559189,-0.03950406,0.1018094,0.009742391,253.41615,253.49231,340.57013,0.6731237,11.505175,0.3571357
8,100,10,0.0020971524,0.06484497,0.022676658,0.031548876,0.010619439,0.075293854,-0.0019526292,6.7586613,-1.2937394,8.77995,1.158922,0.15058771,-0.0039052584,0.17762004,-0.03399995,0.103050664,0.013602317,253.43991,253.73155,340.34348,0.13481748,11.505175,0.3179875
9,1,10,0.001677722,0.10298252,0.028567065,0.05738209,0.01703337,0.08450897,-0.004595535,9.115004,-0.3477475,11.11966,2.3445628,0.16901794,-0.00919107,0.23954558,-0.009138926,0.13051195,0.027518233,253.74062,254.95595,341.05847,-1.9968152,11.504172,0.66501915
9,2,10,0.001677722,0.102549456,0.031374905,0.055829406,0.015345147,0.08856481,-0.0053465874,8.990837,-0.7021642,10.5542345,1.6089126,0.17712963,-0.010693175,0.23628247,-0.018453127,0.12387553,0.018883877,253.77142,255.04755,341.53693,-0.9067484,11.504172,0.6635281
9,3,10,0.001677722,0.105129555,0.033675767,0.05639265,0.015061143,0.091754794,-0.009239965,9.0360775,-0.36848295,10.456111,1.937623,0.18350959,-0.01847993,0.23747137,-0.0096838735,0.12272385,0.022741968,253.72014,254.73045,341.4401,-1.5691401,11.504172,0.639348
9,4,10,0.001677722,0.09638515,0.026417756,0.054831166,0.015136227,0.0812677,-0.0059729563,8.910096,0.011852843,10.4821415,2.0075774,0.1625354,-0.011945913,0.23416056,0.0003115047,0.12302937,0.02356303,253.6025,254.28746,340.2299,-2.0194302,11.504172,0.62111294
9,5,10,0.001677722,0.082437314,0.025262166,0.045274343,0.011900807,0.07947038,-0.0057700425,8.096453,-0.020984689,9.294573,1.4518353,0.15894076,-0.011540085,0.21277769,-0.00055148866,0.10909082,0.017040253,253.52808,253.9289,340.4694,-1.4308506,11.503308,0.5404315
9,6,10,0.001677722,0.09151851,0.03288876,0.046147626,0.01248212,0.09067629,-0.010076049,8.174164,0.3167162,9.518869,1.7444148,0.18135259,-0.020152098,0.21481998,0.008323428,0.11172341,0.020474276,253.43166,253.41635,340.29065,-2.061131,11.503308,0.55905694
9,7,10,0.001677722,0.07978548,0.021163145,0.04561504,0.013007297,0.07273779,-0.0057478193,8.126859,0.5128827,9.717056,2.1273363,0.14547558,-0.011495639,0.21357678,0.013478741,0.11404954,0.024968648,253.30844,252.86928,339.17184,-2.640219,11.503308,0.5605098
9,8,10,0.001677722,0.07743402,0.023852611,0.04195743,0.011623982,0.07722145,-0.0053222184,7.794228,0.28473008,9.185836,1.6671968,0.1544429,-0.010644437,0.20483513,0.007482818,0.10781457,0.019567968,253.26036,252.55402,339.23447,-1.9519268,11.503308,0.5379197
9,9,10,0.001677722,0.080181025,0.028639812,0.040694296,0.010846921,0.084616505,-0.010420447,7.6760077,0.5775296,8.87349,1.7843677,0.16923301,-0.020840894,0.20172827,0.015177674,0.10414855,0.020943206,253.22198,252.36348,339.34888,-2.3618972,11.502393,0.46261728
9,10,10,0.001677722,0.07344533,0.021662958,0.04090659,0.010875783,0.07359171,-0.0067219287,7.696004,0.77177596,8.885287,1.7861406,0.14718342,-0.013443857,0.20225377,0.020282563,0.10428702,0.020964013,253.15152,252.11697,338.24222,-2.5579166,11.502393,0.4496553
9,11,10,0.001677722,0.07144558,0.024484409,0.03694598,0.010015189,0.078237474,-0.0055474015,7.313955,0.43971792,8.5265,1.1124033,0.15647495,-0.011094803,0.19221337,0.011555948,0.100075915,0.013056325,253.18233,252.1931,338.70984,-1.5521212,11.502393,0.4220649
9,12,10,0.001677722,0.07944108,0.031584036,0.037404303,0.01045274,0.08885949,-0.009459038,7.3591805,0.45117635,8.710765,1.3311721,0.17771898,-0.018918077,0.19340192,0.011857071,0.10223864,0.015624023,253.22028,252.36517,339.3381,-1.7823484,11.502393,0.4161845
9,13,10,0.001677722,0.07010141,0.022654014,0.0373657,0.010081693,0.07525625,-0.0060957093,7.355382,0.5472547,8.554762,1.3362981,0.1505125,-0.012191419,0.1933021,0.014382051,0.10040763,0.015684191,253.1804,252.35466,338.5989,-1.8835528,11.501481,0.36079338
9,14,10,0.001677722,0.06554885,0.021959947,0.034052666,0.009536236,0.074094445,-0.005721254,7.021732,0.18615592,8.320122,0.82636285,0.14818889,-0.011442508,0.18453364,0.0048922407,0.09765365,0.009699054,253.14835,252.15141,338.7051,-1.0125188,11.501481,0.35282803
9,15,10,0.001677722,0.07688165,0.030935153,0.03613518,0.009811315,0.08794196,-0.010177897,7.233256,0.3792572,8.439268,1.1746231,0.17588392,-0.020355795,0.19009256,0.00996701,0.09905208,0.013786607,253.13423,251.99489,338.68616,-1.5538803,11.501481,0.3479462
9,16,10,0.001677722,0.06881737,0.022161169,0.036167968,0.010488237,0.07443314,-0.006533545,7.236536,0.51555604,8.725543,1.1899204,0.14886628,-0.01306709,0.19017878,0.013549003,0.1024121,0.01396615,253.10101,251.92212,337.94043,-1.7054765,11.501481,0.34573683
9,17,10,0.001677722,0.055958144,0.020891635,0.026723435,0.008343075,0.07226969,-0.0059600784,6.2203503,0.12439227,7.782234,0.43928912,0.14453939,-0.011920157,0.16347304,0.0032690763,0.09134044,0.005155953,253.1265,252.00229,338.44467,-0.56368136,11.500574,0.2729794
9,18,10,0.001677722,0.06850667,0.029144218,0.030780464,0.008581987,0.08535839,-0.010591814,6.675845,0.39704075,7.892874,0.835571,0.17071678,-0.021183629,0.17544362,0.01043437,0.092639014,0.009807136,253.13405,252.04195,338.54807,-1.2326118,11.500574,0.30103064
9,19,10,0.001677722,0.0597986,0.019873155,0.031328876,0.008596567,0.07048609,-0.0066215545,6.735053,0.64416337,7.899576,0.9691335,0.14097218,-0.013243109,0.17699964,0.016928844,0.09271768,0.011374767,253.08438,251.87709,337.62973,-1.6132969,11.500574,0.324007
9,20,10,0.001677722,0.053680364,0.019895311,0.026200002,0.007585054,0.07052537,-0.006789774,6.1591296,0.24459292,7.4202843,0.5414097,0.14105074,-0.013579548,0.16186415,0.006427991,0.08709221,0.00635455,253.07303,251.80252,337.74612,-0.7860026,11.500574,0.27576444
9,21,10,0.001677722,0.06175277,0.026129745,0.02811894,0.0075040874,0.08082349,-0.009960517,6.3806973,0.5351773,7.380574,0.58448195,0.16164698,-0.019921035,0.16768703,0.014064653,0.086626135,0.0068600937,253.01938,251.53575,337.75925,-1.1196592,11.499699,0.3088581
9,22,10,0.001677722,0.05700414,0.019005746,0.03018948,0.007808911,0.06893066,-0.0061083846,6.6114464,1.0013818,7.528986,0.8238291,0.13786133,-0.012216769,0.1737512,0.026316674,0.08836804,0.00966932,252.86879,250.855,336.4959,-1.8252108,11.499699,0.34688282
9,23,10,0.001677722,0.05144457,0.019860538,0.024243362,0.0073406743,0.07046371,-0.005867773,5.924682,0.79779404,7.2997704,0.4602336,0.14092742,-0.011735546,0.1557028,0.020966318,0.085677736,0.0054017836,252.78784,250.47395,336.41733,-1.2580277,11.499699,0.2948358
9,24,10,0.001677722,0.065169066,0.027588872,0.029339053,0.0082411375,0.08304949,-0.009716179,6.51766,0.9999519,7.734546,0.7112197,0.16609898,-0.019432358,0.17128646,0.026279097,0.09078071,0.008347617,252.77272,250.42136,336.4648,-1.7111716,11.499699,0.3266534
9,25,10,0.001677722,0.056425225,0.019279791,0.028969025,0.00817641,0.06942584,-0.0062817987,6.4764295,0.877118,7.7041116,0.26367986,0.13885169,-0.012563597,0.1702029,0.023050975,0.0904235,0.0030948224,252.76642,250.4132,335.7287,-1.1407979,11.498852,0.37329277
9,26,10,0.001677722,0.050862364,0.01914144,0.023774115,0.00794681,0.069176294,-0.0068682726,5.8670645,0.59566915,7.5951715,-0.26696917,0.13835259,-0.013736545,0.15418857,0.0156544,0.08914488,-0.0031334294,252.79822,250.4819,336.23703,-0.32869998,11.498852,0.3371532
9,27,10,0.001677722,0.06090051,0.02532972,0.027602471,0.007968317,0.07957657,-0.009921908,6.3218274,0.72183734,7.6054435,0.20209797,0.15915313,-0.019843817,0.16613992,0.018970147,0.08926543,0.0023720337,252.80807,250.51878,336.62814,-0.9239353,11.498852,0.384393
9,28,10,0.001677722,0.055524692,0.017921187,0.02968905,0.007914452,0.06693502,-0.006098821,6.556421,0.8942392,7.579694,0.33154574,0.13387004,-0.012197642,0.1723051,0.02350093,0.0889632,0.0038913682,252.77028,250.4826,335.9487,-1.2257849,11.498852,0.43320927
9,29,10,0.001677722,0.048365526,0.017451528,0.02309175,0.007822245,0.06605212,-0.005069733,5.7822537,0.7511663,7.535411,-0.43581158,0.13210423,-0.010139466,0.1519597,0.01974092,0.08844346,-0.0051151407,252.70975,250.1663,336.0741,-0.3153547,11.498043,0.37911725
9,30,10,0.001677722,0.057174634,0.020921238,0.027289364,0.008964032,0.07232088,-0.00892302,6.2858706,1.0612748,8.066644,-0.17453773,0.14464176,-0.01784604,0.16519493,0.027890684,0.09467857,-0.0020485574,252.63863,249.8409,335.8761,-0.88673705,11.498043,0.42887625
9,31,10,0.001677722,0.059779763,0.018882114,0.031008497,0.009889154,0.0687061,-0.0056518745,6.700528,1.2508821,8.47268,-0.20573471,0.1374122,-0.011303749,0.1760923,0.032873634,0.099444225,-0.0024147178,252.55363,249.56895,334.76343,-1.0451474,11.498043,0.46615875
9,32,10,0.001677722,0.05252928,0.018139016,0.024770241,0.009620021,0.06734058,-0.0056642145,5.9887166,0.86759037,8.356592,-0.8408825,0.13468117,-0.011328429,0.15738565,0.02280059,0.09808171,-0.009869477,252.51907,249.3643,334.82666,-0.026707888,11.498043,0.40696275
9,33,10,0.001677722,0.06064972,0.023174524,0.027639465,0.009835732,0.076115906,-0.008346518,6.3260627,1.1540071,8.449763,-0.70002663,0.15223181,-0.016693035,0.16625121,0.030327724,0.09917526,-0.008216247,252.49095,249.17233,334.70532,-0.45398045,11.497253,0.42271402
9,34,10,0.001677722,0.05570598,0.016464239,0.029702464,0.009539275,0.064156525,-0.005989677,6.557902,1.1757226,8.321448,-0.50873506,0.12831305,-0.011979354,0.17234403,0.030898416,0.097669214,-0.005971044,252.45995,249.0403,334.13004,-0.66698754,11.497253,0.45208415
9,35,10,0.001677722,0.04730522,0.015716374,0.022656292,0.008932552,0.06268248,-0.0058404105,5.7274733,0.74360824,8.052468,-0.8396427,0.12536496,-0.011680821,0.15052007,0.019542292,0.09451218,-0.009854928,252.46849,249.07314,334.6041,0.09603447,11.497253,0.41350687
9,36,10,0.001677722,0.057385072,0.02388655,0.024425892,0.0090726325,0.07727637,-0.008789974,5.946945,1.0655127,8.115362,-0.3292278,0.15455274,-0.017579949,0.15628785,0.028002053,0.09525037,-0.0038641607,252.45041,249.06822,334.80164,-0.73628485,11.497253,0.43587166
9,37,10,0.001677722,0.049607646,0.016252093,0.024189666,0.009165886,0.06374185,-0.0046888054,5.9181175,1.536548,8.156961,-0.5129171,0.1274837,-0.009377611,0.15553027,0.040381037,0.095738634,-0.0060201343,252.39792,248.94357,334.19476,-1.0236309,11.49649,0.42797047
9,38,10,0.001677722,0.045925375,0.015432296,0.02181161,0.008681469,0.062113397,-0.004831434,5.619692,1.3875763,7.9384885,-0.9616353,0.12422679,-0.009662868,0.14768754,0.03646601,0.0931744,-0.011286756,252.37317,248.76985,334.46042,-0.42594105,11.49649,0.39799088
9,39,10,0.001677722,0.05501003,0.019771086,0.025918802,0.009320139,0.07030485,-0.0082501285,6.1259885,1.5719649,8.225313,-0.6675181,0.1406097,-0.016500257,0.16099317,0.041311804,0.09654087,-0.007834682,252.34447,248.66125,334.2612,-0.9044468,11.49649,0.4180472
9,40,10,0.001677722,0.054394323,0.015790537,0.028497599,0.010106187,0.0628302,-0.005628052,6.4235168,1.6541884,8.565148,-0.7375507,0.1256604,-0.011256104,0.16881232,0.04347267,0.10052954,-0.00865667,252.27348,248.41635,333.28674,-0.9166377,11.49649,0.44267184
9,41,10,0.001677722,0.0489572,0.016369216,0.023405274,0.0091827065,0.06397112,-0.004376963,5.8213744,1.4268416,8.164443,-1.462548,0.12794223,-0.008753926,0.15298782,0.037497915,0.09582644,-0.01716599,252.26799,248.39021,333.6257,0.0357064,11.495748,0.3692434
9,42,10,0.001677722,0.058145747,0.023075912,0.025323587,0.009746244,0.07595379,-0.007260402,6.055239,1.5148995,8.411237,-0.90505403,0.15190758,-0.014520804,0.15913387,0.03981211,0.09872307,-0.010622661,252.24176,248.34525,333.55106,-0.60984546,11.495748,0.38072476
9,43,10,0.001677722,0.057131857,0.018660486,0.028520817,0.009950556,0.06830169,-0.005278692,6.426132,1.6094651,8.498942,-1.0062383,0.13660339,-0.010557384,0.16888107,0.04229733,0.09975247,-0.011810269,252.18611,248.1845,332.6748,-0.6032268,11.495748,0.41795316
9,44,10,0.001677722,0.05541884,0.017879885,0.026811557,0.010727397,0.066857845,-0.005342245,6.2305965,1.4868981,8.824466,-1.4616014,0.13371569,-0.01068449,0.16374235,0.03907622,0.10357315,-0.017154876,252.17227,248.05417,332.86984,-0.025296688,11.495748,0.4173742
9,45,10,0.001677722,0.06426053,0.026090791,0.028484374,0.009685357,0.08076322,-0.007997491,6.4220257,1.6308978,8.384923,-0.9571675,0.16152644,-0.015994983,0.16877314,0.04286058,0.09841421,-0.011234317,252.20233,248.11926,332.9098,-0.67373025,11.495019,0.36999148
9,46,10,0.001677722,0.056666397,0.01766294,0.029203316,0.009800142,0.066451,-0.004810798,6.5025654,1.4181112,8.434463,-0.8354742,0.132902,-0.009621596,0.17088978,0.03726847,0.09899566,-0.009806,252.236,248.30563,332.4782,-0.582637,11.495019,0.3811289
9,47,10,0.001677722,0.05565997,0.018972147,0.026783416,0.009904403,0.06886971,-0.0052024173,6.227327,1.0152537,8.47921,-1.5198691,0.13773942,-0.0104048345,0.1636564,0.026681231,0.09952087,-0.017838772,252.27315,248.45847,333.03824,0.5046154,11.495019,0.36472267
9,48,10,0.001677722,0.06244658,0.02523996,0.02688462,0.010322,0.079435445,-0.006898003,6.239081,1.2060268,8.656117,-1.1633717,0.15887089,-0.013796006,0.1639653,0.031694826,0.10159724,-0.013654544,252.26567,248.49664,333.38077,-0.04265511,11.495019,0.3677136
9,49,10,0.001677722,0.05473047,0.02049807,0.024569541,0.009662858,0.07158574,-0.003367763,5.964406,1.2672997,8.375177,-1.1290853,0.14317147,-0.006735526,0.15674675,0.033305097,0.09829984,-0.013252126,252.23793,248.541,332.8136,-0.13821435,11.494306,0.29398403
9,50,10,0.001677722,0.0533096,0.018465891,0.025492819,0.009350892,0.06794463,-0.0034384276,6.075437,1.2062162,8.238873,-1.6774515,0.13588926,-0.006876855,0.1596647,0.031699795,0.09670001,-0.019688325,252.23166,248.49341,333.1571,0.47123528,11.494306,0.30671337
9,51,10,0.001677722,0.06055709,0.024391375,0.026897859,0.009267856,0.07808869,-0.0062342053,6.240617,1.4261869,8.202209,-1.221873,0.15617739,-0.012468411,0.16400567,0.037480704,0.096269704,-0.014341182,252.23328,248.54472,333.24338,-0.20431387,11.494306,0.3235733
9,52,10,0.001677722,0.055106632,0.020633815,0.024901772,0.009571045,0.071822375,-0.0041079,6.004596,1.3333079,8.335294,-1.3136393,0.14364475,-0.0082158,0.15780295,0.035039816,0.09783172,-0.015418243,252.19879,248.49524,332.6145,-0.01966858,11.494306,0.32574302
9,53,10,0.001677722,0.0511215,0.018494628,0.0243406,0.00828627,0.06799748,-0.00324689,5.9365525,1.2169104,7.755696,-1.8623129,0.13599496,-0.00649378,0.15601474,0.031980842,0.09102895,-0.021858053,252.17795,248.37248,332.95706,0.64540255,11.493594,0.29483098
9,54,10,0.001677722,0.059478004,0.023921924,0.026638336,0.008917744,0.07733357,-0.0054071425,6.2104387,1.6774712,8.045791,-1.3977104,0.15466714,-0.010814285,0.16321255,0.044084545,0.09443381,-0.01640499,252.14543,248.20512,332.94742,-0.27976072,11.493594,0.30638412
9,55,10,0.001677722,0.055644635,0.019194959,0.026874345,0.009575334,0.069272935,-0.0035167173,6.237889,1.7712545,8.337162,-1.2817699,0.13854587,-0.0070334347,0.16393396,0.0465492,0.09785364,-0.015044196,252.11322,248.1345,332.3109,-0.48948467,11.493594,0.3068717
9,56,10,0.001677722,0.056585103,0.018437816,0.028520897,0.009626388,0.06789296,-0.0033350624,6.4261413,1.6024517,8.359357,-1.753678,0.13578592,-0.006670125,0.16888131,0.042112995,0.098114155,-0.020582996,252.09647,248.08817,332.5738,0.15122628,11.493594,0.3234865
9,57,10,0.001677722,0.06485494,0.024079753,0.031674497,0.009100692,0.07758826,-0.0044488283,6.772103,1.9490331,8.127902,-0.9610798,0.15517652,-0.008897657,0.1779733,0.051221292,0.09539755,-0.011280236,252.04471,247.9225,332.28488,-0.98795336,11.4928875,0.33402807
9,58,10,0.001677722,0.06453009,0.023030365,0.032465003,0.00903472,0.07587879,-0.0027653389,6.856088,1.6732858,8.098388,-0.86694336,0.15175758,-0.0055306777,0.18018048,0.04397455,0.09505115,-0.010175353,252.02606,248.0105,331.51755,-0.8063425,11.4928875,0.31918034
9,59,10,0.001677722,0.06339662,0.0216604,0.032761898,0.008974318,0.073587365,-0.0021558302,6.887367,1.453158,8.071272,-1.3433849,0.14717473,-0.0043116603,0.18100248,0.038189515,0.09473288,-0.015767368,252.06474,248.07942,332.14606,-0.10977316,11.4928875,0.3257471
9,60,10,0.001677722,0.06877601,0.026774842,0.033064406,0.008936764,0.0818151,-0.005404448,6.9190907,1.6726712,8.054365,-0.8736682,0.1636302,-0.010808896,0.1818362,0.0439584,0.09453446,-0.010254285,252.09174,248.1862,332.49323,-0.799003,11.4928875,0.316162
9,61,10,0.001677722,0.06393623,0.023569869,0.031178722,0.0091876425,0.07676241,-0.0018584976,6.718895,1.5496454,8.166636,-0.6796619,0.15352482,-0.0037169952,0.17657498,0.040725246,0.09585219,-0.007977221,252.06407,248.1158,331.988,-0.8699835,11.492218,0.29187787
9,62,10,0.001677722,0.06006566,0.020260088,0.030257152,0.009548422,0.07116897,-0.0016715428,6.618852,1.3840489,8.325437,-1.124907,0.14233793,-0.0033430855,0.17394583,0.036373302,0.097716026,-0.013203084,252.03564,247.96768,332.47348,-0.25914192,11.492218,0.29517448
9,63,10,0.001677722,0.07129904,0.026018301,0.036278535,0.009002198,0.08065095,-0.0039138068,7.2475886,1.7880801,8.083799,-0.6920734,0.1613019,-0.0078276135,0.19046925,0.046991397,0.09487992,-0.008122895,251.9428,247.54143,332.0734,-1.0960066,11.492218,0.31639966
9,64,10,0.001677722,0.06870966,0.021377416,0.03776977,0.009562471,0.07310509,-0.002110822,7.395045,1.7625879,8.33156,-0.63614637,0.14621018,-0.004221644,0.19434446,0.046321437,0.09778789,-0.0074664787,251.86707,247.26414,330.9987,-1.1264415,11.492218,0.30880085
9,65,10,0.001677722,0.0659505,0.021886842,0.034327146,0.009736506,0.07397101,-0.0010276904,7.0499744,1.2712939,8.407035,-1.0962976,0.14794202,-0.0020553807,0.18527587,0.033410057,0.09867374,-0.012867295,251.89873,247.32173,331.2819,-0.17499626,11.491606,0.30244517
9,66,10,0.001677722,0.068752244,0.026437305,0.033347003,0.008967933,0.08129776,-0.0023440856,6.948596,1.4726045,8.068399,-0.7308807,0.16259553,-0.004688171,0.18261161,0.038700584,0.094699174,-0.0085783815,251.96793,247.65504,331.753,-0.74172384,11.491606,0.3006173
9,67,10,0.001677722,0.066725284,0.024954878,0.03258441,0.009186,0.078985564,-0.0009317562,6.8686857,1.1749481,8.165906,-0.6689931,0.15797113,-0.0018635124,0.18051152,0.030878056,0.09584362,-0.007852002,251.98862,247.95135,331.3458,-0.505955,11.491606,0.27444574
9,68,10,0.001677722,0.06734915,0.024371041,0.033767167,0.009210948,0.078056134,-0.00067825126,6.9922347,0.86798126,8.176989,-1.1273979,0.15611227,-0.0013565025,0.18375845,0.022810867,0.095973685,-0.013232321,252.0264,248.03235,331.64154,0.25941664,11.491606,0.28895757
9,69,10,0.001677722,0.073404886,0.029031629,0.035064552,0.009308701,0.08519335,-0.001908647,7.125294,0.9023483,8.220264,-0.5587239,0.1703867,-0.003817294,0.18725531,0.023714041,0.096481614,-0.0065577673,252.07294,248.17093,331.74673,-0.34362435,11.491035,0.28392127
9,70,10,0.001677722,0.07034055,0.026018152,0.034527633,0.009794762,0.08065072,-0.0003602925,7.0705314,0.70702887,8.432148,-0.35434613,0.16130143,-0.000720585,0.18581612,0.01858098,0.09896849,-0.0041589756,252.1219,248.46547,331.66687,-0.35268274,11.491035,0.2627988
9,71,10,0.001677722,0.068134815,0.025342494,0.03276351,0.010028811,0.07959663,-6.799573e-5,6.8875365,0.28942215,8.532297,-0.86075443,0.15919326,-0.00013599146,0.18100694,0.007606114,0.100143954,-0.010102714,252.16547,248.66556,332.28284,0.5713323,11.491035,0.27801695
9,72,10,0.001677722,0.077812165,0.030545026,0.037785176,0.009481966,0.08738568,-0.0023483522,7.3965535,0.677731,8.296414,-0.5718457,0.17477135,-0.0046967044,0.1943841,0.017811017,0.097375385,-0.0067117806,252.1982,248.86093,332.47827,-0.10588527,11.491035,0.29253533
9,73,10,0.001677722,0.07276101,0.026816584,0.036342595,0.009601821,0.08187885,0.00010623843,7.253985,0.26754212,8.348684,-0.28528178,0.1637577,0.00021247687,0.19063734,0.0070311036,0.09798888,-0.0033483643,252.19539,248.92334,331.95834,0.017739654,11.490487,0.2608665
9,74,10,0.001677722,0.07026183,0.025936529,0.034544993,0.009780307,0.08052411,0.0008040754,7.0723095,0.09208633,8.425923,-0.3988071,0.16104822,0.0016081508,0.18586284,0.002420064,0.09889544,-0.0046808184,252.21425,248.83,332.46817,0.3067208,11.490487,0.26851392
9,75,10,0.001677722,0.0702838,0.028308813,0.032871123,0.009103863,0.084126115,-0.0011455907,6.898838,0.5233686,8.129317,-0.114205584,0.16825223,-0.0022911814,0.18130395,0.013754318,0.09541416,-0.0013404371,252.23619,248.92381,332.74554,-0.409163,11.490487,0.2723648
9,76,10,0.001677722,0.07058347,0.027239978,0.033751875,0.009591614,0.08252269,-0.00049621734,6.990651,0.6286277,8.344245,-0.19310367,0.16504538,-0.0009924347,0.18371683,0.01652056,0.09793679,-0.0022664687,252.23796,249.13048,332.09082,-0.43552405,11.490487,0.3001546
9,77,10,0.001677722,0.06960075,0.028140157,0.031140165,0.01032043,0.08387514,0.0007866655,6.7147384,-0.13159272,8.655458,-0.50718945,0.16775028,0.001573331,0.17646576,-0.0034583025,0.101589516,-0.005952905,252.28058,249.2732,332.6389,0.63878214,11.489982,0.27724692
9,78,10,0.001677722,0.07362503,0.029082358,0.033985674,0.010556999,0.08526775,-0.00072873547,7.0148206,0.038727578,8.754099,0.07599963,0.1705355,-0.0014574709,0.18435204,0.0010177752,0.102747254,0.00089200836,252.31238,249.23604,332.9068,-0.114727214,11.489982,0.2590661
9,79,10,0.001677722,0.07158247,0.026692439,0.034712084,0.01017794,0.081689104,-7.533203e-5,7.0893927,0.009611342,8.595501,0.14791746,0.16337821,-0.00015066405,0.1863118,0.00025259124,0.10088578,0.0017361133,252.32657,249.38533,332.3638,-0.1575288,11.489982,0.26060665
9,80,10,0.001677722,0.07153482,0.028008036,0.03254824,0.010978545,0.08367801,0.0012769073,6.8648715,-0.08016328,8.927166,-0.20728879,0.16735601,0.0025538146,0.18041131,-0.002106722,0.10477855,-0.0024329592,252.32927,249.4707,332.92654,0.28745207,11.489982,0.30491525
9,81,10,0.001677722,0.074271314,0.032407895,0.032464467,0.00939895,0.09001096,-0.00030983024,6.8560314,-0.06932731,8.2600155,0.29251346,0.18002193,-0.0006196605,0.18017898,-0.0018219443,0.096948184,0.0034332438,252.29393,249.41663,332.99472,-0.22318615,11.489566,0.29454565
9,82,10,0.001677722,0.066906475,0.025764408,0.03181471,0.0093273595,0.08025648,0.00062157423,6.787075,0.046652667,8.228498,0.3208243,0.16051295,0.0012431485,0.17836678,0.0012260567,0.096578255,0.0037655297,252.25716,249.27153,332.19696,-0.36747697,11.489566,0.30172285
9,83,10,0.001677722,0.07158545,0.027786268,0.033921815,0.009877363,0.08334607,0.00066613144,7.008228,-0.12268128,8.467627,-0.2053802,0.16669214,0.0013322629,0.18417875,-0.0032241151,0.099384926,-0.0024105567,252.29521,249.37476,332.73938,0.3280615,11.489566,0.30258313
9,84,10,0.001677722,0.075209744,0.032224555,0.03346477,0.009520419,0.089756,-0.0004401952,6.9608555,0.05251274,8.31322,0.35841557,0.179512,-0.0008803904,0.18293379,0.001380051,0.09757263,0.0042067403,252.28125,249.25284,332.7978,-0.4109283,11.489566,0.27421013
9,85,10,0.001677722,0.0673951,0.026394796,0.031211883,0.009788423,0.08123238,0.0017101114,6.7224665,-0.08404803,8.429419,0.76164925,0.16246475,0.0034202228,0.17666885,-0.002208818,0.09893646,0.00893951,252.22656,248.97948,332.11508,-0.6776012,11.48925,0.26012957
9,86,10,0.001677722,0.0687917,0.026971431,0.03181419,0.010006081,0.082114905,0.0024852105,6.7870193,-0.18061219,8.522622,0.08115325,0.16422981,0.004970421,0.17836533,-0.0047465526,0.1000304,0.0009524997,252.22984,248.9274,332.64914,0.09945894,11.48925,0.29168504
9,87,10,0.001677722,0.06935248,0.0300838,0.030031221,0.00923746,0.08672341,0.0009224132,6.5940948,0.019290654,8.188747,0.5089578,0.17344682,0.0018448264,0.17329518,0.00050696457,0.09611171,0.0059736604,252.212,248.81668,332.87982,-0.5282484,11.48925,0.27223307
9,88,10,0.001677722,0.06553383,0.024755938,0.031214032,0.009563865,0.0786701,0.0025779798,6.722698,0.030473111,8.332167,0.69201106,0.1573402,0.0051559596,0.17667493,0.0008008456,0.09779502,0.008122166,252.16206,248.68408,332.19382,-0.7224842,11.48925,0.2841415
9,89,10,0.001677722,0.06584016,0.025298031,0.03097677,0.009565362,0.079526775,0.0035692595,6.697099,-0.30044886,8.332819,0.37791273,0.15905355,0.007138519,0.17600219,-0.007895903,0.09780267,0.0044355816,252.14485,248.60365,332.5876,-0.077463865,11.48903,0.293358
9,90,10,0.001677722,0.07184256,0.032084536,0.030405866,0.009352152,0.089560784,0.0010274956,6.6350985,-0.02079958,8.239427,0.6911274,0.17912157,0.0020549912,0.17437278,-0.0005466191,0.096706524,0.008111794,252.13368,248.52849,332.68143,-0.67032784,11.48903,0.27559054
9,91,10,0.001677722,0.067775026,0.026874114,0.031297848,0.009603061,0.08196663,0.0023884487,6.7317176,-0.15929459,8.349222,0.6565312,0.16393326,0.0047768974,0.17691198,-0.0041863266,0.09799521,0.0077057374,252.13313,248.60579,332.30255,-0.4972366,11.48903,0.2891459
9,92,10,0.001677722,0.06721591,0.026534848,0.030906383,0.00977468,0.0814476,0.0024279316,6.6894865,-0.29735565,8.423499,0.13550252,0.1628952,0.0048558633,0.17580211,-0.007814626,0.098866984,0.0015903998,252.18361,248.77875,333.13605,0.16185313,11.48903,0.31779003
9,93,10,0.001677722,0.07318773,0.032950897,0.031110942,0.009125895,0.09076191,1.0810717e-5,6.711588,-0.2732903,8.139149,0.40724167,0.18152381,2.1621434e-5,0.17638294,-0.0071821576,0.09552955,0.0047798133,252.2492,249.20845,333.57947,-0.13395137,11.488879,0.28331795
9,94,10,0.001677722,0.064486936,0.024442691,0.030995384,0.009048857,0.07817079,0.002285586,6.699111,-0.4029732,8.104722,0.48184478,0.15634158,0.004571172,0.17605506,-0.010590289,0.09512548,0.005655432,252.28548,249.45372,333.13574,-0.07887158,11.488879,0.27437648
9,95,10,0.001677722,0.06676399,0.027560461,0.030261744,0.008941782,0.08300672,0.0042037475,6.619355,-0.62895656,8.056626,0.17633387,0.16601343,0.008407495,0.17395903,-0.016529193,0.094560996,0.002069638,252.35428,249.67982,333.64758,0.45262268,11.488879,0.2892235
9,96,10,0.001677722,0.07008587,0.031750027,0.029822938,0.008512901,0.08909269,0.0019949041,6.5711884,-0.28702152,7.86104,0.42022297,0.17818537,0.0039898083,0.1726932,-0.0075430316,0.09226538,0.004932177,252.32993,249.64622,333.73828,-0.13320145,11.488879,0.2525533
9,97,10,0.001677722,0.06130911,0.02417238,0.029169708,0.007967022,0.07773735,0.004956429,6.4988227,-0.12167004,7.604825,0.5984947,0.1554747,0.009912858,0.17079142,-0.0031975352,0.08925818,0.007024564,252.21303,249.18951,332.80316,-0.47682467,11.488774,0.24205773
9,98,10,0.001677722,0.060696438,0.024637498,0.027499134,0.008559807,0.07848168,0.0045236275,6.309983,-0.27302483,7.8826675,0.06981797,0.15696336,0.009047255,0.16582863,-0.007175188,0.09251922,0.000819457,252.17772,248.87634,333.06528,0.20320687,11.488774,0.2387968
9,99,10,0.001677722,0.06659128,0.031730104,0.02629342,0.008567755,0.08906473,0.002358014,6.1701007,-0.17709956,7.886326,0.38257876,0.17812946,0.004716028,0.16215245,-0.004654239,0.09256217,0.0044903443,252.1865,248.87062,333.022,-0.2054792,11.488774,0.21592808
9,100,10,0.001677722,0.06319997,0.024750987,0.02995944,0.0084895445,0.07866223,0.0045989533,6.5862093,-0.36126864,7.8502483,0.49276063,0.15732446,0.009197907,0.17308795,-0.009494265,0.09213872,0.005783555,252.21654,249.11888,332.59103,-0.13149199,11.488774,0.21587631
10,1,10,0.0013421776,0.10113994,0.022001706,0.06487136,0.014266869,0.07416486,0.0062613646,9.691594,-1.3467351,10.176666,1.143841,0.14832972,0.012522729,0.25469857,-0.03539268,0.119444,0.013425316,253.41559,253.83649,339.99435,0.20289409,11.488663,0.7081044
10,2,10,0.0013421776,0.107530594,0.027209245,0.067739695,0.012581653,0.082476124,0.0062630335,9.903537,-1.6089437,9.5567465,0.38280463,0.16495225,0.012526067,0.2602685,-0.042283606,0.11216797,0.0044929995,253.44745,253.93979,339.9921,1.2261391,11.488663,0.7618106
10,3,10,0.0013421776,0.12193681,0.039533004,0.067298494,0.015105314,0.09941454,0.0028679816,9.871231,-1.5408956,10.471433,0.7719306,0.19882908,0.005735963,0.25941953,-0.040495265,0.122903675,0.009060181,253.47958,254.03212,340.3548,0.768965,11.488663,0.7496363
10,4,10,0.0013421776,0.10711198,0.024702203,0.06680166,0.015608125,0.07858467,0.00558998,9.834726,-1.5392562,10.644287,1.0965208,0.15716934,0.01117996,0.25846016,-0.04045219,0.12493248,0.012869908,253.45493,254.00685,339.9411,0.44273543,11.488663,0.7250635
10,5,10,0.0013421776,0.11160233,0.02716821,0.07155529,0.012878829,0.08241391,0.0071201916,10.178635,-1.9273882,9.668951,0.34575477,0.16482782,0.014240383,0.2674982,-0.050652456,0.11348493,0.0040581394,253.47072,254.01053,340.36462,1.5816334,11.488537,0.7620313
10,6,10,0.0013421776,0.12215782,0.034615066,0.07271458,0.01482817,0.093025625,0.0027174829,10.260758,-1.625022,10.374926,1.1134626,0.18605125,0.0054349657,0.26965642,-0.04270618,0.12177097,0.013068758,253.49496,254.05989,340.8343,0.5115595,11.488537,0.7746589
10,7,10,0.0013421776,0.117986254,0.023401307,0.077054374,0.017530574,0.07648743,0.006111807,10.562516,-1.7052801,11.280785,1.4103327,0.15297486,0.012223614,0.2775867,-0.044815373,0.13240308,0.016553132,253.4988,254.10957,340.31738,0.2949474,11.488537,0.8023563
10,8,10,0.0013421776,0.13490792,0.03237457,0.087857775,0.014675573,0.08996467,0.005867432,11.278694,-2.1883774,10.321404,0.48388332,0.17992935,0.011734864,0.29640812,-0.05751136,0.12114278,0.0056793676,253.5411,254.26643,340.38123,1.704494,11.488537,0.8617738
10,9,10,0.0013421776,0.13152464,0.03291947,0.08282238,0.01578279,0.09071862,0.0029211603,10.950716,-2.4074607,10.70368,0.89153284,0.18143724,0.0058423206,0.28778878,-0.06326893,0.12562957,0.010463959,253.6289,254.69054,341.10318,1.5159278,11.48839,0.80823183
10,10,10,0.0013421776,0.1309001,0.028759548,0.08352369,0.018616868,0.0847932,0.006446065,10.996981,-2.6126118,11.625041,1.1263175,0.1695864,0.01289213,0.28900465,-0.0686604,0.13644364,0.0132196285,253.69421,255.02621,340.9781,1.4862943,11.48839,0.829353
10,11,10,0.0013421776,0.13298851,0.030899828,0.08639297,0.015695708,0.087891735,0.006960561,11.184276,-2.7802427,10.674109,0.31508598,0.17578347,0.013921122,0.2939268,-0.0730658,0.12528251,0.0036981804,253.73773,255.08438,341.22046,2.4651568,11.48839,0.8637439
10,12,10,0.0013421776,0.14388736,0.042347983,0.085643664,0.015895713,0.10289313,0.002705168,11.135668,-2.3609416,10.741902,0.8193036,0.20578626,0.005410336,0.2926494,-0.062046394,0.1260782,0.009616206,253.74796,255.07758,341.3583,1.5416381,11.48839,0.8428149
10,13,10,0.0013421776,0.12100489,0.027871193,0.07730669,0.015827008,0.08347334,0.0058335257,10.579793,-2.2045906,10.718663,1.0134252,0.16694668,0.011667051,0.2780408,-0.057937447,0.12580544,0.011894621,253.7036,254.97644,340.47403,1.1911653,11.488204,0.7313636
10,14,10,0.0013421776,0.11626716,0.029508345,0.07270616,0.014052649,0.085889965,0.005891137,10.260163,-2.543433,10.099976,0.23979896,0.17177993,0.011782274,0.2696408,-0.06684232,0.11854387,0.0028145313,253.73761,255.08168,340.75568,2.303634,11.488204,0.98660266
10,15,10,0.0013421776,0.13292792,0.045372616,0.07242514,0.015130169,0.10650425,0.0020716463,10.240315,-2.3787065,10.480043,0.44581342,0.2130085,0.0041432925,0.2691192,-0.06251328,0.12300475,0.005232534,253.8018,255.37843,341.48273,1.932893,11.488204,0.75279737
10,16,10,0.0013421776,0.11610953,0.029820684,0.069524415,0.016764427,0.08634333,0.0060442085,10.033152,-2.5192316,11.031526,0.8056251,0.17268667,0.012088417,0.26367483,-0.06620633,0.12947752,0.009455652,253.82516,255.60014,341.26593,1.7136065,11.488204,0.7367455
10,17,10,0.0013421776,0.10930688,0.031139372,0.06334307,0.014824435,0.08823176,0.005877431,9.576752,-2.8505785,10.373619,0.22072439,0.17646351,0.011754862,0.2516805,-0.07491423,0.12175564,0.002590654,253.87218,255.72751,341.67258,2.6298542,11.488025,0.64543134
10,18,10,0.0013421776,0.115146,0.03901286,0.06156045,0.014572698,0.09875837,0.0014485607,9.441035,-2.5672252,10.285164,0.62164384,0.19751674,0.0028971215,0.24811378,-0.06746761,0.12071743,0.0072962637,253.90392,255.90373,342.11508,1.9455814,11.488025,0.6216035
10,19,10,0.0013421776,0.10925467,0.03186918,0.06333795,0.014047542,0.08925971,0.005043415,9.5763645,-2.5169878,10.09814,0.7265201,0.17851941,0.01008683,0.25167033,-0.06614732,0.11852232,0.008527198,253.85991,255.80319,341.47006,1.7904677,11.488025,0.6181396
10,20,10,0.0013421776,0.10606443,0.030241907,0.061800435,0.014022087,0.086951,0.005260529,9.459418,-2.7311192,10.088986,0.26856193,0.173902,0.010521058,0.24859694,-0.071774796,0.118414894,0.0031521164,253.83424,255.61409,341.67465,2.4625573,11.488025,0.6824535
10,21,10,0.0013421776,0.12178698,0.05016076,0.0571493,0.014476922,0.11198299,0.00047885528,9.096495,-2.4372478,10.251309,1.0067251,0.22396597,0.00095771055,0.2390592,-0.064051755,0.12032008,0.011815979,253.83002,255.56924,341.93225,1.4305227,11.487864,0.57053554
10,22,10,0.0013421776,0.10476967,0.02603482,0.061230313,0.017504537,0.08067655,0.0035510093,9.415686,-2.320491,11.272404,1.3460274,0.1613531,0.0071020187,0.2474476,-0.06098333,0.13230471,0.015798382,253.80167,255.48547,341.31668,0.9744637,11.487864,0.61139756
10,23,10,0.0013421776,0.109053604,0.029823268,0.06559847,0.013631868,0.08634707,0.0043711034,9.745756,-2.3066645,9.947614,0.6279191,0.17269415,0.008742207,0.256122,-0.06061998,0.11675559,0.0073699136,253.77864,255.26988,341.34036,1.6787454,11.487864,0.61337435
10,24,10,0.0013421776,0.12683971,0.045221493,0.06704893,0.014569295,0.10632673,0.00042255246,9.852912,-1.8858192,10.283962,1.2322552,0.21265346,0.0008451049,0.25893807,-0.049560007,0.12070333,0.014463037,253.73462,255.06128,341.18628,0.653564,11.487864,0.5755046
10,25,10,0.0013421776,0.10611315,0.031589873,0.05952452,0.014998756,0.0888677,0.0022136983,9.283604,-1.6627111,10.434433,1.4876177,0.1777354,0.0044273967,0.24397647,-0.043696634,0.12246941,0.017460236,253.65067,254.78886,340.1891,0.17509341,11.487765,0.4803662
10,26,10,0.0013421776,0.102451384,0.032482803,0.056708544,0.013260037,0.09011493,0.0031818924,9.06135,-2.0794034,9.811006,0.48205858,0.18022986,0.006363785,0.23813556,-0.05464745,0.11515223,0.005657944,253.66014,254.76918,340.71347,1.5973449,11.487765,0.48882848
10,27,10,0.0013421776,0.11832372,0.040572822,0.063496806,0.014254094,0.100713484,1.91358e-5,9.5883665,-1.993501,10.17211,1.0969111,0.20142697,3.82716e-5,0.25198573,-0.052389923,0.11939051,0.012874497,253.69017,254.88852,341.12988,0.8965899,11.487765,0.486388
10,28,10,0.0013421776,0.10212595,0.029236384,0.058043476,0.014846095,0.08549325,0.0029264688,9.167383,-1.9433903,10.381194,1.3468924,0.1709865,0.0058529377,0.24092214,-0.051072992,0.12184455,0.01580854,253.68353,254.90085,340.61823,0.5964979,11.487765,0.48656377
10,29,10,0.0013421776,0.09436606,0.032221433,0.04941606,0.012728563,0.089751646,0.0020296234,8.458682,-2.0084834,9.612379,0.6889345,0.17950329,0.0040592467,0.22229724,-0.052783683,0.11282093,0.008086057,253.69093,254.88872,340.91138,1.3195488,11.487722,0.4350988
10,30,10,0.0013421776,0.106579795,0.04031602,0.0529067,0.013357069,0.10039425,-0.0016662051,8.7523365,-1.6813205,9.846839,1.1088784,0.2007885,-0.0033324102,0.23001456,-0.044185698,0.11557279,0.0130149545,253.68932,254.88371,341.20532,0.5724422,11.487722,0.4381615
10,31,10,0.0013421776,0.09852013,0.030080982,0.054718688,0.013720459,0.08671935,0.0023104176,8.900953,-1.4249557,9.979885,1.5206225,0.1734387,0.004620835,0.23392026,-0.037448358,0.11713436,0.017847618,253.63007,254.72069,340.39038,-0.095666766,11.487722,0.47181046
10,32,10,0.0013421776,0.09942599,0.03251432,0.05403445,0.012877218,0.090158634,0.002344773,8.845125,-1.752857,9.668347,0.8728061,0.18031727,0.004689546,0.23245311,-0.04606572,0.11347783,0.010244167,253.61636,254.6248,340.38513,0.8800509,11.487722,0.46034867
10,33,10,0.0013421776,0.10998133,0.043944843,0.052202653,0.013833837,0.104815125,-0.0034782598,8.693906,-1.5697688,10.021033,1.254082,0.20963025,-0.0069565196,0.228479,-0.04125408,0.11761733,0.014719215,253.62962,254.69437,340.71835,0.31568682,11.487743,0.41916627
10,34,10,0.0013421776,0.09284795,0.02828931,0.050070863,0.014487782,0.08409713,0.00039561169,8.514541,-1.3792747,10.255154,1.5213705,0.16819426,0.00079122337,0.2237652,-0.036247842,0.1203652,0.017856397,253.60258,254.61319,340.33286,-0.1420958,11.487743,0.4365253
10,35,10,0.0013421776,0.09473977,0.03434838,0.04769852,0.012692878,0.09266658,0.00037656198,8.310385,-1.6968999,9.598895,0.8806836,0.18533316,0.00075312395,0.21839991,-0.04459514,0.11266267,0.010336625,253.62239,254.65968,340.68198,0.8162163,11.487743,0.42709497
10,36,10,0.0013421776,0.10814392,0.04286274,0.051392797,0.01388838,0.10351659,-0.0033016794,8.626206,-1.4642903,10.04077,1.229979,0.20703319,-0.006603359,0.2266998,-0.038482077,0.11784897,0.014436322,253.6423,254.66011,340.835,0.23431122,11.487743,0.42629465
10,37,10,0.0013421776,0.090877,0.030625077,0.047175735,0.01307619,0.08750011,-0.00037508179,8.264717,-1.2272478,9.742755,1.2914449,0.17500022,-0.00075016357,0.21719976,-0.032252517,0.11435117,0.015157752,253.62788,254.708,340.20703,-0.06419706,11.48781,0.43653148
10,38,10,0.0013421776,0.08832364,0.033362463,0.043208733,0.011752438,0.091326974,0.00019930438,7.909598,-1.3654904,9.236452,0.5532525,0.18265395,0.00039860877,0.2078671,-0.035885595,0.10840866,0.0064935503,253.66603,254.78085,340.92844,0.8122379,11.48781,0.41274592
10,39,10,0.0013421776,0.10383717,0.042577744,0.047509883,0.0137495445,0.10317188,-0.0044760634,8.293935,-1.2929562,9.990458,0.99080706,0.20634376,-0.008952127,0.21796761,-0.033979367,0.11725845,0.011629146,253.6932,254.82118,341.268,0.30214918,11.48781,0.4078069
10,40,10,0.0013421776,0.094513685,0.03122024,0.048477612,0.014815828,0.08834625,-0.0012092354,8.377979,-1.144807,10.370606,1.2860084,0.1766925,-0.0024184708,0.22017632,-0.03008595,0.121720284,0.01509394,253.69107,254.82579,340.53128,-0.14120138,11.48781,0.43196875
10,41,10,0.0013421776,0.08702934,0.03330009,0.041197088,0.012532156,0.09124156,-0.0025636859,7.723283,-1.0390347,9.537929,0.32135618,0.18248312,-0.0051273718,0.20297065,-0.027306208,0.11194711,0.0037717724,253.74953,255.00801,341.01492,0.71767855,11.4879,0.37132177
10,42,10,0.0013421776,0.09661682,0.04103361,0.043108232,0.012474976,0.101283774,-0.00618039,7.900395,-1.2124217,9.516145,0.79887295,0.20256755,-0.01236078,0.20762523,-0.03186288,0.11169143,0.009376409,253.82242,255.37326,341.3128,0.4135487,11.4879,0.38893455
10,43,10,0.0013421776,0.09090305,0.034135275,0.044919703,0.01184807,0.09237867,-0.0019033037,8.064679,-1.0502766,9.273956,0.88038784,0.18475734,-0.0038066073,0.21194269,-0.027601654,0.10884884,0.010333151,253.80334,255.40822,340.6408,0.1698888,11.4879,0.41156635
10,44,10,0.0013421776,0.08220968,0.03205243,0.039051563,0.011105688,0.08951596,-0.0017330134,7.5194817,-1.1481895,8.978709,0.42761278,0.17903192,-0.0034660269,0.19761468,-0.030174833,0.10538353,0.00501891,253.79303,255.3018,341.26843,0.72057676,11.4879,0.3944908
10,45,10,0.0013421776,0.08839017,0.03872538,0.03806693,0.011597855,0.09839383,-0.005922274,7.42408,-0.38769764,9.175507,0.7631104,0.19678766,-0.011844548,0.19510749,-0.010188831,0.10769334,0.008956661,253.74649,255.05118,341.50522,-0.37541276,11.487983,0.36148748
10,46,10,0.0013421776,0.080507025,0.026807502,0.04224266,0.01145686,0.08186498,-0.0026464267,7.8206763,0.008943037,9.119563,1.0805886,0.16372997,-0.0052928533,0.2055302,0.00023503015,0.107036725,0.0126829175,253.64546,254.657,340.55035,-1.0895317,11.487983,0.37925
10,47,10,0.0013421776,0.08136548,0.031223979,0.039718978,0.01042253,0.08835154,-0.00424849,7.583465,-0.044024613,8.698168,0.5284985,0.17670308,-0.00849698,0.1992962,-0.001156978,0.10209079,0.00620301,253.58183,254.23796,340.53717,-0.48447385,11.487983,0.3706929
10,48,10,0.0013421776,0.08938653,0.034827355,0.043232113,0.011327065,0.093310446,-0.0070521096,7.911738,0.037455548,9.067758,0.93640906,0.18662089,-0.014104219,0.20792334,0.0009843485,0.10642868,0.010990677,253.54568,254.02878,340.55106,-0.9738646,11.487983,0.3841106
10,49,10,0.0013421776,0.08245892,0.028400337,0.04374609,0.01031249,0.084262,-0.004106646,7.95863,0.8267437,8.652128,0.89011794,0.168524,-0.008213292,0.20915566,0.021727124,0.10155043,0.010447353,253.47688,253.86415,339.53763,-1.7168617,11.488062,0.364356
10,50,10,0.0013421776,0.08403275,0.03320319,0.040620986,0.010208579,0.09110871,-0.0035824738,7.669091,0.599632,8.608428,0.3764468,0.18221742,-0.0071649477,0.20154649,0.01575855,0.10103751,0.0044183745,253.47711,253.81854,339.80075,-0.97607887,11.488062,0.32684988
10,51,10,0.0013421776,0.08682017,0.036050066,0.039241478,0.011528628,0.09493428,-0.00756736,7.537743,0.52555406,9.148082,0.58737,0.18986855,-0.01513472,0.19809462,0.013811751,0.10737145,0.00689399,253.49376,253.76834,339.97263,-1.1129241,11.488062,0.31424528
10,52,10,0.0013421776,0.08236313,0.028845947,0.04176348,0.011753699,0.08492047,-0.0036111467,7.7761927,0.50821847,9.236948,0.48101646,0.16984095,-0.0072222934,0.20436116,0.013356168,0.10841448,0.0056457133,253.48163,253.74352,339.2301,-0.9892349,11.488062,0.3555431
10,53,10,0.0013421776,0.07254372,0.029026652,0.033623204,0.0098938625,0.08518605,-0.005360188,6.9773135,0.81614166,8.474696,-0.35459083,0.1703721,-0.010720376,0.18336631,0.021448499,0.099467896,-0.00416185,253.49272,253.7148,339.8097,-0.46155083,11.488098,0.28546917
10,54,10,0.0013421776,0.085751936,0.03946608,0.035937604,0.010348257,0.09933036,-0.009398217,7.2134523,1.0339639,8.66712,0.091467075,0.19866072,-0.018796435,0.18957216,0.027172945,0.10172638,0.0010735543,253.47717,253.61916,339.86893,-1.125431,11.488098,0.32065302
10,55,10,0.0013421776,0.07620545,0.02540307,0.03962212,0.011180259,0.0796917,-0.0057820026,7.574213,1.2811273,9.008804,0.2611563,0.1593834,-0.011564005,0.19905306,0.03366849,0.10573675,0.0030652017,253.43951,253.50519,339.04736,-1.5422837,11.488098,0.37344912
10,56,10,0.0013421776,0.07144618,0.029152064,0.032114476,0.010179638,0.08536988,-0.005056541,6.818975,0.75053096,8.596218,-0.41887388,0.17073976,-0.010113082,0.17920512,0.01972423,0.10089419,-0.0049163415,253.47404,253.58238,339.69824,-0.33165708,11.488098,0.30849552
10,57,10,0.0013421776,0.07570144,0.03529408,0.030423444,0.009983921,0.09393359,-0.0082896715,6.637016,1.2602866,8.513179,-0.2732918,0.18786718,-0.016579343,0.17442317,0.033120792,0.09991957,-0.0032076365,253.51921,253.74234,340.24573,-0.98699474,11.488075,0.3077922
10,58,10,0.0013421776,0.06862887,0.025588322,0.033157468,0.00988308,0.07998175,-0.006000194,6.9288216,1.3662609,8.470077,-0.19794294,0.1599635,-0.012000388,0.18209192,0.035905834,0.09941368,-0.002323268,253.5141,253.83865,339.47687,-1.1683179,11.488075,0.35677096
10,59,10,0.0013421776,0.06333891,0.025760356,0.028363576,0.009214984,0.08025017,-0.0065427204,6.4083934,1.2273594,8.17878,-0.8247024,0.16050033,-0.013085441,0.16841489,0.032255445,0.09599471,-0.009679569,253.54944,253.9496,340.11682,-0.40265703,11.488075,0.32874474
10,60,10,0.0013421776,0.07421175,0.03345333,0.031104667,0.009653743,0.09145126,-0.010587231,6.7109103,1.5517032,8.371226,-0.33085316,0.18290251,-0.021174463,0.17636515,0.040779326,0.098253466,-0.0038832398,253.53902,253.85571,340.22668,-1.22085,11.488075,0.3461597
10,61,10,0.0013421776,0.06651273,0.023678023,0.033542786,0.009291923,0.07693832,-0.005759628,6.9689636,2.2505784,8.2128525,-0.10952894,0.15387665,-0.011519256,0.1831469,0.059146013,0.09639462,-0.0012855488,253.4823,253.61859,339.48666,-2.1410494,11.487969,0.37486365
10,62,10,0.0013421776,0.065384485,0.026279131,0.030369997,0.00873536,0.081054196,-0.006291161,6.6311836,1.8186399,7.9630895,-0.6760669,0.16210839,-0.012582322,0.1742699,0.047794517,0.093463145,-0.0079350285,253.49522,253.59828,339.6999,-1.142573,11.487969,0.30795315
10,63,10,0.0013421776,0.082233354,0.039180823,0.03401442,0.009038115,0.09897073,-0.011281963,7.0177875,2.1055305,8.09991,-0.4095335,0.19794147,-0.022563927,0.18442999,0.055334102,0.095069,-0.0048067155,253.48323,253.5369,339.60956,-1.695997,11.487969,0.34159055
10,64,10,0.0013421776,0.06987635,0.02315594,0.03838434,0.008336066,0.07608538,-0.006938688,7.4549665,2.419834,7.7789645,-0.37132865,0.15217076,-0.013877376,0.19591922,0.06359412,0.09130206,-0.0043583005,253.42099,253.3692,338.77664,-2.0485053,11.487969,0.39432153
10,65,10,0.0013421776,0.064075746,0.024259606,0.031983685,0.007832454,0.07787748,-0.006943553,6.805075,2.4749475,7.5403256,-1.052325,0.15575495,-0.013887106,0.17883983,0.06504252,0.08850115,-0.012351181,253.36826,253.07253,339.15186,-1.4226224,11.487787,0.34627134
10,66,10,0.0013421776,0.06642788,0.026581526,0.03194915,0.007897199,0.08151921,-0.010490663,6.8014,2.5507512,7.571428,-0.63312817,0.16303842,-0.020981327,0.17874326,0.06703466,0.08886619,-0.0074310545,253.30872,252.76405,339.149,-1.917623,11.487787,0.3510409
10,67,10,0.0013421776,0.06364533,0.020092895,0.035486072,0.008066361,0.070874706,-0.0068561686,7.167994,2.7441258,7.6520896,-0.55776614,0.14174941,-0.013712337,0.18837747,0.07211661,0.08981292,-0.006546526,253.22563,252.43951,338.18552,-2.1863596,11.487787,0.37411013
10,68,10,0.0013421776,0.060300663,0.022587446,0.029823767,0.007889449,0.0751456,-0.0069424696,6.571279,2.407955,7.5677114,-1.0186468,0.1502912,-0.013884939,0.17269559,0.06328192,0.088822566,-0.011955908,253.18263,252.13895,338.3287,-1.3893081,11.487787,0.32539043
10,69,10,0.0013421776,0.0750354,0.03331987,0.033004608,0.00871093,0.09126865,-0.010235961,6.912831,2.7217352,7.951947,-0.9664914,0.1825373,-0.020471921,0.18167171,0.07152818,0.093332365,-0.011343754,253.1826,252.13068,338.25906,-1.7552438,11.487526,0.37693468
10,70,10,0.0013421776,0.06601887,0.019501187,0.03765287,0.0088648135,0.069823325,-0.006597424,7.3835926,3.036475,8.021878,-1.0023901,0.13964665,-0.013194848,0.19404347,0.07979967,0.094153136,-0.011765099,253.19223,252.29073,337.7016,-2.0340848,11.487526,0.40486464
10,71,10,0.0013421776,0.064833075,0.02080398,0.034938507,0.009090584,0.072117925,-0.00655918,7.112477,2.6312768,8.123385,-1.417844,0.14423585,-0.01311836,0.18691845,0.06915092,0.09534455,-0.016641298,253.24199,252.41177,338.15326,-1.2134328,11.487526,0.36704662
10,72,10,0.0013421776,0.06798534,0.024024392,0.034775097,0.0091858525,0.07749902,-0.009652701,7.0958242,2.6299093,8.165841,-1.0860635,0.15499803,-0.019305402,0.18648082,0.06911496,0.09584285,-0.012747174,253.28278,252.52965,338.67468,-1.5438458,11.487526,0.38675693
10,73,10,0.0013421776,0.069602385,0.022179784,0.038358245,0.009064356,0.074464396,-0.006355222,7.452432,2.8817549,8.111659,-1.0029511,0.14892879,-0.012710444,0.19585261,0.07573356,0.09520691,-0.01177168,253.25316,252.5093,337.84662,-1.8788037,11.487177,0.40933335
10,74,10,0.0013421776,0.059774388,0.020300644,0.03056206,0.008911683,0.071240164,-0.006152586,6.652118,2.4253855,8.043056,-1.699195,0.14248033,-0.012305172,0.17482008,0.06374,0.09440171,-0.01994353,253.2416,252.39108,338.0641,-0.72619045,11.487177,0.36994448
10,75,10,0.0013421776,0.06878048,0.027269917,0.03315072,0.008359843,0.08256803,-0.009804194,6.9281163,2.899099,7.7900496,-1.2115504,0.16513605,-0.019608388,0.1820734,0.07618938,0.09143218,-0.014220021,253.1852,252.06564,338.07498,-1.6875488,11.487177,0.41096556
10,76,10,0.0013421776,0.062926166,0.021470224,0.033246353,0.008209583,0.07326361,-0.0057448293,6.9381022,2.9329784,7.7197237,-1.0567402,0.14652722,-0.011489659,0.18233582,0.07707973,0.09060675,-0.0124030085,253.12457,251.76738,337.1591,-1.8762382,11.487177,0.4118439
10,77,10,0.0013421776,0.055354945,0.01902744,0.027725179,0.0086023295,0.068969995,-0.00584946,6.3358636,2.1996205,7.9022226,-1.9066523,0.13793999,-0.01169892,0.1665088,0.05780683,0.09274875,-0.022378469,253.17035,251.96204,337.689,-0.29296815,11.48675,0.37898147
10,78,10,0.0013421776,0.059907496,0.023974122,0.02779386,0.008139514,0.077417895,-0.008323168,6.343707,2.3932052,7.686709,-1.6190666,0.15483579,-0.016646337,0.1667149,0.06289429,0.09021926,-0.019003058,253.20312,252.1833,338.1068,-0.77413857,11.48675,0.3999384
10,79,10,0.0013421776,0.06233999,0.018167775,0.03520479,0.008967424,0.06739394,-0.0055996687,7.139529,2.9461405,8.068171,-1.6083254,0.13478789,-0.011199337,0.1876294,0.077425644,0.094696485,-0.01887699,253.15846,252.12152,337.30612,-1.3378152,11.48675,0.4525446
10,80,10,0.0013421776,0.058288723,0.01813361,0.031112047,0.009043068,0.06733055,-0.0066890228,6.711707,2.622915,8.102127,-1.9966637,0.1346611,-0.0133780455,0.17638607,0.068931155,0.095095046,-0.023434937,253.13893,251.98041,337.6068,-0.62625134,11.48675,0.42676327
10,81,10,0.0013421776,0.06358306,0.022433577,0.03197717,0.009172313,0.07488921,-0.008440015,6.8043814,2.7303793,8.1598215,-1.4848733,0.14977843,-0.01688003,0.17882161,0.071755365,0.09577219,-0.017428026,253.10202,251.73714,337.47412,-1.245506,11.4862385,0.42831695
10,82,10,0.0013421776,0.06354353,0.017930655,0.035849262,0.009763617,0.0669527,-0.005063947,7.2045817,2.8031178,8.41873,-1.4702228,0.1339054,-0.010127894,0.18933901,0.07366696,0.098811015,-0.017256074,253.04611,251.48012,336.52603,-1.3328949,11.4862385,0.4385672
10,83,10,0.0013421776,0.05474924,0.017546441,0.028472506,0.008730293,0.06623149,-0.0048801326,6.4206867,2.2323692,7.960781,-1.8735405,0.13246298,-0.009760265,0.16873798,0.058667477,0.09343604,-0.021989834,253.02628,251.3243,336.99353,-0.35882866,11.4862385,0.39965644
10,84,10,0.0013421776,0.060534976,0.0232815,0.028657649,0.00859583,0.07629138,-0.007730429,6.4415293,2.461125,7.899237,-1.5643138,0.15258276,-0.015460858,0.1692857,0.06467925,0.0927137,-0.018360425,252.9916,251.22987,337.0434,-0.8968111,11.4862385,0.4202661
10,85,10,0.0013421776,0.054563154,0.015658751,0.030269397,0.008635004,0.062567465,-0.0035945436,6.620192,2.422297,7.9172153,-1.4756807,0.12513493,-0.007189087,0.17398103,0.06365884,0.09292472,-0.017320134,252.9229,251.02237,336.17636,-0.9466163,11.485672,0.4112336
10,86,10,0.0013421776,0.050838027,0.016239591,0.025753086,0.008845347,0.06371733,-0.004577673,6.1063724,2.2516587,8.013065,-2.012338,0.12743466,-0.009155346,0.16047768,0.059174392,0.09404971,-0.023618903,252.90219,250.9292,336.31717,-0.23932076,11.485672,0.39439577
10,87,10,0.0013421776,0.05713448,0.021131923,0.027262637,0.0087399185,0.07268412,-0.0072903796,6.2827907,2.6056983,7.9651675,-1.6922537,0.14536823,-0.014580759,0.16511402,0.068478696,0.09348753,-0.01986206,252.83444,250.61794,336.21835,-0.91344464,11.485672,0.42246106
10,88,10,0.0013421776,0.054627687,0.015171911,0.030885428,0.008570346,0.061587155,-0.0040792497,6.6872177,2.9031794,7.887518,-1.4937787,0.12317431,-0.008158499,0.1757425,0.07629661,0.09257616,-0.017532548,252.7279,250.18999,335.2002,-1.4094007,11.485672,0.44143975
10,89,10,0.0013421776,0.045680843,0.014100471,0.022970157,0.008610214,0.0593727,-0.0037079074,5.767009,2.0978024,7.9058433,-1.9632273,0.1187454,-0.007415815,0.15155908,0.055131007,0.09279124,-0.02304249,252.67583,249.91563,335.26538,-0.13457513,11.485062,0.36414254
10,90,10,0.0013421776,0.05414932,0.01935441,0.025799308,0.008995599,0.069560066,-0.005847875,6.1118503,2.2953968,8.080835,-1.6370261,0.13912013,-0.01169575,0.16062163,0.06032386,0.09484513,-0.019213855,252.64697,249.7978,335.2863,-0.65837073,11.485062,0.3693657
10,91,10,0.0013421776,0.054594018,0.01596075,0.02883544,0.009797827,0.06316793,-0.0024474065,6.4614787,2.4224536,8.433466,-1.6414585,0.12633586,-0.004894813,0.16981001,0.06366296,0.09898397,-0.019265879,252.59166,249.66312,334.3793,-0.78099513,11.485062,0.39761034
10,92,10,0.0013421776,0.05342563,0.017538598,0.025666866,0.010220165,0.066216685,-0.0021730915,6.096142,2.0917568,8.613313,-2.1003737,0.13243337,-0.004346183,0.16020882,0.05497212,0.101094835,-0.024652185,252.5505,249.4538,334.3556,0.008616924,11.485062,0.37258366
10,93,10,0.0013421776,0.05568824,0.019667141,0.026431045,0.009590054,0.07011979,-0.0038157776,6.186227,1.902312,8.343567,-1.7984154,0.14023958,-0.007631555,0.16257627,0.049993448,0.09792882,-0.021108087,252.50015,249.1661,334.25308,-0.10389662,11.48442,0.34843364
10,94,10,0.0013421776,0.058333967,0.017177768,0.031076007,0.010080191,0.06553199,-0.0008135512,6.7078185,1.8324823,8.554125,-1.8099205,0.13106398,-0.0016271024,0.17628388,0.048158295,0.10040016,-0.021243118,252.46078,249.00714,333.5299,-0.022561789,11.48442,0.34478927
10,95,10,0.0013421776,0.05351244,0.016394386,0.027646571,0.009471485,0.06402028,-0.0016011965,6.3268757,1.4448421,8.291827,-2.1449533,0.12804057,-0.003202393,0.16627258,0.037970968,0.097321555,-0.025175413,252.49078,249.05272,333.88336,0.70011115,11.48442,0.3303997
10,96,10,0.0013421776,0.056013584,0.017907532,0.028786635,0.009319417,0.066909514,-0.004246271,6.4560084,1.6595271,8.224994,-1.6607746,0.13381903,-0.008492542,0.16966625,0.04361297,0.09653713,-0.019492596,252.51898,249.23068,334.09683,0.0012475252,11.48442,0.3563223
10,97,10,0.0013421776,0.055526204,0.019440185,0.026481235,0.009604782,0.06971403,-0.0007379222,6.192097,1.2366406,8.349972,-1.5303707,0.13942806,-0.0014758444,0.16273056,0.03249935,0.09800399,-0.01796203,252.51282,249.34213,333.64185,0.29373014,11.483761,0.31853288
10,98,10,0.0013421776,0.050714374,0.01589158,0.025618203,0.00920459,0.063030906,-0.0011226891,6.0903606,0.8810587,8.174166,-1.8208019,0.12606181,-0.0022453782,0.16005687,0.023154546,0.09594055,-0.021370828,252.51767,249.369,334.11124,0.93974316,11.483761,0.31308693
10,99,10,0.0013421776,0.056236513,0.019631568,0.027289951,0.0093149915,0.07005635,-0.0028349427,6.285937,1.0968698,8.223041,-1.3251485,0.1401127,-0.0056698853,0.1651967,0.028826132,0.0965142,-0.015553325,252.49976,249.38333,334.30215,0.22827864,11.483761,0.31470218
10,100,10,0.0013421776,0.05476475,0.016353583,0.02875403,0.009657141,0.06394056,-0.00095722225,6.4523516,1.2759194,8.372699,-1.2870351,0.12788112,-0.0019144445,0.16957013,0.03353163,0.09827075,-0.015105991,252.43916,249.17683,333.68198,0.01111567,11.483761,0.33656263
