ic,traj,n_steps,eta,loss_total,loss_T,loss_olw,loss_slwd,rmse_T,bias_T,rmse_olw,bias_olw,rmse_slwd,bias_slwd,nrmse_T,nbias_T,nrmse_olw,nbias_olw,nrmse_slwd,nbias_slwd,mean_T,mean_olw,mean_slwd,bias_C,pnorm,gnorm
1,1,10,0.01,3.2685156,0.21602693,1.6810538,1.371435,0.23239349,0.02078783,49.335495,-3.3853076,99.776634,37.804844,0.46478698,0.04157566,1.2965546,-0.0889671,1.1710829,0.44371718,251.12997,245.07397,329.26288,-34.419537,16.37017,11.501938
1,2,10,0.01,3.2525349,0.22721377,1.6840264,1.3412948,0.23833473,0.013479881,49.379097,-4.212579,98.67415,38.44956,0.47666946,0.026959762,1.2977004,-0.1107082,1.1581428,0.4512842,251.18488,245.25986,330.13773,-34.23698,16.37017,11.687952
1,3,10,0.01,3.3407068,0.21986975,1.7333564,1.3874806,0.23445135,0.008239214,50.0971,-4.7745514,100.35863,35.087776,0.4689027,0.016478429,1.3165699,-0.12547697,1.1779137,0.4118268,251.19293,245.31136,330.5379,-30.313225,16.37017,11.754509
1,4,10,0.01,3.2946286,0.20766424,1.7226641,1.3643003,0.22785096,0.01941256,49.94235,-3.5823894,99.51676,36.829254,0.45570192,0.03882512,1.312503,-0.09414644,1.1680326,0.4322666,251.14836,245.21626,329.86777,-33.246864,16.37017,11.709726
1,5,10,0.01,1.2537471,0.16113593,0.6257074,0.4669038,0.2007087,0.017489802,30.099161,11.256517,58.21768,13.214906,0.4014174,0.034979604,0.7910167,0.29582536,0.6833036,0.15510394,251.13963,245.198,330.21683,-24.471424,16.375696,3.7135887
1,6,10,0.01,1.3239613,0.15508053,0.66570956,0.50317115,0.19690132,0.011702242,31.046387,11.111202,60.43647,11.234303,0.39380264,0.023404485,0.8159103,0.2920064,0.7093456,0.13185762,251.11403,245.10222,330.36642,-22.345505,16.375696,3.8703144
1,7,10,0.01,1.3179947,0.15685034,0.6750915,0.48605284,0.19802168,0.024278905,31.264393,11.514618,59.39952,13.537051,0.39604336,0.04855781,0.82163954,0.30260825,0.6971749,0.15888497,251.0897,245.05899,329.71014,-25.05167,16.375696,3.822672
1,8,10,0.01,1.3110125,0.16019917,0.66267246,0.48814088,0.20012444,0.01851258,30.975483,10.931203,59.526978,13.6090975,0.4002489,0.03702516,0.814047,0.28727594,0.6986708,0.15973061,251.15254,245.2758,330.30252,-24.5403,16.375696,3.8175216
1,9,10,0.01,0.81212664,0.12458368,0.39778978,0.2897532,0.17648207,0.015064269,23.999128,11.761521,45.86225,3.2235665,0.35296413,0.030128539,0.6307058,0.30909702,0.5382873,0.037835144,251.235,245.56648,330.48846,-14.985088,16.388844,2.6862898
1,10,10,0.01,0.761044,0.11691586,0.37145194,0.2726762,0.1709648,0.025712805,23.191027,11.277429,44.490253,4.092613,0.3419296,0.05142561,0.6094686,0.29637495,0.5221841,0.04803518,251.34013,246.0508,330.30188,-15.370042,16.388844,2.6070812
1,11,10,0.01,0.7325908,0.123341344,0.34025994,0.26898947,0.17559993,0.020653853,22.195967,11.000485,44.18846,3.4444036,0.35119987,0.041307706,0.58331805,0.28909674,0.51864195,0.040427107,251.47806,246.48405,331.4207,-14.444889,16.388844,2.5210142
1,12,10,0.01,0.7102182,0.12524757,0.3100224,0.2749482,0.17695166,0.01632288,21.186794,10.759896,44.675213,1.5180124,0.35390332,0.03264576,0.55679655,0.282774,0.52435505,0.017816972,251.59161,246.91493,332.06738,-12.277908,16.388844,2.4544783
1,13,10,0.01,0.45394385,0.07884076,0.19555572,0.17954738,0.14039299,0.016875245,16.82689,4.436397,36.101955,8.413824,0.28078598,0.03375049,0.4422168,0.11659013,0.4237303,0.09875344,251.63667,247.13573,331.94702,-12.850222,16.400068,1.5375097
1,14,10,0.01,0.46445447,0.08312688,0.19595191,0.18537568,0.14415866,0.012517455,16.843931,4.035468,36.68323,8.015014,0.28831732,0.02503491,0.44266456,0.106053576,0.43055275,0.09407257,251.68385,247.30402,332.6265,-12.050482,16.400068,1.5669613
1,15,10,0.01,0.49650794,0.09567289,0.21114711,0.18968792,0.15465517,0.008346039,17.484821,4.2636924,37.107445,7.634425,0.30931035,0.016692078,0.45950747,0.11205136,0.43553177,0.08960561,251.66765,247.26926,332.7512,-11.898117,16.400068,1.6645598
1,16,10,0.01,0.49870652,0.08112438,0.23004933,0.1875328,0.14241171,0.018171802,18.250685,4.4736376,36.896046,8.199712,0.28482342,0.036343604,0.47963458,0.11756883,0.43305057,0.096240394,251.61018,247.0474,331.96393,-12.673349,16.400068,1.7420211
1,17,10,0.01,0.36263317,0.06586499,0.15565364,0.14111455,0.12832087,0.0022884042,15.012338,3.9554014,32.005684,3.1169114,0.25664175,0.0045768083,0.39452964,0.10394938,0.37565216,0.036583338,251.63057,247.09134,332.4595,-7.072313,16.408947,1.1060662
1,18,10,0.01,0.38529676,0.078074545,0.16809411,0.1391281,0.13970912,-0.004068771,15.600729,4.8826942,31.77962,3.7724147,0.27941823,-0.008137542,0.4099928,0.12831897,0.3729988,0.044276994,251.64105,247.11467,332.55844,-8.655109,16.408947,1.1622225
1,19,10,0.01,0.39353633,0.070776395,0.1898763,0.13288362,0.13301916,0.0073698014,16.580746,4.2142425,31.058249,4.5191,0.26603833,0.014739603,0.43574798,0.110751815,0.36453205,0.05304088,251.62505,247.07288,331.8645,-8.733343,16.408947,1.1201413
1,20,10,0.01,0.37755787,0.07055409,0.17298724,0.13401654,0.1328101,0.0021456562,15.826164,3.8254228,31.190363,4.203957,0.2656202,0.0042913123,0.41591734,0.10053349,0.3660827,0.04934204,251.67053,247.24432,332.4974,-8.02938,16.408947,1.0695076
1,21,10,0.01,0.32786304,0.07536793,0.1356491,0.11684601,0.1372661,-0.011515254,14.014484,3.0184557,29.123806,-5.945542,0.2745322,-0.023030508,0.3683057,0.079326116,0.34182745,-0.0697831,251.73119,247.48463,332.997,2.927086,16.41886,1.1633213
1,22,10,0.01,0.33969074,0.062483244,0.15907851,0.118128985,0.12498324,-0.0023436483,15.176599,2.3073447,29.283262,-6.412655,0.24996649,-0.0046872967,0.39884648,0.06063784,0.34369898,-0.07526563,251.7805,247.65808,332.4609,4.1053104,16.41886,1.2994802
1,23,10,0.01,0.3511205,0.060815744,0.1643374,0.12596735,0.12330424,-0.0029936607,15.425415,1.7188685,30.239193,-6.873451,0.24660848,-0.0059873215,0.4053855,0.045172483,0.3549188,-0.080674015,251.9177,248.15169,333.40533,5.154583,16.41886,1.3520467
1,24,10,0.01,0.331589,0.07203609,0.1337091,0.12584382,0.1341977,-0.01024025,13.913909,2.2212396,30.224363,-6.5274124,0.2683954,-0.0204805,0.36566254,0.058374967,0.35474473,-0.07661252,252.0189,248.59982,334.1999,4.306173,16.41886,1.2904184
1,25,10,0.01,0.2613083,0.055376064,0.09975299,0.10617924,0.1176606,-0.00447258,12.017983,-1.1098082,27.762653,-11.494074,0.2353212,-0.00894516,0.31583697,-0.029166156,0.32585156,-0.1349065,251.99704,248.54794,333.76562,12.603882,16.426992,0.95654476
1,26,10,0.01,0.2734559,0.061235502,0.10137178,0.1108486,0.12372904,-0.0077721244,12.115106,-1.3494432,28.366535,-12.295129,0.24745809,-0.015544249,0.31838936,-0.035463847,0.33293933,-0.14430849,252.00157,248.46909,334.32983,13.644572,16.426992,0.9715232
1,27,10,0.01,0.2793336,0.06949226,0.1019767,0.10786464,0.13180692,-0.014556325,12.151199,-0.65755075,27.98213,-11.367639,0.26361385,-0.02911265,0.3193379,-0.017280668,0.32842752,-0.13342248,251.9903,248.41422,334.41956,12.025189,16.426992,0.92459154
1,28,10,0.01,0.27486035,0.05607654,0.11174233,0.107041486,0.11840243,-0.0045406194,12.719719,-0.9024372,27.875153,-11.327991,0.23680486,-0.009081239,0.33427882,-0.023716375,0.32717195,-0.13295715,251.93805,248.2698,333.76382,12.230428,16.426992,0.95178866
1,29,10,0.01,0.2299177,0.052256685,0.097087204,0.080573805,0.114298604,-0.0073757363,11.856313,-2.856117,24.18456,-9.8613405,0.22859721,-0.0147514725,0.3115882,-0.07505979,0.28385526,-0.115743004,251.94113,248.24084,334.24835,12.717458,16.433681,1.0032839
1,30,10,0.01,0.2282545,0.063019186,0.08648051,0.0787548,0.12551811,-0.01574462,11.189941,-2.200897,23.910007,-9.583477,0.25103623,-0.03148924,0.2940757,-0.05784036,0.28063285,-0.112481706,251.95763,248.22937,334.40884,11.784374,16.433681,0.9368863
1,31,10,0.01,0.22758198,0.049352437,0.09742375,0.080805786,0.11107704,-0.0074270805,11.876845,-2.244597,24.219347,-9.987271,0.22215408,-0.014854161,0.31212777,-0.058988813,0.28426358,-0.117221065,251.94835,248.24239,333.73166,12.231869,16.433681,0.9475681
1,32,10,0.01,0.23932676,0.05353653,0.10275222,0.083038,0.115689814,-0.0073705195,12.197316,-2.752641,24.551594,-10.463557,0.23137963,-0.014741039,0.32054988,-0.07234038,0.28816316,-0.12281125,251.99315,248.42894,334.34384,13.216198,16.433681,1.014022
1,33,10,0.01,0.20644175,0.05941377,0.09351815,0.053509817,0.1218747,-0.011206261,11.636347,-1.8942606,19.7087,-2.9208534,0.2437494,-0.022412522,0.30580738,-0.04978186,0.23132189,-0.03428219,251.99002,248.40839,334.46094,4.815114,16.440577,0.8006449
1,34,10,0.01,0.2066492,0.050744817,0.104519114,0.051385265,0.11263305,-0.003713088,12.301739,-1.870837,19.31348,-3.0792491,0.2252661,-0.007426176,0.32329416,-0.049166273,0.22668318,-0.036141284,251.94565,248.2672,333.66425,4.950086,16.440577,0.79762435
1,35,10,0.01,0.20292166,0.047518652,0.10022014,0.055182867,0.108993866,-0.0052826325,12.046093,-2.0540168,20.014435,-3.2323198,0.21798773,-0.010565265,0.31657565,-0.053980313,0.23491034,-0.037937883,251.96371,248.23662,334.19476,5.286337,16.440577,0.8179568
1,36,10,0.01,0.21401228,0.063493624,0.097428694,0.05308996,0.1259897,-0.01280221,11.877145,-1.4553071,19.631226,-2.6746838,0.2519794,-0.02560442,0.3121357,-0.038245987,0.23041259,-0.031392884,252.01521,248.39607,334.66785,4.129991,16.440577,0.7886514
1,37,10,0.01,0.17838594,0.047109835,0.091711506,0.039564613,0.108524,0.00026776845,11.523398,-0.13297695,16.947073,2.8138077,0.217048,0.0005355369,0.30283907,-0.0034946841,0.19890855,0.03302579,252.06944,248.69717,334.22452,-2.6808307,16.447779,0.6026973
1,38,10,0.01,0.18553923,0.045240294,0.10143922,0.03885971,0.10634883,-0.0022289502,12.119135,-0.8103722,16.795424,2.1942377,0.21269765,-0.0044579003,0.31849524,-0.021296872,0.19712867,0.025753867,252.16635,249.07947,335.01215,-1.3838656,16.447779,0.7365465
1,39,10,0.01,0.19542289,0.05187139,0.10311064,0.040440857,0.113876455,-0.0066127884,12.21857,-0.7488722,17.133709,2.4223673,0.22775291,-0.013225577,0.32110846,-0.019680625,0.20109913,0.028431432,252.27669,249.52931,335.76578,-1.673495,16.447779,0.74039197
1,40,10,0.01,0.18617663,0.047447547,0.098835714,0.039893355,0.10891229,0.0040115104,11.962602,-0.9252842,17.017334,2.779278,0.21782458,0.008023021,0.31438148,-0.024316804,0.19973321,0.03262051,252.33673,249.91837,335.3921,-1.8539939,16.447779,0.71008
1,41,10,0.01,0.15491961,0.042457774,0.08120468,0.031257153,0.10302642,0.003451888,10.843243,-0.45120066,15.063155,4.179585,0.20605284,0.006903776,0.28496435,-0.011857718,0.17679693,0.049055975,252.40201,250.12209,336.31454,-3.7283843,16.454805,0.6487741
1,42,10,0.01,0.1627554,0.048805304,0.081145056,0.032805037,0.11045961,-0.0032771905,10.839262,0.32762408,15.431618,4.3636966,0.22091922,-0.006554381,0.28485972,0.008610083,0.1811216,0.051216904,252.41643,250.02579,336.6367,-4.6913204,16.454805,0.65889055
1,43,10,0.01,0.15837231,0.04325191,0.08035876,0.03476164,0.103985466,0.0057194475,10.786618,0.5028588,15.885151,5.014211,0.20797093,0.011438895,0.2834762,0.0132153155,0.18644474,0.058852017,252.41068,250.06754,335.9185,-5.51707,16.454805,0.6223768
1,44,10,0.01,0.17029576,0.047931958,0.08972377,0.032640025,0.10946684,0.0037474763,11.397837,-0.27708265,15.392759,4.815642,0.21893369,0.0074949525,0.29953927,-0.007281838,0.18066551,0.0565214,252.46054,250.24571,336.2345,-4.5385594,16.454805,0.6528192
1,45,10,0.01,0.16853586,0.05195152,0.0847946,0.031789735,0.11396438,-0.0019380775,11.080332,0.2921066,15.190939,2.6203558,0.22792876,-0.003876155,0.29119512,0.007676665,0.17829676,0.030755233,252.53224,250.53906,336.70013,-2.9124625,16.461056,0.6372044
1,46,10,0.01,0.16057345,0.043864407,0.083268374,0.033440687,0.104719155,0.007934664,10.980162,0.2941901,15.580406,2.998231,0.20943831,0.015869329,0.2885626,0.007731422,0.18286794,0.035190374,252.52287,250.65172,336.06207,-3.292421,16.461056,0.6126551
1,47,10,0.01,0.16390893,0.0512404,0.08006707,0.03260146,0.11318171,0.0052957754,10.767023,-0.2690215,15.383662,2.727726,0.22636342,0.010591551,0.28296125,-0.0070699886,0.18055874,0.032015447,252.56277,250.82375,336.7155,-2.4587045,16.461056,0.6150897
1,48,10,0.01,0.16089937,0.058584735,0.06995941,0.032355227,0.12102142,4.5941335e-5,10.064489,0.081413195,15.325457,2.3490071,0.24204284,9.188267e-5,0.2644984,0.0021395672,0.17987558,0.027570402,252.60863,250.89694,337.4488,-2.4304204,16.461056,0.575817
1,49,10,0.01,0.14196803,0.04284738,0.06293328,0.036187366,0.10349804,0.0045549106,9.545725,0.13729708,16.207636,1.0287559,0.20699608,0.009109821,0.25086507,0.0036082165,0.19022977,0.01207455,252.59428,250.88759,336.79623,-1.1660529,16.466633,0.69784915
1,50,10,0.01,0.13874143,0.044224903,0.05906213,0.035454404,0.10514859,0.0013116471,9.247476,-0.22998275,16.042656,0.75876886,0.21029718,0.0026232942,0.24302702,-0.006044029,0.1882934,0.008905693,252.60172,250.91193,337.19675,-0.5287861,16.466633,0.6279656
1,51,10,0.01,0.15065981,0.051965997,0.06329335,0.03540046,0.113980256,-0.0055230916,9.572992,0.391963,16.030449,0.41536182,0.22796051,-0.011046183,0.2515817,0.010300929,0.18815011,0.0048751133,252.6207,250.95676,337.63272,-0.8073248,16.466633,0.6551912
1,52,10,0.01,0.14485407,0.043407947,0.06395432,0.037491795,0.10417287,0.00439194,9.6228485,0.5251126,16.497166,0.8825315,0.20834574,0.00878388,0.25289193,0.01380015,0.19362798,0.010358317,252.60551,250.95198,336.91586,-1.4076442,16.466633,0.69024944
1,53,10,0.01,0.13133498,0.044209663,0.054692563,0.032432746,0.10513047,-0.0040634773,8.8988285,-0.23715216,15.343803,0.8878072,0.21026094,-0.008126955,0.23386441,-0.006232446,0.18009093,0.010420235,252.6308,251.03456,337.31888,-0.65065503,16.471563,0.5430877
1,54,10,0.01,0.1435447,0.055110384,0.057065304,0.03136901,0.117378004,-0.010187281,9.089808,-0.10583019,15.090083,0.7559534,0.23475601,-0.020374563,0.23888345,-0.0027812542,0.177113,0.008872661,252.67557,251.18274,337.7803,-0.6501232,16.471563,0.53400576
1,55,10,0.01,0.12762795,0.04000427,0.05668369,0.030940002,0.100005336,-0.0022498092,9.059364,0.28878698,14.986539,1.3037131,0.20001067,-0.0044996184,0.23808336,0.007589426,0.1758977,0.015301737,252.67677,251.20403,337.17227,-1.5925001,16.471563,0.5977793
1,56,10,0.01,0.13113296,0.042949766,0.05708173,0.031101465,0.103621624,-0.003710041,9.091117,-0.15126191,15.025594,1.0919104,0.20724325,-0.007420082,0.23891783,-0.003975218,0.17635608,0.012815803,252.68541,251.23824,337.51617,-0.94064844,16.471563,0.576746
1,57,10,0.01,0.13771692,0.057415538,0.054997604,0.025303781,0.1198077,-0.013031928,8.923609,0.9348987,13.552953,2.750407,0.2396154,-0.026063856,0.23451568,0.024569476,0.15907162,0.03228165,252.70056,251.26843,337.8242,-3.6853056,16.475986,0.36608514
1,58,10,0.01,0.12252566,0.04260152,0.054448243,0.0254759,0.103200674,-0.00427236,8.87893,1.1828457,13.598968,2.72466,0.20640135,-0.00854472,0.23334147,0.031085609,0.15961172,0.031979457,252.70883,251.31996,337.0599,-3.9075055,16.475986,0.4330474
1,59,10,0.01,0.12456971,0.04449297,0.053036895,0.027039839,0.10546678,-0.00732012,8.763099,0.24102841,14.010166,2.3437812,0.21093357,-0.01464024,0.2302974,0.0063343085,0.16443795,0.027509062,252.79195,251.62788,337.88635,-2.5848095,16.475986,0.4140865
1,60,10,0.01,0.13463764,0.053174265,0.054596882,0.026866497,0.11529773,-0.01245503,8.891041,0.6479089,13.965187,2.5672984,0.23059545,-0.02491006,0.23365976,0.01702728,0.16391003,0.0301325,252.87666,251.93793,338.66653,-3.2152073,16.475986,0.41256335
1,61,10,0.01,0.11283176,0.03786429,0.04912947,0.025837991,0.09729374,-0.0041101687,8.434119,1.238092,13.695271,3.9567764,0.19458748,-0.008220337,0.22165169,0.0325375,0.160742,0.046440866,252.8845,252.0088,338.06006,-5.194868,16.479921,0.4589974
1,62,10,0.01,0.115381554,0.039627027,0.048442543,0.02731198,0.09953269,-0.005637971,8.3749485,0.5996218,14.080491,3.5912142,0.19906539,-0.011275942,0.22009666,0.015758278,0.16526337,0.042150248,252.91252,252.07181,338.55563,-4.190836,16.479921,0.4695743
1,63,10,0.01,0.12882105,0.04965407,0.052592278,0.026574694,0.11141597,-0.01246015,8.72629,1.1715933,13.889142,3.5281348,0.22283193,-0.0249203,0.22933006,0.030789895,0.16301747,0.041409876,252.92464,252.06578,338.81973,-4.699728,16.479921,0.49782363
1,64,10,0.01,0.119170226,0.04037152,0.05360636,0.02519234,0.10046332,-0.005696208,8.8100195,1.4548349,13.523075,4.005797,0.20092665,-0.011392416,0.23153047,0.038233593,0.15872096,0.047016222,252.89963,252.02158,338.0565,-5.460632,16.479921,0.48954377
1,65,10,0.01,0.118057474,0.044529703,0.04734006,0.026187712,0.10551031,-0.0071372273,8.279099,0.5880835,13.787642,1.486377,0.21102062,-0.014274455,0.21757771,0.0154550485,0.16182618,0.017445674,252.95805,252.26918,338.7358,-2.0744605,16.483292,0.43694225
1,66,10,0.01,0.124278165,0.04939134,0.049273197,0.025613628,0.11112081,-0.014844314,8.446446,1.1876225,13.635678,1.7480991,0.22224163,-0.029688628,0.22197567,0.031211145,0.16004258,0.020517519,253.0449,252.6585,339.45624,-2.9357216,16.483292,0.50299186
1,67,10,0.01,0.11130196,0.036590368,0.051198255,0.023513332,0.09564304,-0.005366636,8.609863,1.4121265,13.064668,2.4236884,0.19128609,-0.010733272,0.22627032,0.037111197,0.15334058,0.028446937,253.0462,252.83069,338.8435,-3.835815,16.483292,0.44520614
1,68,10,0.01,0.11886175,0.043926634,0.049227946,0.02570717,0.10479341,-0.0065413504,8.442568,0.74812716,13.660555,1.8561102,0.20958681,-0.013082701,0.22187372,0.019661048,0.16033456,0.021785254,253.04648,252.73528,339.31268,-2.6042373,16.483292,0.44027495
1,69,10,0.01,0.117079124,0.05126184,0.044504523,0.021312758,0.11320539,-0.014314758,8.027323,0.8484257,12.4383,-1.6957434,0.22641078,-0.028629515,0.21096095,0.022296935,0.1459889,-0.019903017,253.03145,252.51057,339.44064,0.84731776,16.486208,0.34888154
1,70,10,0.01,0.106616154,0.03798272,0.04818767,0.020445768,0.09744578,-0.005352337,8.352887,0.9328288,12.182681,-1.0952008,0.19489156,-0.010704674,0.2195169,0.024515076,0.1429887,-0.012854422,253.0118,252.426,338.65024,0.162372,16.486208,0.27597353
1,71,10,0.01,0.122403786,0.044891965,0.05375824,0.02375358,0.10593862,-0.0076284227,8.822491,0.35419193,13.131241,-1.1519644,0.21187724,-0.015256845,0.23185824,0.009308296,0.15412197,-0.013520661,253.0425,252.48067,338.79352,0.7977725,16.486208,0.30493253
1,72,10,0.01,0.14292112,0.060630925,0.059601422,0.022688782,0.12311674,-0.013950532,9.289598,0.9393749,12.8335495,-0.80079305,0.24623348,-0.027901065,0.24413402,0.02468711,0.15062796,-0.00939894,253.07446,252.5827,338.87985,-0.13858187,16.486208,0.351967
1,73,10,0.01,0.11669667,0.042574473,0.05123105,0.022891153,0.103167914,-0.0025926046,8.61262,-0.08002963,12.890657,-3.8389416,0.20633583,-0.005185209,0.22634277,-0.0021032083,0.15129822,-0.045057837,253.11273,252.88522,338.44815,3.9189713,16.48869,0.4375582
1,74,10,0.01,0.12009213,0.043809827,0.052022107,0.0242602,0.104653984,-0.0061708074,8.678859,-0.72565913,13.270534,-4.6227674,0.20930797,-0.012341615,0.22808355,-0.019070584,0.15575686,-0.054257624,253.17867,253.09737,339.32117,5.348427,16.48869,0.4324228
1,75,10,0.01,0.14118358,0.05989491,0.058062054,0.023226615,0.12236718,-0.014304633,9.168849,-0.0074741864,12.984765,-4.197064,0.24473436,-0.028609267,0.24096069,-0.00019642319,0.1524028,-0.049261138,253.1976,253.17574,339.70825,4.2045383,16.48869,0.45966455
1,76,10,0.01,0.11670305,0.038211793,0.056241233,0.022250025,0.09773918,-0.003000937,9.023938,0.19616403,12.708857,-3.5055487,0.19547836,-0.006001874,0.23715234,0.005155263,0.14916442,-0.041144785,253.17192,253.09828,339.03296,3.3093846,16.48869,0.42250118
1,77,10,0.01,0.11189585,0.04066543,0.048038013,0.023192413,0.10082836,-0.0050395974,8.339907,-0.9114859,12.9752035,-4.5761104,0.20165671,-0.010079195,0.21917576,-0.023954185,0.15229055,-0.053710006,253.18158,253.00749,339.36206,5.4875965,16.490402,0.43305552
1,78,10,0.01,0.12012935,0.053218935,0.045669325,0.021241086,0.11534615,-0.0140098175,8.131693,-0.34178978,12.417369,-4.1309943,0.2306923,-0.028019635,0.21370383,-0.008982359,0.14574322,-0.048485663,253.19736,253.07281,339.52658,4.472784,16.490402,0.42540488
1,79,10,0.01,0.10442325,0.03480324,0.047901794,0.02171821,0.09327813,-0.005053074,8.3280735,-0.04204413,12.556057,-3.7845666,0.18655626,-0.010106148,0.21886478,-0.0011049376,0.147371,-0.04441963,253.14738,252.96527,338.8792,3.8266108,16.490402,0.43199936
1,80,10,0.01,0.10876916,0.042257443,0.043412846,0.023098871,0.10278308,-0.0074964846,7.9282584,-0.92455506,12.949012,-4.5812626,0.20556615,-0.014992969,0.2083575,-0.024297642,0.15198313,-0.053770483,253.173,252.95952,339.29608,5.5058174,16.490402,0.49771985
1,81,10,0.01,0.11506009,0.051912535,0.045572985,0.017574571,0.11392161,-0.014725301,8.123112,-0.7253146,11.29493,-1.3721881,0.22784323,-0.029450603,0.2134783,-0.019061523,0.13256912,-0.01610543,253.2038,253.05038,339.55478,2.0975027,16.491642,0.4240881
1,82,10,0.01,0.100247964,0.034372076,0.04762442,0.018251467,0.09269854,-0.0035362847,8.303927,-0.6197264,11.510391,-0.6316734,0.18539707,-0.0070725693,0.2182302,-0.016286638,0.135098,-0.0074139796,253.20387,253.04573,339.0878,1.2513998,16.491642,0.39036304
1,83,10,0.01,0.118835844,0.04347494,0.055800516,0.019560387,0.104253225,-0.0067659905,8.988511,-1.0589951,11.915985,-1.3667938,0.20850645,-0.013531981,0.23622133,-0.02783078,0.13985845,-0.016042119,253.25653,253.12035,339.24945,2.4257889,16.491642,0.4774874
1,84,10,0.01,0.12335492,0.05345312,0.050436407,0.019465394,0.115599655,-0.012759171,8.545564,-0.66948736,11.887015,-1.367372,0.23119931,-0.025518343,0.22458051,-0.01759437,0.13951844,-0.016048908,253.3142,253.27878,339.69244,2.0368595,16.491642,0.42203107
1,85,10,0.01,0.09757323,0.034563918,0.04358177,0.019427547,0.09295687,0.0023538626,7.9436684,-0.5754244,11.875453,1.1686683,0.18591374,0.0047077253,0.20876247,-0.015122361,0.13938273,0.013716711,253.2987,253.26062,338.9277,-0.5932439,16.49271,0.35564005
1,86,10,0.01,0.09815256,0.034270495,0.045475442,0.018406626,0.09256146,-0.00012877915,8.114414,-1.3349363,11.559215,0.45168984,0.18512292,-0.0002575583,0.21324971,-0.03508261,0.13567102,0.0053015044,253.33641,253.40605,339.47626,0.8832464,16.49271,0.32597014
1,87,10,0.01,0.11114023,0.04509556,0.04807675,0.017967919,0.106178574,-0.008885306,8.343269,-0.91732323,11.420632,1.0718862,0.21235715,-0.017770613,0.2192641,-0.024107581,0.13404447,0.012580776,253.38849,253.60925,340.00928,-0.15456295,16.49271,0.35220763
1,88,10,0.01,0.10617258,0.04017175,0.04711771,0.018883118,0.10021446,0.0013755338,8.259633,-0.76248914,11.707875,1.7641163,0.20042892,0.0027510675,0.21706614,-0.020038491,0.13741586,0.020705512,253.41454,253.74095,339.37555,-1.0016272,16.49271,0.38189164
1,89,10,0.01,0.0952731,0.037116434,0.04152231,0.016634353,0.09632813,0.0034329873,7.7537074,-1.151544,10.988645,1.8047868,0.19265626,0.0068659745,0.20377024,-0.030262996,0.12897423,0.021182867,253.52026,254.15102,340.2386,-0.6532428,16.493496,0.3193025
1,90,10,0.01,0.10984191,0.05227071,0.040890995,0.016680209,0.114313945,-0.0005389756,7.6945367,-1.1416743,11.00378,2.1544933,0.22862789,-0.0010779512,0.20221522,-0.030003615,0.12915188,0.025287384,253.5936,254.4886,340.6983,-1.012819,16.493496,0.31266662
1,91,10,0.01,0.09872903,0.03687492,0.04343001,0.018424092,0.09601422,0.00941871,7.929826,-0.9817425,11.564697,2.3506825,0.19202843,0.01883742,0.20839868,-0.025800547,0.13573538,0.027590066,253.5928,254.46628,340.18552,-1.36894,16.493496,0.35287416
1,92,10,0.01,0.10643319,0.039973516,0.048108608,0.018351072,0.09996689,0.0071612187,8.346032,-1.3858764,11.541758,1.8895085,0.19993378,0.014322437,0.21933675,-0.03642133,0.13546613,0.022177245,253.6263,254.53302,340.36948,-0.50363207,16.493496,0.33563372
1,93,10,0.01,0.112187706,0.049515504,0.047125854,0.015546347,0.1112604,0.0036412573,8.260346,-0.2398089,10.6232,1.1520511,0.2225208,0.0072825146,0.2170849,-0.006302266,0.12468499,0.013521674,253.6796,254.72739,340.7489,-0.9122422,16.493952,0.33093673
1,94,10,0.01,0.095013395,0.036185365,0.043530487,0.015297549,0.09511226,0.012833402,7.938993,-0.3286583,10.537852,1.3145206,0.19022451,0.025666803,0.2086396,-0.008637257,0.12368326,0.015428584,253.69937,254.93233,340.22253,-0.98586226,16.493952,0.32190976
1,95,10,0.01,0.09110849,0.036111802,0.040556863,0.014439829,0.095015526,0.011518249,7.6630354,-0.8390713,10.238168,0.7837283,0.19003105,0.023036499,0.20138735,-0.022051098,0.12016584,0.009198653,253.73532,255.03291,340.59976,0.055342972,16.493952,0.2840674
1,96,10,0.01,0.1052859,0.047234345,0.04258435,0.015467204,0.10866732,0.002892072,7.8522415,-0.7459598,10.596126,1.4493239,0.21733464,0.005784144,0.20635976,-0.019604092,0.124367215,0.017010773,253.74753,255.0876,340.63312,-0.7033641,16.493952,0.3260678
1,97,10,0.01,0.09616631,0.037196334,0.044992182,0.013977796,0.096431755,0.014252316,8.071183,0.4213011,10.073041,0.0046802866,0.19286351,0.028504632,0.2121136,0.011071949,0.11822773,5.493501e-5,253.69586,254.90344,339.94534,-0.42598137,16.493998,0.36966363
1,98,10,0.01,0.08600523,0.036745112,0.035963397,0.013296722,0.09584507,0.011307929,7.216041,-0.18716489,9.824569,-0.6647447,0.19169015,0.022615857,0.18964018,-0.0049187606,0.115311414,-0.0078021386,253.69536,254.76266,340.40436,0.8519096,16.493998,0.28751498
1,99,10,0.01,0.095233425,0.045476705,0.03724662,0.01251011,0.10662634,0.0037059342,7.3436527,0.17927504,9.529536,-0.20928216,0.21325268,0.0074118683,0.19299383,0.004711412,0.1118486,-0.002456359,253.7017,254.70842,340.7108,0.030007124,16.493998,0.2813337
1,100,10,0.01,0.09181167,0.034221016,0.042383716,0.015206938,0.092494614,0.012589664,7.833722,0.37806055,10.506598,0.32580504,0.18498923,0.025179328,0.20587306,0.009935565,0.123316415,0.0038239884,253.68512,254.734,339.98312,-0.7038656,16.493998,0.33433068
2,1,10,0.008,0.22925079,0.051295348,0.15071788,0.027237562,0.11324238,0.012514576,14.7724,1.604629,14.061294,-2.3892505,0.22648476,0.025029153,0.388224,0.042170227,0.16503806,-0.028042745,251.61624,247.1782,330.9434,0.7846215,16.493551,1.5155659
2,2,10,0.008,0.22911383,0.05103697,0.15062304,0.027453829,0.112956814,0.009745971,14.767751,1.4097743,14.117008,-2.5871518,0.22591363,0.019491943,0.38810185,0.03704937,0.16569197,-0.030365516,251.60306,247.16249,331.563,1.1773775,16.493551,1.5091926
2,3,10,0.008,0.2418803,0.05225137,0.16176283,0.027866099,0.11429279,0.0029368154,15.3041115,1.9123702,14.222609,-2.3513012,0.22858559,0.0058736308,0.4021975,0.05025778,0.16693142,-0.027597334,251.55713,247.02156,331.60092,0.438931,16.493551,1.57708
2,4,10,0.008,0.25107908,0.053632997,0.16998369,0.027462393,0.115793996,0.0110930605,15.68817,1.9687885,14.119209,-2.1062794,0.23158799,0.022186121,0.41229078,0.051740512,0.16571781,-0.0247215,251.5101,246.88411,330.87244,0.13749087,16.493551,1.6040016
2,5,10,0.008,0.18232921,0.046675704,0.11094488,0.024708629,0.1080228,0.00022940413,12.674252,2.2609122,13.392619,-2.3447812,0.2160456,0.00045880827,0.3330839,0.05941758,0.15718979,-0.027520806,251.5421,246.9423,331.45422,0.08386898,16.492641,0.858703
2,6,10,0.008,0.17921479,0.050327208,0.10372884,0.025158744,0.11216863,-0.0054421234,12.255144,2.3952472,13.514055,-2.3604608,0.22433726,-0.010884247,0.32206962,0.06294799,0.15861508,-0.027704837,251.56674,247.03786,331.65472,-0.034786463,16.492641,0.8525461
2,7,10,0.008,0.18007919,0.047898374,0.1077352,0.024445621,0.10942849,0.0045822584,12.48957,2.277034,13.321152,-2.1963277,0.21885698,0.009164517,0.3282304,0.059841257,0.15635096,-0.025778398,251.5827,247.08646,331.4093,-0.08070636,16.492641,0.84310544
2,8,10,0.008,0.18893752,0.048431974,0.11454944,0.025956096,0.11003633,0.0015050281,12.878498,2.0093207,13.726535,-2.8962414,0.22007266,0.0030100562,0.33845153,0.052805666,0.16110896,-0.033993322,251.63637,247.21483,332.05997,0.8869207,16.492641,0.8517527
2,9,10,0.008,0.16295172,0.050437853,0.092321254,0.020192606,0.112291865,-0.009884339,11.561643,2.2987669,12.107025,-1.8582859,0.22458373,-0.019768678,0.30384412,0.06041243,0.14210069,-0.021810789,251.68611,247.40877,332.38864,-0.44048095,16.491453,0.59497654
2,10,10,0.008,0.1629846,0.04591784,0.0951924,0.021874357,0.10714224,-0.0022567601,11.7400465,2.3497963,12.601112,-2.1224895,0.21428448,-0.0045135203,0.30853266,0.0617535,0.14789982,-0.024911758,251.68239,247.44215,331.90082,-0.22730684,16.491453,0.5999108
2,11,10,0.008,0.15120663,0.0454456,0.08388264,0.02187839,0.10658987,-0.005369194,11.020586,2.1508548,12.602274,-2.4178002,0.21317974,-0.010738388,0.289625,0.05652525,0.14791346,-0.02837783,251.69392,247.41527,332.61868,0.26694536,16.491453,0.56802666
2,12,10,0.008,0.15606911,0.051897753,0.08298557,0.021185791,0.11390539,-0.010258687,10.961499,2.4799411,12.401195,-2.1226208,0.22781079,-0.020517373,0.28807217,0.06517375,0.1455534,-0.024913296,251.67273,247.41312,332.66302,-0.3573203,16.491453,0.55492467
2,13,10,0.008,0.14978942,0.041316476,0.09135789,0.017115064,0.101632275,-0.006478264,11.501163,1.5208179,11.146293,-0.9287307,0.20326455,-0.012956528,0.30225468,0.039967634,0.13082455,-0.010900555,251.64162,247.34969,331.77563,-0.59208715,16.489704,0.8046731
2,14,10,0.008,0.16139224,0.045849543,0.09697217,0.018570533,0.10706253,-0.008486985,11.849287,1.0121659,11.610566,-1.3084944,0.21412507,-0.01697397,0.31140354,0.026600076,0.13627374,-0.015357858,251.689,247.44246,332.01965,0.29632854,16.489704,0.835769
2,15,10,0.008,0.16325712,0.055548895,0.09009691,0.01761131,0.11784407,-0.01482273,11.421512,0.9973695,11.30673,-1.3213652,0.23568814,-0.02964546,0.30016148,0.02621122,0.13270761,-0.015508922,251.76622,247.75284,332.45755,0.3239957,16.489704,0.83875906
2,16,10,0.008,0.15572931,0.043504618,0.09402953,0.018195173,0.1042888,-0.0063045784,11.6681185,0.9327653,11.492626,-1.2570238,0.2085776,-0.012609157,0.30664235,0.02451341,0.13488948,-0.014753744,251.77728,247.81303,332.02545,0.3242585,16.489704,0.81852233
2,17,10,0.008,0.13651627,0.035897885,0.08456967,0.016048707,0.094733685,-0.009314625,11.065625,0.08699621,10.793473,-0.4864841,0.18946737,-0.01862925,0.29080865,0.0022862945,0.12668349,-0.0057098838,251.79175,247.7416,332.88254,0.3994879,16.487185,0.9339721
2,18,10,0.008,0.14035392,0.043954227,0.08130284,0.015096859,0.104826316,-0.015915232,10.849794,0.46647814,10.468501,-0.21955971,0.20965263,-0.031830464,0.28513652,0.012259213,0.122869276,-0.0025769814,251.78973,247.76672,333.22214,-0.24691842,16.487185,0.912788
2,19,10,0.008,0.1406102,0.034140225,0.09059657,0.015873399,0.09238537,-0.0055663614,11.453139,0.28169373,10.73436,-0.11657268,0.18477073,-0.011132723,0.30099264,0.007403022,0.12598968,-0.0013682162,251.76369,247.67303,332.40115,-0.16512105,16.487185,0.91305983
2,20,10,0.008,0.1388175,0.03728006,0.08473904,0.016798405,0.09654023,-0.008758805,11.076702,-0.10527255,11.042699,-0.7537233,0.19308046,-0.01751761,0.2910997,-0.0027666092,0.12960866,-0.008846485,251.82895,247.82503,333.23312,0.85899585,16.487185,0.907351
2,21,10,0.008,0.11896442,0.041039485,0.062688716,0.0152362175,0.10129102,-0.010636252,9.527159,0.4813042,10.516707,0.60807043,0.20258205,-0.021272505,0.25037715,0.012648854,0.12343507,0.007136951,251.86798,247.99118,333.71243,-1.0893747,16.48426,0.6236156
2,22,10,0.008,0.111761436,0.030538818,0.06527426,0.015948353,0.087376796,-0.00092211243,9.7216425,0.2694208,10.759674,1.0951113,0.17475359,-0.0018442249,0.25548828,0.007080478,0.12628679,0.012853369,251.87114,248.21796,333.30048,-1.364532,16.48426,0.66237545
2,23,10,0.008,0.11076535,0.033157326,0.060851224,0.016756807,0.09104577,-0.0012660264,9.386493,-0.25900036,11.029019,0.8295225,0.18209153,-0.0025320528,0.24668041,-0.006806629,0.12944809,0.009736146,251.86731,248.10953,333.73758,-0.5705221,16.48426,0.7451366
2,24,10,0.008,0.13034058,0.046595607,0.06715111,0.01659386,0.10793008,-0.0076988777,9.860417,0.14264888,10.975262,0.6430397,0.21586016,-0.015397755,0.2591353,0.0037488649,0.12881716,0.0075473865,251.87561,248.09016,333.7193,-0.7856886,16.48426,0.7283525
2,25,10,0.008,0.105778664,0.031465285,0.059760466,0.01455291,0.088692285,0.007630931,9.301986,0.67712384,10.278179,1.1093433,0.17738457,0.015261862,0.24445954,0.017795062,0.12063544,0.013020412,251.89754,248.28091,333.21036,-1.7864671,16.481327,0.43567446
2,26,10,0.008,0.10122101,0.031054145,0.056057658,0.014109207,0.08811093,0.00647886,9.009198,0.2856402,10.120279,0.6779617,0.17622186,0.01295772,0.23676498,0.0075067244,0.118782185,0.007957267,251.93321,248.48425,333.76587,-0.96360195,16.481327,0.48445243
2,27,10,0.008,0.11186125,0.042365003,0.05557861,0.013917632,0.102913804,0.00090834167,8.970622,0.66498744,10.051337,1.0134538,0.20582761,0.0018166833,0.23575117,0.017476108,0.117973015,0.011894953,251.94524,248.53093,333.9581,-1.6784413,16.481327,0.45860273
2,28,10,0.008,0.09857148,0.031516474,0.052723616,0.014331385,0.0887644,0.0087179635,8.737179,0.24954756,10.199651,1.08752,0.1775288,0.017435927,0.22961624,0.0065582017,0.11971376,0.012764266,251.98236,248.75154,333.35547,-1.3370676,16.481327,0.44021398
2,29,10,0.008,0.09473131,0.03382371,0.047014136,0.013893463,0.091956116,0.009559048,8.25055,0.54191536,10.042607,0.7554719,0.18391223,0.019118097,0.21682744,0.014241732,0.11787053,0.00886701,252.08546,249.05551,334.3344,-1.2973872,16.478403,0.3643904
2,30,10,0.008,0.10659619,0.041736726,0.050130732,0.014728726,0.10214784,0.0025366638,8.519629,0.97576743,10.340077,0.83109486,0.20429568,0.0050733276,0.22389893,0.025643522,0.12136196,0.009754598,252.1527,249.21394,334.8059,-1.8068624,16.478403,0.4108555
2,31,10,0.008,0.09740259,0.030067053,0.0527274,0.014608129,0.08669927,0.011604115,8.7374935,0.92132384,10.29766,1.1412808,0.17339854,0.02320823,0.22962448,0.024212722,0.12086409,0.013395261,252.16994,249.3383,334.44666,-2.0626047,16.478403,0.42022797
2,32,10,0.008,0.09143089,0.032430336,0.045304205,0.013696341,0.09004212,0.010039821,8.099121,0.4171217,9.971109,0.9096432,0.18008424,0.020079643,0.21284784,0.010962108,0.117031366,0.010676521,252.1772,249.34306,334.92648,-1.3267648,16.478403,0.39500678
2,33,10,0.008,0.10319692,0.04281476,0.04714231,0.013239848,0.10345864,0.0042952276,8.261788,1.5424935,9.803535,1.1103402,0.20691729,0.008590455,0.2171228,0.04053728,0.11506454,0.013032109,252.17282,249.26973,335.2613,-2.6528337,16.475416,0.58632785
2,34,10,0.008,0.094344474,0.029018128,0.050962128,0.014364221,0.08517354,0.013970086,8.589986,1.5356361,10.211329,1.3180948,0.17034708,0.027940173,0.22574793,0.04035707,0.11985083,0.015470541,252.1411,249.20576,334.6483,-2.853731,16.475416,0.57030034
2,35,10,0.008,0.091939315,0.031728677,0.045968182,0.014242456,0.08906273,0.010939406,8.158257,1.1181469,10.167955,1.0331414,0.17812546,0.021878812,0.21440192,0.02938531,0.11934176,0.012126028,252.15968,249.23216,335.23224,-2.1512883,16.475416,0.48798993
2,36,10,0.008,0.09885734,0.043932978,0.0411449,0.013779459,0.10480098,0.003132434,7.718389,1.6343313,10.00132,1.1299237,0.20960195,0.006264868,0.20284206,0.042950824,0.11738594,0.013261964,252.1747,249.30098,335.3264,-2.764255,16.475416,0.49968103
2,37,10,0.008,0.089919806,0.031193811,0.045101654,0.013624342,0.08830885,0.0076248315,8.0809965,1.625259,9.944867,1.2285383,0.1766177,0.015249663,0.2123715,0.042712387,0.11672336,0.014419411,252.1731,249.43663,334.64206,-2.8537974,16.472195,0.52319306
2,38,10,0.008,0.09214018,0.03603642,0.04151348,0.0145902755,0.09491631,0.005211841,7.7528834,1.0612824,10.291365,0.90680915,0.18983261,0.010423682,0.20374857,0.027890895,0.12079021,0.010643261,252.23059,249.54727,335.559,-1.9680915,16.472195,0.48004988
2,39,10,0.008,0.0988383,0.042902898,0.04280695,0.013128455,0.103565075,-0.00026741292,7.872739,1.6563784,9.762207,1.0849211,0.20713015,-0.00053482584,0.2068984,0.043530222,0.11457947,0.012733771,252.29932,249.73938,336.10037,-2.7412996,16.472195,0.49114862
2,40,10,0.008,0.0859453,0.028674275,0.04489744,0.012373588,0.0846674,0.0093468,8.062681,1.6663308,9.477397,1.1145413,0.1693348,0.0186936,0.21189016,0.043791775,0.11123663,0.013081423,252.303,249.69728,335.63092,-2.780872,16.472195,0.49736774
2,41,10,0.008,0.086148456,0.031742636,0.043458752,0.010947067,0.089082316,0.003025793,7.9324493,0.5899122,8.914359,0.69319737,0.17816463,0.006051586,0.20846763,0.015503103,0.104628235,0.008136088,252.3117,249.64058,335.9694,-1.2831095,16.468985,0.42684886
2,42,10,0.008,0.09540391,0.040429078,0.043835804,0.01113903,0.100534916,-0.0028514434,7.966786,1.1327478,8.992178,0.8295106,0.20106983,-0.0057028867,0.20937002,0.029769016,0.1055416,0.009736006,252.3174,249.65115,336.11276,-1.9622583,16.468985,0.41459855
2,43,10,0.008,0.08377511,0.028840344,0.04386739,0.011067374,0.084912226,0.0053320793,7.969656,1.0966996,8.963209,0.9026403,0.16982445,0.0106641585,0.20944543,0.028821656,0.10520159,0.010594328,252.3302,249.84435,335.2837,-1.9993398,16.468985,0.4040797
2,44,10,0.008,0.08679775,0.031990997,0.043981917,0.010824837,0.08943014,0.0059235957,7.9800525,0.30455288,8.864451,0.53129256,0.17886028,0.0118471915,0.20971866,0.008003759,0.10404248,0.006235803,252.42401,250.23032,335.93552,-0.8358455,16.468985,0.37132058
2,45,10,0.008,0.0916609,0.037403084,0.043927964,0.01032986,0.09669939,-0.00696588,7.9751563,0.06330609,8.659412,0.44565296,0.19339877,-0.01393176,0.20958999,0.0016637078,0.10163592,0.0052306494,252.47153,250.37593,336.50333,-0.50895905,16.465786,0.34023046
2,46,10,0.008,0.08127403,0.02983351,0.041214716,0.010225804,0.0863619,0.0021698612,7.724935,-0.026588922,8.615687,0.48939028,0.1727238,0.0043397225,0.20301408,-0.0006987636,0.101122715,0.0057439953,252.47629,250.52939,336.01553,-0.46280137,16.465786,0.32168058
2,47,10,0.008,0.078359984,0.030599846,0.037535664,0.0102244755,0.08746406,-0.00040798265,7.3720913,-0.511355,8.615128,0.19888012,0.17492811,-0.0008159653,0.19374123,-0.013438594,0.10111615,0.002334266,252.51581,250.58116,336.50674,0.31247485,16.465786,0.33578938
2,48,10,0.008,0.087343864,0.039688982,0.037149847,0.010505033,0.09961047,-0.008625972,7.334107,0.15017374,8.732526,0.5868578,0.19922094,-0.017251944,0.19274296,0.0039466205,0.10249406,0.006887977,252.58055,250.77975,336.97067,-0.7370315,16.465786,0.41837266
2,49,10,0.008,0.075684234,0.029544657,0.036165856,0.00997372,0.0859428,-0.003966519,7.236325,-0.92777747,8.508829,-0.21780674,0.1718856,-0.007933038,0.19017322,-0.024382327,0.09986851,-0.002556408,252.59982,250.81636,336.543,1.1455842,16.462597,0.30205402
2,50,10,0.008,0.07841811,0.032058164,0.03667727,0.009682677,0.08952397,-0.0056021973,7.2873087,-1.4224991,8.383761,-0.37782016,0.17904794,-0.0112043945,0.1915131,-0.037383795,0.09840059,-0.0044344924,252.64792,250.84874,337.144,1.8003192,16.462597,0.41967008
2,51,10,0.008,0.08393851,0.041043106,0.032865822,0.010029584,0.10129549,-0.012524037,6.898281,-0.6397266,8.532625,-0.089679085,0.20259099,-0.025048073,0.18128933,-0.016812246,0.10014781,-0.0010525687,252.7044,251.01376,337.72095,0.72940564,16.462597,0.3450249
2,52,10,0.008,0.0768739,0.032260653,0.034888167,0.00972508,0.08980625,-0.004562542,7.1073503,-0.8158452,8.402098,0.0047898293,0.1796125,-0.009125084,0.18678375,-0.02144071,0.09861582,5.621832e-5,252.70279,251.0885,336.96472,0.81105536,16.462597,0.35511893
2,53,10,0.008,0.08129116,0.036387958,0.035271585,0.009631619,0.09537814,-0.0066846972,7.146299,-1.7826743,8.361629,-1.2303926,0.19075628,-0.0133693945,0.1878073,-0.04684933,0.09814081,-0.014441174,252.74469,251.25465,337.5382,3.0130668,16.45943,0.4120159
2,54,10,0.008,0.0887183,0.04712115,0.032224197,0.009372955,0.10853703,-0.011029454,6.830614,-1.0842559,8.248584,-0.84663945,0.21707407,-0.022058908,0.179511,-0.028494637,0.09681402,-0.009937045,252.76746,251.29652,337.82623,1.9308953,16.45943,0.3248807
2,55,10,0.008,0.0752126,0.032813735,0.032817446,0.009581421,0.09057281,-0.002697847,6.8932033,-1.2094505,8.33981,-0.8280069,0.18114562,-0.005395694,0.18115586,-0.0317848,0.09788473,-0.009718353,252.74637,251.29433,337.0082,2.0374575,16.45943,0.33347595
2,56,10,0.008,0.07708664,0.035587113,0.031818803,0.009680728,0.09432273,-0.005157154,6.787512,-1.7104626,8.382917,-1.1522992,0.18864547,-0.010314308,0.17837825,-0.044951573,0.09839069,-0.01352459,252.76393,251.30774,337.38837,2.8627617,16.45943,0.41130838
2,57,10,0.008,0.0717303,0.0382968,0.02426441,0.00916909,0.09784784,-0.009464343,5.9272537,-1.0196786,8.158387,-1.0230815,0.19569568,-0.018928686,0.15577038,-0.026797524,0.09575536,-0.012007953,252.81929,251.45709,337.91043,2.0427601,16.456203,0.26766858
2,58,10,0.008,0.06962079,0.029277032,0.030518936,0.009824818,0.08555266,-0.00042236454,6.6474237,-1.577806,8.445074,-0.9715266,0.17110533,-0.0008447291,0.1746967,-0.041465305,0.09912022,-0.01140285,252.85603,251.73418,337.3812,2.5493326,16.456203,0.31902692
2,59,10,0.008,0.075870246,0.032090906,0.033569146,0.010210194,0.08956967,-0.0015672403,6.971702,-2.3441443,8.609109,-1.0855597,0.17913935,-0.0031344807,0.18321885,-0.061604958,0.101045504,-0.012741262,252.91092,251.95537,337.95706,3.4297042,16.456203,0.39401537
2,60,10,0.008,0.081967756,0.041219585,0.030736485,0.010011685,0.101513036,-0.008441918,6.6710744,-1.6731315,8.525008,-0.5848495,0.20302607,-0.016883835,0.17531824,-0.043970503,0.10005841,-0.0068644066,252.9554,252.05968,338.46857,2.2579808,16.456203,0.34915957
2,61,10,0.008,0.07203613,0.031049587,0.031752046,0.009234502,0.088104464,0.0025490108,6.7803874,-1.2286949,8.187437,-0.16181149,0.17620893,0.0050980216,0.17819104,-0.032290544,0.096096314,-0.0018991894,252.96439,252.13542,337.844,1.3905064,16.452898,0.336623
2,62,10,0.008,0.068824284,0.030998526,0.027676092,0.010149663,0.08803199,0.0019519693,6.3302526,-1.6983932,8.583551,-0.34201849,0.17606398,0.0039039387,0.16636133,-0.04463439,0.10074554,-0.0040142857,253.02135,252.35782,338.29578,2.0404117,16.452898,0.33054814
2,63,10,0.008,0.07348128,0.037571635,0.025713248,0.010196397,0.09691702,-0.001745017,6.1016474,-0.8559189,8.60329,-0.0159138,0.19383404,-0.003490034,0.16035351,-0.022493862,0.10097721,-0.00018678138,253.07951,252.57158,338.90378,0.87183267,16.452898,0.2894766
2,64,10,0.008,0.06629407,0.029413078,0.027697392,0.009183595,0.085751206,0.0038825776,6.3326883,-0.95941484,8.164838,-0.033274025,0.17150241,0.0077651553,0.16642533,-0.025213767,0.095831074,-0.00039053717,253.07417,252.56218,338.29758,0.9926889,16.452898,0.2893551
2,65,10,0.008,0.06868237,0.032181922,0.02775497,0.008745477,0.0896966,0.006099471,6.3392673,-0.73532283,7.9676986,-0.042170554,0.1793932,0.012198942,0.16659823,-0.019324547,0.09351725,-0.0004949588,253.14816,252.85452,338.8768,0.77749336,16.449423,0.27562597
2,66,10,0.008,0.07788497,0.03930919,0.029536707,0.009039076,0.099132724,0.00074734865,6.539577,-0.23930305,8.10034,0.26255688,0.19826545,0.0014946973,0.17186247,-0.006288973,0.09507406,0.0030816426,253.21516,253.17654,339.44153,-0.023253828,16.449423,0.28644747
2,67,10,0.008,0.07393806,0.0315912,0.033281665,0.0090652,0.088869564,0.007412417,6.9417853,-0.5831856,8.112037,0.25609627,0.17773913,0.014824834,0.18243264,-0.015326327,0.09521134,0.003005813,253.22337,253.302,338.9972,0.32708934,16.449423,0.3591973
2,68,10,0.008,0.07617023,0.0351655,0.031650294,0.009354435,0.09376233,0.0058513507,6.7695155,-1.2311882,8.240433,0.018711898,0.18752466,0.011702701,0.17790529,-0.032356076,0.096718326,0.00021962114,253.25517,253.33693,339.61346,1.2124763,16.449423,0.3276617
2,69,10,0.008,0.084508166,0.039724052,0.036051206,0.0087329075,0.099654466,-0.0020199218,7.224846,0.92688143,7.9619718,0.7570901,0.19930893,-0.0040398436,0.18987155,0.024358775,0.093450025,0.008886002,253.28065,253.30086,339.85007,-1.6839715,16.445848,0.29799893
2,70,10,0.008,0.07310305,0.030502336,0.033961166,0.008639545,0.08732459,0.0054979133,7.012291,1.0184293,7.919297,0.9540834,0.17464918,0.010995827,0.18428555,0.02676469,0.09294915,0.011198119,253.24925,253.16035,339.1138,-1.9725127,16.445848,0.32841924
2,71,10,0.008,0.07088323,0.029216591,0.03284447,0.008822173,0.085464306,0.003941355,6.8960395,0.6434239,8.002561,0.42887378,0.17092861,0.00788271,0.18123043,0.016909415,0.09392642,0.0050337114,253.26804,253.17244,339.467,-1.0722977,16.445848,0.30683118
2,72,10,0.008,0.07539826,0.03531988,0.031973645,0.008104733,0.09396792,-0.0020399326,6.8040066,1.3523769,7.670268,0.75874233,0.18793584,-0.0040798653,0.17881176,0.035540957,0.09002629,0.008905396,253.28159,253.15598,339.85287,-2.1111193,16.445848,0.33930886
2,73,10,0.008,0.062866606,0.025310546,0.029538967,0.008017091,0.079546444,0.0027252068,6.5398283,1.93794,7.628684,0.5298663,0.15909289,0.0054504136,0.17186904,0.050929774,0.08953821,0.006219065,253.23756,253.0907,338.938,-2.4678063,16.442205,0.36298737
2,74,10,0.008,0.06521864,0.025841253,0.030968431,0.008408953,0.08037607,0.0009917879,6.696198,1.5230467,7.812899,0.10388006,0.16075215,0.0019835758,0.1759785,0.040026214,0.091700345,0.0012192425,253.24467,253.03853,339.39938,-1.6269268,16.442205,0.39527857
2,75,10,0.008,0.08222605,0.03754771,0.036303237,0.008375108,0.09688616,-0.006884168,7.2500563,2.4613183,7.7971597,0.7853754,0.19377232,-0.013768336,0.19053409,0.06468434,0.091515616,0.009217987,253.2428,252.97589,339.55545,-3.2466936,16.442205,0.4280772
2,76,10,0.008,0.06942011,0.02598252,0.034784913,0.008652675,0.08059547,0.0014499591,7.096825,2.333728,7.925313,1.1405964,0.16119094,0.0028999182,0.18650714,0.061331227,0.09301975,0.013387233,253.20447,252.88562,338.87457,-3.4743245,16.442205,0.46182233
2,77,10,0.008,0.06721632,0.02861457,0.03004258,0.008559176,0.08457921,-0.0029491265,6.595341,1.934074,7.8823767,0.40787515,0.16915841,-0.005898253,0.17332795,0.050828174,0.09251581,0.0047872476,253.19476,252.76408,338.98587,-2.3419492,16.438564,0.4235468
2,78,10,0.008,0.07294126,0.034096614,0.030975968,0.007868681,0.09232634,-0.011096143,6.6970124,2.793113,7.557744,0.66747826,0.18465269,-0.022192286,0.17599991,0.07340401,0.088705584,0.007834221,253.2085,252.7696,339.4379,-3.4605913,16.438564,0.4441488
2,79,10,0.008,0.06762303,0.027583214,0.03214991,0.007889903,0.083040975,-0.0015270194,6.822736,2.623043,7.5679283,0.44147676,0.16608195,-0.0030540389,0.17930396,0.06893453,0.08882513,0.0051816315,253.22293,252.96034,339.03592,-3.06452,16.438564,0.42668742
2,80,10,0.008,0.069500044,0.028186651,0.032757647,0.008555749,0.0839444,-0.0022347597,6.88692,1.8887631,7.8807993,0.1328706,0.1678888,-0.0044695195,0.18099074,0.049637362,0.0924973,0.001559511,253.29192,253.2269,339.49786,-2.0216336,16.438564,0.46927592
2,81,10,0.008,0.076423116,0.041856334,0.026830591,0.0077361893,0.1022941,-0.012022542,6.2328086,1.1527456,7.493846,0.25107294,0.2045882,-0.024045084,0.16380046,0.030294567,0.08795561,0.002946857,253.3733,253.55618,339.9484,-1.4038186,16.435036,0.25902057
2,82,10,0.008,0.05898648,0.025482213,0.025904357,0.007599909,0.079815745,-0.004750387,6.124281,1.0483989,7.4275475,0.37555775,0.15963149,-0.009500774,0.1609483,0.027552297,0.087177455,0.0044079386,253.3899,253.65802,339.51102,-1.4239566,16.435036,0.22833554
2,83,10,0.008,0.06397386,0.030228294,0.025480852,0.008264715,0.08693143,-0.004860325,6.074012,0.75120884,7.7456017,0.20698953,0.17386286,-0.00972065,0.15962723,0.019742036,0.09091048,0.002429445,253.39868,253.61276,339.91855,-0.95819837,16.435036,0.28139704
2,84,10,0.008,0.07486313,0.036806267,0.029796362,0.008260496,0.095924795,-0.011258272,6.5682597,1.5230439,7.743624,0.5550051,0.19184959,-0.022516545,0.17261623,0.04002614,0.09088727,0.006514123,253.36632,253.44937,339.94547,-2.078049,16.435036,0.30810106
2,85,10,0.008,0.063808724,0.028835906,0.027574277,0.007398539,0.08490569,-0.003952068,6.318598,0.25477776,7.328485,0.25043872,0.16981138,-0.007904136,0.16605504,0.0066956514,0.08601476,0.0029394093,253.33728,253.37958,339.09326,-0.5052165,16.431633,0.2585061
2,86,10,0.008,0.058711607,0.027524231,0.023788791,0.007398588,0.08295214,-0.004422006,5.8688745,-0.51290494,7.3285093,0.027817158,0.16590428,-0.008844012,0.15423615,-0.013479328,0.086015046,0.00032649076,253.41754,253.6888,339.92447,0.48508778,16.431633,0.25035393
2,87,10,0.008,0.068338215,0.037347157,0.023605585,0.0073854728,0.096627064,-0.011044449,5.8462315,-0.4524837,7.3220105,0.5286529,0.19325413,-0.022088898,0.15364109,-0.011891435,0.085938774,0.006204823,253.4882,253.98753,340.57327,-0.07616919,16.431633,0.25391206
2,88,10,0.008,0.061071225,0.028718479,0.024629438,0.007723308,0.08473264,-0.0037825762,5.9716716,-0.57723016,7.487605,0.5755409,0.16946527,-0.0075651524,0.15693769,-0.015169813,0.087882355,0.0067551485,253.49358,254.03413,340.1102,0.0016892552,16.431633,0.24000034
2,89,10,0.008,0.060914855,0.026537167,0.026340237,0.008037452,0.08145116,-0.0023396201,6.1755905,-1.9430873,7.6383657,0.102553606,0.16290233,-0.0046792403,0.16229676,-0.05106504,0.08965184,0.0012036761,253.49274,253.96759,340.309,1.8405337,16.428265,0.3679436
2,90,10,0.008,0.07035579,0.036177065,0.025985897,0.008192825,0.09510135,-0.008096573,6.1339116,-1.3167309,7.7118406,0.43181345,0.1902027,-0.016193146,0.16120142,-0.034604166,0.09051423,0.005068214,253.45294,253.7314,340.22,0.8849174,16.428265,0.32649395
2,91,10,0.008,0.06421434,0.026668634,0.029639425,0.007906283,0.08165267,-0.0024957776,6.550939,-0.857284,7.5757813,0.6202185,0.16330534,-0.004991555,0.17216104,-0.022529734,0.088917285,0.0072795344,253.36375,253.37677,339.11682,0.2370655,16.428265,0.31357753
2,92,10,0.008,0.06426881,0.02775373,0.028815327,0.007699761,0.08329725,-0.0032235796,6.459225,-1.187427,7.4761815,0.5277968,0.1665945,-0.006447159,0.16975078,-0.031206014,0.08774828,0.006194776,253.3834,253.40773,339.47696,0.65963024,16.428265,0.2964178
2,93,10,0.008,0.07378643,0.039161984,0.02723141,0.007393038,0.09894694,-0.007069209,6.2791915,-1.4490751,7.32576,1.1486257,0.19789387,-0.014138418,0.16501942,-0.038082216,0.08598278,0.013481473,253.42485,253.58023,339.93817,0.30044937,16.424957,0.2858742
2,94,10,0.008,0.061443463,0.025074432,0.028395336,0.007973691,0.07917454,0.0005591556,6.4119806,-1.3613254,7.608007,1.2411815,0.15834908,0.0011183112,0.16850916,-0.03577612,0.08929553,0.014567805,253.42194,253.59552,339.3208,0.12014389,16.424957,0.29471087
2,95,10,0.008,0.061251316,0.025843218,0.0282606,0.007147497,0.08037913,-0.00075949985,6.39675,-1.6469185,7.20308,1.020917,0.16075826,-0.0015189997,0.1681089,-0.043281604,0.08454287,0.011982549,253.44873,253.67308,339.65918,0.6260015,16.424957,0.3364666
2,96,10,0.008,0.07659417,0.03982684,0.029054346,0.0077129835,0.099783316,-0.0067165103,6.4859595,-1.1330192,7.482598,1.2681754,0.19956663,-0.013433021,0.17045335,-0.029776148,0.08782359,0.014884631,253.42867,253.57121,340.0209,-0.13515615,16.424957,0.30342534
2,97,10,0.008,0.060526203,0.023090795,0.029882027,0.007553381,0.07597828,0.0029284046,6.577695,-0.426064,7.404776,0.92337745,0.15195656,0.005856809,0.17286418,-0.011197114,0.08691019,0.010837721,253.36699,253.37952,339.18347,-0.49731344,16.421694,0.22255431
2,98,10,0.008,0.06401626,0.028795635,0.028145052,0.0070755687,0.084846385,0.002731289,6.3836594,-0.69003093,7.1667438,0.63130677,0.16969277,0.005462578,0.16776487,-0.018134266,0.0841164,0.0074096755,253.3746,253.33694,339.59067,0.058724165,16.421694,0.2804041
2,99,10,0.008,0.07641562,0.039983694,0.029206531,0.0072253915,0.09997962,-0.003479965,6.502924,-0.618142,7.2422237,1.0209672,0.19995923,-0.00695993,0.17089918,-0.016244989,0.0850023,0.011983139,253.39722,253.43758,339.58383,-0.40282524,16.421694,0.27576607
2,100,10,0.008,0.06773145,0.028268207,0.031406056,0.008057186,0.08406576,0.0035301736,6.7433453,-0.4436982,7.6477365,1.0700665,0.16813152,0.007060347,0.17721754,-0.011660547,0.08976183,0.012559418,253.36612,253.3529,338.68777,-0.6263683,16.421694,0.2577764
3,1,10,0.0064000003,0.07150116,0.028215393,0.03474392,0.008541844,0.08398719,0.008431977,7.092643,-0.75031155,7.874392,0.67384636,0.16797438,0.016863953,0.18639721,-0.019718455,0.0924221,0.007908965,254.11472,256.71606,342.52145,0.07646519,16.418394,0.32862473
3,2,10,0.0064000003,0.07106899,0.032019906,0.031453595,0.00759549,0.089470536,0.00760969,6.7484465,-1.0666977,7.425387,0.27663344,0.17894107,0.01521938,0.17735161,-0.028033197,0.08715211,0.003246859,254.14087,256.77518,342.8283,0.7900643,16.418394,0.31712085
3,3,10,0.0064000003,0.08661152,0.04383357,0.03536617,0.0074117766,0.10468234,0.0018499361,7.1558747,-0.6834398,7.335038,0.5683276,0.20936468,0.0036998722,0.18805896,-0.017961044,0.086091675,0.006670488,254.16563,256.8938,343.20532,0.115112185,16.418394,0.32584664
3,4,10,0.0064000003,0.07726882,0.030529803,0.038275022,0.008463993,0.0873639,0.008339199,7.4443436,-0.3855171,7.8384256,0.893672,0.1747278,0.016678398,0.19564003,-0.010131529,0.09199996,0.01048907,254.10028,256.7093,342.1941,-0.50815487,16.418394,0.34775466
3,5,10,0.0064000003,0.063033246,0.028565206,0.027650341,0.006817697,0.08450622,0.006793717,6.327307,-0.13214813,7.0349345,-0.49576595,0.16901244,0.013587434,0.16628392,-0.003472903,0.082569346,-0.005818827,254.08455,256.55762,342.7221,0.6279141,16.415531,0.27943718
3,6,10,0.0064000003,0.07620504,0.039979614,0.029596701,0.0066287233,0.09997451,-0.0002429809,6.546216,0.44091696,6.9367523,-0.15604816,0.19994903,-0.0004859618,0.17203692,0.011587459,0.08141697,-0.0018315435,254.0605,256.36356,343.1468,-0.28486878,16.415531,0.31643394
3,7,10,0.0064000003,0.0636086,0.025510503,0.0304905,0.007607601,0.07986004,0.0070348037,6.6443267,0.66774493,7.431305,0.10362598,0.15972008,0.0140696075,0.1746153,0.017548578,0.08722156,0.0012162647,254.02594,256.2633,342.3147,-0.7713709,16.415531,0.33085144
3,8,10,0.0064000003,0.06369052,0.029612688,0.027310321,0.0067675114,0.08604169,0.0072200387,6.2882833,0.3062331,7.0089946,-0.42217267,0.17208338,0.014440077,0.16525835,0.008047915,0.082264885,-0.0049550594,254.01918,256.16647,342.4103,0.11593956,16.415531,0.2738954
3,9,10,0.0064000003,0.07830978,0.043254588,0.028779982,0.006275213,0.103988685,-0.003146664,6.455263,1.0058378,6.749249,-0.65401554,0.20797737,-0.006293328,0.16964664,0.02643378,0.07921624,-0.0076762103,253.9826,256.02844,342.32675,-0.35182226,16.412474,0.27686518
3,10,10,0.0064000003,0.06251283,0.024728922,0.030955028,0.0068288795,0.07862716,0.0045233453,6.6947494,1.3338681,7.0407014,-0.49664092,0.15725432,0.009046691,0.17594041,0.035054535,0.082637034,-0.005829098,253.90175,255.71046,341.44193,-0.8372272,16.412474,0.3006938
3,11,10,0.0064000003,0.06008288,0.027300723,0.026451893,0.006330264,0.08261465,0.002769168,6.188666,1.0843518,6.778788,-0.8467236,0.1652293,0.005538336,0.16264038,0.028497156,0.079562955,-0.009938032,253.8709,255.47867,341.6254,-0.23762816,16.412474,0.28707278
3,12,10,0.0064000003,0.072413355,0.037038315,0.029271832,0.006103212,0.09622671,-0.0031513262,6.510189,1.3842595,6.656109,-0.51685315,0.19245341,-0.0063026524,0.17109013,0.036378834,0.078123055,-0.00606633,253.82098,255.20778,341.65002,-0.8674063,16.412474,0.3201733
3,13,10,0.0064000003,0.060026918,0.023311386,0.029971832,0.0067436984,0.07634033,0.00045397488,6.587571,1.4932424,6.9966526,-0.5872998,0.15268067,0.00090794975,0.17312375,0.039242942,0.08212002,-0.006893164,253.71248,254.86095,340.49356,-0.90594256,16.409267,0.29182464
3,14,10,0.0064000003,0.05348592,0.024560336,0.023215665,0.0057099187,0.07835869,-0.0020926185,5.797747,1.3919587,6.438077,-1.1454746,0.15671737,-0.004185237,0.15236688,0.036581177,0.075564004,-0.013444484,253.63495,254.38084,340.78687,-0.24648416,16.409267,0.3074219
3,15,10,0.0064000003,0.06198783,0.031871364,0.023967326,0.006149139,0.08926276,-0.0076471046,5.8908563,1.867128,6.681106,-0.7899878,0.17852552,-0.015294209,0.15481384,0.049068797,0.078416444,-0.009272123,253.5678,254.0176,340.76236,-1.0771402,16.409267,0.344666
3,16,10,0.0064000003,0.057883658,0.02160383,0.02904686,0.007232967,0.07349121,-0.0011411242,6.4851236,1.9522977,7.2460194,-0.66086,0.14698242,-0.0022822483,0.17043139,0.051307086,0.08504685,-0.007756543,253.4788,253.73059,339.61206,-1.2914376,16.409267,0.34506524
3,17,10,0.0064000003,0.05207373,0.02467428,0.020997161,0.0064022862,0.07854024,-0.00535817,5.513774,0.80882096,6.817242,-1.1296556,0.15708049,-0.01071634,0.14490397,0.021256104,0.08001429,-0.013258819,253.47676,253.63242,339.94345,0.32083464,16.405916,0.22726488
3,18,10,0.0064000003,0.06581839,0.036350995,0.023193121,0.006274277,0.09532969,-0.010582941,5.794931,1.0221289,6.7487454,-0.81436175,0.19065937,-0.021165881,0.15229288,0.026861921,0.07921033,-0.0095582,253.4602,253.48193,340.12604,-0.20776719,16.405916,0.26084986
3,19,10,0.0064000003,0.05064585,0.020183647,0.02370114,0.006761064,0.07103458,-0.003657527,5.8580527,1.2918295,7.005654,-0.5614266,0.14206916,-0.007315054,0.15395175,0.03394974,0.08222569,-0.0065894895,253.38766,253.19666,339.2579,-0.7304029,16.405916,0.23750184
3,20,10,0.0064000003,0.053112864,0.025592294,0.021140346,0.0063802237,0.07998796,-0.0049904264,5.532542,0.9073407,6.805486,-1.0688578,0.15997592,-0.009980853,0.1453972,0.023845242,0.0798763,-0.012545232,253.39601,253.13478,339.39816,0.16151708,16.405916,0.22018786
3,21,10,0.0064000003,0.061060477,0.03284922,0.021771539,0.0064397184,0.09062177,-0.00940926,5.614528,-0.097485535,6.8371425,-1.0784659,0.18124354,-0.01881852,0.14755182,-0.0025619545,0.08024786,-0.012658003,253.44673,253.3546,339.7386,1.1759515,16.402504,0.25578445
3,22,10,0.0064000003,0.057614226,0.024635678,0.025709435,0.0072691096,0.07847878,-0.0018425611,6.101196,0.07840262,7.2641,-1.2572564,0.15695757,-0.0036851221,0.16034162,0.0020604501,0.08525907,-0.014756475,253.43675,253.42155,339.05,1.1788538,16.402504,0.33470672
3,23,10,0.0064000003,0.053163353,0.024251465,0.022254484,0.006657403,0.07786441,-0.0036959052,5.6764584,-0.41378137,6.951741,-1.7523289,0.15572882,-0.0073918104,0.14917937,-0.010874322,0.08159291,-0.020567162,253.44887,253.3535,339.59454,2.1661103,16.402504,0.27435076
3,24,10,0.0064000003,0.06433848,0.03498975,0.022708088,0.00664065,0.093527734,-0.010020707,5.734017,-0.1389408,6.9429893,-1.271561,0.18705547,-0.020041414,0.15069203,-0.0036514143,0.08149018,-0.014924371,253.43466,253.17377,339.90298,1.4105018,16.402504,0.29767793
3,25,10,0.0064000003,0.049590085,0.020277912,0.022723226,0.0065889475,0.07120027,-0.0014583776,5.7359276,-0.40596056,6.9159083,-1.1134235,0.14240053,-0.0029167552,0.15074225,-0.010668789,0.08117233,-0.0130683035,253.39378,253.06989,339.0264,1.519384,16.399027,0.31942692
3,26,10,0.0064000003,0.05073198,0.02263417,0.022026712,0.0060710986,0.07522328,-0.0026170895,5.647334,-0.9879548,6.638574,-1.6812775,0.15044656,-0.005234179,0.14841399,-0.02596381,0.077917255,-0.019733232,253.44334,253.26213,339.39423,2.6692324,16.399027,0.32235748
3,27,10,0.0064000003,0.061639674,0.03189629,0.023476487,0.0062668985,0.08929766,-0.008451832,5.830224,-1.0688545,6.744776,-1.5356002,0.17859532,-0.016903665,0.15322039,-0.02808988,0.079163745,-0.018023407,253.47716,253.39426,339.61002,2.6044545,16.399027,0.36716658
3,28,10,0.0064000003,0.052312948,0.020367336,0.025470035,0.006475577,0.07135709,-0.00053503294,6.072723,-1.0412202,6.8561525,-1.44247,0.14271417,-0.0010700659,0.15959334,-0.027363645,0.08047097,-0.016930336,253.47223,253.51628,339.2169,2.4836903,16.399027,0.4056049
3,29,10,0.0064000003,0.049040813,0.022633864,0.020896308,0.0055106403,0.075222775,-0.00032750977,5.5005164,-1.413973,6.3247337,-1.2934521,0.15044555,-0.00065501954,0.14455555,-0.03715972,0.07423369,-0.015181306,253.45927,253.4062,339.70392,2.707425,16.395502,0.29158455
3,30,10,0.0064000003,0.053729057,0.027232945,0.021281434,0.0052146767,0.082512036,-0.0056781033,5.5509734,-1.0402788,6.1525464,-1.1669096,0.16502407,-0.011356207,0.14588158,-0.0273389,0.07221272,-0.013696069,253.41887,253.11794,339.78314,2.2071884,16.395502,0.27526194
3,31,10,0.0064000003,0.047431886,0.020019427,0.022192974,0.0052194856,0.07074501,0.0005678693,5.6686077,-0.77499044,6.155383,-1.0401589,0.14149003,0.0011357386,0.14897306,-0.02036703,0.07224601,-0.012208393,253.36134,252.89978,338.95795,1.8151493,16.395502,0.28583586
3,32,10,0.0064000003,0.048758324,0.020642981,0.022547811,0.005567532,0.07183833,-0.0011973842,5.713745,-1.2955027,6.357297,-1.4566766,0.14367665,-0.0023947684,0.15015928,-0.034046277,0.074615896,-0.01709708,253.35582,252.83757,339.22388,2.7521791,16.395502,0.30639094
3,33,10,0.0064000003,0.05151816,0.027856827,0.018669402,0.0049919314,0.08345182,-0.00391412,5.1991687,-0.59656507,6.019709,-0.5632156,0.16690364,-0.00782824,0.13663602,-0.015677944,0.0706536,-0.006610488,253.34064,252.82074,339.28354,1.1597807,16.392048,0.19905946
3,34,10,0.0064000003,0.046034068,0.020549618,0.020213956,0.005270496,0.07167569,0.003071274,5.409963,-0.27598286,6.1853876,-0.6326063,0.14335138,0.006142548,0.1421758,-0.0072529255,0.07259818,-0.0074249287,253.30417,252.76814,338.42007,0.9085892,16.392048,0.19188774
3,35,10,0.0064000003,0.04560592,0.021719225,0.018590068,0.0052966257,0.07368722,0.0006193395,5.1881094,-0.68498677,6.2007017,-1.0083382,0.14737444,0.001238679,0.1363454,-0.018001702,0.07277792,-0.01183491,253.3072,252.64767,338.58148,1.693325,16.392048,0.22299458
3,36,10,0.0064000003,0.046482135,0.024192892,0.017312765,0.0049764775,0.07777032,-0.0040841363,5.0067043,-0.46856534,6.0103846,-0.9446867,0.15554065,-0.008168273,0.13157798,-0.012314069,0.07054415,-0.011087832,253.30945,252.61266,338.9009,1.4132521,16.392048,0.19307452
3,37,10,0.0064000003,0.041522354,0.019653914,0.017572138,0.0042963014,0.07009621,0.003549251,5.0440683,0.42841297,5.584555,0.18300055,0.14019242,0.007098502,0.13255994,0.011258848,0.06554618,0.0021478862,253.23512,252.41063,338.03128,-0.61141354,16.388687,0.22267814
3,38,10,0.0064000003,0.038630012,0.019116778,0.015057131,0.0044561015,0.06913172,0.00058565615,4.669171,0.19877721,5.6874647,-0.24057588,0.13826343,0.0011713123,0.1227075,0.0052239387,0.066754036,-0.0028236508,253.1747,252.11499,338.0578,0.041798666,16.388687,0.22265144
3,39,10,0.0064000003,0.04382473,0.02399755,0.01515285,0.0046743266,0.077455714,-0.004425754,4.6839886,0.5313853,5.825064,-0.12573908,0.15491143,-0.008851508,0.12309691,0.013964993,0.068369046,-0.0014758067,253.11647,251.79501,337.9174,-0.4056462,16.388687,0.22824785
3,40,10,0.0064000003,0.03937855,0.018750899,0.016177138,0.0044505126,0.06846696,0.001832196,4.839712,0.6562048,5.683897,0.17707786,0.13693392,0.003664392,0.12718938,0.017245304,0.06671216,0.00207837,253.06184,251.55579,336.9738,-0.8332827,16.388687,0.21681583
3,41,10,0.0064000003,0.042059608,0.020295383,0.016912105,0.0048521203,0.07123093,0.0011229566,4.9484305,0.661977,5.934812,0.5313899,0.14246187,0.0022459133,0.13004655,0.017397,0.06965716,0.006236948,253.04611,251.47789,337.32022,-1.1933669,16.385332,0.28125325
3,42,10,0.0064000003,0.0480772,0.024492066,0.018916542,0.0046685883,0.07824971,-0.004574706,5.233467,0.7950176,5.821488,0.48356763,0.15649942,-0.009149412,0.13753742,0.020893347,0.06832707,0.0056756563,253.00833,251.31123,337.2949,-1.2785852,16.385332,0.27991077
3,43,10,0.0064000003,0.045120955,0.019897623,0.020632312,0.0045910194,0.07052947,0.0025670787,5.46566,1.0739931,5.772923,0.59785503,0.14105894,0.0051341574,0.14363952,0.02822493,0.06775706,0.007017053,252.97415,251.14682,336.42883,-1.671848,16.385332,0.30410132
3,44,10,0.0064000003,0.045433205,0.020880667,0.019263295,0.0052892407,0.072250724,-4.877722e-5,5.2812166,0.67016935,6.1963773,0.15440792,0.14450145,-9.755444e-5,0.13879228,0.017612291,0.072727166,0.0018122931,253.00691,251.21204,336.9798,-0.8245773,16.385332,0.29610607
3,45,10,0.0064000003,0.046333488,0.022671321,0.018580562,0.0050816047,0.075284995,-0.0032702007,5.186783,0.61842406,6.0735364,0.5647056,0.15056999,-0.0065404014,0.13631053,0.01625241,0.071285374,0.006627975,253.01083,251.23962,337.37173,-1.1831297,16.381958,0.29805404
3,46,10,0.0064000003,0.044532504,0.01989703,0.01976074,0.004874733,0.07052842,0.0025176061,5.3489714,0.75822574,5.9486256,0.90659255,0.14105684,0.0050352123,0.1405729,0.019926444,0.06981929,0.010640717,252.96997,251.20312,336.54507,-1.6648183,16.381958,0.30081815
3,47,10,0.0064000003,0.045670174,0.021076018,0.019921971,0.004672183,0.07258791,0.0017443455,5.370749,0.4864049,5.823729,0.41965997,0.14517581,0.003488691,0.14114521,0.012782899,0.06835337,0.0049255695,252.95364,251.08131,336.62003,-0.90606487,16.381958,0.30934885
3,48,10,0.0064000003,0.05208868,0.02445601,0.022808734,0.004823939,0.078192085,-0.0032081543,5.7467093,0.5354477,5.9175525,0.47422695,0.15638417,-0.0064163087,0.15102561,0.014071753,0.06945458,0.005566024,252.95671,251.12166,336.72278,-1.0096747,16.381958,0.3319789
3,49,10,0.0064000003,0.04834506,0.020644749,0.022621809,0.0050785025,0.071841404,0.0022576144,5.723113,0.27635145,6.0716825,0.911082,0.14368281,0.004515229,0.15040548,0.00726262,0.07126361,0.010693413,252.89792,250.91377,335.76108,-1.1874335,16.378633,0.28347412
3,50,10,0.0064000003,0.04623981,0.020320458,0.020471629,0.005447723,0.07127492,0.0002594304,5.444335,-0.030163236,6.2885246,0.44545037,0.14254984,0.0005188608,0.1430791,-0.00079269725,0.07380869,0.0052282694,252.85861,250.71922,335.92075,-0.41528714,16.378633,0.27169922
3,51,10,0.0064000003,0.05067223,0.024391297,0.020854257,0.005426676,0.07808857,-0.0059562195,5.494979,0.08976923,6.2763643,0.38238302,0.15617713,-0.011912439,0.14441003,0.00235917,0.07366598,0.0044880477,252.8298,250.58221,335.99707,-0.47215223,16.378633,0.29056263
3,52,10,0.0064000003,0.04967934,0.02090751,0.023118623,0.0056532044,0.07229715,0.00031736086,5.7856174,0.27774078,6.4060235,0.59541035,0.1445943,0.0006347217,0.1520481,0.0072991317,0.075187795,0.006988357,252.80043,250.47496,335.16666,-0.8731511,16.378633,0.31148472
3,53,10,0.0064000003,0.047095396,0.021730285,0.019626262,0.005738846,0.07370598,-0.0024301535,5.3307395,-0.53157306,6.4543653,0.15950294,0.14741196,-0.004860307,0.14009376,-0.013969933,0.07575517,0.0018720952,252.79706,250.42708,335.34525,0.37207013,16.375385,0.18035951
3,54,10,0.0064000003,0.0532686,0.027887516,0.019605566,0.0057755182,0.08349778,-0.006783802,5.327928,-0.40346366,6.474954,0.085962564,0.16699556,-0.013567604,0.14001988,-0.010603172,0.07599683,0.001008947,252.76416,250.2488,335.55875,0.3175011,16.375385,0.20354414
3,55,10,0.0064000003,0.046571366,0.02108684,0.019514848,0.0059696813,0.07260654,-0.0013475602,5.315587,-0.38583142,6.582893,0.30029985,0.14521308,-0.0026951204,0.13969555,-0.010139791,0.07726371,0.0035246331,252.7139,250.04242,334.7534,0.08553156,16.375385,0.21870254
3,56,10,0.0064000003,0.04841447,0.022328539,0.020049032,0.0060369004,0.074713685,-0.002175983,5.3878484,-0.75589365,6.6198516,0.05615608,0.14942737,-0.004351966,0.1415946,-0.019865157,0.07769749,0.00065910694,252.74475,250.09514,335.16742,0.69973755,16.375385,0.21319437
3,57,10,0.0064000003,0.0501678,0.025260787,0.018869843,0.006037167,0.07946821,-0.006617268,5.2270036,-0.75958824,6.6199965,0.24595916,0.15893643,-0.013234536,0.13736755,-0.019962253,0.07769921,0.0028868336,252.75572,250.19585,335.31622,0.5136291,16.372261,0.1956302
3,58,10,0.0064000003,0.0453405,0.021173846,0.018108685,0.0060579698,0.07275618,-0.0014515069,5.120497,-0.72840595,6.631392,0.40466535,0.14551236,-0.0029030137,0.13456851,-0.019142773,0.07783296,0.0047495766,252.71431,250.12622,334.5974,0.3237406,16.372261,0.19332741
3,59,10,0.0064000003,0.04536702,0.02105021,0.018411655,0.0059051546,0.07254345,-0.002985307,5.1631546,-0.89221853,6.547219,0.10245333,0.1450869,-0.005970614,0.13568956,-0.023447819,0.076845005,0.0012025005,252.68225,249.93503,334.79364,0.7897652,16.372261,0.20115508
3,60,10,0.0064000003,0.05084202,0.02434578,0.020108208,0.0063880356,0.07801567,-0.008409222,5.3957934,-0.5400989,6.8096514,0.08609124,0.15603134,-0.016818443,0.14180341,-0.014193988,0.07992519,0.0010104564,252.63463,249.74791,334.7721,0.45400766,16.372261,0.21000943
3,61,10,0.0064000003,0.048665747,0.02325985,0.018836373,0.006569523,0.0762559,-0.002809915,5.222366,-0.32231867,6.905707,0.74114376,0.1525118,-0.00561983,0.13724567,-0.008470653,0.081052594,0.008698838,252.5417,249.40071,333.77893,-0.4188251,16.369278,0.22037244
3,62,10,0.0064000003,0.046342164,0.02139237,0.018640306,0.006309487,0.07313065,-0.0036905576,5.1951156,-0.70852774,6.767655,0.50381297,0.1462613,-0.007381115,0.1365295,-0.018620364,0.07943228,0.0059132758,252.50806,249.24664,334.04486,0.20471478,16.369278,0.2389274
3,63,10,0.0064000003,0.05522414,0.028769001,0.019909497,0.006545639,0.084807135,-0.008505028,5.369067,-0.58545107,6.893142,0.6565921,0.16961427,-0.017010055,0.14110102,-0.015385866,0.080905125,0.0077064517,252.4641,249.06818,333.80936,-0.071141005,16.369278,0.24960442
3,64,10,0.0064000003,0.052579638,0.024615455,0.021165252,0.006798929,0.07844657,-0.0041455044,5.5358005,-0.55695283,7.0252457,0.9797918,0.15689313,-0.008291009,0.14548282,-0.014636923,0.08245562,0.011499861,252.3913,248.75525,332.94373,-0.422839,16.369278,0.2752818
3,65,10,0.0064000003,0.050632723,0.022398755,0.021362325,0.0068716407,0.07483107,-0.0033806595,5.5615125,-0.39588365,7.0627117,1.0470535,0.14966214,-0.006761319,0.14615856,-0.010403961,0.08289536,0.012289314,252.37135,248.58896,333.23746,-0.6511698,16.36634,0.30335334
3,66,10,0.0064000003,0.055075523,0.02774859,0.020558184,0.0067687472,0.08328954,-0.007463957,5.455833,-0.10747684,7.0096335,1.1571846,0.16657908,-0.014927914,0.14338125,-0.0028245293,0.082272395,0.013581929,252.35689,248.6019,333.37222,-1.0497078,16.36634,0.2887367
3,67,10,0.0064000003,0.05236908,0.0232275,0.022436643,0.0067049377,0.076202855,-0.002366497,5.6996427,-0.2542987,6.976516,1.2335604,0.15240571,-0.004732994,0.14978866,-0.006683063,0.081883684,0.014478356,252.29597,248.402,332.7167,-0.97926176,16.36634,0.30303764
3,68,10,0.0064000003,0.055099882,0.02315332,0.0253629,0.0065836627,0.076081075,-0.0036927739,6.059937,-0.42314845,6.913134,0.9891776,0.15216215,-0.0073855477,0.15925734,-0.011120496,0.08113977,0.011610024,252.26003,248.19128,332.83328,-0.56602913,16.36634,0.30884844
3,69,10,0.0064000003,0.059012286,0.027663665,0.024852078,0.0064965426,0.08316199,-0.004842651,5.9986014,0.096124835,6.867242,0.8506599,0.16632397,-0.009685302,0.15764542,0.002526196,0.08060113,0.009984234,252.23903,248.17998,332.74283,-0.94678473,16.363392,0.20363626
3,70,10,0.0064000003,0.055648778,0.023848502,0.025209993,0.0065902793,0.0772148,0.0012753085,6.0416427,-0.023045406,6.916608,0.8800719,0.1544296,0.002550617,0.15877655,-0.0006056407,0.081180535,0.010329443,252.2304,248.20947,332.29483,-0.85702646,16.363392,0.1733825
3,71,10,0.0064000003,0.052524157,0.024481313,0.02226033,0.0057825143,0.07823253,0.00072224904,5.677203,-0.24268802,6.478875,0.64051783,0.15646505,0.0014444981,0.14919896,-0.0063779294,0.076042846,0.0075177858,252.23882,248.22743,332.74142,-0.39782983,16.363392,0.16233855
3,72,10,0.0064000003,0.054982904,0.025605978,0.023525784,0.005851143,0.08000934,-0.0038360727,5.836342,-0.06277281,6.517208,0.58858323,0.16001868,-0.0076721455,0.15338117,-0.001649691,0.076492764,0.0069082277,252.18964,248.09375,332.6845,-0.5258104,16.363392,0.17894384
3,73,10,0.0064000003,0.051999748,0.02214643,0.024178622,0.0056746993,0.07440838,0.0053753527,5.916767,0.38188553,6.418191,0.31045362,0.14881676,0.010750705,0.15549476,0.010036086,0.0753306,0.003643808,252.10587,247.80489,331.6351,-0.6923392,16.360426,0.2025887
3,74,10,0.0064000003,0.05506151,0.02443799,0.024873676,0.005749844,0.07816327,0.0045299823,6.0012074,0.12910226,6.460546,-0.117284894,0.15632655,0.009059965,0.1577139,0.0033928577,0.075827725,-0.0013765786,252.09302,247.703,331.9657,-0.011817366,16.360426,0.18893114
3,75,10,0.0064000003,0.060180582,0.025720293,0.028368555,0.0060917353,0.08018774,0.00011188868,6.408956,0.3519059,6.6498485,-0.025115851,0.16037548,0.00022377736,0.16842967,0.009248213,0.07804957,-0.0002947865,252.10243,247.73422,332.18805,-0.32679006,16.360426,0.22404967
3,76,10,0.0064000003,0.05874711,0.023218459,0.02915107,0.0063775806,0.07618802,0.0045024115,6.4967465,0.3157397,6.804076,0.16511685,0.15237604,0.009004823,0.17073685,0.008297752,0.079859756,0.0019379838,252.10602,247.80489,331.67484,-0.48085654,16.360426,0.25177243
3,77,10,0.0064000003,0.06014529,0.024779756,0.028796596,0.0065689385,0.07870793,0.0057281703,6.4571257,0.50373423,6.9053993,-0.52276933,0.15741587,0.011456341,0.1696956,0.013238312,0.08104899,-0.0061357664,252.11961,247.83627,332.13834,0.019035101,16.357439,0.2623985
3,78,10,0.0064000003,0.063743696,0.025738206,0.03127769,0.006727796,0.080215655,0.00058065046,6.72955,0.75760627,6.9883976,-0.49747923,0.16043131,0.0011613009,0.176855,0.019910164,0.082023144,-0.0058389353,252.12042,247.84904,332.24567,-0.26012704,16.357439,0.28526202
3,79,10,0.0064000003,0.06408394,0.024612771,0.032497305,0.006973865,0.07844229,0.0074484847,6.859498,0.51535136,7.115051,-0.37461907,0.15688458,0.014896969,0.18027009,0.013543625,0.08350967,-0.0043969215,252.12186,247.94443,331.65744,-0.14073229,16.357439,0.28718674
3,80,10,0.0064000003,0.068271585,0.028350603,0.032565713,0.007355269,0.084188186,0.0062341182,6.8667135,0.17907399,7.3070235,-0.5593214,0.16837637,0.0124682365,0.18045972,0.00470613,0.085762866,-0.00656478,252.1441,247.93225,331.90826,0.3802474,16.357439,0.27598935
3,81,10,0.0064000003,0.062816694,0.027201463,0.028548863,0.0070663677,0.08246433,0.0031335435,6.429291,0.71041393,7.162083,-0.9363027,0.16492866,0.006267087,0.16896409,0.018669933,0.08406169,-0.010989428,252.18837,248.11859,332.35638,0.22588879,16.354359,0.24906085
3,82,10,0.0064000003,0.060375206,0.027431149,0.026324298,0.006619757,0.08281176,0.007706913,6.173722,0.46486786,6.9320593,-0.7502263,0.16562352,0.015413826,0.16224764,0.012216891,0.08136189,-0.008805441,252.22076,248.40242,332.16556,0.28535846,16.354359,0.251184
3,83,10,0.0064000003,0.059013963,0.024804542,0.027682187,0.0065272357,0.07874729,0.00720369,6.3309493,0.33854002,6.8834453,-0.9545875,0.15749457,0.01440738,0.16637965,0.00889695,0.08079131,-0.011204037,252.204,248.37552,332.66827,0.6160475,16.354359,0.26087874
3,84,10,0.0064000003,0.06309803,0.025571262,0.030557847,0.0069689206,0.079955086,0.0024491474,6.65166,0.49860057,7.112528,-1.0577493,0.15991017,0.004898295,0.17480803,0.013103407,0.08348006,-0.012414855,252.1263,248.0941,332.36844,0.55914867,16.354359,0.2918469
3,85,10,0.0064000003,0.059452027,0.023089658,0.030069048,0.006293319,0.07597641,0.0060629277,6.598247,0.92365676,6.758979,-0.81986755,0.15195282,0.012125855,0.17340429,0.024274034,0.079330444,-0.009622823,252.02928,247.68576,331.41257,-0.10378921,16.351225,0.22794007
3,86,10,0.0064000003,0.061757423,0.024152674,0.030826576,0.0067781718,0.07770565,0.005548964,6.6808434,0.9405968,7.014513,-1.1231902,0.1554113,0.011097928,0.17557499,0.024719222,0.08232965,-0.013182932,252.00691,247.59595,331.49277,0.18259335,16.351225,0.23608658
3,87,10,0.0064000003,0.071875595,0.028797477,0.03623455,0.006843568,0.0848491,0.00086496427,7.2431936,1.0535527,7.0482693,-0.9177566,0.1696982,0.0017299285,0.19035375,0.027687745,0.08272586,-0.010771751,251.98492,247.54991,331.31937,-0.13579613,16.351225,0.25869697
3,88,10,0.0064000003,0.07618738,0.028135128,0.04136703,0.0066852174,0.08386765,0.005786242,7.7391953,1.1572212,6.9662485,-0.71371555,0.1677353,0.011572484,0.20338887,0.030412188,0.08176318,-0.008376911,251.95111,247.41083,330.71582,-0.44350564,16.351225,0.26276064
3,89,10,0.0064000003,0.0729724,0.02615369,0.03998387,0.006834842,0.08086051,0.0037524358,7.608711,0.8121964,7.043775,-0.9238016,0.16172102,0.0075048716,0.19995967,0.021344816,0.0826731,-0.010842701,251.98149,247.57022,330.99606,0.11160523,16.348106,0.27349094
3,90,10,0.0064000003,0.075684234,0.029204488,0.039527345,0.0069524017,0.0854466,7.537489e-5,7.565149,0.8206043,7.104093,-1.0346284,0.1708932,0.00015074978,0.19881485,0.02156578,0.083381064,-0.01214348,252.01385,247.74109,331.18875,0.21402407,16.348106,0.24249284
3,91,10,0.0064000003,0.06912053,0.027881613,0.03478637,0.006452546,0.08348894,0.0049020937,7.096974,0.7425808,6.8439484,-0.8934802,0.16697788,0.009804187,0.18651104,0.019515287,0.08032774,-0.010486816,251.94977,247.41762,330.47485,0.15089941,16.348106,0.21865223
3,92,10,0.0064000003,0.06385751,0.027037192,0.03004978,0.006770538,0.08221495,0.0036553955,6.596132,0.69146705,7.010562,-1.1006,0.1644299,0.007310791,0.17334872,0.018172,0.08228328,-0.012917791,251.95076,247.34319,330.60556,0.40913296,16.348106,0.22306581
3,93,10,0.0064000003,0.065992855,0.031911492,0.027230756,0.006850607,0.08931894,-0.0021356614,6.2791166,0.4261066,7.0518937,-0.8491788,0.17863788,-0.004271323,0.16501744,0.011198236,0.082768396,-0.009966851,251.98303,247.57188,330.67783,0.4230722,16.345081,0.22455154
3,94,10,0.0064000003,0.061428137,0.029499136,0.025649538,0.0062794606,0.08587656,0.0025265887,6.094084,0.21829121,6.751533,-0.43867245,0.17175312,0.0050531775,0.16015473,0.0057367696,0.07924305,-0.0051487177,251.94725,247.47884,330.0803,0.22038125,16.345081,0.2160954
3,95,10,0.0064000003,0.060211577,0.028478147,0.025105773,0.0066276547,0.08437735,0.0018758328,6.0291414,0.27501842,6.936193,-0.7762591,0.1687547,0.0037516656,0.15844801,0.0072275833,0.08141041,-0.00911099,251.95728,247.40665,330.65622,0.50124073,16.345081,0.24159841
3,96,10,0.0064000003,0.065676704,0.028523108,0.030221367,0.0069322265,0.08444393,-0.0021962388,6.614938,0.7433233,7.0937777,-1.0418676,0.16888785,-0.0043924777,0.17384294,0.0195348,0.08325999,-0.012228448,251.98366,247.50136,331.15918,0.2985443,16.345081,0.2502841
3,97,10,0.0064000003,0.060599558,0.024675205,0.0299031,0.006021255,0.07854172,0.0010206122,6.580014,0.50405324,6.611268,-0.39739218,0.15708344,0.0020412244,0.17292513,0.013246696,0.07759675,-0.00466421,252.00328,247.66687,330.66168,-0.10666105,16.342165,0.20220652
3,98,10,0.0064000003,0.064080976,0.0283262,0.029377095,0.0063776793,0.084151946,0.00027872817,6.521884,-0.2510838,6.8041286,-0.57023484,0.16830389,0.00055745634,0.17139748,-0.0065985736,0.079860374,-0.0066928715,252.06784,248.0999,331.2594,0.8213186,16.342165,0.20077594
3,99,10,0.0064000003,0.06994012,0.031767596,0.031917248,0.0062552798,0.08911733,-0.0035204978,6.7980037,-0.22067398,6.738521,-0.38565603,0.17823467,-0.0070409956,0.17865399,-0.005799394,0.07909033,-0.0045264615,252.06512,248.14006,331.3526,0.60633004,16.342165,0.19901538
3,100,10,0.0064000003,0.06620864,0.027836407,0.031954672,0.0064175604,0.08342123,0.0014095616,6.801988,-0.27444884,6.8253703,-0.09646058,0.16684246,0.0028191232,0.1787587,-0.007212616,0.08010968,-0.0011321624,252.03261,248.00055,330.73993,0.37090942,16.342165,0.19599417
4,1,10,0.0051200003,0.058422927,0.021180872,0.03070553,0.0065365257,0.07276825,0.0026874489,6.667714,1.2611926,6.888342,-0.49834234,0.1455365,0.0053748977,0.17522994,0.03314459,0.08084878,-0.0058490657,251.74763,247.85655,332.86813,-0.7628502,16.33939,0.3675041
4,2,10,0.0051200003,0.057935216,0.024136636,0.027086254,0.0067123254,0.07767985,0.001097177,6.2624335,0.59582,6.9803586,-0.79301316,0.1553597,0.002194354,0.16457902,0.015658366,0.08192878,-0.009307633,251.85619,248.2815,333.87296,0.19719315,16.33939,0.37037066
4,3,10,0.0051200003,0.064454645,0.03169754,0.025876818,0.0068802815,0.089019015,-0.003488673,6.1210237,0.74307305,7.0671506,-0.7728039,0.17803803,-0.006977346,0.16086273,0.019528225,0.08294746,-0.009070435,251.91112,248.49113,334.36978,0.029730856,16.33939,0.35592604
4,4,10,0.0051200003,0.05709827,0.023818918,0.026889618,0.0063897315,0.07716689,0.004252096,6.2396607,0.7607853,6.810555,-0.30921873,0.15433379,0.008504192,0.16398054,0.019993706,0.0799358,-0.0036293124,251.8993,248.51419,333.8165,-0.45156655,16.33939,0.35549238
4,5,10,0.0051200003,0.055134635,0.024850622,0.023619987,0.006664026,0.0788204,0.0029524122,5.848016,0.35738003,6.9551992,0.25134945,0.1576408,0.0059048245,0.15368795,0.009392071,0.081633486,0.0029501007,251.89954,248.4885,334.41028,-0.6087295,16.337177,0.27628264
4,6,10,0.0051200003,0.07016852,0.03796501,0.025799293,0.0064042145,0.09742306,-0.0025549314,6.111849,0.89692557,6.8182693,0.2085112,0.19484612,-0.005109863,0.16062158,0.023571538,0.080026336,0.002447306,251.89986,248.40738,334.5898,-1.1054368,16.337177,0.28748146
4,7,10,0.0051200003,0.057302512,0.023321174,0.027586887,0.006394452,0.07635636,0.0036301017,6.320043,0.5864088,6.813071,0.50928026,0.15271272,0.0072602034,0.166093,0.015411029,0.079965316,0.005977446,251.91101,248.55556,334.24164,-1.095689,16.337177,0.30251202
4,8,10,0.0051200003,0.056923952,0.024424294,0.026182296,0.0063173617,0.07814137,0.0017823704,6.157048,0.10826866,6.771878,0.28078872,0.15628274,0.0035647408,0.16180944,0.0028453355,0.07948183,0.003295627,251.97546,248.76472,334.9883,-0.3890574,16.337177,0.350194
4,9,10,0.0051200003,0.055499613,0.026990028,0.022438299,0.006071286,0.08214321,-0.0022943085,5.6998525,0.3160165,6.638677,1.2270218,0.16428642,-0.004588617,0.14979419,0.008305031,0.077918455,0.014401612,252.04393,248.99387,335.40906,-1.5430384,16.334955,0.27195546
4,10,10,0.0051200003,0.053091943,0.023598822,0.023645084,0.005848034,0.07680954,0.0041078567,5.851121,0.21250738,6.5154767,1.5529411,0.15361908,0.008215713,0.15376958,0.005584772,0.07647244,0.018226938,252.08517,249.2854,335.0752,-1.7654485,16.334955,0.2777967
4,11,10,0.0051200003,0.053299543,0.025076745,0.02227424,0.005948556,0.07917819,0.0035756803,5.678977,-0.20545474,6.571234,1.2144387,0.15835638,0.0071513606,0.14924558,-0.005399426,0.07712688,0.01425392,252.14334,249.51065,335.72437,-1.008984,16.334955,0.25653192
4,12,10,0.0051200003,0.06473054,0.03464637,0.023896698,0.006187471,0.093067676,-0.0015834863,5.8821707,0.25782132,6.7018986,1.3017088,0.18613535,-0.0031669727,0.15458557,0.006775638,0.07866048,0.015278219,252.19182,249.58963,335.96054,-1.5595301,16.334955,0.25070778
4,13,10,0.0051200003,0.056402482,0.025043592,0.025422761,0.005936131,0.07912584,0.005212946,6.0670843,0.37119764,6.5643687,2.0134957,0.15825167,0.010425892,0.15944517,0.009755209,0.07704629,0.023632491,252.2178,249.78618,335.10434,-2.3846934,16.332685,0.30904388
4,14,10,0.0051200003,0.055334024,0.026660994,0.02267923,0.0059938002,0.08164097,0.003971817,5.7303724,-0.059391964,6.596178,1.6437824,0.16328195,0.007943634,0.15059625,-0.0015608433,0.07741964,0.019293146,252.29163,250.02744,336.0089,-1.5843904,16.332685,0.2777804
4,15,10,0.0051200003,0.06204548,0.03241745,0.023540605,0.0060874247,0.09002423,-0.00033235445,5.8381805,0.12927397,6.647495,1.6171733,0.18004847,-0.0006647089,0.15342948,0.0033973672,0.07802195,0.018980838,252.33606,250.14883,336.65787,-1.7464473,16.332685,0.31752938
4,16,10,0.0051200003,0.054039113,0.024655234,0.023142306,0.0062415763,0.07850993,0.0042192247,5.788579,0.11409394,6.731136,1.8786751,0.15701985,0.008438449,0.15212595,0.0029984314,0.07900365,0.022050094,252.31526,250.19296,336.03586,-1.992769,16.332685,0.32791334
4,17,10,0.0051200003,0.04995384,0.024783673,0.019691886,0.0054782797,0.078714155,0.0035715022,5.3396444,-0.12056624,6.3061357,1.3231864,0.15742831,0.0071430043,0.14032778,-0.0031685242,0.0740154,0.015530296,252.3329,250.1914,336.60034,-1.2026201,16.330252,0.24801184
4,18,10,0.0051200003,0.052850075,0.027906526,0.019506369,0.005437181,0.08352623,-0.002249864,5.3144326,0.4000326,6.282436,1.1748298,0.16705246,-0.004499728,0.1396652,0.010513,0.07373724,0.01378903,252.3285,250.0449,336.892,-1.5748625,16.330252,0.25540605
4,19,10,0.0051200003,0.049834304,0.021955367,0.02254808,0.005330857,0.07408672,0.0033381174,5.7137785,0.60201836,6.220706,1.5078384,0.14817344,0.006676235,0.15016018,0.01582126,0.07301272,0.01769757,252.28905,249.88037,336.10544,-2.1098566,16.330252,0.2591571
4,20,10,0.0051200003,0.04960156,0.023085108,0.021003662,0.00551279,0.07596892,0.0029070945,5.5146275,0.40435973,6.3259664,1.39154,0.15193784,0.005814189,0.1449264,0.010626719,0.074248165,0.01633257,252.31277,249.90471,336.50067,-1.7958997,16.330252,0.22737432
4,21,10,0.0051200003,0.052554075,0.026745006,0.020803967,0.0050051017,0.0817695,-0.0031037198,5.4883494,0.7273289,6.027645,0.56377864,0.163539,-0.0062074396,0.1442358,0.019114465,0.07074674,0.0066170963,252.35898,250.07817,336.82608,-1.2911075,16.327684,0.24008913
4,22,10,0.0051200003,0.04874698,0.023258014,0.02049947,0.0049894988,0.07625289,0.002382198,5.448036,0.58432436,6.0182433,0.6176044,0.15250579,0.004764396,0.14317636,0.015356254,0.070636384,0.007248851,252.39102,250.35889,336.3075,-1.2019287,16.327684,0.2197554
4,23,10,0.0051200003,0.04710885,0.025573079,0.016385611,0.0051501626,0.079957925,0.002944107,4.870797,0.32041866,6.11437,0.5223054,0.15991585,0.005888214,0.1280063,0.008420719,0.07176463,0.006130322,252.45337,250.53587,337.08096,-0.8427241,16.327684,0.21611844
4,24,10,0.0051200003,0.05238989,0.029160058,0.018307153,0.00492268,0.08538158,-0.0033422105,5.148481,0.56758004,5.9778085,0.6831987,0.17076316,-0.006684421,0.13530393,0.014916213,0.07016181,0.008018733,252.50821,250.74947,337.56918,-1.2507787,16.327684,0.2410488
4,25,10,0.0051200003,0.04553269,0.0226122,0.018484708,0.0044357805,0.07518677,0.0018307737,5.173387,0.5707602,5.674483,0.12620898,0.15037353,0.0036615473,0.13595848,0.0149997845,0.06660166,0.0014813208,252.46768,250.71849,336.70908,-0.69696915,16.325043,0.23029801
4,26,10,0.0051200003,0.045172416,0.023713738,0.017129075,0.004329604,0.07699633,8.737514e-5,4.9800715,0.40426555,5.606158,-0.04728901,0.15399265,0.00017475028,0.13087809,0.010624244,0.06579973,-0.0005550338,252.48518,250.74521,337.34985,-0.35697654,16.325043,0.2812414
4,27,10,0.0051200003,0.056706633,0.033595946,0.018472817,0.0046378723,0.091645986,-0.005118764,5.1717224,0.8718069,5.802306,0.016713941,0.18329197,-0.010237528,0.13591474,0.022911403,0.06810193,0.00019617364,252.51125,250.77194,337.6235,-0.88852084,16.325043,0.28317586
4,28,10,0.0051200003,0.04932342,0.023588678,0.021159975,0.0045747673,0.07679303,0.0004076692,5.53511,0.71119505,5.7626963,0.2812994,0.15358606,0.0008153384,0.14546469,0.018690465,0.06763703,0.0033016254,252.5341,250.83191,336.979,-0.99249446,16.325043,0.3330413
4,29,10,0.0051200003,0.04652627,0.023381311,0.018977998,0.004166966,0.076454744,-0.00044844006,5.241962,0.18097463,5.499854,-0.08105197,0.15290949,-0.0008968801,0.13776065,0.0047560786,0.06455204,-0.000951311,252.60559,251.0857,337.47763,-0.099922664,16.322409,0.27518624
4,30,10,0.0051200003,0.057497416,0.034061696,0.019253502,0.004182217,0.092279054,-0.005978473,5.279874,0.41425085,5.50991,0.06888073,0.18455811,-0.011956946,0.13875699,0.010886664,0.06467006,0.00080845616,252.67328,251.33124,337.92883,-0.4831316,16.322409,0.23477939
4,31,10,0.0051200003,0.047573674,0.023733526,0.019672679,0.0041674697,0.077028446,0.0010447256,5.33704,0.25858796,5.500187,0.080224276,0.15405689,0.0020894513,0.14025933,0.006795789,0.06455594,0.00094159687,252.70576,251.54697,337.61017,-0.33881223,16.322409,0.24557619
4,32,10,0.0051200003,0.051767405,0.028130021,0.019413795,0.00422359,0.08386003,0.0003501791,5.301807,-0.14278512,5.537096,-0.028266193,0.16772006,0.0007003582,0.1393334,-0.00375244,0.06498915,-0.00033176172,252.78154,251.79735,338.16135,0.17105131,16.322409,0.29624903
4,33,10,0.0051200003,0.059571587,0.035969213,0.019524787,0.004077587,0.09482776,-0.004676584,5.316941,-0.05483856,5.44055,0.03846367,0.18965551,-0.009353168,0.13973112,-0.0014411767,0.06385598,0.00045144965,252.88342,252.16493,338.8446,0.01637489,16.319855,0.19540143
4,34,10,0.0051200003,0.048817545,0.02338616,0.021448785,0.003982601,0.07646267,0.00046818642,5.5727563,-0.20660084,5.376809,0.22921978,0.15292534,0.00093637285,0.14645404,-0.0054295454,0.063107856,0.0026903634,252.90605,252.36636,338.21347,-0.022618935,16.319855,0.19902824
4,35,10,0.0051200003,0.050533425,0.025679974,0.020822894,0.0040305587,0.08012486,0.0016575517,5.490845,-0.4183013,5.4090858,0.061070096,0.16024972,0.0033151035,0.1443014,-0.01099311,0.06348668,0.0007167839,252.95427,252.56679,338.72153,0.35723123,16.319855,0.20182277
4,36,10,0.0051200003,0.06037784,0.035919543,0.020348072,0.0041102255,0.09476226,-0.0035110177,5.427881,0.03497869,5.462281,0.2556368,0.18952452,-0.0070220353,0.14264667,0.00091925357,0.06411104,0.0030004205,252.98065,252.5975,339.129,-0.2906155,16.319855,0.1880662
4,37,10,0.0051200003,0.04917207,0.024100166,0.020745663,0.004326243,0.07762114,0.0015161207,5.480653,-0.05437687,5.6039805,0.16715555,0.15524228,0.0030322415,0.14403355,-0.0014290455,0.06577418,0.0019619125,252.98631,252.68155,338.6685,-0.11277868,16.31732,0.28587997
4,38,10,0.0051200003,0.046427004,0.024460468,0.018105585,0.003860952,0.078199215,0.0015816021,5.120059,-0.2655033,5.294055,-0.019163266,0.15639843,0.0031632043,0.134557,-0.0069775204,0.06213656,-0.00022492024,253.01825,252.69499,339.41074,0.28466654,16.31732,0.22997482
4,39,10,0.0051200003,0.050724395,0.029342692,0.016937507,0.0044441987,0.085648544,-0.0046782675,4.952145,-0.13596037,5.679864,0.2176513,0.17129709,-0.009356535,0.13014418,-0.0035730877,0.06666482,0.002554583,253.072,252.87386,339.8704,-0.08169092,16.31732,0.20619093
4,40,10,0.0051200003,0.04432316,0.023253743,0.017010842,0.0040585753,0.07624589,0.00261246,4.962855,-0.08289965,5.427852,0.47596738,0.15249178,0.00522492,0.13042562,-0.0021786327,0.06370695,0.005586451,253.0479,252.8187,339.0344,-0.39306772,16.31732,0.19237809
4,41,10,0.0051200003,0.040653557,0.022414444,0.014375482,0.0038636327,0.07485727,0.0019040743,4.5622582,-0.30756593,5.2958922,-0.29868054,0.14971454,0.0038081487,0.1198978,-0.008082943,0.062158126,-0.0035056276,253.06615,252.81183,339.48517,0.6062465,16.314714,0.14782916
4,42,10,0.0051200003,0.04301431,0.023873555,0.01483082,0.004309939,0.077255346,-0.0031608343,4.6339493,0.056946743,5.593412,-0.10801121,0.15451069,-0.0063216686,0.121781856,0.0014965802,0.06565013,-0.0012677328,253.05696,252.676,339.71756,0.051064465,16.314714,0.13608283
4,43,10,0.0051200003,0.043173525,0.021995474,0.01735365,0.0038244005,0.074154355,0.002153721,5.012613,0.020511378,5.2689357,-0.078615285,0.14830871,0.004307442,0.13173325,0.0005390459,0.061841737,-0.00092271174,253.03577,252.65923,338.80386,0.058103908,16.314714,0.15417919
4,44,10,0.0051200003,0.039829396,0.021905523,0.014047353,0.0038765213,0.07400257,0.0026695079,4.509889,-0.26004526,5.3047175,-0.21379326,0.14800514,0.0053390157,0.11852153,-0.0068340832,0.062261716,-0.0025093018,253.11893,253.00726,339.28735,0.4738385,16.314714,0.16050704
4,45,10,0.0051200003,0.046484284,0.028103774,0.014395652,0.003984857,0.0838209,-0.0033816297,4.5654583,-0.142302,5.3783317,-0.43151698,0.1676418,-0.0067632594,0.119981885,-0.0037397514,0.06312572,-0.005064734,253.20274,253.36072,339.7845,0.573819,16.312069,0.16797857
4,46,10,0.0051200003,0.042327825,0.021616934,0.016437482,0.0042734104,0.07351349,0.0022451167,4.8785,-0.35727352,5.569658,-0.34040803,0.14702699,0.0044902335,0.12820874,-0.009389276,0.06537133,-0.003995384,253.25797,253.63115,339.46442,0.69768155,16.312069,0.22349624
4,47,10,0.0051200003,0.043000586,0.022052696,0.01674012,0.00420777,0.07425075,0.0020190505,4.9232054,-0.5203487,5.526716,-0.36693338,0.1485015,0.004038101,0.12938361,-0.013674953,0.064867325,-0.0043067136,253.32329,253.83553,339.9171,0.88728213,16.312069,0.23035212
4,48,10,0.0051200003,0.04969109,0.029875148,0.01604099,0.003774947,0.086422145,-0.0027437161,4.8193035,-0.10958777,5.2347584,0.049819075,0.17284429,-0.0054874322,0.12665303,-0.002880005,0.0614406,0.00058472826,253.3478,253.8628,340.27692,0.0597687,16.312069,0.2241023
4,49,10,0.0051200003,0.043332573,0.02095321,0.018364571,0.004014795,0.07237612,0.0014403348,5.156548,0.102842584,5.3984976,-0.17064898,0.14475223,0.0028806697,0.13551594,0.0027027365,0.06336241,-0.0020029151,253.32585,253.7418,339.69254,0.06780639,16.309475,0.18667126
4,50,10,0.0051200003,0.04653026,0.023320887,0.019453302,0.0037560724,0.07635589,0.0013299194,5.307198,0.07664497,5.2216554,-0.3336135,0.15271178,0.0026598389,0.13947509,0.002014254,0.061286803,-0.003915637,253.3325,253.66603,339.73752,0.25696856,16.309475,0.21402109
4,51,10,0.0051200003,0.051852647,0.029150018,0.018880963,0.0038216687,0.08536688,-0.0027633628,5.2285438,0.28932413,5.2670536,-0.14270645,0.17073376,-0.0055267257,0.13740802,0.007603542,0.061819647,-0.0016749522,253.3573,253.7605,339.8266,-0.14661768,16.309475,0.19043812
4,52,10,0.0051200003,0.04424806,0.022259811,0.01825967,0.0037285779,0.07459861,0.0021315846,5.1417994,0.36838225,5.202509,-0.12998378,0.14919722,0.004263169,0.13512835,0.00968122,0.061062083,-0.0015256256,253.33858,253.72928,339.23074,-0.23839846,16.309475,0.16978642
4,53,10,0.0051200003,0.043646384,0.02398049,0.015911013,0.0037548805,0.07742818,0.0020415434,4.7997384,0.10920357,5.2208266,-0.46039283,0.15485635,0.0040830867,0.12613887,0.002869909,0.06127708,-0.0054036523,253.38376,253.85771,339.93292,0.35118926,16.306847,0.13465849
4,54,10,0.0051200003,0.053708702,0.031673707,0.018049061,0.003985934,0.08898554,-0.003518504,5.112061,0.21410166,5.3790584,0.045190137,0.17797108,-0.007037008,0.1343468,0.005626672,0.06313425,0.0005303987,253.42604,254.01085,340.3529,-0.2592918,16.306847,0.15593207
4,55,10,0.0051200003,0.045297656,0.021907026,0.019255653,0.0041349786,0.07400511,0.0010310408,5.2801685,0.37951648,5.478704,0.18726942,0.14801022,0.0020620816,0.13876474,0.0099738315,0.0643038,0.0021979893,253.39452,254.01059,339.6348,-0.56678593,16.306847,0.16547136
4,56,10,0.0051200003,0.04474597,0.021041756,0.019306367,0.004397846,0.072528884,0.0002077462,5.287117,0.3442191,5.650166,0.092882134,0.14505777,0.0004154924,0.13894735,0.009046202,0.066316254,0.0010901621,253.38191,253.84091,339.90735,-0.43710122,16.306847,0.15742509
4,57,10,0.0051200003,0.05278688,0.030716838,0.017671375,0.004398666,0.0876311,-0.0046960255,5.0582914,0.3096007,5.6506925,0.4539771,0.1752622,-0.009392051,0.13293372,0.00813642,0.06632244,0.0053283493,253.4001,253.89386,340.0201,-0.7635778,16.304161,0.16057993
4,58,10,0.0051200003,0.046447456,0.024280753,0.017670475,0.0044962284,0.077911414,2.464163e-5,5.058163,0.12514779,5.713016,0.5687537,0.15582283,4.928326e-5,0.13293034,0.003288932,0.06705392,0.0066754874,253.41772,254.07256,339.40784,-0.69390154,16.304161,0.1758273
4,59,10,0.0051200003,0.044778973,0.023920104,0.016955141,0.0039037275,0.07733063,0.001634591,4.9547224,-0.009517496,5.3233,0.29386345,0.15466125,0.003269182,0.1302119,-0.00025012277,0.062479816,0.0034490884,253.46033,254.1573,340.13873,-0.28434595,16.304161,0.14922035
4,60,10,0.0051200003,0.04965039,0.027853126,0.017580822,0.004216443,0.08344628,-0.003103827,5.0453153,0.17516743,5.5324097,0.579189,0.16689256,-0.006207654,0.1325927,0.0046034623,0.06493414,0.006797968,253.49171,254.25221,340.8153,-0.75435644,16.304161,0.16515905
4,61,10,0.0051200003,0.043800328,0.021200998,0.018329572,0.004269759,0.07280281,-0.00030218344,5.151632,0.2895085,5.567278,0.5202576,0.14560562,-0.0006043669,0.13538675,0.007608385,0.065343395,0.006106287,253.43604,254.08237,339.8019,-0.80976605,16.301441,0.16856897
4,62,10,0.0051200003,0.044238836,0.022492917,0.017635966,0.004109953,0.074988194,-0.0008808148,5.053221,0.20353197,5.4620996,0.38971043,0.14997639,-0.0017616296,0.13280047,0.005348892,0.064108916,0.004574049,253.44156,254.0045,339.9364,-0.5932424,16.301441,0.13919935
4,63,10,0.0051200003,0.052835725,0.030173406,0.018509084,0.004153238,0.08685247,-0.0065837116,5.176797,0.14682303,5.490788,0.63529015,0.17370494,-0.013167423,0.1360481,0.003858562,0.06444562,0.0074564293,253.50157,254.21977,340.40384,-0.7821132,16.301441,0.15396039
4,64,10,0.0051200003,0.04416822,0.021365108,0.01853251,0.004270597,0.07308404,-0.0009414724,5.1800714,0.12596557,5.5678244,0.9335133,0.14616808,-0.0018829448,0.13613416,0.0033104203,0.0653498,0.010956687,253.48947,254.18173,339.94043,-1.0594789,16.301441,0.16495562
4,65,10,0.0051200003,0.04332319,0.023453679,0.016163632,0.0037058787,0.07657297,-0.0004874187,4.8376913,-0.08460593,5.186649,0.32770422,0.15314594,-0.0009748374,0.12713628,-0.0022234714,0.06087593,0.0038462798,253.4972,254.15112,340.2266,-0.24309829,16.298643,0.107452944
4,66,10,0.0051200003,0.04669816,0.026232626,0.016610414,0.0038551202,0.08098245,-0.004204322,4.9040947,0.33110216,5.290055,0.73478127,0.1619649,-0.008408644,0.1288814,0.008701482,0.062089615,0.008624162,253.49274,254.10815,340.4114,-1.0658834,16.298643,0.13551116
4,67,10,0.0051200003,0.044276793,0.021027168,0.01893452,0.0043151053,0.07250374,0.00069887994,5.235954,0.7057868,5.596762,0.9118414,0.14500748,0.0013977599,0.13760276,0.018548332,0.06568946,0.010702323,253.42284,253.91998,339.43848,-1.6176282,16.298643,0.17825344
4,68,10,0.0051200003,0.04560135,0.02444208,0.017426137,0.003733133,0.078169815,-4.5809706e-5,5.0230694,0.5121399,5.2056856,0.4808194,0.15633963,-9.161941e-5,0.13200809,0.013459215,0.06109937,0.0056433985,253.41124,253.79028,339.7523,-0.9929593,16.298643,0.15847668
4,69,10,0.0051200003,0.054990042,0.035017874,0.016382309,0.0035898567,0.093565315,-0.004063926,4.8703055,0.23532967,5.104812,0.55907595,0.18713063,-0.008127852,0.12799339,0.0061845495,0.059915412,0.0065618996,253.43394,253.87437,339.9888,-0.79440564,16.29584,0.1592348
4,70,10,0.0051200003,0.04164439,0.02217418,0.01588992,0.0035802904,0.074454986,7.824058e-5,4.7965555,0.077980235,5.098006,0.43453953,0.14890997,0.00015648115,0.12605523,0.0020493497,0.059835527,0.0051002097,253.43872,253.93951,339.31287,-0.5125198,16.29584,0.13012266
4,71,10,0.0051200003,0.040230997,0.021813652,0.015037545,0.0033798006,0.07384723,-0.00014688917,4.6661334,-0.11484836,4.9532104,0.13756734,0.14769445,-0.00029377834,0.12262767,-0.0030182542,0.058136053,0.0016146343,253.49072,254.13344,339.82748,-0.02271898,16.29584,0.12561303
4,72,10,0.0051200003,0.050700814,0.032117445,0.0149719715,0.0036113965,0.0896067,-0.004448352,4.655948,0.19554178,5.1201043,0.5736111,0.1792134,-0.008896704,0.122360006,0.005138912,0.060094897,0.0067324988,253.5105,254.2478,340.36557,-0.7691529,16.29584,0.15124509
4,73,10,0.0051200003,0.04118358,0.020831633,0.016896548,0.0034553984,0.07216584,0.0014986079,4.946154,0.14708921,5.0083,0.037285052,0.14433168,0.0029972158,0.12998672,0.0038655575,0.058782637,0.00043761663,253.4687,254.12926,339.6396,-0.18437427,16.293085,0.116102405
4,74,10,0.0051200003,0.041585118,0.022481194,0.015602558,0.0035013685,0.07496865,-1.1515362e-5,4.752987,-1.0962438e-5,5.041504,-0.3732499,0.1499373,-2.3030723e-5,0.1249102,-2.8778808e-7,0.059172362,-0.0043808515,253.44868,253.97386,339.9457,0.37326086,16.293085,0.13436243
4,75,10,0.0051200003,0.047322355,0.02936715,0.014373384,0.0035818215,0.08568423,-0.0036591063,4.5619254,0.3434599,5.0990953,0.10658501,0.17136846,-0.0073182127,0.11988905,0.00902625,0.05984832,0.0012509931,253.42862,253.80382,340.03424,-0.45004493,16.293085,0.15224184
4,76,10,0.0051200003,0.038866714,0.019201698,0.01612485,0.0035401646,0.069285095,0.00042188558,4.831884,0.19128427,5.069358,0.18487291,0.13857019,0.00084377115,0.12698366,0.0050270194,0.059499282,0.0021698612,253.41563,253.84268,339.3253,-0.37615716,16.293085,0.14960274
4,77,10,0.0051200003,0.04172518,0.023729991,0.01471077,0.0032844194,0.07702271,0.0005263671,4.615156,-0.20580575,4.8828177,-0.35704926,0.15404542,0.0010527342,0.121287964,-0.0054086484,0.057309855,-0.004190704,253.4394,253.9775,339.66376,0.562855,16.290329,0.13645253
4,78,10,0.0051200003,0.04583307,0.028180122,0.014326292,0.0033266528,0.08393468,-0.0024671962,4.554446,-0.00055411365,4.9141107,-0.10088441,0.16786936,-0.0049343924,0.11969249,-1.4562498e-5,0.057677142,-0.0011840854,253.46944,254.0865,340.1848,0.10143852,16.290329,0.13587515
4,79,10,0.0051200003,0.03663441,0.018099478,0.014821561,0.0037133745,0.06726715,0.0032631755,4.632502,0.1667793,5.191891,-0.14581957,0.1345343,0.006526351,0.121743836,0.004383019,0.060937464,-0.0017114904,253.43817,254.00063,339.6684,-0.02095972,16.290329,0.11461474
4,80,10,0.0051200003,0.043467548,0.025532676,0.014255001,0.00367987,0.07989474,0.0022862335,4.5431,0.012881771,5.168416,-0.59589046,0.15978947,0.004572467,0.11939431,0.00033853934,0.06066193,-0.0069939946,253.41635,253.88329,339.5251,0.5830087,16.290329,0.13050193
4,81,10,0.0051200003,0.051304225,0.033881076,0.013523521,0.0038996316,0.092034064,-0.002959748,4.425003,0.085338175,5.320507,-0.34105578,0.18406813,-0.005919496,0.11629067,0.0022427181,0.06244703,-0.0040029883,253.42975,253.92175,339.637,0.2557176,16.287651,0.13896208
4,82,10,0.0051200003,0.040180568,0.020579316,0.0155931795,0.004008072,0.07172746,0.0024123827,4.751558,0.053937946,5.3939753,-0.15114293,0.14345492,0.0048247655,0.124872655,0.0014175082,0.063309334,-0.001773971,253.4276,254.02,338.9445,0.09720498,16.287651,0.12267811
4,83,10,0.0051200003,0.037384506,0.019642815,0.014417895,0.0033237978,0.07007641,0.0023886857,4.568984,-0.21676776,4.9120016,-0.49807256,0.14015283,0.0047773714,0.12007454,-0.005696735,0.057652388,-0.0058459006,253.45001,254.08481,339.71185,0.7148403,16.287651,0.13989203
4,84,10,0.0051200003,0.048074238,0.02998759,0.014468846,0.0036178022,0.08658463,-0.0022715845,4.57705,-0.005814562,5.1246433,-0.07349527,0.17316926,-0.004543169,0.12028652,-0.00015280764,0.06014817,-0.0008626175,253.42216,253.92226,340.2874,0.07930983,16.287651,0.15253325
4,85,10,0.0051200003,0.036011986,0.017313588,0.014751212,0.003947186,0.06579056,0.0015030765,4.6214957,0.19166611,5.352849,-0.28483763,0.13158111,0.003006153,0.12145457,0.0050370544,0.06282663,-0.0033431523,253.34485,253.59671,339.20352,0.09317152,16.285076,0.13147448
4,86,10,0.0051200003,0.041737404,0.023390163,0.014334812,0.0040124287,0.07646921,-0.0006228634,4.5558,0.011441847,5.396906,-0.8844384,0.15293843,-0.0012457268,0.11972807,0.0003006961,0.06334373,-0.010380693,253.3346,253.47379,339.07156,0.87299657,16.285076,0.14379188
4,87,10,0.0051200003,0.051547866,0.031816617,0.015940055,0.0037911956,0.089186065,-0.004042975,4.804117,0.0064104255,5.2460127,-0.4111877,0.17837213,-0.00808595,0.12625393,0.00016846921,0.061572686,-0.004826129,253.35347,253.54344,339.21085,0.4047773,16.285076,0.16608234
4,88,10,0.0051200003,0.04029996,0.018543491,0.017902156,0.0038543108,0.06808724,0.0006594375,5.091214,-0.09102233,5.2894998,-0.36415917,0.13617449,0.001318875,0.13379894,-0.0023921,0.062083095,-0.004274152,253.3661,253.66505,338.7838,0.45518148,16.285076,0.14730184
4,89,10,0.0051200003,0.04427923,0.025752006,0.014947101,0.0035801241,0.08023716,0.0025618826,4.65208,-0.22993307,5.097888,-0.70859206,0.16047432,0.005123765,0.122258335,-0.0060427217,0.059834138,-0.008316777,253.42424,253.84935,339.2959,0.93852514,16.282558,0.114934325
4,90,10,0.0051200003,0.050673086,0.032301936,0.0146897985,0.0036813498,0.089863695,-0.002770431,4.6118646,0.14993615,5.1694546,-0.23956499,0.17972739,-0.005540862,0.12120148,0.0039403774,0.060674127,-0.0028117853,253.42772,253.74448,339.48706,0.08962883,16.282558,0.13565363
4,91,10,0.0051200003,0.036650766,0.018392513,0.0141209215,0.0041373344,0.0678095,0.0031541002,4.5216837,0.30898836,5.4802647,-0.34775653,0.135619,0.0063082003,0.118831486,0.008120324,0.064322114,-0.0040816343,253.41687,253.71362,338.9458,0.038768172,16.282558,0.13560267
4,92,10,0.0051200003,0.04007679,0.022653932,0.013394341,0.004028519,0.07525612,0.0023524296,4.403818,-0.1274758,5.4077168,-0.915244,0.15051223,0.004704859,0.11573392,-0.0033501098,0.06347062,-0.01074226,253.46735,253.99138,339.39456,1.0427198,16.282558,0.1339447
4,93,10,0.0051200003,0.047563784,0.031828213,0.01171728,0.0040182914,0.089202315,-0.0024262408,4.118908,-0.008302515,5.4008474,-0.48290625,0.17840463,-0.0048524817,0.108246386,-0.00021819153,0.063389994,-0.0056678928,253.49347,254.17993,339.8046,0.49120876,16.280094,0.19407436
4,94,10,0.0051200003,0.033723116,0.016752753,0.012934314,0.0040360484,0.06471621,0.0030959423,4.3275332,0.09907459,5.412768,-0.51305264,0.12943242,0.0061918846,0.11372913,0.0026037162,0.0635299,-0.006021722,253.44781,254.01219,338.9813,0.41397804,16.280094,0.2500938
4,95,10,0.0051200003,0.036549557,0.021140091,0.011836633,0.0035728328,0.07269816,0.002740147,4.139833,0.10140147,5.092694,-0.83900285,0.14539632,0.005480294,0.10879629,0.0026648652,0.059773177,-0.009847415,253.43637,253.87573,339.44263,0.7376014,16.280094,0.17862226
4,96,10,0.0051200003,0.044758424,0.028113987,0.012955366,0.0036890744,0.08383613,-0.0023747243,4.3310533,0.19059406,5.1748767,-0.41616628,0.16767226,-0.0047494485,0.11382164,0.0050088824,0.06073775,-0.0048845643,253.40428,253.67047,339.46475,0.22557221,16.280094,0.16472298
4,97,10,0.0051200003,0.035125997,0.018143095,0.013762168,0.0032207323,0.06734815,0.0019454792,4.4638753,0.24323691,4.8352456,-0.21578787,0.1346963,0.0038909584,0.11731227,0.006392352,0.056751497,-0.0025327124,253.33183,253.36923,338.55063,-0.027449042,16.277634,0.13548662
4,98,10,0.0051200003,0.03402979,0.019287389,0.011586304,0.0031560948,0.06943952,0.0018467149,4.095823,0.15994854,4.78648,-0.7223109,0.13887905,0.0036934298,0.10763969,0.004203507,0.056179132,-0.008477798,253.33574,253.21655,338.73904,0.5623624,16.277634,0.1230237
4,99,10,0.0051200003,0.04595508,0.029114533,0.013271958,0.0035685885,0.08531491,-0.0021642183,4.3836536,0.05859132,5.089668,-0.3637556,0.17062981,-0.0043284367,0.115203984,0.0015398009,0.059737664,-0.0042694164,253.39082,253.37831,338.90735,0.30516428,16.277634,0.15758699
4,100,10,0.0051200003,0.03593747,0.018541384,0.013792701,0.003603384,0.068083376,0.0033826358,4.4688253,0.23771511,5.1144214,-0.3324323,0.13616675,0.0067652715,0.11744233,0.0062472397,0.06002819,-0.0039017727,253.41678,253.55086,338.544,0.09471719,16.277634,0.15368485
5,1,10,0.0040960005,0.04180993,0.019249462,0.018771792,0.0037886808,0.069371216,-0.0015795045,5.2134056,0.48833227,5.244272,0.27895635,0.13874243,-0.003159009,0.13701019,0.012833546,0.06155226,0.0032741264,253.81453,254.87244,341.0886,-0.7672886,16.27514,0.4555724
5,2,10,0.0040960005,0.044004425,0.022673965,0.01762789,0.0037025744,0.07528938,-0.0025999537,5.052064,0.3105492,5.1843357,-0.17242332,0.15057877,-0.0051999073,0.13277006,0.00816135,0.060848784,-0.0020237397,253.8389,254.91776,341.53516,-0.13812588,16.27514,0.45679307
5,3,10,0.0040960005,0.05374708,0.029075945,0.021020617,0.003650517,0.08525835,-0.00795704,5.5168524,0.44261,5.1477613,0.037433356,0.1705167,-0.01591408,0.14498489,0.011631946,0.060419507,0.00043935698,253.82022,254.78816,341.79718,-0.48004335,16.27514,0.50384694
5,4,10,0.0040960005,0.04483695,0.019030614,0.022101631,0.003704706,0.06897575,-0.0019147459,5.65693,0.40590283,5.185828,0.1914989,0.1379515,-0.0038294918,0.14866617,0.010667271,0.060866296,0.0022476318,253.72423,254.44756,340.8114,-0.59740174,16.27514,0.5032381
5,5,10,0.0040960005,0.040442374,0.020738093,0.016427767,0.0032765167,0.07200363,-0.0032090568,4.877058,-0.048390437,4.8769403,-0.16680191,0.14400727,-0.0064181136,0.12817085,-0.0012717186,0.057240866,-0.0019577628,253.70299,254.22934,341.23642,0.21519235,16.273087,0.2681455
5,6,10,0.0040960005,0.052852385,0.031926233,0.01744303,0.003483124,0.08933957,-0.0070430795,5.025504,-0.049820215,5.0283527,-0.074610434,0.17867914,-0.014086159,0.13207206,-0.0013092961,0.059017997,-0.000875703,253.70631,254.19626,341.34225,0.12443065,16.273087,0.29236218
5,7,10,0.0040960005,0.036770817,0.016623018,0.016766237,0.0033815599,0.06446514,-0.0027970942,4.927044,-0.14878002,4.954499,-0.1542355,0.12893029,-0.0055941883,0.1294845,-0.0039099935,0.05815118,-0.001810268,253.66316,254.0713,340.50272,0.30301553,16.273087,0.28432074
5,8,10,0.0040960005,0.03679507,0.019741053,0.013713921,0.003340097,0.07025143,-0.002684665,4.456044,-0.35714877,4.9240313,-0.6223046,0.14050286,-0.00536933,0.11710645,-0.009385998,0.057793573,-0.0073040184,253.66145,254.0583,340.86176,0.9794534,16.273087,0.24198796
5,9,10,0.0040960005,0.047434106,0.030297175,0.013850384,0.003286547,0.08703042,-0.009039197,4.47816,-0.52281225,4.8843994,-0.22219603,0.17406084,-0.018078394,0.11768766,-0.013739697,0.057328414,-0.0026079235,253.62567,253.9362,340.82486,0.7450083,16.271027,0.2688813
5,10,10,0.0040960005,0.03590585,0.019559637,0.013109491,0.0032367227,0.069927886,-0.0028221917,4.3567395,-0.47363514,4.8472333,-0.14127244,0.13985577,-0.0056443834,0.114496686,-0.0124473,0.0568922,-0.0016581215,253.52177,253.57106,339.68167,0.61490756,16.271027,0.22081937
5,11,10,0.0040960005,0.03271333,0.017095761,0.01266223,0.0029553408,0.06537538,-0.0042468603,4.281774,-0.56472194,4.6317487,-0.58306944,0.13075076,-0.008493721,0.11252657,-0.0148410965,0.054363046,-0.0068435115,253.42596,252.99866,339.78006,1.1477914,16.271027,0.2534263
5,12,10,0.0040960005,0.04508398,0.029059598,0.012882515,0.003141868,0.08523438,-0.008356747,4.318858,-0.2055115,4.7756796,-0.35753956,0.17046876,-0.016713494,0.11350117,-0.0054009166,0.056052368,-0.0041964566,253.3412,252.55788,339.53763,0.56305104,16.271027,0.24953844
5,13,10,0.0040960005,0.034615416,0.018701283,0.013166617,0.0027475164,0.06837632,-0.0031249712,4.366221,-0.39035696,4.4659243,-0.0075585917,0.13675264,-0.0062499424,0.11474588,-0.010258725,0.052416757,-8.871504e-5,253.25397,252.27759,338.37097,0.39791554,16.269033,0.28399196
5,14,10,0.0040960005,0.03294009,0.01675879,0.013430592,0.0027507085,0.06472787,-0.003541189,4.409773,-0.56829,4.4685183,-0.36330444,0.12945575,-0.007082378,0.11589043,-0.014934868,0.052447196,-0.0042641205,253.24893,252.13182,338.75092,0.93159443,16.269033,0.31693628
5,15,10,0.0040960005,0.044276115,0.027612222,0.013469093,0.003194799,0.08308463,-0.00766597,4.416089,-0.51440305,4.8157396,-0.19895898,0.16616926,-0.01533194,0.11605642,-0.013518697,0.056522552,-0.0023351917,253.27797,252.21846,339.11917,0.71336204,16.269033,0.29105854
5,16,10,0.0040960005,0.034852732,0.017864555,0.013813783,0.0031743944,0.066829175,-0.0031069731,4.472239,-0.6505156,4.800336,-0.26698235,0.13365835,-0.0062139463,0.11753205,-0.017095782,0.056341764,-0.0031335836,253.26581,252.27158,338.2597,0.917498,16.269033,0.24607033
5,17,10,0.0040960005,0.035087533,0.018092565,0.014185601,0.0028093683,0.067254305,-0.0024901014,4.5320272,-0.9391921,4.515913,-0.39654565,0.13450861,-0.0049802028,0.11910332,-0.024682308,0.053003475,-0.0046542743,253.28119,252.29578,338.62042,1.3357377,16.267014,0.24792379
5,18,10,0.0040960005,0.04320922,0.02465779,0.01557053,0.0029809042,0.078513995,-0.007251337,4.7481055,-0.85609335,4.6517377,-0.36375624,0.15702799,-0.014502674,0.12478193,-0.022498444,0.054597657,-0.004269424,253.30663,252.4183,339.02557,1.2198496,16.267014,0.25164565
5,19,10,0.0040960005,0.03452201,0.015913412,0.015567774,0.0030408248,0.06307419,-0.001744395,4.7476854,-0.81908286,4.698259,-0.42617244,0.12614837,-0.00348879,0.12477089,-0.021525793,0.055143673,-0.005002004,253.28732,252.40523,338.38782,1.2452552,16.267014,0.24863513
5,20,10,0.0040960005,0.03573012,0.018609945,0.013978907,0.0031412684,0.068209134,-0.0024262615,4.4988894,-0.99138594,4.775224,-0.83610135,0.13641827,-0.004852523,0.11823243,-0.026053978,0.05604702,-0.009813357,253.25908,252.19861,338.58316,1.8274872,16.267014,0.25727895
5,21,10,0.0040960005,0.042803317,0.027008548,0.012818534,0.0029762369,0.08217139,-0.0059536826,4.3081203,-0.61945707,4.6480947,-0.058523852,0.16434278,-0.011907365,0.11321896,-0.016279558,0.0545549,-0.00068689656,253.2326,252.10399,338.63022,0.6779809,16.264923,0.23990045
5,22,10,0.0040960005,0.035749488,0.017754959,0.015067445,0.002927084,0.06662387,-0.0013336802,4.67077,-0.51786506,4.6095533,-0.091570616,0.13324773,-0.0026673605,0.12274952,-0.013609679,0.054102533,-0.0010747687,253.19485,252.0277,337.60828,0.6094357,16.264923,0.30746526
5,23,10,0.0040960005,0.035508707,0.017977424,0.014673493,0.002857791,0.06703996,-0.0019102641,4.6093044,-0.8710687,4.554665,-0.40367714,0.13407992,-0.0038205283,0.12113419,-0.022892004,0.05345831,-0.0047379774,253.22328,252.07532,337.8784,1.2747458,16.264923,0.29263502
5,24,10,0.0040960005,0.04902216,0.029529933,0.016369024,0.0031232033,0.08592138,-0.006062345,4.8683305,-0.8416269,4.761473,-0.36805725,0.17184275,-0.01212469,0.12794149,-0.022118255,0.055885628,-0.004319905,253.25876,252.1106,338.3556,1.2096841,16.264923,0.298473
5,25,10,0.0040960005,0.036132306,0.016986972,0.016327117,0.0028182196,0.06516704,-7.29028e-5,4.862095,-0.58259785,4.523021,0.20897028,0.13033408,-0.0001458056,0.1277776,-0.015310884,0.053086907,0.0024526939,253.23785,252.1688,337.95566,0.37362757,16.262756,0.28952596
5,26,10,0.0040960005,0.036305845,0.017315213,0.016188357,0.0028022733,0.06579364,-0.0014919476,4.84139,-0.81352067,4.5102067,-0.19235751,0.13158728,-0.0029838951,0.12723348,-0.021379616,0.0529365,-0.0022577096,253.22234,252.11115,338.15265,1.0058782,16.262756,0.2990748
5,27,10,0.0040960005,0.04458623,0.025354465,0.016258528,0.002973237,0.07961543,-0.0062840246,4.8518715,-0.51814324,4.6457524,0.02935452,0.15923086,-0.012568049,0.12750894,-0.01361699,0.0545274,0.00034453472,253.17384,251.85345,338.16254,0.48878872,16.262756,0.30703768
5,28,10,0.0040960005,0.03629371,0.01684646,0.016660418,0.0027868333,0.064896956,-0.00014812867,4.9114714,-0.31124303,4.4977646,-0.08674377,0.12979391,-0.00029625735,0.12907524,-0.00817958,0.052790467,-0.0010181147,253.09187,251.49203,337.38028,0.3979868,16.262756,0.30815068
5,29,10,0.0040960005,0.03341379,0.017355574,0.013353591,0.0027046243,0.06587028,-0.0020100388,4.397114,-0.03263643,4.4309278,0.011976531,0.13174056,-0.0040200776,0.11555774,-0.0008576973,0.052006003,0.00014056942,253.06522,251.32642,337.44168,0.0206599,16.260515,0.1661032
5,30,10,0.0040960005,0.04121857,0.024237065,0.013941017,0.003040488,0.07784129,-0.006748061,4.492788,0.10276598,4.6979985,0.2952969,0.15568258,-0.013496122,0.118072085,0.0027007316,0.055140622,0.0034659116,253.04077,251.24527,337.32532,-0.39806288,16.260515,0.19168694
5,31,10,0.0040960005,0.034932368,0.01746731,0.014568938,0.0028961198,0.06608198,-0.0016105808,4.5928535,0.18796341,4.585107,0.18282646,0.13216396,-0.0032211617,0.12070186,0.0049397494,0.05381561,0.0021458415,252.98651,251.0775,336.46542,-0.3707899,16.260515,0.20543416
5,32,10,0.0040960005,0.034587145,0.017460627,0.014225737,0.002900778,0.066069335,-0.0026548782,4.5384345,-0.07405961,4.588793,-0.21418795,0.13213867,-0.0053097564,0.119271696,-0.0019463174,0.053858873,-0.002513933,252.97836,250.95247,336.89694,0.28824756,16.260515,0.20798287
5,33,10,0.0040960005,0.03904461,0.021322692,0.014919034,0.0028028865,0.07301146,-0.0073792445,4.6477103,0.57489324,4.5107007,0.2824754,0.14602292,-0.014758489,0.1221435,0.015108402,0.052942295,0.0033154269,252.92708,250.69247,337.04578,-0.85736865,16.25818,0.28445205
5,34,10,0.0040960005,0.034700528,0.01599243,0.015998563,0.002709539,0.06323059,-0.0025907897,4.812926,0.65396166,4.4349513,0.34874463,0.12646118,-0.0051815794,0.12648542,0.01718635,0.05205323,0.004093232,252.83174,250.35071,336.11633,-1.0027063,16.25818,0.26857772
5,35,10,0.0040960005,0.035999972,0.01675547,0.016750056,0.0024944458,0.06472146,-0.004003257,4.9246664,0.5441407,4.255281,-0.015199739,0.12944292,-0.008006514,0.12942201,0.014300218,0.049944427,-0.0001783991,252.76341,249.99992,336.00504,-0.528941,16.25818,0.26893818
5,36,10,0.0040960005,0.043562166,0.022750696,0.018097004,0.002714466,0.07541667,-0.007953941,5.1188455,0.8509767,4.4389825,0.16020419,0.15083334,-0.015907882,0.1345251,0.022363976,0.05210054,0.0018803234,252.70119,249.72388,335.79868,-1.0111809,16.25818,0.278819
5,37,10,0.0040960005,0.036784858,0.0158362,0.018262183,0.002686476,0.06292098,-0.0031598941,5.1421533,0.68343055,4.416037,0.30736068,0.12584196,-0.0063197883,0.13513765,0.017960798,0.051831227,0.0036075066,252.63814,249.51381,334.90405,-0.9907912,16.255795,0.32200757
5,38,10,0.0040960005,0.035658717,0.015381323,0.017605359,0.002672036,0.06201073,-0.0042599663,5.0488343,0.5818526,4.404153,0.07520469,0.12402146,-0.008519933,0.13268518,0.015291296,0.05169174,0.000882681,252.62599,249.43541,335.16815,-0.6570573,16.255795,0.30318755
5,39,10,0.0040960005,0.045438804,0.024339577,0.01837641,0.0027228165,0.07800573,-0.007943935,5.15821,0.9197816,4.445805,0.3498263,0.15601146,-0.01588787,0.13555962,0.024172192,0.052180614,0.004105928,252.5932,249.30972,334.9802,-1.2696079,16.255795,0.30341592
5,40,10,0.0040960005,0.040112317,0.018091664,0.019266957,0.002753698,0.06725263,-0.0033000612,5.2817183,0.6264007,4.470946,0.3821412,0.13450526,-0.0066001224,0.13880546,0.016462034,0.05247569,0.004485208,252.55255,249.24915,334.22733,-1.008542,16.255795,0.31773037
5,41,10,0.0040960005,0.036805574,0.017865933,0.016262751,0.0026768902,0.06683175,-0.004367366,4.8525014,0.3173962,4.408151,-0.053586718,0.1336635,-0.008734732,0.1275255,0.0083412845,0.051738672,-0.00062894926,252.55127,249.21625,334.59833,-0.26380947,16.25334,0.22447276
5,42,10,0.0040960005,0.04071157,0.020366378,0.017562587,0.0027826068,0.07135541,-0.00704416,5.042697,0.6293351,4.494353,0.017266693,0.14271082,-0.01408832,0.13252391,0.016539149,0.05275042,0.0002026603,252.52043,249.09915,334.5974,-0.6466018,16.25334,0.21132752
5,43,10,0.0040960005,0.038421232,0.017084088,0.018481413,0.0028557302,0.06535306,-0.0024103436,5.1729264,0.4562775,4.553023,-0.065825984,0.13070612,-0.004820687,0.13594636,0.011991138,0.053439032,-0.0007726028,252.46962,248.99933,333.8544,-0.3904515,16.25334,0.22295299
5,44,10,0.0040960005,0.038696554,0.0176236,0.018018046,0.0030549045,0.066376954,-0.004407322,5.1076665,0.3907546,4.709123,-0.3979595,0.13275391,-0.008814644,0.13423131,0.010269174,0.05527119,-0.004670868,252.4544,248.94543,334.03394,0.0072048903,16.25334,0.21003056
5,45,10,0.0040960005,0.04587306,0.02614821,0.016578803,0.0031460484,0.08085204,-0.0073866663,4.8994265,0.41485408,4.7788563,-0.11438376,0.16170408,-0.0147733325,0.1287587,0.010902511,0.056089647,-0.0013425284,252.4071,248.75478,334.01523,-0.30047032,16.25094,0.16952433
5,46,10,0.0040960005,0.041975122,0.02182747,0.016987616,0.0031600327,0.073870614,-0.0027470205,4.959466,0.4472525,4.789465,-0.03219799,0.14774123,-0.005494041,0.13033655,0.011753963,0.05621417,-0.00037790864,252.32088,248.40381,333.13538,-0.41505453,16.25094,0.20499481
5,47,10,0.0040960005,0.040596034,0.019682515,0.01761144,0.0033020787,0.070147194,-0.0051533515,5.0497065,0.55103016,4.895927,-0.3351631,0.14029439,-0.010306703,0.1327081,0.014481273,0.057463717,-0.003933825,252.30112,248.28583,333.4293,-0.21586707,16.25094,0.2267357
5,48,10,0.0040960005,0.04593151,0.022209061,0.020208351,0.0035140954,0.074513525,-0.007697139,5.409213,0.68205637,5.050658,-0.32251438,0.14902705,-0.015394278,0.14215608,0.017924687,0.059279807,-0.003785366,252.28864,248.23738,333.43588,-0.35954198,16.25094,0.24308382
5,49,10,0.0040960005,0.044211634,0.020664725,0.020196473,0.0033504386,0.07187615,-0.0009235457,5.4076233,0.33184996,4.9316473,0.018180799,0.1437523,-0.0018470914,0.1421143,0.008721138,0.057882972,0.0002133899,252.2439,248.15536,332.4608,-0.35003075,16.248652,0.2510351
5,50,10,0.0040960005,0.044703756,0.020651143,0.020549757,0.0035028583,0.07185253,-0.0028620579,5.454715,0.11008049,5.042577,-0.172325,0.14370506,-0.0057241158,0.14335187,0.002892959,0.05918495,-0.0020225854,252.241,248.16092,332.7253,0.062244512,16.248652,0.25587207
5,51,10,0.0040960005,0.049035594,0.025129251,0.020410161,0.003496181,0.07926104,-0.0062452517,5.4361563,0.10215678,5.037768,0.014009524,0.15852208,-0.0124905035,0.14286414,0.0026847185,0.05912851,0.00016443085,252.24838,248.23486,332.74524,-0.11616631,16.248652,0.247152
5,52,10,0.0040960005,0.04769975,0.022958387,0.021282382,0.0034589819,0.075760126,-0.0017156838,5.5510964,0.051203024,5.0108957,0.032959793,0.15152025,-0.0034313677,0.14588483,0.0013456345,0.05881311,0.00038685085,252.2382,248.24709,332.2717,-0.08416282,16.248652,0.25283924
5,53,10,0.0040960005,0.0410597,0.020462975,0.016733918,0.0038628047,0.07152443,-0.0011193439,4.922293,-0.17358784,5.2953243,-0.29194218,0.14304885,-0.0022386878,0.12935965,-0.0045619505,0.062151466,-0.0034265392,252.25426,248.18864,332.6916,0.46553004,16.246437,0.19656986
5,54,10,0.0040960005,0.046736386,0.024194408,0.018639598,0.003902378,0.07777276,-0.0043494017,5.1950164,-0.105381206,5.32238,-0.20012672,0.15554552,-0.008698803,0.13652691,-0.002769455,0.062469017,-0.002348896,252.26453,248.18475,332.91864,0.30550793,16.246437,0.20481774
5,55,10,0.0040960005,0.047544383,0.023175446,0.020365447,0.0040034894,0.07611742,-0.00062753033,5.4301972,-0.29801536,5.390891,-0.39654353,0.15223484,-0.0012550607,0.14270756,-0.007831951,0.06327313,-0.0046542496,252.27174,248.34079,332.48978,0.69455886,16.246437,0.2471801
5,56,10,0.0040960005,0.043611348,0.021187162,0.018468382,0.003955805,0.07277905,-0.0015394756,5.171102,-0.5132896,5.3586903,-0.5110613,0.1455581,-0.0030789513,0.13589843,-0.013489438,0.06289519,-0.005998349,252.30981,248.53807,333.09378,1.0243509,16.246437,0.26124814
5,57,10,0.0040960005,0.04194715,0.022260975,0.016245164,0.0034410078,0.07460056,-0.002132263,4.849877,-0.17986625,4.99786,-0.14729638,0.14920112,-0.004264526,0.12745652,-0.004726951,0.058660105,-0.0017288234,252.31837,248.58649,333.4087,0.32716262,16.244297,0.17687725
5,58,10,0.0040960005,0.043260947,0.023547016,0.016298648,0.0034152814,0.076725185,0.0022583776,4.8578544,-0.19446012,4.979142,-0.0655803,0.15345037,0.004516755,0.12766616,-0.0051104813,0.05844041,-0.0007697193,252.2814,248.46997,332.9216,0.26004043,16.244297,0.18389724
5,59,10,0.0040960005,0.040014792,0.02022639,0.016381271,0.0034071314,0.07110976,0.00080114004,4.870151,-0.11828085,4.9731975,-0.16843113,0.14221951,0.0016022801,0.12798934,-0.0031084623,0.05837064,-0.0019768823,252.23573,248.25577,333.16064,0.286712,16.244297,0.1883743
5,60,10,0.0040960005,0.04334894,0.02339204,0.016290035,0.003666862,0.07647228,-0.0018907497,4.8565702,0.065055326,5.1592727,0.20982912,0.15294456,-0.0037814993,0.12763242,0.0017096797,0.06055462,0.0024627722,252.18872,248.065,332.9599,-0.27488446,16.244297,0.18793644
5,61,10,0.0040960005,0.041912146,0.022159595,0.016262608,0.0034899411,0.074430496,0.0048969057,4.8524804,0.18265033,5.0332704,0.5047042,0.14886099,0.0097938115,0.12752493,0.004800116,0.059075724,0.005923736,252.1368,248.0114,332.18643,-0.6873545,16.242247,0.15552813
5,62,10,0.0040960005,0.040993333,0.02072347,0.016706785,0.0035630746,0.07197824,0.002408037,4.9183006,0.18378198,5.085735,0.106819525,0.14395648,0.004816074,0.12925473,0.004829856,0.059691496,0.0012537458,252.10495,247.86182,332.2705,-0.2906015,16.242247,0.1501311
5,63,10,0.0040960005,0.049377993,0.02423758,0.02131511,0.0038252994,0.07784212,-0.0005612237,5.555363,0.44814837,5.2695546,0.02945479,0.15568423,-0.0011224474,0.14599696,0.011777501,0.061849006,0.00034571235,252.05902,247.67284,331.9974,-0.47760317,16.242247,0.15457737
5,64,10,0.0040960005,0.04917928,0.023321748,0.021803608,0.0040539224,0.0763573,0.0035030204,5.6186614,0.11680352,5.4247394,-0.13948259,0.1527146,0.007006041,0.14766045,0.00306964,0.06367042,-0.0016371135,252.04593,247.80049,331.13242,0.022679068,16.242247,0.17401867
5,65,10,0.0040960005,0.04286801,0.021637008,0.017271135,0.003959868,0.07354762,0.004088386,5.0006795,-0.22602563,5.3614416,-0.14846139,0.14709523,0.008176772,0.13141969,-0.005940034,0.062927485,-0.0017424981,252.07487,247.93594,331.48975,0.374487,16.240255,0.19738646
5,66,10,0.0040960005,0.049754385,0.027083581,0.01852251,0.0041482924,0.08228545,0.00035186188,5.178674,-0.015422503,5.487517,0.10549214,0.1645709,0.00070372375,0.13609743,-0.0004053095,0.06440724,0.0012381659,252.08406,247.91035,331.82977,-0.09006964,16.240255,0.19323505
5,67,10,0.0040960005,0.04891331,0.024488974,0.019936174,0.0044881636,0.07824477,0.0037005187,5.3726625,0.098984554,5.7078896,0.17168157,0.15648954,0.0074010375,0.14119552,0.0026013493,0.06699376,0.002015034,252.0811,247.86667,331.3421,-0.27066612,16.240255,0.1867131
5,68,10,0.0040960005,0.046453793,0.022096248,0.019987954,0.0043695904,0.074324034,0.0031652662,5.379636,-0.012441428,5.6319866,-0.12471499,0.14864807,0.0063305325,0.14137876,-0.0003269658,0.06610288,-0.0014637858,252.12622,247.99348,332.0831,0.13715643,16.240255,0.1621617
5,69,10,0.0040960005,0.0495151,0.024944287,0.020308971,0.004261842,0.0789688,0.0019843348,5.4226637,0.45653227,5.562114,-0.20868598,0.1579376,0.0039686696,0.14250955,0.011997832,0.065282784,-0.0024493567,252.12675,248.05855,332.34634,-0.24784629,16.238247,0.16745761
5,70,10,0.0040960005,0.047020014,0.020976912,0.021848738,0.0041943653,0.07241704,0.0057552154,5.624473,0.21156536,5.5179067,-0.32006547,0.14483409,0.011510431,0.14781319,0.005560014,0.06476392,-0.0037566237,252.06134,247.94424,331.61224,0.10850011,16.238247,0.17669877
5,71,10,0.0040960005,0.046968292,0.02230488,0.020429594,0.0042338194,0.07467409,0.004598127,5.4387426,0.07713113,5.5437975,-0.45457065,0.14934818,0.009196254,0.14293213,0.002027035,0.065067805,-0.0053353165,252.02928,247.7509,331.79306,0.37743953,16.238247,0.18125464
5,72,10,0.0040960005,0.05135269,0.024464175,0.022562325,0.004326191,0.07820514,0.0017309581,5.715584,0.37953138,5.6039476,-0.2355961,0.15641028,0.0034619162,0.15020761,0.009974222,0.065773785,-0.0027652022,252.03542,247.7935,331.83414,-0.14393528,16.238247,0.16125779
5,73,10,0.0040960005,0.04597032,0.022609722,0.019514915,0.0038456842,0.07518265,0.0066717765,5.315597,0.21291551,5.2835774,-0.08483759,0.1503653,0.013343553,0.1396958,0.005595498,0.06201358,-0.0009957436,252.0655,248.0539,331.65836,-0.12807792,16.236301,0.15787402
5,74,10,0.0040960005,0.046229918,0.021328676,0.021089826,0.0038114164,0.0730217,0.005474496,5.5259266,-0.052159358,5.259984,-0.33571032,0.1460434,0.010948992,0.14522336,-0.0013707635,0.06173667,-0.003940247,252.11455,248.27344,332.20218,0.3878697,16.236301,0.15937978
5,75,10,0.0040960005,0.050571457,0.023569755,0.023166304,0.0038353938,0.07676222,0.0018867647,5.79158,0.31002593,5.276503,-0.29762957,0.15352444,0.0037735293,0.15220481,0.008147591,0.061930556,-0.0034932918,252.12256,248.31775,332.20438,-0.012396365,16.236301,0.14964733
5,76,10,0.0040960005,0.048382167,0.022231283,0.022115767,0.00403512,0.07455079,0.0049067307,5.658739,0.43591225,5.4121447,-0.24070777,0.14910159,0.009813461,0.14871371,0.011455931,0.06352259,-0.0028251975,252.12926,248.38705,331.81207,-0.19520448,16.236301,0.1668773
5,77,10,0.0040960005,0.043422893,0.020441238,0.01881984,0.0041618114,0.07148643,0.0039762734,5.220073,0.21218517,5.496452,-0.032510787,0.14297286,0.007952547,0.13718542,0.005576302,0.064512104,-0.00038158093,252.17274,248.54062,332.5026,-0.17967439,16.234488,0.15322879
5,78,10,0.0040960005,0.048953336,0.024099212,0.021080682,0.0037734385,0.077619605,0.0013574976,5.5247297,0.33088827,5.233712,0.043403115,0.15523921,0.0027149953,0.14519188,0.008695869,0.06142832,0.00050942396,252.178,248.56952,332.51465,-0.3742914,16.234488,0.17617826
5,79,10,0.0040960005,0.049322676,0.02298192,0.022459367,0.0038813925,0.07579894,0.0056246147,5.7025275,0.118935786,5.308049,0.048745614,0.15159789,0.011249229,0.1498645,0.0031256785,0.062300824,0.00057212944,252.1426,248.41414,331.83612,-0.1676814,16.234488,0.16698895
5,80,10,0.0040960005,0.0488661,0.024034,0.021050265,0.0037818355,0.077514514,0.003557416,5.520742,0.29889366,5.2395325,-0.14108013,0.15502903,0.007114832,0.1450871,0.007855036,0.06149663,-0.001655864,252.15881,248.375,332.34418,-0.15781353,16.234488,0.18717007
5,81,10,0.0040960005,0.05091834,0.024749,0.022180717,0.003988624,0.07865907,-0.0018684187,5.6670423,0.7031019,5.380873,0.3193772,0.15731815,-0.0037368373,0.14893192,0.018477775,0.063155554,0.0037485452,252.16849,248.41924,332.44476,-1.022479,16.232815,0.21920519
5,82,10,0.0040960005,0.048494082,0.022292914,0.022193927,0.004007239,0.07465406,0.0023565567,5.66873,0.46444902,5.3934145,0.3481113,0.14930812,0.0047131134,0.14897627,0.012205893,0.063302755,0.004085798,252.151,248.40916,331.799,-0.8125603,16.232815,0.19041917
5,83,10,0.0040960005,0.043295864,0.021386333,0.018200845,0.0037086883,0.07312033,0.0023505716,5.1335106,0.037646513,5.1886144,0.0070737493,0.14624067,0.004701143,0.13491051,0.0009893667,0.060899,8.302393e-5,252.17593,248.41068,332.49557,-0.044720262,16.232815,0.1688673
5,84,10,0.0040960005,0.046679374,0.024628662,0.01850672,0.0035439904,0.07846761,-0.001389986,5.1764665,0.31386858,5.0720963,0.28363344,0.15693521,-0.002779972,0.1360394,0.0082485825,0.059531424,0.0033290188,252.19583,248.51147,332.65186,-0.597502,16.232815,0.19966707
5,85,10,0.0040960005,0.04079942,0.02128174,0.016126398,0.003391284,0.07294131,0.0012552696,4.8321157,0.21545725,4.961617,0.31895617,0.14588262,0.0025105393,0.12698975,0.005662293,0.058234733,0.0037436034,252.18257,248.61894,332.02493,-0.5344134,16.231283,0.14143321
5,86,10,0.0040960005,0.038177118,0.020895094,0.013644662,0.003637361,0.072275676,-0.000136165,4.444778,-0.0012950897,5.1384764,0.10325115,0.14455135,-0.00027233,0.11681037,-3.4035154e-5,0.06031054,0.0012118641,252.20502,248.59738,332.38763,-0.10195606,16.231283,0.12033884
5,87,10,0.0040960005,0.044631604,0.025036268,0.016131287,0.003464047,0.079114266,-0.0028765532,4.8328485,0.194885,5.0145636,0.23089777,0.15822853,-0.0057531064,0.127009,0.005121648,0.058856156,0.0027100574,252.23221,248.73433,332.64316,-0.42578277,16.231283,0.15203577
5,88,10,0.0040960005,0.03927615,0.019519199,0.016224787,0.0035321622,0.06985556,0.001920694,4.846834,0.2566587,5.063625,0.38559267,0.13971113,0.003841388,0.12737656,0.006745083,0.059431996,0.004525719,252.23302,248.77942,332.31735,-0.6422514,16.231283,0.15308471
5,89,10,0.0040960005,0.0377643,0.019729782,0.014823381,0.0032111371,0.07023137,-0.0018412955,4.6327868,0.25336415,4.8280377,0.36929795,0.14046274,-0.003682591,0.12175131,0.006658501,0.056666896,0.0043344665,252.24292,248.84825,332.76413,-0.62266207,16.229809,0.098590985
5,90,10,0.0040960005,0.041629493,0.022853784,0.015698142,0.0030775678,0.07558734,-0.0043216827,4.7675233,0.43358603,4.726558,0.46094826,0.15117468,-0.008643365,0.12529223,0.011394798,0.05547583,0.005410171,252.2126,248.80739,332.94937,-0.8945343,16.229809,0.14892441
5,91,10,0.0040960005,0.039886218,0.02079409,0.015853744,0.0032383832,0.07210078,-0.0005327541,4.791093,0.3349546,4.848477,0.5662805,0.14420156,-0.0010655082,0.12591165,0.008802728,0.056906793,0.0066464585,252.12683,248.46188,332.11862,-0.9012351,16.229809,0.138314
5,92,10,0.0040960005,0.04053698,0.02141225,0.015657702,0.0034670266,0.07316463,-0.0014770977,4.7613783,0.19502258,5.0167193,0.3045813,0.14632925,-0.0029541955,0.12513074,0.0051252614,0.05888146,0.0035748852,252.11511,248.363,332.49744,-0.4996039,16.229809,0.14195041
5,93,10,0.0040960005,0.043942276,0.024727525,0.015723476,0.0034912766,0.07862494,-0.0062289424,4.7713685,0.544993,5.034233,-0.049342386,0.15724988,-0.012457885,0.12539329,0.014322613,0.059087027,-0.0005791342,252.14851,248.52077,332.80844,-0.4956506,16.228413,0.13718519
5,94,10,0.0040960005,0.04240346,0.02117939,0.017706092,0.003517978,0.0727657,-0.0013594084,5.063258,0.23032267,5.0534472,-0.037253812,0.1455314,-0.0027188167,0.13306424,0.006052965,0.059312545,-0.00043725013,252.1725,248.68752,332.09323,-0.19306886,16.228413,0.14189766
5,95,10,0.0040960005,0.047373842,0.02556211,0.017683389,0.004128345,0.07994077,-0.0021825545,5.06001,-0.03972073,5.474308,-0.20052068,0.15988155,-0.004365109,0.1329789,-0.001043873,0.0642522,-0.0023535204,252.25671,248.87639,332.3429,0.24024141,16.228413,0.17194967
5,96,10,0.0040960005,0.046953693,0.024695266,0.018426508,0.00383192,0.07857364,-0.0058413716,5.165236,0.2765903,5.274113,-0.043878574,0.15714727,-0.011682743,0.13574427,0.0072688935,0.061902504,-0.0005150047,252.35439,249.26164,333.04324,-0.23271172,16.228413,0.15018634
5,97,10,0.0040960005,0.039968587,0.019519633,0.01689784,0.0035511146,0.06985634,-0.0009865715,4.946344,0.26336613,5.077192,-0.3572916,0.13971268,-0.001973143,0.1299917,0.0069213565,0.05959123,-0.004193546,252.33884,249.26703,332.90167,0.093925476,16.227013,0.16246364
5,98,10,0.0040960005,0.03763368,0.019597514,0.014524877,0.0035112856,0.06999556,-0.001833392,4.585903,0.09131873,5.048639,-0.5864028,0.13999112,-0.003666784,0.1205192,0.0023998895,0.059256103,-0.0068826363,252.32329,249.15236,333.63385,0.49508405,16.227013,0.16264462
5,99,10,0.0040960005,0.043815393,0.0241935,0.016183183,0.0034387128,0.0777713,-0.0052659987,4.840616,0.38360056,4.9961925,-0.4531004,0.1555426,-0.010531997,0.12721314,0.010081159,0.05864054,-0.00531806,252.2815,249.00497,333.46497,0.06949985,16.227013,0.17264812
5,100,10,0.0040960005,0.041226298,0.019782722,0.01790851,0.0035350663,0.07032553,-0.00086935994,5.0921173,0.21743183,5.065706,-0.3137461,0.14065106,-0.0017387199,0.13382268,0.005714187,0.059456423,-0.0036824523,252.2147,248.81598,332.46967,0.09631427,16.227013,0.20433971
6,1,10,0.0032768005,0.073777705,0.023545709,0.04152519,0.008706812,0.076723054,0.0016180795,7.7539763,1.3418214,7.950067,-0.03292076,0.15344611,0.003236159,0.2037773,0.035263553,0.0933103,-0.0003863874,252.92647,252.26227,338.30606,-1.3089007,16.225592,0.95520604
6,2,10,0.0032768005,0.07506768,0.028465018,0.038040496,0.008562165,0.084357895,0.0012757179,7.421501,1.2342671,7.883754,-0.43364075,0.16871579,0.0025514357,0.19503973,0.032436974,0.09253197,-0.005089661,253.0017,252.5,339.15756,-0.8006264,16.225592,0.98877275
6,3,10,0.0032768005,0.08118379,0.035259824,0.03687508,0.009048884,0.093888,-0.003871556,7.3069334,1.5348948,8.104734,-0.1834108,0.187776,-0.007743112,0.19202885,0.040337592,0.09512562,-0.002152698,253.07388,252.75694,339.87878,-1.3514841,16.225592,0.9701618
6,4,10,0.0032768005,0.075369984,0.02681182,0.039711792,0.008846371,0.08187158,0.002804812,7.58278,1.3515964,8.013529,-0.15316972,0.16374315,0.005609624,0.19927818,0.035520438,0.09405515,-0.0017977651,253.09663,252.97455,339.26938,-1.1984266,16.225592,0.98464495
6,5,10,0.0032768005,0.06629941,0.030662242,0.02880653,0.006830637,0.08755319,0.0024703965,6.458239,0.7090097,7.0416074,0.6217873,0.17510638,0.004940793,0.16972487,0.018633036,0.08264767,0.0072979517,253.13727,253.16,339.74323,-1.330797,16.224134,0.6299206
6,6,10,0.0032768005,0.07324538,0.036399815,0.02984357,0.0070019863,0.09539368,-0.0017622078,6.573461,0.98776567,7.129381,1.0167872,0.19078736,-0.0035244157,0.17275292,0.025958842,0.08367787,0.011934086,253.14157,253.17093,340.20068,-2.0045528,16.224134,0.62701076
6,7,10,0.0032768005,0.061325952,0.02442222,0.029261516,0.0076422174,0.07813805,0.004390719,6.509042,0.9485145,7.448192,1.1736342,0.1562761,0.008781438,0.17105998,0.024927288,0.08741978,0.013774991,253.08432,252.88301,339.41895,-2.1221488,16.224134,0.64826596
6,8,10,0.0032768005,0.06825848,0.0283662,0.03215919,0.0077330912,0.08421134,0.0024549111,6.8237205,1.0408963,7.492345,0.9998213,0.16842268,0.0049098223,0.17932984,0.027355129,0.087937996,0.011734951,253.07027,252.68852,339.53943,-2.0407176,16.224134,0.689948
6,9,10,0.0032768005,0.066975996,0.036926012,0.025045842,0.0050041433,0.09608071,-0.0020082812,6.0219417,0.7237715,6.027068,2.304633,0.19216143,-0.0040165624,0.15825878,0.01902097,0.07073997,0.027049571,253.07532,252.64877,339.50916,-3.0284045,16.222525,0.43621194
6,10,10,0.0032768005,0.057421524,0.027908273,0.024273565,0.005239685,0.08352885,0.0041325814,5.928373,0.7562842,6.167282,2.254326,0.1670577,0.008265163,0.15579976,0.01987542,0.07238567,0.02645912,253.06274,252.63405,338.7631,-3.0106103,16.222525,0.42460245
6,11,10,0.0032768005,0.06278998,0.030485703,0.026228813,0.006075463,0.08730078,0.003422296,6.1625147,0.41989514,6.6409607,2.2921824,0.17460155,0.006844592,0.16195312,0.01103499,0.077945255,0.026903454,253.11865,252.81311,339.30377,-2.7120776,16.222525,0.41591546
6,12,10,0.0032768005,0.07160007,0.03533818,0.029778715,0.006483172,0.093992256,-0.0024528536,6.5663137,0.38619795,6.860172,2.7193162,0.18798451,-0.004905707,0.1725651,0.010149421,0.08051815,0.03191674,253.16298,253.006,339.7021,-3.1055143,16.222525,0.43028137
6,13,10,0.0032768005,0.062008653,0.026548456,0.030551814,0.004908384,0.081468485,0.0050616143,6.6510034,-0.24723877,5.969122,2.9173265,0.16293697,0.010123229,0.17479077,-0.006497519,0.07005986,0.034240793,253.16187,253.02707,339.03528,-2.6700876,16.22076,0.62607247
6,14,10,0.0032768005,0.06850682,0.033456087,0.02992776,0.0051229745,0.09145503,0.004597614,6.582726,-0.22626969,6.0982094,2.6871567,0.18291005,0.009195228,0.17299642,-0.0059464495,0.071574956,0.03153928,253.20988,253.20871,339.25583,-2.460887,16.22076,0.6052685
6,15,10,0.0032768005,0.07930015,0.044214275,0.03010583,0.0049800407,0.105135955,0.002080362,6.6022806,0.050056458,6.0125356,2.7868462,0.21027191,0.004160724,0.17351031,0.0013154986,0.0705694,0.032709338,253.29372,253.51439,340.03787,-2.8369026,16.22076,0.6559353
6,16,10,0.0032768005,0.065451294,0.029592866,0.030668156,0.0051902747,0.086012885,0.0050015342,6.663655,0.1777257,6.1381345,2.9666798,0.17202577,0.0100030685,0.17512326,0.004670691,0.07204356,0.034820057,253.3033,253.6336,339.69528,-3.1444056,16.22076,0.6985982
6,17,10,0.0032768005,0.056659248,0.027627615,0.02498019,0.0040514446,0.083107784,0.005785433,6.014043,-0.71073395,5.4230814,1.5522707,0.16621557,0.011570866,0.15805122,-0.018678345,0.06365096,0.018219074,253.29956,253.54526,340.1646,-0.8415367,16.218828,0.6333831
6,18,10,0.0032768005,0.06517209,0.033014093,0.028348776,0.003809222,0.0908489,0.0001772956,6.4067206,-0.5006176,5.2584696,1.7515333,0.1816978,0.0003545912,0.16837095,-0.013156411,0.061718896,0.020557825,253.27225,253.34636,340.3603,-1.2509156,16.218828,0.6579053
6,19,10,0.0032768005,0.06137759,0.0270003,0.030472206,0.0039050854,0.08215884,0.0042267167,6.642333,-0.45921203,5.3242254,1.7410877,0.16431768,0.008453433,0.1745629,-0.01206826,0.062490683,0.020435223,253.21689,253.18718,339.4705,-1.2818756,16.218828,0.6208959
6,20,10,0.0032768005,0.06209725,0.029759062,0.027962802,0.004375387,0.086254075,0.003456913,6.362957,-0.730595,5.6357203,1.6753991,0.17250815,0.006913826,0.16722082,-0.019200297,0.06614671,0.019664241,253.23907,253.1905,339.95526,-0.9448041,16.218828,0.51536167
6,21,10,0.0032768005,0.06009223,0.03311246,0.022992004,0.003987767,0.09098414,-0.0011476192,5.769751,-1.1151464,5.380295,0.19644311,0.18196829,-0.0022952384,0.15163115,-0.029306458,0.06314877,0.0023056595,253.26926,253.26901,340.11703,0.9187033,16.216848,0.31499422
6,22,10,0.0032768005,0.051906552,0.025434123,0.022332676,0.004139755,0.0797404,0.0032253861,5.686422,-0.8189084,5.481867,0.37031755,0.1594808,0.0064507723,0.14944121,-0.021521213,0.06434093,0.004346436,253.23369,253.08643,339.12747,0.44859084,16.216848,0.2930913
6,23,10,0.0032768005,0.056531295,0.029082993,0.023439633,0.00400867,0.085268684,0.0033085346,5.825646,-0.8171456,5.394378,0.09013259,0.17053737,0.0066170692,0.15310007,-0.021474881,0.06331406,0.0010578921,253.26572,253.10318,339.4637,0.727013,16.216848,0.27474928
6,24,10,0.0032768005,0.06577003,0.03836,0.023585672,0.0038243572,0.09792855,0.0007116298,5.843766,-0.5329245,5.2689056,0.48429546,0.1958571,0.0014232596,0.15357627,-0.014005447,0.061841387,0.005684197,253.29716,253.18805,339.47726,0.048629016,16.216848,0.28581202
6,25,10,0.0032768005,0.052051414,0.026419975,0.021285601,0.004345839,0.08127111,0.0030019276,5.5515165,-0.2796193,5.616658,-1.6668576,0.16254222,0.0060038553,0.14589585,-0.0073484927,0.065922976,-0.019563982,253.27115,253.19255,338.49814,1.9464769,16.214947,0.2731611
6,26,10,0.0032768005,0.052727085,0.02749009,0.021238867,0.0039981264,0.08290068,0.002925819,5.5454187,-0.30983508,5.3872786,-1.8252779,0.16580136,0.005851638,0.1457356,-0.008142581,0.06323074,-0.021423372,253.28204,253.17947,339.36584,2.135113,16.214947,0.2650796
6,27,10,0.0032768005,0.0640457,0.036639564,0.02358151,0.0038246198,0.09570732,-0.0007769422,5.8432503,-0.020458298,5.2690873,-1.5075203,0.19141464,-0.0015538844,0.15356272,-0.00053765194,0.06184351,-0.017693833,253.26233,253.07251,339.7761,1.5279787,16.214947,0.2779477
6,28,10,0.0032768005,0.050134346,0.023148939,0.02265888,0.004326527,0.07607388,0.0028598763,5.7278004,-0.10579481,5.6041656,-1.5178826,0.15214776,0.0057197525,0.15052867,-0.0027803243,0.06577634,-0.017815456,253.2374,253.06844,338.99478,1.6236774,16.214947,0.30626813
6,29,10,0.0032768005,0.056398977,0.029054321,0.02249294,0.0048517166,0.08522664,0.00015671419,5.706788,-0.38667288,5.934565,-2.8271656,0.17045328,0.00031342838,0.14997646,-0.010161914,0.06965426,-0.03318257,253.30875,253.3292,339.50623,3.2138386,16.213165,0.50373125
6,30,10,0.0032768005,0.06536469,0.037454933,0.023757888,0.004151869,0.09676638,-0.003083892,5.8650618,-0.4945449,5.489883,-2.3444796,0.19353276,-0.006167784,0.15413594,-0.012996825,0.064435,-0.027517261,253.4109,253.7946,340.2092,2.8390245,16.213165,0.5326616
6,31,10,0.0032768005,0.053216666,0.025339454,0.023148654,0.0047285566,0.079591855,0.0019721803,5.789373,-0.67958903,5.858757,-2.4371903,0.15918371,0.0039443607,0.15214682,-0.017859852,0.0687645,-0.028605413,253.45212,254.02002,339.90466,3.1167793,16.213165,0.5394486
6,32,10,0.0032768005,0.05469502,0.028103169,0.022113595,0.004478258,0.08382,0.0011269888,5.6584616,-0.7534887,5.701587,-2.6441472,0.16764,0.0022539776,0.1487064,-0.019801954,0.06691979,-0.031034475,253.51018,254.20695,340.3389,3.397636,16.213165,0.5257211
6,33,10,0.0032768005,0.05708374,0.031862404,0.021000573,0.0042207595,0.089250214,-0.0022200148,5.514222,-0.38150147,5.5352407,-2.1957088,0.17850043,-0.0044400296,0.14491574,-0.010026003,0.06496737,-0.02577113,253.57793,254.48524,340.88876,2.5772102,16.211514,0.45921147
6,34,10,0.0032768005,0.04971096,0.021662183,0.02306961,0.004979165,0.07359039,0.0016506833,5.779481,-0.4104533,6.012007,-2.343623,0.14718078,0.0033013667,0.15188684,-0.010786854,0.0705632,-0.027507206,253.56194,254.5151,340.34232,2.7540762,16.211514,0.481302
6,35,10,0.0032768005,0.056743495,0.028351039,0.023412026,0.004980431,0.084188834,0.0011322362,5.8222136,-0.28270483,6.012771,-2.4983187,0.16837767,0.0022644724,0.15300989,-0.007429583,0.07057217,-0.02932288,253.5314,254.3203,340.54056,2.7810235,16.211514,0.4970767
6,36,10,0.0032768005,0.065916196,0.037673805,0.024011672,0.004230717,0.09704871,-0.0017688263,5.8963037,0.0036895443,5.541766,-2.0545378,0.19409741,-0.0035376525,0.154957,9.696411e-5,0.06504396,-0.024114205,253.50969,254.16022,340.6141,2.0508482,16.211514,0.46384662
6,37,10,0.0032768005,0.050459474,0.023651341,0.022907808,0.0039003259,0.07689496,0.001130436,5.7591767,0.43710914,5.32098,-1.2821791,0.15378992,0.002260872,0.15135325,0.01148739,0.06245259,-0.015048997,253.46184,253.94713,339.74945,0.84507,16.210024,0.28993514
6,38,10,0.0032768005,0.056355935,0.029767726,0.022853171,0.0037350392,0.08626663,0.0006792098,5.7523055,0.4695153,5.2070146,-1.4903445,0.17253326,0.0013584197,0.15117265,0.012339038,0.061114967,-0.017492242,253.4456,253.76329,339.65598,1.0208292,16.210024,0.31823546
6,39,10,0.0032768005,0.059203036,0.03312024,0.022390442,0.0036923515,0.090994835,-0.0031240159,5.693771,0.83751017,5.177174,-0.96017665,0.18198967,-0.0062480317,0.14963436,0.022010077,0.060764723,-0.011269638,253.44109,253.67683,339.72363,0.12266648,16.210024,0.309869
6,40,10,0.0032768005,0.047984876,0.023306139,0.020614859,0.0040638773,0.07633174,0.0005904295,5.463348,0.77052283,5.4313965,-1.1453738,0.15266348,0.001180859,0.14357875,0.02024962,0.063748546,-0.013443306,253.42688,253.6512,338.88528,0.374851,16.210024,0.2925085
6,41,10,0.0032768005,0.048846837,0.026090983,0.019020548,0.0037353083,0.08076352,0.000249016,5.2478347,0.45426226,5.207202,-0.39301074,0.16152704,0.000498032,0.137915,0.011938166,0.06111717,-0.0046127853,253.51111,254.03735,339.68988,-0.06125152,16.208626,0.28191277
6,42,10,0.0032768005,0.054702718,0.031345103,0.01982858,0.003529034,0.08852274,-0.0022014522,5.358145,0.31980664,5.0613823,-0.06686825,0.17704548,-0.0044029043,0.14081399,0.008404632,0.059405673,-0.00078483904,253.61636,254.56303,340.75757,-0.2529384,16.208626,0.28315553
6,43,10,0.0032768005,0.047166497,0.022450197,0.020795759,0.003920542,0.07491695,0.002216907,5.487266,0.31724596,5.3347526,-0.12972811,0.1498339,0.004433814,0.14420734,0.008337337,0.06261423,-0.0015226259,253.60448,254.62627,340.36273,-0.18751785,16.208626,0.30552304
6,44,10,0.0032768005,0.052040238,0.027561836,0.020731805,0.0037465943,0.08300879,0.0016529945,5.4788227,0.220643,5.2150626,-0.48252657,0.16601758,0.003305989,0.14398544,0.005798577,0.06120943,-0.0056634373,253.61201,254.6438,340.70013,0.26188356,16.208626,0.29828534
6,45,10,0.0032768005,0.056521412,0.02937969,0.023151655,0.003990065,0.08570252,-0.00097125676,5.789748,0.2936825,5.3818455,0.56424505,0.17140505,-0.0019425135,0.15215668,0.0077180862,0.06316696,0.006622571,253.59375,254.49521,340.6864,-0.85792756,16.207182,0.39960924
6,46,10,0.0032768005,0.04934675,0.021132976,0.02421981,0.003993961,0.07268593,0.002193596,5.921804,0.5714506,5.3844724,0.5223071,0.14537185,0.004387192,0.15562715,0.015017925,0.06319779,0.0061303414,253.53648,254.27318,339.79294,-1.0937576,16.207182,0.4401041
6,47,10,0.0032768005,0.04905449,0.023225147,0.022130568,0.0036987744,0.076198995,0.0007394816,5.660632,0.6114339,5.1816754,0.3868759,0.15239799,0.0014789632,0.14876346,0.016068708,0.06081755,0.00454078,253.56558,254.30328,340.18277,-0.99830985,16.207182,0.44208378
6,48,10,0.0032768005,0.05548967,0.02891102,0.02236663,0.004212019,0.085016206,-0.0013150214,5.6907425,0.5158807,5.5295067,0.8314343,0.17003241,-0.0026300428,0.14955477,0.013557524,0.06490007,0.009758583,253.64856,254.66904,340.65045,-1.3473151,16.207182,0.42669815
6,49,10,0.0032768005,0.04620678,0.022361144,0.019127933,0.004717702,0.074768215,0.0010983497,5.262628,0.30178857,5.8520293,0.5277122,0.14953643,0.0021966994,0.13830377,0.007931113,0.06868553,0.0061937817,253.64384,254.7331,339.79892,-0.8295008,16.205664,0.39272574
6,50,10,0.0032768005,0.045163713,0.02318522,0.018353265,0.0036252271,0.07613347,0.00092962926,5.15496,0.13899755,5.129899,0.25794485,0.15226693,0.0018592585,0.13547422,0.0036529037,0.06020986,0.0030275113,253.66667,254.83562,340.44412,-0.3969424,16.205664,0.37150988
6,51,10,0.0032768005,0.0530399,0.030995589,0.018296393,0.0037479168,0.08802782,-0.0021970938,5.1469674,0.35888326,5.2159834,0.90076554,0.17605564,-0.0043941876,0.13526416,0.009431576,0.061220232,0.010572326,253.67162,254.7541,340.91934,-1.2596488,16.205664,0.37690005
6,52,10,0.0032768005,0.042886794,0.019629914,0.01924536,0.004011519,0.0700534,0.0019265305,5.278757,0.5547927,5.396294,0.89099383,0.1401068,0.003853061,0.13872765,0.014580155,0.06333655,0.010457635,253.6038,254.47972,340.30182,-1.4457865,16.205664,0.4064089
6,53,10,0.0032768005,0.039092503,0.01870498,0.016846007,0.0035415129,0.068383075,0.0013299175,4.938752,0.30903643,5.070323,-0.025513312,0.13676615,0.002659835,0.12979217,0.008121588,0.05951061,-0.00029945013,253.55666,254.20769,340.40143,-0.2835231,16.204016,0.21396111
6,54,10,0.0032768005,0.05609171,0.034826797,0.017617824,0.0036470902,0.09330969,-0.0023539825,5.0506215,0.28675076,5.1453447,0.30125186,0.18661939,-0.004707965,0.13273215,0.0075359074,0.060391143,0.0035358071,253.55376,254.21547,340.4624,-0.5880026,16.204016,0.20887733
6,55,10,0.0032768005,0.040794298,0.017829081,0.018972818,0.0039924006,0.06676279,0.0026815666,5.241246,0.07528301,5.38342,0.12846301,0.13352558,0.0053631333,0.13774185,0.001978465,0.063185446,0.0015077745,253.5214,254.24274,339.72885,-0.20374602,16.204016,0.21529506
6,56,10,0.0032768005,0.04429411,0.024140803,0.016725788,0.0034275223,0.077686556,0.0018491421,4.9210978,-0.096341915,4.988056,-0.29989877,0.15537311,0.0036982843,0.12932822,-0.0025318982,0.058545046,-0.0035199255,253.54343,254.26938,340.3208,0.39624068,16.204016,0.21902348
6,57,10,0.0032768005,0.04488807,0.025929796,0.0153118335,0.0036464408,0.080513656,-0.0012110779,4.7084966,-0.32642365,5.144887,-0.32310024,0.16102731,-0.0024221558,0.12374099,-0.008578533,0.060385767,-0.0037922414,253.56143,254.29088,340.48285,0.64952385,16.202307,0.24078101
6,58,10,0.0032768005,0.039732475,0.019184105,0.016735446,0.0038129238,0.06925335,0.0022781924,4.9225173,-0.33343235,5.261024,-0.45433238,0.1385067,0.004556385,0.12936555,-0.00876272,0.061748877,-0.0053325193,253.53389,254.25668,339.46274,0.7877647,16.202307,0.24241255
6,59,10,0.0032768005,0.044181578,0.023899311,0.016707135,0.0035751297,0.07729701,0.0009958528,4.9183526,-0.48344785,5.0943303,-0.7364828,0.15459402,0.0019917055,0.12925608,-0.012705186,0.05979239,-0.008644132,253.5297,254.17613,339.76593,1.2199306,16.202307,0.2658079
6,60,10,0.0032768005,0.051456966,0.03146219,0.0160081,0.003986677,0.08868792,-0.0018533324,4.81436,-0.2827133,5.37956,-0.35523722,0.17737584,-0.0037066648,0.12652312,-0.007429805,0.06314014,-0.0041694357,253.52768,254.11826,340.08926,0.63795054,16.202307,0.22806495
6,61,10,0.0032768005,0.03866111,0.018606363,0.015695991,0.0043587573,0.06820257,0.0012195936,4.7671967,-0.5330268,5.625,-0.54487926,0.13640514,0.0024391871,0.12528364,-0.014008135,0.06602088,-0.006395273,253.51219,254.17436,339.6643,1.0779061,16.200603,0.30386573
6,62,10,0.0032768005,0.0446093,0.024160223,0.016769474,0.0036796045,0.077717796,0.0013005964,4.9275208,-0.81938547,5.168229,-0.8770551,0.15543559,0.0026011928,0.129497,-0.021533744,0.060659744,-0.010294035,253.52223,254.20236,339.88965,1.6964406,16.200603,0.33234942
6,63,10,0.0032768005,0.05394964,0.032114223,0.018138157,0.0036972621,0.08960221,-0.0023827385,5.1246624,-0.707439,5.1806154,-0.5512917,0.17920442,-0.004765477,0.13467798,-0.018591756,0.060805116,-0.006470535,253.5159,254.0973,340.119,1.2587306,16.200603,0.2830015
6,64,10,0.0032768005,0.041720733,0.018685669,0.018797912,0.0042371512,0.06834777,0.002241073,5.217032,-0.73572594,5.545979,-0.5702824,0.13669553,0.004482146,0.13710548,-0.019335141,0.065093406,-0.0066934302,253.47328,253.94719,339.40634,1.3060083,16.200603,0.29035863
6,65,10,0.0032768005,0.041355778,0.022239313,0.015802693,0.0033137738,0.074564256,0.000509871,4.7833724,-0.46810305,4.904589,-0.4824941,0.14912851,0.001019742,0.12570876,-0.012301917,0.057565387,-0.0056630555,253.49335,253.94983,339.59305,0.95059717,16.198862,0.2591666
6,66,10,0.0032768005,0.044611327,0.025882734,0.015231926,0.0034966676,0.08044056,-0.0025603874,4.696195,-0.537028,5.0381184,-0.22810252,0.16088112,-0.0051207747,0.12341769,-0.014113289,0.05913263,-0.002677251,253.52817,254.04823,339.92917,0.7651305,16.198862,0.2658024
6,67,10,0.0032768005,0.033826668,0.015412006,0.014732318,0.0036823438,0.06207255,0.0013329874,4.618535,-0.4964564,5.170152,-0.3842446,0.1241451,0.002665975,0.12137676,-0.013047053,0.06068232,-0.004509896,253.50937,254.07837,339.39035,0.880701,16.198862,0.24453919
6,68,10,0.0032768005,0.03384244,0.016429268,0.014182965,0.0032302074,0.06408835,0.0001594331,4.5316067,-0.60828865,4.842353,-0.57073784,0.1281767,0.0003188662,0.119092256,-0.015986048,0.056834914,-0.006698777,253.53596,254.13562,339.9907,1.1790265,16.198862,0.25062564
6,69,10,0.0032768005,0.044251915,0.028038938,0.012569408,0.0036435688,0.083724156,-0.003986963,4.266052,-0.0118932435,5.1428595,0.6456816,0.16744831,-0.007973926,0.11211337,-0.00031255712,0.06036198,0.007578396,253.54396,254.10034,340.14224,-0.63378835,16.19706,0.21617003
6,70,10,0.0032768005,0.034710065,0.01679031,0.014188414,0.0037313413,0.064788714,-0.0006689205,4.532477,0.18912813,5.2044363,0.4364821,0.12957743,-0.001337841,0.11911513,0.0049703578,0.061084706,0.005123009,253.51442,253.98438,339.13803,-0.62561023,16.19706,0.21770291
6,71,10,0.0032768005,0.03885913,0.021850135,0.01401473,0.00299426,0.073908955,-0.000626958,4.5046496,-0.05285396,4.662147,0.1632895,0.14781791,-0.001253916,0.118383825,-0.0013890212,0.05471983,0.0019165361,253.54454,254.10007,339.8089,-0.110435545,16.19706,0.16503465
6,72,10,0.0032768005,0.044927593,0.028030774,0.013441332,0.0034554868,0.08371197,-0.003238488,4.4115357,-0.18040776,5.0083637,0.44197798,0.16742393,-0.006476976,0.115936756,-0.004741182,0.05878339,0.0051875156,253.55287,254.11414,340.27463,-0.26157022,16.19706,0.17977504
6,73,10,0.0032768005,0.03254683,0.016525174,0.012596332,0.0034253239,0.06427514,0.00029778428,4.270618,0.28313625,4.9864564,0.86543477,0.12855028,0.00059556856,0.11223338,0.0074409205,0.058526266,0.010157648,253.49919,253.92815,339.42715,-1.148571,16.195234,0.24042885
6,74,10,0.0032768005,0.034606423,0.019534895,0.01215682,0.0029147083,0.069883645,-0.0010403851,4.195451,0.16846806,4.5997987,0.485527,0.13976729,-0.0020807702,0.11025797,0.0044274037,0.05398804,0.0056986525,253.51608,253.93796,339.59003,-0.65399504,16.195234,0.21908033
6,75,10,0.0032768005,0.04487971,0.029783117,0.011861432,0.0032351573,0.08628893,-0.0046551093,4.1441674,0.16556512,4.8460617,0.87964237,0.17257786,-0.0093102185,0.1089102,0.0043511125,0.056878444,0.010324404,253.53085,254.01878,339.8237,-1.0452075,16.195234,0.24082232
6,76,10,0.0032768005,0.030391661,0.0145501,0.012545655,0.0032959075,0.0603119,0.0002831449,4.2620187,0.34161773,4.89135,0.52027804,0.1206238,0.0005662898,0.11200739,0.008977838,0.057409994,0.0061065266,253.45766,253.70752,338.91016,-0.8618958,16.195234,0.2891183
6,77,10,0.0032768005,0.029321302,0.01580627,0.010834701,0.0026803294,0.062861495,-0.0012229336,3.9607477,0.61762655,4.410982,0.52936554,0.12572299,-0.0024458673,0.10408987,0.01623145,0.051771898,0.0062131877,253.42471,253.45839,339.30548,-1.1469921,16.193348,0.21735132
6,78,10,0.0032768005,0.038513068,0.024040172,0.0114865545,0.0029863422,0.07752447,-0.005075378,4.078153,0.61925685,4.6559787,0.9978909,0.15504894,-0.010150756,0.10717534,0.016274294,0.054647435,0.011712291,253.38324,253.21721,339.50427,-1.6171477,16.193348,0.21274598
6,79,10,0.0032768005,0.030340252,0.015056092,0.0122245215,0.0030596382,0.061351635,-0.00056641106,4.207117,0.7378835,4.71277,0.8787717,0.12270327,-0.0011328221,0.11056456,0.019391848,0.055313997,0.010314184,253.31871,252.98119,338.25696,-1.6166552,16.193348,0.24143873
6,80,10,0.0032768005,0.03152306,0.016460534,0.012229455,0.0028330714,0.064149305,-0.001991166,4.207966,0.6202868,4.5349236,0.6456502,0.12829861,-0.003982332,0.11058687,0.016301362,0.053226605,0.007578026,253.32469,252.95384,338.35748,-1.2659371,16.193348,0.20548007
6,81,10,0.0032768005,0.039492603,0.02464188,0.011941382,0.0029093404,0.07848866,-0.0046412796,4.15811,0.70251024,4.5955606,0.91195935,0.15697733,-0.009282559,0.10927663,0.018462224,0.053938303,0.010703706,253.32698,252.88187,338.53195,-1.6144695,16.19144,0.18780561
6,82,10,0.0032768005,0.03064183,0.015433792,0.012170628,0.0030374103,0.062116407,-0.00018715754,4.197833,0.639731,4.69562,0.54608405,0.12423281,-0.00037431507,0.11032057,0.016812362,0.055112705,0.006409415,253.32527,252.95656,337.84418,-1.1858151,16.19144,0.18864858
6,83,10,0.0032768005,0.031943917,0.017635332,0.011585311,0.0027232727,0.066399045,-0.0015055835,4.095647,0.49280375,4.446177,0.34174034,0.13279809,-0.003011167,0.10763508,0.012951062,0.052184984,0.0040110205,253.34464,253.0006,338.40182,-0.83454406,16.19144,0.18353352
6,84,10,0.0032768005,0.0440084,0.02878802,0.012192826,0.0030275562,0.084835164,-0.0048588295,4.2016597,0.6610157,4.6879973,0.6515328,0.16967033,-0.009717659,0.11042113,0.01737173,0.055023234,0.007647071,253.27962,252.61137,338.32532,-1.3125485,16.19144,0.20810871
6,85,10,0.0032768005,0.028302921,0.014015072,0.011353755,0.0029340931,0.059192635,0.00029794764,4.0545106,0.58336294,4.615069,-0.060533755,0.11838527,0.0005958953,0.106554,0.015330986,0.05416727,-0.0007104886,253.19728,252.26257,337.52817,-0.5228292,16.189522,0.17166664
6,86,10,0.0032768005,0.031972874,0.018717544,0.010515831,0.0027394996,0.06840604,-4.7096513e-5,3.9020286,0.40474758,4.459404,-0.27489802,0.13681208,-9.419303e-5,0.10254673,0.010636914,0.052340228,-0.00322649,253.19499,252.18994,337.87738,-0.12984955,16.189522,0.15299182
6,87,10,0.0032768005,0.035037134,0.021542776,0.010596872,0.0028974859,0.07338729,-0.0050878404,3.9170358,0.45780566,4.586188,-0.016467817,0.14677458,-0.010175681,0.10294111,0.0120313,0.0538283,-0.00019328522,253.1956,252.2128,337.94333,-0.44133785,16.189522,0.1729413
6,88,10,0.0032768005,0.029090395,0.014915507,0.011238097,0.0029367898,0.06106453,0.0006623268,4.0338063,0.5670838,4.617189,-0.23699293,0.12212906,0.0013246536,0.10600989,0.0149031645,0.054192156,-0.0027815967,253.1299,251.94475,337.10773,-0.33009085,16.189522,0.17246425
6,89,10,0.0032768005,0.032958206,0.018653866,0.011539421,0.0027649167,0.06828958,0.0014608142,4.087527,0.20039734,4.4800434,-0.7878994,0.13657916,0.0029216283,0.107421696,0.005266514,0.052582476,-0.00924761,253.09312,251.73727,337.20663,0.587502,16.187613,0.21087702
6,90,10,0.0032768005,0.03856975,0.024141582,0.011661657,0.0027665105,0.07768781,-0.0029379008,4.10912,0.27077276,4.481334,-0.62760127,0.15537561,-0.0058758017,0.107989155,0.007116003,0.052597627,-0.007366183,253.06357,251.61024,337.11346,0.3568285,16.187613,0.21075587
6,91,10,0.0032768005,0.028589098,0.014331665,0.011442887,0.0028145465,0.059857465,0.0014347419,4.070394,0.20216979,4.520073,-0.82649755,0.11971493,0.0028694838,0.10697143,0.005313094,0.0530523,-0.009700637,253.01204,251.45508,336.34366,0.6243278,16.187613,0.1835745
6,92,10,0.0032768005,0.030472796,0.015665177,0.011692442,0.0031151762,0.0625803,0.00041528526,4.1145396,0.29854977,4.7553496,-1.1406262,0.1251606,0.0008305705,0.108131595,0.007845995,0.055813763,-0.013387581,252.98766,251.19078,336.56528,0.8420764,16.187613,0.18518294
6,93,10,0.0032768005,0.035113927,0.021137547,0.011243034,0.002733346,0.07269379,-0.0039862134,4.0346923,0.29144934,4.454393,-0.5570265,0.14538758,-0.007972427,0.106033176,0.0076593943,0.052281413,-0.006537846,252.9631,251.03282,336.60464,0.26557717,16.18573,0.22800073
6,94,10,0.0032768005,0.029778399,0.01648077,0.0105933985,0.0027042287,0.064188726,0.000301767,3.9163933,0.18432426,4.4306035,-0.770441,0.12837745,0.000603534,0.102924235,0.0048441086,0.0520022,-0.009042701,252.91896,250.98302,335.85196,0.58611673,16.18573,0.21019101
6,95,10,0.0032768005,0.04038903,0.02700517,0.010353084,0.0030307781,0.08216625,-0.000108940694,3.8717165,-0.059258547,4.6904902,-1.0228798,0.1643325,-0.00021788139,0.101750106,-0.0015573351,0.055052504,-0.012005587,252.92839,250.9695,336.26123,1.0821384,16.18573,0.19799364
6,96,10,0.0032768005,0.032443557,0.018129809,0.011130295,0.003183454,0.06732349,-0.004692938,4.0144124,0.16715719,4.8071814,-0.8281408,0.13464698,-0.009385876,0.105500214,0.0043929494,0.056422107,-0.009719926,252.93857,250.94402,336.4667,0.6609836,16.18573,0.20244199
6,97,10,0.0032768005,0.029404718,0.015503649,0.011144548,0.0027565213,0.062256824,-0.00061029074,4.016982,-0.07284868,4.473237,-0.44891357,0.12451365,-0.0012205815,0.10556774,-0.0019144898,0.052502584,-0.0052689184,252.93852,250.96378,335.8431,0.52176225,16.183874,0.16583075
6,98,10,0.0032768005,0.03039426,0.016580656,0.011120669,0.0026929337,0.06438295,-0.0013736333,4.012676,-0.37938517,4.421341,-0.5797346,0.1287659,-0.0027472666,0.10545458,-0.009970381,0.051893484,-0.006804373,252.96059,251.09679,336.1061,0.9591198,16.183874,0.16981867
6,99,10,0.0032768005,0.033498228,0.020446714,0.010410254,0.0026412613,0.071496,-0.0035671538,3.8823915,-0.30003834,4.3787174,-0.21484683,0.142992,-0.0071343076,0.10203065,-0.007885116,0.051393203,-0.002521667,252.94356,251.07504,336.28937,0.5148852,16.183874,0.15923436
6,100,10,0.0032768005,0.030063314,0.016695697,0.010583417,0.0027842012,0.064605914,0.00019716265,3.914548,-0.4327079,4.49564,-0.5392333,0.12921183,0.0003943253,0.10287573,-0.011371719,0.05276553,-0.0063290065,252.90948,250.95352,335.6183,0.97194123,16.183874,0.16201144
7,1,10,0.0026214404,0.046065956,0.023155646,0.01760083,0.0053094756,0.0760849,-0.0058058226,5.048185,0.26383963,6.208218,-0.5031662,0.1521698,-0.011611645,0.13266812,0.0069338023,0.07286615,-0.0059056836,252.22984,248.4719,332.6855,0.23932657,16.181992,0.4678757
7,2,10,0.0026214404,0.046718653,0.023482798,0.017986996,0.0052488605,0.07662049,-0.005979827,5.103263,0.17313983,6.1726794,-0.70833176,0.15324098,-0.011959654,0.1341156,0.004550185,0.07244902,-0.008313721,252.14825,248.08997,332.74405,0.53519195,16.181992,0.4710203
7,3,10,0.0026214404,0.04985521,0.025517948,0.0187507,0.0055865645,0.07987169,-0.00972048,5.210476,0.44627315,6.368155,-0.45721242,0.15974338,-0.01944096,0.1369332,0.0117282225,0.07474332,-0.005366323,252.07501,247.69894,332.57352,0.01093927,16.181992,0.50359577
7,4,10,0.0026214404,0.05236646,0.025923941,0.020472985,0.0059695365,0.08050457,-0.0061009196,5.4445157,0.40463927,6.582813,-0.5573467,0.16100913,-0.012201839,0.14308384,0.0106340675,0.077262774,-0.006541606,252.01521,247.51117,331.90936,0.15270743,16.181992,0.5213651
7,5,10,0.0026214404,0.046439484,0.024071392,0.017951904,0.0044161887,0.07757479,-0.006355847,5.098283,-0.01943646,5.661937,-0.5479404,0.15514958,-0.012711694,0.13398471,-0.00051079615,0.06645441,-0.0064312,251.99503,247.43158,332.34564,0.56737685,16.1804,0.4300324
7,6,10,0.0026214404,0.051197335,0.027742524,0.018872622,0.004582188,0.08328044,-0.009388084,5.227389,0.24204582,5.7673683,-0.21007176,0.16656087,-0.018776167,0.13737766,0.0063610645,0.06769186,-0.0024656202,251.94302,247.24825,332.35788,-0.031974062,16.1804,0.46284163
7,7,10,0.0026214404,0.048721932,0.024946611,0.019084532,0.004690789,0.07897248,-0.0065287333,5.2566543,0.12999567,5.8353133,-0.24621035,0.15794496,-0.013057467,0.13814677,0.0034163324,0.068489335,-0.0028897843,251.8926,247.13849,331.51318,0.11621468,16.1804,0.56893855
7,8,10,0.0026214404,0.051533252,0.025533099,0.02131657,0.0046835844,0.0798954,-0.007208827,5.555554,-0.03950015,5.83083,-0.4294745,0.1597908,-0.014417654,0.14600195,-0.001038072,0.06843672,-0.0050407606,251.904,247.14642,331.706,0.46897465,16.1804,0.46210045
7,9,10,0.0026214404,0.047307443,0.026975518,0.016706577,0.0036253487,0.08212113,-0.0081109805,4.918271,-0.014739065,5.1299853,-0.5839073,0.16424225,-0.016221961,0.12925392,-0.0003873459,0.06021087,-0.006853346,251.89148,247.16515,331.70193,0.59864634,16.178816,0.32575008
7,10,10,0.0026214404,0.047641926,0.025631007,0.018350204,0.0036607161,0.080048434,-0.0049209557,5.154531,-0.05399076,5.1549478,-0.6272819,0.16009687,-0.0098419115,0.13546292,-0.0014189024,0.06050385,-0.007362437,251.828,247.04362,330.80023,0.6812727,16.178816,0.32254693
7,11,10,0.0026214404,0.047507275,0.025032293,0.01859434,0.003880643,0.079107985,-0.006124819,5.1887064,-0.23243791,5.3075376,-0.8492616,0.15821597,-0.012249638,0.13636106,-0.0061085513,0.062294807,-0.009967822,251.78226,246.78468,330.86664,1.0816995,16.178816,0.34248203
7,12,10,0.0026214404,0.05056239,0.028596394,0.01776125,0.0042047477,0.08455234,-0.009945826,5.0711374,0.08163352,5.524732,-0.60854095,0.16910468,-0.019891651,0.13327134,0.0021453602,0.06484403,-0.007142474,251.75339,246.63625,330.79697,0.52690744,16.178816,0.35648704
7,13,10,0.0026214404,0.048227064,0.027583174,0.016599407,0.004044481,0.083040915,-0.0052501066,4.90247,-0.114791736,5.418419,-0.886544,0.16608183,-0.010500213,0.12883869,-0.003016768,0.063596234,-0.010405408,251.73924,246.61316,330.29785,1.0013357,16.177305,0.20939551
7,14,10,0.0026214404,0.047004014,0.026713429,0.015943633,0.00434695,0.08172122,-0.006178397,4.8046565,-0.4433345,5.6173763,-1.0296042,0.16344243,-0.012356794,0.1262681,-0.0116509935,0.0659314,-0.012084512,251.78767,246.71887,330.91672,1.4729387,16.177305,0.23038732
7,15,10,0.0026214404,0.04901811,0.02875928,0.016109204,0.0041496283,0.08479281,-0.008570069,4.82954,-0.22524773,5.488401,-0.64502925,0.16958562,-0.017140139,0.12692204,-0.0059195906,0.06441761,-0.007570738,251.81436,246.81787,331.26846,0.870277,16.177305,0.23744217
7,16,10,0.0026214404,0.04753187,0.025733449,0.017815784,0.003982637,0.08020824,-0.004157138,5.0789175,-0.2637775,5.3768334,-0.80261886,0.16041648,-0.008314276,0.13347578,-0.0069321706,0.06310814,-0.009420373,251.79483,246.7979,330.65674,1.0663964,16.177305,0.2289238
7,17,10,0.0026214404,0.04641474,0.025504762,0.016555484,0.004354493,0.07985105,-0.00269714,4.8959794,-0.48577577,5.6222477,-0.80926174,0.1597021,-0.00539428,0.12866811,-0.012766364,0.065988585,-0.009498341,251.81093,246.80086,330.8662,1.2950375,16.1759,0.23824476
7,18,10,0.0026214404,0.047510363,0.025427513,0.018014213,0.004068637,0.079730034,-0.005359305,5.107123,-0.10536793,5.434576,-0.4779308,0.15946007,-0.01071861,0.13421704,-0.0027691089,0.063785866,-0.0056094974,251.77318,246.61028,331.0044,0.58329874,16.1759,0.22940548
7,19,10,0.0026214404,0.046445783,0.024608755,0.018084394,0.0037526337,0.07843589,-0.001875255,5.117061,-0.07219331,5.2192645,-0.59080637,0.15687178,-0.00375051,0.13447823,-0.0018972673,0.061258744,-0.0069343206,251.68596,246.33197,330.26904,0.6629997,16.1759,0.22048293
7,20,10,0.0026214404,0.04370483,0.023346117,0.016583353,0.0037753563,0.07639718,-0.0039967345,4.9000993,-0.21150523,5.2350426,-0.8750882,0.15279436,-0.007993469,0.12877637,-0.0055584316,0.06144393,-0.010270952,251.62462,245.9497,330.2647,1.0865934,16.1759,0.2441348
7,21,10,0.0026214404,0.04551536,0.02270401,0.018785004,0.004026346,0.07533925,-0.003951836,5.21524,-0.000839243,5.4062576,-0.036518134,0.1506785,-0.007903672,0.13705839,-2.2054019e-5,0.063453496,-0.0004286164,251.5778,245.81215,330.1054,0.03735738,16.174597,0.2778379
7,22,10,0.0026214404,0.04853208,0.02526857,0.019265749,0.0039977627,0.079480454,0.00013766551,5.281553,-0.21163249,5.387034,-0.06443301,0.15896091,0.00027533103,0.13880111,-0.0055617793,0.06322786,-0.0007562529,251.55559,245.85446,329.5694,0.2760655,16.174597,0.27091166
7,23,10,0.0026214404,0.045243848,0.02310336,0.018094422,0.004046064,0.07599895,-0.001592146,5.1184807,-0.41474274,5.4194794,-0.28825295,0.1519979,-0.003184292,0.13451551,-0.010899588,0.063608676,-0.0033832397,251.56802,245.84132,329.85663,0.70299566,16.174597,0.27242237
7,24,10,0.0026214404,0.049358822,0.024216214,0.020942055,0.0042005554,0.0778078,-0.004171406,5.5065336,0.104253,5.521977,-0.17204477,0.1556156,-0.008342812,0.1447137,0.0027398036,0.06481169,-0.0020192976,251.605,245.96051,330.1054,0.06779177,16.174597,0.25515866
7,25,10,0.0026214404,0.053909145,0.026026508,0.023675807,0.0042068283,0.080663666,0.0030200963,5.854922,-0.26832792,5.526099,0.94943553,0.16132733,0.0060401927,0.15386945,-0.0070517543,0.06486007,0.011143564,251.65327,246.3164,329.73962,-0.68110764,16.173376,0.2862215
7,26,10,0.0026214404,0.049241845,0.024464693,0.020597193,0.0041799587,0.078205965,0.0015455963,5.4610066,-0.66403306,5.5084214,0.7211533,0.15641193,0.0030911926,0.14351723,-0.01745103,0.0646526,0.008464212,251.72226,246.67378,330.43552,-0.057120264,16.173376,0.3015662
7,27,10,0.0026214404,0.05037234,0.026378753,0.019670011,0.0043235742,0.081207685,-0.0018393303,5.336678,-0.55522954,5.602253,1.0209984,0.16241537,-0.0036786606,0.14024982,-0.014591633,0.06575389,0.011983508,251.72487,246.72328,330.44424,-0.4657688,16.173376,0.28089848
7,28,10,0.0026214404,0.05440478,0.02963474,0.020439666,0.0043303757,0.08607372,0.002453289,5.4400845,-0.6631078,5.6066575,1.0917928,0.17214744,0.004906578,0.14296736,-0.01742671,0.06580559,0.01281442,251.71019,246.66069,329.9588,-0.428685,16.173376,0.28450593
7,29,10,0.0026214404,0.048981633,0.024193995,0.020093331,0.0046943077,0.077772096,0.0039614895,5.393798,-0.5494706,5.837501,1.7916228,0.15554419,0.007922979,0.14175095,-0.014440289,0.06851502,0.021028357,251.75006,246.71935,330.63925,-1.2421522,16.172207,0.3015408
7,30,10,0.0026214404,0.050570376,0.024746256,0.020933168,0.0048909504,0.078654714,0.000884619,5.5053654,-0.22797751,5.958513,1.9007986,0.15730943,0.001769238,0.14468299,-0.00599133,0.06993533,0.022309763,251.75316,246.73042,330.58453,-1.672821,16.172207,0.28376594
7,31,10,0.0026214404,0.055501137,0.029294576,0.02158559,0.004620972,0.08557829,0.0041917353,5.5904994,-0.40550825,5.791725,1.7245893,0.17115659,0.008383471,0.14692035,-0.010656904,0.067977734,0.020241583,251.73384,246.69922,329.77448,-1.3190811,16.172207,0.28613436
7,32,10,0.0026214404,0.053389188,0.026753794,0.022284687,0.0043507065,0.08178294,0.002984564,5.680309,-0.7239071,5.619804,1.4349998,0.16356587,0.005969128,0.14928056,-0.019024538,0.065959886,0.01684266,251.79443,246.92964,330.21988,-0.7110927,16.172207,0.29007384
7,33,10,0.0026214404,0.051110562,0.024324315,0.022240598,0.0045456463,0.07798127,0.0037474958,5.6746864,-0.4116887,5.7443247,1.9291618,0.15596254,0.0074949916,0.14913282,-0.010819329,0.06742141,0.02264266,251.82413,247.16512,330.5434,-1.5174731,16.171076,0.2679692
7,34,10,0.0026214404,0.05425874,0.02743379,0.022070203,0.0047547496,0.082815744,0.0075492454,5.652907,-0.44578645,5.874962,2.0316522,0.16563149,0.015098491,0.14856043,-0.011715432,0.06895469,0.023845596,251.77325,247.06427,329.92447,-1.5858657,16.171076,0.2862956
7,35,10,0.0026214404,0.047821052,0.023258837,0.01982239,0.0047398233,0.07625424,0.0063686077,5.357309,-0.4623113,5.865733,1.932853,0.15250848,0.0127372155,0.14079201,-0.012149707,0.068846375,0.022685986,251.73856,246.73914,330.24673,-1.4705417,16.171076,0.2838871
7,36,10,0.0026214404,0.051316146,0.024678895,0.021569971,0.005067277,0.07854759,0.0033851545,5.588476,-0.104210414,6.064968,2.0469148,0.15709518,0.006770309,0.14686719,-0.0027386872,0.07118481,0.024024734,251.72783,246.57988,330.2131,-1.9427044,16.171076,0.27548674
7,37,10,0.0026214404,0.054719992,0.027363632,0.022766724,0.0045896354,0.08270978,0.009466969,5.741415,-0.09120971,5.772053,1.5524739,0.16541956,0.018933939,0.15088646,-0.002397021,0.06774685,0.018221455,251.73927,246.75615,329.65588,-1.4612641,16.17,0.23520194
7,38,10,0.0026214404,0.04664584,0.022556292,0.01970134,0.004388209,0.07509376,0.008641594,5.3409257,-0.49315655,5.643972,1.4296358,0.15018752,0.017283188,0.14036146,-0.0129603315,0.06624356,0.0167797,251.78685,246.91653,330.34515,-0.9364792,16.17,0.24105668
7,39,10,0.0026214404,0.048009034,0.023242423,0.020172458,0.00459415,0.07622733,0.005324457,5.4044075,-0.11047643,5.7748914,1.6970578,0.15245466,0.010648914,0.14202978,-0.0029033609,0.06778016,0.019918444,251.79816,246.91534,330.53406,-1.5865815,16.17,0.22851147
7,40,10,0.0026214404,0.047492474,0.023920408,0.018946681,0.004625388,0.07733112,0.009153745,5.2376356,-0.357641,5.794491,1.795033,0.15466224,0.01830749,0.13764694,-0.009398934,0.0680102,0.021068385,251.75534,246.76427,330.01254,-1.437392,16.17,0.2657477
7,41,10,0.0026214404,0.043222018,0.022922637,0.015714446,0.0045849355,0.07570112,0.008098538,4.769998,-0.0914202,5.7690964,0.8206513,0.15140224,0.016197076,0.12535727,-0.0024025578,0.06771215,0.009632021,251.72643,246.55356,330.5152,-0.7292311,16.168947,0.18465005
7,42,10,0.0026214404,0.04277486,0.021470504,0.016727936,0.004576417,0.073264085,0.004642978,4.921413,0.4278003,5.763736,0.9349383,0.14652817,0.009285956,0.12933652,0.011242746,0.06764922,0.010973413,251.69147,246.36127,330.66513,-1.3627386,16.168947,0.17224611
7,43,10,0.0026214404,0.043672062,0.022419032,0.017067075,0.004185958,0.07486493,0.009062885,4.9710507,0.2938963,5.512374,0.8904003,0.14972986,0.01812577,0.13064101,0.007723699,0.06469898,0.0104506705,251.6514,246.26056,330.24854,-1.1842966,16.168947,0.19759852
7,44,10,0.0026214404,0.0401811,0.021197952,0.014845458,0.004137691,0.07279758,0.008766022,4.636235,0.052689128,5.4805007,0.76253587,0.14559516,0.017532043,0.12184194,0.0013846899,0.064324886,0.008949918,251.65625,246.29999,330.743,-0.815225,16.168947,0.18687698
7,45,10,0.0026214404,0.045304738,0.023797115,0.017167516,0.004340104,0.07713157,0.0052860454,4.9856567,0.5401697,5.612951,-0.024603372,0.15426314,0.010572091,0.13102487,0.014195854,0.065879464,-0.00028877155,251.66165,246.36542,330.8136,-0.51556635,16.167938,0.18672352
7,46,10,0.0026214404,0.045398377,0.022391517,0.018555013,0.0044518467,0.074818976,0.01006785,5.183216,0.35599217,5.6847496,-0.05820388,0.14963795,0.0201357,0.13621679,0.0093556,0.06672216,-0.0006831427,251.63765,246.39172,330.16666,-0.2977883,16.167938,0.1804019
7,47,10,0.0026214404,0.041159485,0.019446764,0.017235227,0.0044774925,0.06972583,0.009161681,4.995479,0.24259377,5.7011003,-0.464029,0.13945165,0.018323362,0.131283,0.006375451,0.06691407,-0.0054463292,251.64615,246.40356,330.4536,0.22143525,16.167938,0.17839521
7,48,10,0.0026214404,0.042354047,0.022344751,0.015705211,0.0043040854,0.074740805,0.007005893,4.768597,0.3872773,5.589612,-0.26446906,0.14948161,0.014011786,0.12532043,0.01017779,0.06560553,-0.0031040863,251.68016,246.61028,330.7033,-0.12280825,16.167938,0.18913072
7,49,10,0.0026214404,0.039161,0.020048298,0.015061553,0.0040511475,0.070796005,0.007945847,4.6698565,0.2053061,5.4228835,-1.0624555,0.14159201,0.015891694,0.12272552,0.00539552,0.063648626,-0.012470089,251.67274,246.74718,330.09747,0.8571494,16.167006,0.17883454
7,50,10,0.0026214404,0.037489187,0.020278832,0.013040128,0.004170229,0.07120188,0.0077713598,4.345198,0.023387417,5.502008,-1.2662815,0.14240377,0.0155427195,0.11419338,0.0006146302,0.06457731,-0.014862403,251.6895,246.83427,330.6364,1.242894,16.167006,0.17953104
7,51,10,0.0026214404,0.04039858,0.022461131,0.013754805,0.0041826433,0.07493519,0.0052773296,4.462682,0.3673303,5.51019,-1.1182555,0.14987038,0.010554659,0.11728088,0.009653575,0.06467336,-0.013125015,251.69,246.80797,330.97876,0.7509252,16.167006,0.19639117
7,52,10,0.0026214404,0.03897336,0.021021727,0.01385173,0.0040999036,0.07249436,0.008318617,4.4783773,0.18286191,5.4554186,-1.013279,0.14498872,0.016637234,0.11769337,0.004805678,0.06403049,-0.0118929,251.65926,246.64331,330.30316,0.83041704,16.167006,0.19539273
7,53,10,0.0026214404,0.03648485,0.01937007,0.012880364,0.0042344145,0.0695882,0.004094102,4.3184977,0.3111042,5.544187,-1.4139863,0.1391764,0.008188204,0.11349169,0.008175931,0.06507238,-0.016596021,251.70813,246.82616,331.0248,1.1028821,16.166098,0.14454971
7,54,10,0.0026214404,0.041883636,0.022234349,0.015534055,0.0041152327,0.07455593,0.0014171123,4.742541,0.56816393,5.465607,-1.3604093,0.14911187,0.0028342246,0.12463569,0.014931554,0.06415008,-0.015967183,251.76056,247.15504,331.4135,0.7922453,16.166098,0.191816
7,55,10,0.0026214404,0.041416876,0.021726802,0.015435099,0.004254976,0.07370007,0.0058669043,4.7274113,0.26831186,5.5576315,-1.3106333,0.14740014,0.011733809,0.124238074,0.007051332,0.065230176,-0.015382961,251.73984,247.22992,331.03116,1.0423214,16.166098,0.19494982
7,56,10,0.0026214404,0.03613328,0.019242464,0.012272201,0.0046186144,0.0693586,0.0049631894,4.2153134,-0.05856878,5.790246,-1.5229528,0.1387172,0.009926379,0.11077996,-0.0015392087,0.06796039,-0.017874965,251.72304,247.07225,331.52005,1.5815216,16.166098,0.17156336
7,57,10,0.0026214404,0.041620202,0.02151921,0.015554275,0.0045467173,0.07334714,-0.0022120208,4.7456264,0.526452,5.745002,-1.3884262,0.14669427,-0.0044240416,0.12471678,0.013835348,0.06742935,-0.01629602,251.73682,247.167,331.6352,0.8619742,16.165205,0.15966278
7,58,10,0.0026214404,0.042167004,0.021032043,0.01654302,0.0045919404,0.07251214,0.0023063917,4.894137,-0.0017057091,5.7735023,-1.3826694,0.14502428,0.0046127834,0.12861967,-4.48257e-5,0.06776386,-0.016228454,251.7412,247.27124,330.95453,1.3843752,16.165205,0.16904648
7,59,10,0.0026214404,0.03903392,0.019835787,0.014121664,0.00507647,0.07041979,0.0010856155,4.5218024,-0.19260809,6.0704675,-1.4319967,0.14083958,0.002171231,0.11883461,-0.005061812,0.07124935,-0.016807407,251.77777,247.28838,331.5988,1.6246048,16.165205,0.16171554
7,60,10,0.0026214404,0.04172323,0.022270173,0.014910675,0.0045423787,0.07461597,-0.0026154746,4.6464076,0.13381776,5.74226,-1.118363,0.14923194,-0.0052309493,0.12210927,0.00351678,0.06739717,-0.013126278,251.84047,247.46954,332.0453,0.98454523,16.165205,0.14948426
7,61,10,0.0026214404,0.038730603,0.019290928,0.014954582,0.0044850945,0.06944589,-0.0014823696,4.653244,0.28946105,5.7059374,-0.7659549,0.13889179,-0.0029647392,0.12228893,0.007607142,0.06697085,-0.0089900475,251.83989,247.48102,331.5233,0.47649387,16.16428,0.1962921
7,62,10,0.0026214404,0.037608318,0.01979877,0.0130814295,0.0047281147,0.07035405,-0.0016881407,4.352074,0.19407538,5.8584833,-0.94403595,0.1407081,-0.0033762814,0.11437408,0.005100371,0.06876129,-0.0110801915,251.86324,247.49327,332.1946,0.74996054,16.16428,0.1877827
7,63,10,0.0026214404,0.039283767,0.020166388,0.014617418,0.00449996,0.071004204,-0.0052966913,4.600489,0.6355638,5.715386,-0.89689976,0.14200841,-0.010593383,0.120902516,0.016702844,0.06708174,-0.010526953,251.87015,247.48834,332.6025,0.26133597,16.16428,0.18381006
7,64,10,0.0026214404,0.037645627,0.01923783,0.014111149,0.0042966483,0.06935025,-0.00092401466,4.520119,0.28197092,5.58478,-0.6414475,0.1387005,-0.0018480293,0.11879036,0.0074102995,0.06554882,-0.007528698,251.83733,247.42108,331.94327,0.35947657,16.16428,0.16305287
7,65,10,0.0026214404,0.035608925,0.019145451,0.012267193,0.0041962783,0.06918354,-0.003772149,4.214453,0.26730087,5.519165,-0.63346434,0.13836709,-0.007544298,0.11075736,0.0070247636,0.064778686,-0.007435001,251.81554,247.25768,332.27252,0.36616346,16.16326,0.16938561
7,66,10,0.0026214404,0.039920796,0.021501044,0.014320482,0.0040992685,0.07331617,-0.008435097,4.5535226,0.6457633,5.4549947,-0.654922,0.14663234,-0.016870193,0.119668216,0.01697089,0.06402553,-0.007686852,251.81017,247.27588,332.3054,0.0091587305,16.16326,0.20349835
7,67,10,0.0026214404,0.034960322,0.01759516,0.013348102,0.0040170606,0.06632338,-0.0039929156,4.39621,0.3168686,5.4000206,-0.52729213,0.13264675,-0.007985831,0.115533985,0.00832742,0.063380286,-0.0061888527,251.77867,247.16144,331.4001,0.21042353,16.16326,0.19010681
7,68,10,0.0026214404,0.03455065,0.01842233,0.011698865,0.004429451,0.06786444,-0.0040874043,4.1156697,0.32949397,5.6704316,-0.71847224,0.13572888,-0.008174809,0.10816129,0.00865922,0.06655412,-0.008432742,251.81514,247.2086,332.03458,0.38897827,16.16326,0.17567655
7,69,10,0.0026214404,0.03911279,0.021704394,0.013243329,0.0041650683,0.07366206,-0.00928132,4.3789225,0.95755714,5.498602,-0.5396949,0.14732412,-0.01856264,0.11507966,0.025164947,0.06453734,-0.006334424,251.8954,247.5524,332.55655,-0.41786224,16.162155,0.21071893
7,70,10,0.0026214404,0.035756495,0.018753882,0.013003623,0.003998992,0.06847241,-0.0043778755,4.339112,0.7108871,5.387862,-0.4155615,0.13694482,-0.008755751,0.11403343,0.01868237,0.063237585,-0.004877465,251.93344,247.88533,332.14694,-0.29532558,16.162155,0.17669764
7,71,10,0.0026214404,0.034191404,0.018706,0.0113596115,0.004125793,0.06838494,-0.005596587,4.055556,0.34106576,5.4726152,-0.6795512,0.13676988,-0.011193174,0.10658148,0.008963331,0.064232334,-0.007975924,251.99213,248.15329,333.04678,0.33848542,16.162155,0.17735721
7,72,10,0.0026214404,0.042769104,0.024875049,0.013650023,0.0042440332,0.07885913,-0.009268235,4.445651,0.6579571,5.5504804,-0.5572994,0.15771826,-0.01853647,0.116833314,0.017291348,0.065146245,-0.00654105,252.00214,248.10791,333.47092,-0.1006577,16.162155,0.199304
7,73,10,0.0026214404,0.03635712,0.018286578,0.014144884,0.0039256597,0.06761394,-0.005869756,4.525519,0.41648325,5.338233,-0.4239295,0.13522787,-0.011739512,0.11893227,0.0109453285,0.062655084,-0.0049756784,252.0157,248.21155,332.76276,0.0074462593,16.160992,0.14319794
7,74,10,0.0026214404,0.03586033,0.019386599,0.012747846,0.0037258875,0.06961788,-0.005843682,4.2962255,0.048158858,5.2006316,-0.6246432,0.13923576,-0.011687364,0.11290636,0.0012656321,0.061040048,-0.007331466,252.12863,248.63307,333.48883,0.5764843,16.160992,0.14322811
7,75,10,0.0026214404,0.04070642,0.025932642,0.011110672,0.0036631043,0.080518074,-0.008867639,4.010872,0.24809858,5.156628,-0.47870898,0.16103615,-0.017735278,0.10540717,0.0065201214,0.060523584,-0.0056186295,252.2199,249.02902,334.0711,0.2306104,16.160992,0.17617896
7,76,10,0.0026214404,0.033348925,0.019186,0.010546075,0.003616849,0.06925677,-0.005014417,3.9076362,0.008194403,5.123968,-0.4010938,0.13851354,-0.010028834,0.10269409,0.00021535128,0.060140245,-0.004707657,252.25801,249.23384,333.65128,0.3928994,16.160992,0.14518128
7,77,10,0.0026214404,0.03443098,0.020499727,0.010155986,0.0037752702,0.07158863,-0.0056137135,3.8346848,-0.07121112,5.234983,-0.54707074,0.14317726,-0.011227427,0.10077691,-0.0018714538,0.06144323,-0.006420995,252.30554,249.32639,334.19144,0.61828184,16.159729,0.15380293
7,78,10,0.0026214404,0.03826774,0.022267183,0.0124651,0.0035354584,0.07461096,-0.009052286,4.2483134,0.42808062,5.065987,-0.39502224,0.14922193,-0.018104572,0.11164721,0.011250113,0.05945972,-0.004636393,252.32887,249.32751,334.6105,-0.033058375,16.159729,0.20177872
7,79,10,0.0026214404,0.032817822,0.017002746,0.012258031,0.003557044,0.06519729,-0.003985131,4.2128797,0.3257316,5.0814285,-0.1494902,0.13039458,-0.007970262,0.11071599,0.008560345,0.05964096,-0.0017545741,252.30283,249.28673,334.04404,-0.1762414,16.159729,0.16133669
7,80,10,0.0026214404,0.031477123,0.017620498,0.0102950875,0.0035615384,0.06637111,-0.0044064536,3.8608568,0.14074232,5.084637,-0.5382072,0.13274223,-0.008812907,0.10146471,0.003698759,0.059678625,-0.0063169627,252.29407,249.25789,334.52194,0.39746487,16.159729,0.17387189
7,81,10,0.0026214404,0.039878067,0.025240742,0.011508793,0.0031285328,0.079436675,-0.0055708536,4.0820994,0.31664547,4.765534,-0.47979978,0.15887335,-0.011141707,0.10727904,0.008321556,0.05593329,-0.0056314324,252.25706,249.01544,334.80453,0.1631543,16.158382,0.20383625
7,82,10,0.0026214404,0.032850277,0.018382316,0.010991143,0.003476817,0.0677907,-0.0019198036,3.9892392,0.18430442,5.023797,-0.31333616,0.1355814,-0.0038396071,0.104838654,0.004843586,0.05896454,-0.00367764,252.19034,248.73676,333.8823,0.12903175,16.158382,0.14924882
7,83,10,0.0026214404,0.031324305,0.0169094,0.010519903,0.0038950008,0.06501807,-0.002578418,3.9027846,-0.016369464,5.317346,-0.37944338,0.13003615,-0.005156836,0.10256658,-0.00043019562,0.06240994,-0.0044535445,252.20403,248.68446,334.24652,0.39581284,16.158382,0.18400143
7,84,10,0.0026214404,0.036937185,0.022055922,0.010918279,0.003962983,0.07425618,-0.006113581,3.9759946,0.36154002,5.36355,-0.30787516,0.14851236,-0.012227162,0.10449057,0.009501403,0.06295223,-0.003613547,252.26508,248.9746,334.6231,-0.053664863,16.158382,0.20009303
7,85,10,0.0026214404,0.032095555,0.017344346,0.011147272,0.0036039376,0.06584897,0.0011184334,4.0174727,0.10184188,5.1148143,0.030569982,0.13169794,0.0022368669,0.10558064,0.0026764406,0.060032804,0.00035880008,252.30737,249.22191,334.2223,-0.13241187,16.15697,0.15376326
7,86,10,0.0026214404,0.03235623,0.018052313,0.010448839,0.0038550764,0.06717945,0.00027763,3.8895793,-0.20619628,5.2900248,-0.19590142,0.1343589,0.00055526,0.10221956,-0.005418915,0.06208926,-0.0022993027,252.38712,249.45049,335.2497,0.4020977,16.15697,0.2053802
7,87,10,0.0026214404,0.033998672,0.019646741,0.010399402,0.003952529,0.07008342,-0.0033903602,3.8803678,0.12075875,5.3564706,-0.10387563,0.14016683,-0.0067807203,0.10197746,0.0031735825,0.06286914,-0.001219195,252.45569,249.65182,335.728,-0.01688312,16.15697,0.21033275
7,88,10,0.0026214404,0.029809996,0.016662808,0.009433547,0.0037136406,0.06454225,0.00039083848,3.6957803,-0.011237905,5.192077,0.02711876,0.1290845,0.00078167696,0.09712645,-0.0002953368,0.060939647,0.00031829422,252.4656,249.7965,335.13565,-0.015880853,16.15697,0.19462045
7,89,10,0.0026214404,0.03168536,0.018517157,0.009763948,0.0034042578,0.06803888,0.0019269525,3.7599442,-0.20495231,4.9710994,0.4816308,0.13607776,0.003853905,0.09881269,-0.005386221,0.05834602,0.0056529203,252.49658,249.87668,335.8054,-0.2766785,16.155468,0.16304247
7,90,10,0.0026214404,0.03862788,0.024502544,0.01063297,0.0034923668,0.07826644,-0.00015254905,3.9237015,0.029148178,5.0350194,0.5239889,0.15653288,-0.0003050981,0.103116296,0.00076602417,0.05909625,0.006150081,252.5204,249.9241,336.23227,-0.55313706,16.155468,0.14545505
7,91,10,0.0026214404,0.030750036,0.016587615,0.010783124,0.0033792956,0.064396456,0.003094066,3.9513085,-0.19142559,4.95284,0.6484962,0.12879291,0.006188132,0.10384182,-0.005030732,0.05813171,0.007611431,252.51414,249.98994,335.36176,-0.45707062,16.155468,0.1700878
7,92,10,0.0026214404,0.035776854,0.020961123,0.011556272,0.0032594574,0.07238978,0.003535287,4.090511,-0.24595992,4.8642273,0.39864984,0.14477956,0.007070574,0.107500106,-0.0064639146,0.057091657,0.0046789716,252.56787,250.26346,335.85208,-0.15268992,16.155468,0.20623529
7,93,10,0.0026214404,0.03751778,0.023228768,0.011304178,0.002984832,0.07620493,0.0011761272,4.045649,-0.014214877,4.6548014,1.1161025,0.15240987,0.0023522545,0.10632111,-0.00037357135,0.054633617,0.013099745,252.60545,250.46815,336.3537,-1.1018876,16.15389,0.18006405
7,94,10,0.0026214404,0.03114449,0.017378015,0.010573768,0.0031927063,0.06591285,0.0046599656,3.9127634,-0.04718216,4.8141613,1.1553766,0.1318257,0.009319931,0.10282883,-0.0012399657,0.056504037,0.013560707,252.54405,250.25252,335.77518,-1.1081944,16.15389,0.18819883
7,95,10,0.0026214404,0.029761134,0.017301595,0.009335267,0.003124272,0.065767765,0.0038923344,3.6764786,-0.24347402,4.7622876,1.0412346,0.13153553,0.007784669,0.09661919,-0.006398585,0.055895187,0.012221019,252.50352,249.93486,336.0378,-0.7977606,16.15389,0.18540251
7,96,10,0.0026214404,0.037734956,0.022850022,0.011734098,0.0031508345,0.07558112,-0.0004934658,4.121863,0.1384739,4.78249,1.3041598,0.15116224,-0.0009869316,0.10832404,0.0036391432,0.056132294,0.015306986,252.50533,249.8651,336.26196,-1.4426336,16.15389,0.17271233
7,97,10,0.0026214404,0.029186675,0.015600564,0.010648991,0.0029371215,0.06245111,0.0035752654,3.9266565,-0.15166676,4.6174498,1.4901949,0.12490222,0.007150531,0.103193946,-0.0039858553,0.054195218,0.017490486,252.51746,249.99052,335.5814,-1.3385282,16.15226,0.17299175
7,98,10,0.0026214404,0.030545928,0.017325819,0.010073046,0.0031470624,0.06581379,0.002782764,3.818995,-0.35885867,4.779626,1.3333067,0.13162757,0.005565528,0.100364566,-0.009430935,0.056098685,0.01564908,252.60791,250.3142,336.45847,-0.97444797,16.15226,0.1839721
7,99,10,0.0026214404,0.035886124,0.022689397,0.009912487,0.0032842385,0.075315,-0.0009095792,3.7884364,-0.20472261,4.8826823,1.5619445,0.15063,-0.0018191584,0.099561475,-0.005380185,0.057308275,0.018332615,252.66312,250.532,337.0193,-1.3572218,16.15226,0.18844816
7,100,10,0.0026214404,0.028023314,0.014986065,0.009557268,0.0034799795,0.061208792,0.0026032368,3.7199368,-0.28903055,5.0260816,1.7614989,0.122417584,0.0052064736,0.09776128,-0.0075958283,0.05899135,0.02067479,252.6527,250.52417,336.29736,-1.4724684,16.15226,0.2115125
8,1,10,0.0020971524,0.033596855,0.016697071,0.012925168,0.003974617,0.064608574,-0.003553188,4.326002,1.1370156,5.371417,0.5607803,0.12921715,-0.007106376,0.11368891,0.029881181,0.06304456,0.006581904,252.1986,248.23557,332.22766,-1.6977959,16.150549,0.24690412
8,2,10,0.0020971524,0.036793478,0.019769134,0.013431439,0.003592903,0.07030138,-0.0053938464,4.409912,0.9263005,5.106978,0.35781887,0.14060275,-0.010787693,0.11589409,0.024343513,0.05994083,0.0041997368,252.20049,248.16771,332.46365,-1.2841194,16.150549,0.2394655
8,3,10,0.0020971524,0.036001876,0.019497117,0.013039133,0.0034656245,0.06981604,-0.008105429,4.3450327,0.95579827,5.0157046,0.5519904,0.13963208,-0.016210858,0.11418902,0.025118727,0.058869556,0.006478737,252.17546,248.08801,332.39774,-1.5077887,16.150549,0.24532671
8,4,10,0.0020971524,0.032992013,0.0169743,0.012328533,0.003689179,0.06514273,-0.005435323,4.2249775,0.83819634,5.174948,0.56688195,0.13028546,-0.010870646,0.11103393,0.022028102,0.060738612,0.0066535203,252.1368,247.9998,331.99353,-1.4050783,16.150549,0.23403397
8,5,10,0.0020971524,0.034547783,0.019789614,0.010890641,0.0038675298,0.07033778,-0.0059602247,3.970959,0.4543887,5.2985625,-0.018302225,0.14067556,-0.011920449,0.10435823,0.0119415,0.062189467,-0.00021481454,252.14397,248.01447,332.52612,-0.43608648,16.149178,0.19078495
8,6,10,0.0020971524,0.034846,0.019284133,0.011612447,0.003949421,0.06943366,-0.007839442,4.100441,0.6260563,5.354365,0.03158157,0.13886732,-0.015678884,0.10776106,0.016452985,0.06284442,0.00037067407,252.18016,248.21281,332.75076,-0.6576379,16.149178,0.19342954
8,7,10,0.0020971524,0.035067704,0.019485604,0.011853421,0.0037286752,0.06979542,-0.004651832,4.142767,0.49907583,5.2025766,0.111464106,0.13959084,-0.009303664,0.10887342,0.013115892,0.06106288,0.0013082576,252.21283,248.491,332.52832,-0.6105399,16.149178,0.18579885
8,8,10,0.0020971524,0.032418422,0.01914033,0.010065774,0.003212318,0.06917429,-0.0049311914,3.817616,0.15746102,4.8289256,0.045662697,0.13834858,-0.009862383,0.10032833,0.004138132,0.056677315,0.0005359445,252.24503,248.60114,333.18167,-0.20312372,16.149178,0.20483594
8,9,10,0.0020971524,0.032746084,0.018855443,0.010567613,0.0033230295,0.06865756,-0.008235934,3.911624,-0.08102716,4.9114337,-0.39809892,0.13731512,-0.016471868,0.102798894,-0.0021294234,0.057645723,-0.0046725064,252.19159,248.377,333.28662,0.47912607,16.147833,0.20215337
8,10,10,0.0020971524,0.032240704,0.016353674,0.012501418,0.0033856095,0.06394074,-0.0042680684,4.254497,-0.026071645,4.957464,-0.42044386,0.12788148,-0.008536137,0.11180974,-0.00068516925,0.05818599,-0.004934769,252.07356,247.93715,332.3365,0.4465155,16.147833,0.23664404
8,11,10,0.0020971524,0.03233471,0.01716353,0.01185402,0.0033171629,0.06550483,-0.0056977435,4.142872,0.010614684,4.907097,-0.54529583,0.13100965,-0.011395487,0.10887617,0.00027895818,0.057594817,-0.0064001624,251.98982,247.49124,332.29395,0.53468114,16.147833,0.21462734
8,12,10,0.0020971524,0.0346454,0.018182214,0.01312326,0.0033399295,0.06742072,-0.008139076,4.359027,0.1596892,4.9239073,-0.3899344,0.13484144,-0.016278151,0.1145568,0.004196691,0.057792123,-0.004576679,251.94624,247.35579,332.11862,0.23024519,16.147833,0.22446749
8,13,10,0.0020971524,0.033083726,0.015382449,0.014364521,0.0033367544,0.062013,-0.0053088823,4.560519,-0.0639297,4.921566,-0.8822895,0.124026,-0.010617765,0.11985208,-0.00168009,0.057764646,-0.010355473,251.94173,247.51878,331.55307,0.9462192,16.146557,0.24650767
8,14,10,0.0020971524,0.034432292,0.01770742,0.013232881,0.0034919905,0.066534616,-0.0063993423,4.3771944,-0.21988258,5.034748,-1.0272528,0.13306923,-0.012798685,0.11503426,-0.0057785898,0.059093066,-0.012056914,251.96729,247.6208,332.0547,1.2471354,16.146557,0.28161404
8,15,10,0.0020971524,0.036647294,0.019264255,0.013821836,0.0035612027,0.06939787,-0.008964505,4.473542,-0.12421552,5.0843983,-0.86035174,0.13879573,-0.01792901,0.1175663,-0.0032644235,0.059675813,-0.01009799,251.9709,247.57213,332.36633,0.9845673,16.146557,0.2902088
8,16,10,0.0020971524,0.0383388,0.020621479,0.014112904,0.0036044174,0.0718009,-0.0057873684,4.5204,-0.21538478,5.1151543,-0.82352006,0.1436018,-0.011574737,0.11879774,-0.005660392,0.0600368,-0.009665693,251.93726,247.49623,331.63367,1.0389049,16.146557,0.33190328
8,17,10,0.0020971524,0.031797912,0.01705034,0.011277103,0.0034704695,0.06528848,-0.005421006,4.040801,-0.35006845,5.0192094,-1.2541225,0.13057695,-0.010842012,0.10619371,-0.00919992,0.05891069,-0.014719695,251.89919,247.32616,331.72964,1.604191,16.145351,0.2872389
8,18,10,0.0020971524,0.033784464,0.018415805,0.011863828,0.0035048323,0.06785242,-0.007423307,4.1445856,-0.07331486,5.0439973,-1.1768144,0.13570485,-0.014846614,0.1089212,-0.001926746,0.059201624,-0.013812323,251.86617,247.1462,331.72586,1.2501293,16.145351,0.28022614
8,19,10,0.0020971524,0.03379559,0.016055461,0.01386904,0.0038710914,0.06335507,-0.004690224,4.481175,-0.18063554,5.3010015,-1.2028126,0.12671015,-0.009380448,0.11776689,-0.004747173,0.062218096,-0.014117467,251.86198,247.13129,331.22916,1.3834481,16.145351,0.2996776
8,20,10,0.0020971524,0.037673514,0.01911817,0.014623062,0.0039322837,0.069134235,-0.005619125,4.601377,-0.41141903,5.342735,-1.298597,0.13826847,-0.01123825,0.12092585,-0.010812244,0.06270792,-0.015241693,251.87875,247.2391,331.49628,1.710016,16.145351,0.31091785
8,21,10,0.0020971524,0.037231382,0.019479742,0.014043375,0.003708267,0.069784924,-0.0063602696,4.509251,-0.42275703,5.188319,-1.2660757,0.13956985,-0.012720539,0.11850475,-0.011110208,0.06089554,-0.014859988,251.83723,247.19176,331.30753,1.6888328,16.144213,0.23608838
8,22,10,0.0020971524,0.035021313,0.018083427,0.013227911,0.003709976,0.06723732,-0.0034338075,4.3763723,-0.39874494,5.1895146,-1.2226422,0.13447464,-0.006867615,0.11501265,-0.010479162,0.060909573,-0.014350205,251.75923,246.89816,330.26913,1.6213871,16.144213,0.24279661
8,23,10,0.0020971524,0.036237862,0.019366506,0.013236229,0.0036351278,0.0695818,-0.004889767,4.3777485,-0.38777506,5.1368995,-1.3114554,0.1391636,-0.009779534,0.11504881,-0.01019087,0.06029202,-0.015392608,251.79306,246.92155,330.8312,1.6992304,16.144213,0.2567366
8,24,10,0.0020971524,0.03722019,0.020520046,0.012835328,0.0038648169,0.0716241,-0.007969022,4.3109417,-0.11677289,5.296704,-1.2189286,0.1432482,-0.015938044,0.113293104,-0.0030688336,0.062167652,-0.014306623,251.81975,246.99751,330.87418,1.3357015,16.144213,0.24767984
8,25,10,0.0020971524,0.037477225,0.019277308,0.014332088,0.0038678283,0.06942137,-0.0031120314,4.555367,-0.38169807,5.2987666,-1.1945454,0.13884275,-0.0062240628,0.1197167,-0.010031163,0.062191866,-0.014020434,251.82637,247.14575,330.33273,1.5762434,16.14314,0.19570297
8,26,10,0.0020971524,0.03840143,0.02043817,0.014122813,0.003840445,0.071481064,-0.004235788,4.521987,-0.4351123,5.2799764,-1.3094387,0.14296213,-0.008471576,0.11883944,-0.011434909,0.061971325,-0.015368942,251.87299,247.21802,330.81183,1.744551,16.14314,0.22098115
8,27,10,0.0020971524,0.03682462,0.019164374,0.013713722,0.003946526,0.06921773,-0.0060018157,4.4560122,-0.22475353,5.352401,-1.1978142,0.13843545,-0.012003631,0.1171056,-0.0059066024,0.06282138,-0.014058802,251.93797,247.41183,331.33768,1.4225677,16.14314,0.19913246
8,28,10,0.0020971524,0.03643018,0.01882413,0.013728591,0.0038774598,0.06860053,-0.0020816277,4.458427,-0.5390232,5.30536,-1.3671231,0.13720106,-0.0041632554,0.11716907,-0.0141657265,0.06226925,-0.016045986,251.97389,247.70146,331.5067,1.9061463,16.14314,0.21538916
8,29,10,0.0020971524,0.03308162,0.018477079,0.011569976,0.003034565,0.06796521,0.0013968442,4.092935,-0.62974423,4.69342,-1.1389922,0.13593042,0.0027936883,0.10756382,-0.016549904,0.055086885,-0.013368403,252.00328,247.9423,332.2911,1.7687364,16.142117,0.19390862
8,30,10,0.0020971524,0.032692347,0.018822797,0.01086387,0.0030056785,0.0685981,-0.0014533328,3.9660752,-0.22033158,4.671028,-1.0618098,0.1371962,-0.0029066657,0.10422989,-0.0057903966,0.05482407,-0.012462513,251.97585,247.81561,332.44595,1.2821413,16.142117,0.16509862
8,31,10,0.0020971524,0.03237341,0.016521784,0.01255423,0.0032973953,0.064268544,0.0008957836,4.2634745,-0.17758726,4.8924537,-1.096388,0.12853709,0.0017915672,0.11204566,-0.004667056,0.05742295,-0.012868356,251.91588,247.57591,331.62927,1.2739753,16.142117,0.1911071
8,32,10,0.0020971524,0.034287605,0.018356623,0.0126048615,0.0033261217,0.06774331,-5.805293e-5,4.2720637,-0.3559453,4.9137187,-1.0997573,0.13548662,-0.00011610586,0.112271376,-0.009354371,0.057672538,-0.012907903,251.96184,247.7696,332.04678,1.4557025,16.142117,0.21770027
8,33,10,0.0020971524,0.03241487,0.018905045,0.010464941,0.0030448795,0.06874781,-4.423771e-5,3.8925755,0.07362416,4.7013893,-0.4356345,0.13749562,-8.847542e-5,0.1022983,0.0019348691,0.055180427,-0.0051130615,252.03181,248.12042,332.46674,0.36201033,16.141134,0.15651663
8,34,10,0.0020971524,0.032262236,0.018471489,0.010627905,0.003162844,0.06795493,0.00375274,3.922767,-0.16443798,4.791595,-0.3246801,0.13590986,0.00750548,0.10309173,-0.00432149,0.05623917,-0.003810785,252.08115,248.44736,332.1067,0.48911807,16.141134,0.1756798
8,35,10,0.0020971524,0.03283597,0.019647064,0.010050623,0.003138285,0.07008399,0.0033100122,3.8147418,-0.5186162,4.772956,-0.5466407,0.14016798,0.0066200243,0.10025279,-0.01362942,0.056020398,-0.0064159464,252.14708,248.57416,332.88345,1.0652568,16.141134,0.17591628
8,36,10,0.0020971524,0.034795385,0.020602392,0.011159755,0.0030332385,0.071767665,0.00042630243,4.019722,-0.25513786,4.692394,-0.40611783,0.14353533,0.00085260486,0.10563974,-0.006705114,0.055074845,-0.004766623,252.14938,248.51024,333.1953,0.6612557,16.141134,0.1535907
8,37,10,0.0020971524,0.033840064,0.01882258,0.011797214,0.003220271,0.068597704,0.0069221174,4.1329336,0.029952368,4.8348994,0.09974604,0.13719541,0.013844235,0.10861498,0.0007871576,0.056747433,0.0011707237,252.12135,248.4035,332.50876,-0.12969841,16.140177,0.21232349
8,38,10,0.0020971524,0.030147197,0.017051917,0.009716415,0.003378866,0.065291494,0.005350361,3.750781,-0.19458976,4.952525,-0.062292274,0.13058299,0.010700722,0.098571874,-0.00511389,0.058128014,-0.0007311265,252.14967,248.42984,333.15222,0.25688204,16.140177,0.21322386
8,39,10,0.0020971524,0.034260165,0.020882335,0.010698328,0.0026795012,0.07225361,0.0028644437,3.935742,0.004530685,4.4103003,0.074826464,0.14450721,0.0057288874,0.10343272,0.0001190678,0.0517639,0.0008782431,252.15523,248.58008,333.43207,-0.07935715,16.140177,0.20485544
8,40,10,0.0020971524,0.028785199,0.015284597,0.010621507,0.0028790939,0.061815444,0.007717973,3.9215858,-0.027199041,4.5716095,0.046446647,0.12363089,0.015435946,0.10306069,-0.0007148,0.05365719,0.0005451462,252.08504,248.36348,332.76486,-0.019247606,16.140177,0.23001416
8,41,10,0.0020971524,0.0301852,0.01832749,0.009037671,0.0028200417,0.06768953,0.008962289,3.6174033,0.11157689,4.524483,0.4502119,0.13537906,0.017924579,0.09506667,0.0029322775,0.053104065,0.005284157,252.03908,248.0483,333.17084,-0.5617888,16.1392,0.21930796
8,42,10,0.0020971524,0.034237288,0.021861127,0.009408934,0.0029672263,0.073927544,0.005338487,3.690956,0.40358758,4.6410537,0.59917235,0.14785509,0.010676974,0.09699966,0.010606425,0.054472253,0.0070325136,252.01361,247.98006,333.20273,-1.0027599,16.1392,0.21043126
8,43,10,0.0020971524,0.028366089,0.015634602,0.009772697,0.0029587902,0.0625192,0.009497182,3.7616284,0.2624545,4.634451,0.42452893,0.1250384,0.018994365,0.098856956,0.006897398,0.054394763,0.004982714,251.99176,247.97783,332.5105,-0.68698347,16.1392,0.22396219
8,44,10,0.0020971524,0.030494947,0.01807546,0.009584465,0.002835021,0.067222506,0.008490304,3.725226,-0.07282569,4.5364833,0.31614673,0.13444501,0.016980609,0.09790028,-0.0019138888,0.053244915,0.0037106283,252.00706,248.06224,332.88232,-0.24332103,16.1392,0.23194337
8,45,10,0.0020971524,0.03233266,0.018800294,0.010672805,0.0028595584,0.06855708,0.007722106,3.9310443,0.43758786,4.556073,0.7749438,0.13711417,0.015444212,0.103309266,0.011499965,0.05347484,0.0090955505,252.0051,248.07855,332.94736,-1.2125317,16.138184,0.21310222
8,46,10,0.0020971524,0.033813734,0.018049998,0.012854104,0.0029096303,0.06717514,0.009262846,4.3140936,0.7315631,4.595789,0.86426413,0.13435028,0.018525692,0.11337594,0.019225739,0.05394099,0.010143908,251.97905,248.04028,332.11313,-1.5958272,16.138184,0.22620901
8,47,10,0.0020971524,0.028176257,0.015204605,0.0102562085,0.0027154444,0.061653476,0.008930326,3.85356,0.477005,4.439782,0.82855195,0.12330695,0.017860653,0.10127294,0.012535868,0.052109927,0.00972475,252.03831,248.22813,332.869,-1.305557,16.138184,0.20743038
8,48,10,0.0020971524,0.0373646,0.023341162,0.010946257,0.0030771801,0.076389074,0.005803827,3.9810848,0.60684186,4.7262607,1.0555115,0.15277815,0.011607654,0.10462436,0.015948024,0.055472337,0.012388586,252.10965,248.52644,333.5385,-1.6623533,16.138184,0.20552777
8,49,10,0.0020971524,0.03274279,0.018866813,0.010801503,0.0030744737,0.06867826,0.010139247,3.9546745,0.60271585,4.724182,1.1962876,0.13735652,0.020278495,0.10393028,0.01583959,0.055447936,0.01404088,252.14272,248.68427,333.08643,-1.7990035,16.137177,0.21496466
8,50,10,0.0020971524,0.03126921,0.018220974,0.010020674,0.0030275637,0.067492545,0.009070222,3.8090541,0.45412406,4.688003,1.0268316,0.13498509,0.018140445,0.10010332,0.011934545,0.0550233,0.012051968,252.19241,248.73457,333.75696,-1.4809557,16.137177,0.2184953
8,51,10,0.0020971524,0.034277294,0.019765535,0.011476125,0.003035635,0.070294976,0.0070308545,4.076301,0.76566,4.6942472,1.155625,0.14058995,0.014061709,0.107126676,0.02012182,0.055096596,0.013563622,252.19551,248.64244,333.82965,-1.9212849,16.137177,0.2231228
8,52,10,0.0020971524,0.032577775,0.016567089,0.013157611,0.002853075,0.0643566,0.010507135,4.3647275,0.73232,4.550905,1.1123304,0.1287132,0.02101427,0.11470663,0.019245634,0.053414185,0.013055474,252.15012,248.533,332.86258,-1.8446505,16.137177,0.2206422
8,53,10,0.0020971524,0.030374682,0.017951125,0.009613098,0.002810458,0.066990905,0.009696529,3.7307863,0.51836663,4.5167885,0.8677372,0.13398181,0.019393058,0.09804641,0.013622863,0.053013753,0.010184674,252.1809,248.70003,333.35995,-1.3861039,16.136127,0.17391
8,54,10,0.0020971524,0.036206406,0.021785881,0.01122153,0.0031989918,0.073800206,0.0061186817,4.0308323,0.7850673,4.8188987,1.049963,0.14760041,0.0122373635,0.10593172,0.020631853,0.05655963,0.012323466,252.21318,248.81104,333.64368,-1.8350303,16.136127,0.18624847
8,55,10,0.0020971524,0.030894693,0.016439006,0.0114209615,0.0030347253,0.06410734,0.008351756,4.066493,0.6376492,4.693545,1.1336004,0.12821469,0.016703513,0.1068689,0.01675765,0.05508834,0.013305117,252.21913,248.88672,332.98636,-1.7712495,16.136127,0.2000959
8,56,10,0.0020971524,0.030000318,0.017992536,0.009017828,0.002989956,0.06706813,0.008079782,3.6134298,0.3584438,4.6587954,0.78657395,0.13413626,0.016159564,0.09496225,0.009420033,0.05468049,0.009232055,252.27438,249.0953,333.85315,-1.1450177,16.136127,0.16374029
8,57,10,0.0020971524,0.03299546,0.019407846,0.0107081095,0.0028795057,0.06965602,0.002975403,3.937541,0.416636,4.571936,0.6885602,0.13931204,0.005950806,0.10348,0.010949343,0.053661026,0.0080816625,252.36533,249.50667,334.50858,-1.1051962,16.135067,0.1723302
8,58,10,0.0020971524,0.030671688,0.017226096,0.0104393065,0.0030062855,0.06562411,0.005346954,3.8878052,0.27278927,4.6714997,0.875926,0.13124822,0.010693908,0.102172926,0.007169001,0.054829605,0.010280782,252.39323,249.67409,334.06107,-1.1487153,16.135067,0.1605454
8,59,10,0.0020971524,0.027573641,0.016141437,0.008270585,0.0031616194,0.06352448,0.0040770625,3.4604836,0.23116972,4.790667,0.91039354,0.12704895,0.008154125,0.090942755,0.0060752244,0.05622828,0.010685332,252.44942,249.68375,334.92447,-1.1415633,16.135067,0.14992386
8,60,10,0.0020971524,0.040667795,0.027482057,0.010216598,0.0029691374,0.082888566,0.0009845982,3.8461115,0.6702289,4.6425476,1.0601686,0.16577713,0.0019691964,0.10107719,0.017613856,0.05448979,0.01244325,252.52577,249.94774,335.39642,-1.7303975,16.135067,0.18592133
8,61,10,0.0020971524,0.028136315,0.014800558,0.010660428,0.0026753303,0.06082877,0.0034602222,3.9287648,0.10911327,4.4068666,0.7329042,0.12165754,0.0069204443,0.10324935,0.0028675362,0.051723596,0.00860213,252.53725,250.08028,334.67062,-0.8420175,16.133993,0.16358483
8,62,10,0.0020971524,0.02866696,0.01724839,0.008677046,0.002741525,0.065666564,0.003605091,3.544497,0.026746152,4.4610515,0.613999,0.13133313,0.007210182,0.09315066,0.0007028998,0.052359574,0.0072065317,252.58064,250.26811,335.46466,-0.64074516,16.133993,0.18265858
8,63,10,0.0020971524,0.03328727,0.020901065,0.009570939,0.002815267,0.072286,0.001601189,3.7225962,0.37782758,4.520651,0.84565896,0.144572,0.003202378,0.097831175,0.009929445,0.05305909,0.009925538,252.58136,250.2564,335.60638,-1.2234865,16.133993,0.21602169
8,64,10,0.0020971524,0.030133013,0.015956465,0.01135215,0.0028243973,0.06315945,0.0046652923,4.054224,0.31437752,4.5279765,0.89139503,0.1263189,0.009330585,0.10654647,0.0082619535,0.05314506,0.010462345,252.55035,250.25438,334.83215,-1.2057725,16.133993,0.21709082
8,65,10,0.0020971524,0.027335256,0.01644697,0.008135861,0.0027524245,0.06412287,0.0008242154,3.4321833,-0.08830337,4.469912,0.3729366,0.12824574,0.0016484308,0.09019901,-0.0023206475,0.052463554,0.0043771737,252.60216,250.47398,335.57956,-0.28463322,16.132887,0.17158508
8,66,10,0.0020971524,0.039381113,0.026359094,0.010114944,0.0029070745,0.08117742,-0.0038860843,3.8269293,0.08448275,4.5937705,0.5401358,0.16235484,-0.0077721686,0.10057308,0.0022202379,0.053917293,0.0063395975,252.65976,250.70833,336.13092,-0.62461853,16.132887,0.21641946
8,67,10,0.0020971524,0.02844918,0.015593442,0.009537663,0.003318074,0.062436853,0.0012057265,3.7161195,-0.09434049,4.9077706,0.7090291,0.124873705,0.002411453,0.09766096,-0.002479303,0.057602726,0.0083219055,252.67389,250.73686,335.66644,-0.6146886,16.132887,0.16737334
8,68,10,0.0020971524,0.029541006,0.018124677,0.008506187,0.0029101432,0.06731396,-0.00033381264,3.5094264,-0.3545432,4.5961947,0.5465217,0.13462792,-0.0006676253,0.092228994,-0.009317525,0.053945743,0.00641455,252.76274,250.96452,336.47464,-0.19197851,16.132887,0.16591991
8,69,10,0.0020971524,0.03369882,0.022570815,0.008363225,0.0027647808,0.07511793,-0.0063579795,3.4798098,-0.17512637,4.4799333,0.57013786,0.15023586,-0.012715959,0.09145067,-0.0046023843,0.052581184,0.006691735,252.83505,251.15874,337.0031,-0.39501148,16.131767,0.16363342
8,70,10,0.0020971524,0.025279218,0.014239314,0.008426336,0.0026135691,0.059664298,-0.0021847652,3.4929154,-0.40702936,4.3557024,0.6195085,0.119328596,-0.0043695304,0.09179507,-0.010696879,0.05112308,0.0072712,252.8519,251.36858,336.59998,-0.21247914,16.131767,0.14782849
8,71,10,0.0020971524,0.023606997,0.013467531,0.007514468,0.0026249972,0.058024846,-0.002229291,3.29851,-0.51189536,4.365216,0.41536012,0.11604969,-0.004458582,0.08668603,-0.013452793,0.051234726,0.0048751016,252.87784,251.49416,337.28256,0.096535236,16.131767,0.14358318
8,72,10,0.0020971524,0.030022142,0.019590467,0.007985308,0.0024463658,0.069982976,-0.0047429716,3.4002783,-0.30360255,4.2140718,0.45773622,0.13996595,-0.009485943,0.08936055,-0.007978785,0.04946075,0.0053724726,252.89587,251.51012,337.60828,-0.15413368,16.131767,0.14404555
8,73,10,0.0020971524,0.022751218,0.0130540235,0.0074471217,0.002250073,0.057127103,-0.0036674552,3.2836955,-0.4252482,4.0414715,0.15686649,0.11425421,-0.0073349103,0.08629671,-0.011175676,0.047434933,0.0018411491,252.87343,251.55086,337.19073,0.2683817,16.130617,0.08596545
8,74,10,0.0020971524,0.02373252,0.01438059,0.0071996436,0.0021522865,0.05995955,-0.0047080275,3.2286737,-0.664575,3.9526763,0.0317306,0.1199191,-0.009416055,0.08485071,-0.01746527,0.046392743,0.00037242335,252.87091,251.51709,337.52454,0.6328444,16.130617,0.13758147
8,75,10,0.0020971524,0.030606138,0.02070038,0.0077960617,0.0021096952,0.071938135,-0.006968692,3.359745,-0.40263152,3.9133713,0.31170925,0.14387627,-0.013937384,0.08829531,-0.0105813,0.045931417,0.0036585445,252.86542,251.4641,337.72095,0.090922266,16.130617,0.13954355
8,76,10,0.0020971524,0.023105606,0.012838179,0.008118767,0.0021486597,0.056652844,-0.0030138532,3.4285753,-0.34755176,3.9493449,0.3829685,0.11330569,-0.0060277064,0.0901042,-0.009133784,0.04635364,0.0044949185,252.80084,251.27632,337.00867,-0.035416722,16.130617,0.12543103
8,77,10,0.0020971524,0.024154205,0.014378939,0.0077758436,0.0019994238,0.059956107,-0.0050987545,3.3553855,-0.36036882,3.8097248,-0.04730504,0.119912215,-0.010197509,0.08818074,-0.009470624,0.044714916,-0.0005552206,252.78654,251.159,337.3415,0.40767387,16.12943,0.15900746
8,78,10,0.0020971524,0.035651453,0.026114149,0.0074921236,0.0020451809,0.08079936,-0.008535227,3.2936022,-0.014672279,3.8530715,0.08055851,0.16159873,-0.017070454,0.08655705,-0.00038559374,0.045223676,0.00094551855,252.78233,251.1324,337.5868,-0.06588623,16.12943,0.16422781
8,79,10,0.0020971524,0.025067268,0.013323011,0.009418579,0.0023256787,0.057712674,-0.003747296,3.6928475,-0.11057575,4.1088104,0.10090772,0.11542535,-0.007494592,0.09704936,-0.0029059742,0.04822529,0.0011843591,252.7467,251.06985,336.89093,0.00966803,16.12943,0.13425
8,80,10,0.0020971524,0.024747737,0.013657256,0.008652965,0.0024375163,0.058432132,-0.0049220305,3.539575,-0.38177407,4.206443,-0.121888354,0.116864264,-0.009844061,0.09302131,-0.010033159,0.04937121,-0.00143061,252.77505,251.10196,337.4736,0.5036624,16.12943,0.16963074
8,81,10,0.0020971524,0.03202129,0.021891568,0.007892628,0.0022370978,0.073979,-0.009366723,3.3804886,-0.16301963,4.029802,-0.2187054,0.147958,-0.018733446,0.08884046,-0.0042842138,0.04729797,-0.002566956,252.81818,251.28009,337.96252,0.381725,16.128214,0.16180415
8,82,10,0.0020971524,0.023260795,0.012757662,0.008362273,0.002140862,0.05647491,-0.005668811,3.4796119,-0.3032311,3.942172,-0.23707297,0.11294982,-0.011337622,0.09144546,-0.0079690255,0.04626945,-0.0027825371,252.82632,251.45638,337.436,0.54030406,16.128214,0.16927963
8,83,10,0.0020971524,0.026537031,0.016311614,0.008067632,0.002157785,0.063858464,-0.005738104,3.417761,-0.5185131,3.9577217,-0.4188288,0.12771693,-0.011476208,0.08982,-0.0136267105,0.046451963,-0.004915813,252.9049,251.79282,338.33246,0.93734187,16.128214,0.20855092
8,84,10,0.0020971524,0.033804696,0.022328699,0.009290301,0.002185695,0.07471395,-0.008719236,3.6676135,-0.19286813,3.9832358,-0.14253956,0.1494279,-0.017438471,0.09638621,-0.005068644,0.046751417,-0.0016729934,252.92926,251.83241,338.72916,0.33540767,16.128214,0.20016974
8,85,10,0.0020971524,0.026819052,0.014508238,0.01010254,0.0022082743,0.060225073,-0.0054775933,3.824582,-0.13794786,4.0037575,-0.3596761,0.12045015,-0.010955187,0.100511394,-0.0036253177,0.04699228,-0.0042215344,252.89284,251.7085,337.87033,0.49762395,16.126972,0.1551096
8,86,10,0.0020971524,0.026692202,0.015182563,0.009114737,0.0023949014,0.061608773,-0.004996343,3.6327934,-0.27651173,4.1695104,-0.6070119,0.123217545,-0.009992686,0.09547113,-0.007266827,0.04893773,-0.0071245264,252.93742,251.88394,338.25885,0.88352364,16.126972,0.20430806
8,87,10,0.0020971524,0.032135513,0.021146283,0.008694616,0.002294616,0.07270881,-0.008204088,3.548084,-0.07200488,4.0812783,-0.42263618,0.14541762,-0.016408175,0.093244925,-0.0018923169,0.047902152,-0.0049605,252.99286,252.07329,338.7614,0.49464107,16.126972,0.19035937
8,88,10,0.0020971524,0.026470829,0.014608742,0.009533659,0.002328429,0.060433313,-0.005399489,3.7153394,-0.23010825,4.111239,-0.3112642,0.12086663,-0.010798978,0.097640455,-0.0060473257,0.048253797,-0.0036533219,253.00568,252.14743,338.26578,0.5413724,16.126972,0.20826218
8,89,10,0.0020971524,0.030175328,0.017852316,0.009593755,0.0027292576,0.06680628,-0.0043880814,3.7270308,-0.1987229,4.45106,-0.45238477,0.13361256,-0.008776163,0.09794772,-0.005222508,0.052242298,-0.0053096614,253.09596,252.41385,338.95282,0.65110767,16.125689,0.20712104
8,90,10,0.0020971524,0.040983237,0.028537132,0.009861333,0.002584771,0.084464684,-0.009166012,3.7786486,0.02096519,4.331639,-0.1479212,0.16892937,-0.018332023,0.099304244,0.0005509745,0.050840642,-0.0017361586,253.1465,252.51993,339.2983,0.12695602,16.125689,0.17754568
8,91,10,0.0020971524,0.027514368,0.014989077,0.0100116115,0.0025136797,0.061214942,-0.005056138,3.807331,0.16650572,4.271655,-0.08851593,0.122429885,-0.010112276,0.10005804,0.004375826,0.05013661,-0.0010389168,253.14868,252.63484,338.5151,-0.077989794,16.125689,0.16325791
8,92,10,0.0020971524,0.02735525,0.015182874,0.009540147,0.002632228,0.061609402,-0.0051640524,3.7166035,-0.0271655,4.371223,-0.26728508,0.123218805,-0.010328105,0.09767368,-0.00071391795,0.051305242,-0.0031371373,253.18474,252.73221,339.07205,0.29445058,16.125689,0.19307025
8,93,10,0.0020971524,0.03611045,0.023849854,0.009701737,0.002558856,0.07721699,-0.0071489695,3.747947,0.14204869,4.3098693,-0.18246415,0.15443398,-0.014297939,0.0984974,0.0037330904,0.050585136,-0.0021415907,253.21042,252.75366,339.52408,0.040415466,16.124395,0.14811648
8,94,10,0.0020971524,0.030202419,0.01670509,0.010847436,0.0026498912,0.064624086,-0.0041048904,3.9630744,0.033420023,4.3858647,-0.2326267,0.12924817,-0.008209781,0.104151025,0.0008782865,0.051477093,-0.0027303498,253.21193,252.89125,339.1141,0.19920668,16.124395,0.13686655
8,95,10,0.0020971524,0.028360467,0.015882166,0.009911164,0.0025671383,0.063012235,-0.0037801985,3.788184,-0.04127067,4.316839,-0.3697597,0.12602447,-0.007560397,0.09955483,-0.0010846058,0.050666936,-0.004339887,253.27191,253.14745,339.7101,0.41103038,16.124395,0.14866003
8,96,10,0.0020971524,0.03705955,0.023987884,0.010681807,0.002389861,0.07744011,-0.008745508,3.932702,0.19707857,4.1651206,0.017243395,0.15488023,-0.017491017,0.10335283,0.005179296,0.048886206,0.00020238652,253.2917,253.16043,340.10724,-0.21432197,16.124395,0.16380104
8,97,10,0.0020971524,0.02766301,0.014420985,0.01079075,0.0024512727,0.060043704,-0.002361693,3.9527059,0.14326167,4.218296,0.0028407453,0.12008741,-0.004723386,0.103878535,0.0037649665,0.04951033,3.3342178e-5,253.30066,253.26129,339.48596,-0.14610241,16.123081,0.1319098
8,98,10,0.0020971524,0.028059386,0.0156037435,0.009695522,0.0027601204,0.062457472,-0.002652562,3.7467458,0.1297066,4.476156,-0.12812638,0.124914944,-0.005305124,0.09846584,0.0034087345,0.05253685,-0.0015038248,253.35345,253.34293,340.0056,-0.0015802234,16.123081,0.14977013
8,99,10,0.0020971524,0.032504704,0.020023914,0.009831194,0.0026495974,0.07075294,-0.005592905,3.7728698,0.22708045,4.3856215,0.121694736,0.14150588,-0.01118581,0.09915238,0.0059677567,0.05147424,0.0014283349,253.41615,253.49231,340.57013,-0.34877518,16.123081,0.15535651
8,100,10,0.0020971524,0.02946603,0.017151287,0.009644229,0.0026705142,0.06548146,-0.0005856064,3.7368221,0.07465008,4.4028983,-0.015223474,0.13096292,-0.0011712128,0.09820504,0.0019618315,0.05167702,-0.00017867742,253.43991,253.73155,340.34348,-0.059426606,16.123081,0.14232273
9,1,10,0.001677722,0.045584653,0.022075942,0.014344117,0.009164594,0.07428987,0.0012651486,4.557279,1.4491084,8.156386,1.2688788,0.14857975,0.0025302973,0.11976693,0.038083088,0.095731884,0.014892887,253.74062,254.95595,341.05847,-2.717987,16.121712,0.49915913
9,2,10,0.001677722,0.04504817,0.023801671,0.012406564,0.008839934,0.07713895,0.00034702607,4.2383265,1.3116081,8.0106125,0.93935835,0.1542779,0.00069405214,0.11138476,0.034469534,0.094020925,0.011025293,253.77142,255.04755,341.53693,-2.2509665,16.121712,0.458962
9,3,10,0.001677722,0.045922138,0.025036477,0.012565891,0.008319767,0.07911459,-0.0025098475,4.2654552,1.6617863,7.771356,1.112278,0.15822919,-0.005019695,0.11209769,0.04367234,0.09121276,0.0130548505,253.72014,254.73045,341.4401,-2.7740643,16.121712,0.4469777
9,4,10,0.001677722,0.039898075,0.01993998,0.012272718,0.0076853796,0.070604496,6.0647726e-5,4.2154026,1.6150006,7.4691963,0.90612495,0.14120899,0.00012129545,0.1107823,0.0424428,0.087666295,0.010635233,253.6025,254.28746,340.2299,-2.5211256,16.121712,0.4227768
9,5,10,0.001677722,0.03545797,0.019318253,0.010288198,0.005851518,0.06949506,0.0010346719,3.8595648,1.2828879,6.5174165,0.76625776,0.13899012,0.0020693438,0.10143075,0.03371476,0.076495215,0.008993604,253.52808,253.9289,340.4694,-2.0491457,16.120584,0.33247203
9,6,10,0.001677722,0.0381709,0.022019936,0.010562046,0.0055889203,0.07419558,-0.0027567404,3.9105942,1.4447821,6.3694983,0.8957932,0.14839116,-0.005513481,0.10277182,0.037969396,0.07475908,0.010513963,253.43166,253.41635,340.29065,-2.3405752,16.120584,0.32903957
9,7,10,0.001677722,0.032223914,0.016291546,0.010495027,0.005437339,0.06381917,0.0004971759,3.8981671,1.5315089,6.282527,0.8009835,0.12763834,0.0009943518,0.10244524,0.040248606,0.073738314,0.009401181,253.30844,252.86928,339.17184,-2.3324924,16.120584,0.32910126
9,8,10,0.001677722,0.034186885,0.019240908,0.009564342,0.0053816354,0.0693558,0.0001658168,3.721313,1.4798152,6.250263,0.6442372,0.1387116,0.0003316336,0.09779745,0.03889008,0.07335963,0.0075614415,253.26036,252.55402,339.23447,-2.1240525,16.120584,0.33390334
9,9,10,0.001677722,0.033871543,0.020637745,0.009483705,0.0037500947,0.071829215,-0.002084397,3.7055929,1.0503947,5.217499,0.81743145,0.14365843,-0.004168794,0.09738432,0.02760475,0.061238017,0.009594234,253.22198,252.36348,339.34888,-1.8678261,16.119444,0.22057547
9,10,10,0.001677722,0.029033732,0.015559192,0.010007324,0.0034672162,0.062368244,0.0015051055,3.8065157,1.0877688,5.016856,0.79290426,0.12473649,0.003010211,0.10003661,0.028586961,0.05888307,0.0093063535,253.15152,252.11697,338.24222,-1.880673,16.119444,0.2289435
9,11,10,0.001677722,0.029560743,0.017459765,0.008771625,0.0033293532,0.0660677,0.0018527183,3.5637624,1.0001637,4.916105,0.5309657,0.1321354,0.0037054366,0.09365696,0.026284665,0.05770055,0.00623197,253.18233,252.1931,338.70984,-1.5311294,16.119444,0.23504454
9,12,10,0.001677722,0.03469826,0.023055842,0.008481963,0.0031604532,0.07592075,-0.0008453939,3.5044255,0.8792962,4.789784,0.6309273,0.1518415,-0.0016907878,0.09209757,0.023108218,0.05621791,0.0074052243,253.22028,252.36517,339.3381,-1.5102235,16.119444,0.21413086
9,13,10,0.001677722,0.026403587,0.015534837,0.008461169,0.0024075808,0.062319413,0.002890154,3.5001276,0.11338573,4.180533,0.45956206,0.124638826,0.005780308,0.091984615,0.0029798192,0.049067106,0.0053939,253.1804,252.35466,338.5989,-0.5729478,16.118317,0.25126243
9,14,10,0.001677722,0.026152505,0.01462974,0.009023747,0.002499016,0.06047673,0.0020517258,3.6146154,0.067500144,4.2591777,0.25446814,0.12095346,0.0041034515,0.094993405,0.0017739276,0.04999016,0.0029867035,253.14835,252.15141,338.7051,-0.3219683,16.118317,0.25867236
9,15,10,0.001677722,0.03210991,0.020562602,0.008944715,0.0026025926,0.07169833,-0.00173811,3.5987523,0.12806097,4.346546,0.50090575,0.14339666,-0.00347622,0.09457651,0.0033654908,0.05101561,0.005879154,253.13423,251.99489,338.68616,-0.6289667,16.118317,0.25105083
9,16,10,0.001677722,0.027959587,0.015668225,0.009573347,0.0027180149,0.06258639,0.0013917811,3.723065,0.03898012,4.441883,0.38113722,0.12517278,0.0027835623,0.09784348,0.0010244081,0.052134585,0.004473426,253.10101,251.92212,337.94043,-0.42011735,16.118317,0.29023373
9,17,10,0.001677722,0.0263343,0.014491731,0.008871154,0.0029714145,0.060190804,0.0015012844,3.5839236,-0.6556428,4.644327,-0.2110359,0.12038161,0.0030025688,0.094186805,-0.017230531,0.054510683,-0.0024769367,253.1265,252.00229,338.44467,0.8666787,16.117182,0.30081168
9,18,10,0.001677722,0.03231181,0.01989369,0.009236881,0.0031812382,0.070522495,-0.0021265948,3.6570535,-0.5524387,4.805508,-0.0067593353,0.14104499,-0.0042531895,0.09610869,-0.014518286,0.056402467,-7.933198e-5,253.13405,252.04195,338.54807,0.559198,16.117182,0.29496095
9,19,10,0.001677722,0.028197516,0.0142220715,0.010685267,0.0032901757,0.059628163,0.0018580282,3.9333382,-0.5061013,4.887095,-0.12359974,0.119256325,0.0037160565,0.103369564,-0.013300526,0.057360053,-0.0014506928,253.08438,251.87709,337.62973,0.629701,16.117182,0.33990076
9,20,10,0.001677722,0.026853912,0.013519728,0.009902244,0.003431939,0.058137182,0.0006236166,3.7864783,-0.70930463,4.9912696,-0.2906136,0.116274364,0.0012472332,0.09951002,-0.018640783,0.058582753,-0.0034109463,253.07303,251.80252,337.74612,0.9999182,16.117182,0.34571958
9,21,10,0.001677722,0.030929856,0.016546458,0.010013013,0.0043703844,0.06431652,-0.002515951,3.807598,-0.8787981,5.632498,-0.6637988,0.12863304,-0.005031902,0.100065045,-0.023095133,0.06610888,-0.0077910386,253.01938,251.53575,337.75925,1.5425969,16.116026,0.34961188
9,22,10,0.001677722,0.026881946,0.011823644,0.0106875785,0.0043707252,0.05436829,0.00028772833,3.9337645,-0.6991929,5.632717,-0.8925604,0.10873658,0.00057545665,0.10338075,-0.018375041,0.06611146,-0.010476023,252.86879,250.855,336.4959,1.5917532,16.116026,0.36356965
9,23,10,0.001677722,0.026978754,0.012571829,0.009987371,0.004419554,0.056062084,-0.00015937387,3.802719,-0.77287155,5.664094,-1.1228495,0.11212417,-0.00031874774,0.099936835,-0.02031134,0.06647973,-0.013178932,252.78784,250.47395,336.41733,1.895721,16.116026,0.35812402
9,24,10,0.001677722,0.032707535,0.01690793,0.011221878,0.0045777247,0.06501525,-0.003391707,4.0308948,-0.5447287,5.764559,-0.7853922,0.1300305,-0.006783414,0.10593337,-0.014315668,0.06765889,-0.00921818,252.77272,250.42136,336.4648,1.3301209,16.116026,0.36262694
9,25,10,0.001677722,0.028109623,0.012633399,0.010315481,0.005160743,0.056199197,0.00075229467,3.8646786,-0.9145634,6.1206474,-1.509313,0.11239839,0.0015045893,0.10156515,-0.024035059,0.07183831,-0.017714875,252.76642,250.4132,335.7287,2.4238763,16.114832,0.3260225
9,26,10,0.001677722,0.027829126,0.0117943,0.010312305,0.00572252,0.05430078,-0.00028176635,3.8640842,-1.1997865,6.445177,-1.8586636,0.10860156,-0.0005635327,0.10154952,-0.03153082,0.07564734,-0.021815224,252.79822,250.4819,336.23703,3.0584502,16.114832,0.35231802
9,27,10,0.001677722,0.031004025,0.0150542185,0.01042239,0.0055274162,0.061347816,-0.0029565827,3.8846538,-1.0964794,6.3343534,-1.5243682,0.12269563,-0.0059131654,0.102090105,-0.028815877,0.074346595,-0.017891577,252.80807,250.51878,336.62814,2.6208477,16.114832,0.36200708
9,28,10,0.001677722,0.02797558,0.0112777455,0.011505143,0.0051926915,0.053098366,0.00043833678,4.081452,-1.117671,6.1395636,-1.5277158,0.10619673,0.00087667356,0.10726203,-0.029372796,0.07206033,-0.01793087,252.77028,250.4826,335.9487,2.6453867,16.114832,0.37998697
9,29,10,0.001677722,0.024699789,0.010253092,0.009372167,0.0050745294,0.050628778,0.0008943587,3.6837375,-1.1765431,6.069307,-2.3280942,0.101257555,0.0017887173,0.09680995,-0.030919977,0.07123573,-0.027324947,252.70975,250.1663,336.0741,3.5046372,16.113594,0.31057358
9,30,10,0.001677722,0.029003346,0.013538669,0.009937261,0.0055274162,0.058177892,-0.0026377246,3.7931678,-1.1756737,6.3343534,-2.2805393,0.116355784,-0.0052754492,0.09968581,-0.030897126,0.074346595,-0.026766796,252.63863,249.8409,335.8761,3.456213,16.113594,0.32243997
9,31,10,0.001677722,0.029393373,0.01306129,0.010407444,0.0059246407,0.057143,0.00038228693,3.8818676,-1.1182551,6.5580125,-2.4378405,0.114286,0.00076457387,0.10201688,-0.02938815,0.07697169,-0.028613048,252.55363,249.56895,334.76343,3.5560956,16.113594,0.3471026
9,32,10,0.001677722,0.028906308,0.0125803985,0.010345814,0.005980097,0.056081187,4.71516e-5,3.8703566,-1.2375314,6.588634,-2.6452787,0.112162374,9.43032e-5,0.10171437,-0.03252277,0.07733109,-0.031047758,252.51907,249.3643,334.82666,3.88281,16.113594,0.35129514
9,33,10,0.001677722,0.030371053,0.015244467,0.00966262,0.0054639676,0.061734244,-0.0033587606,3.7403831,-0.7514903,6.297893,-2.7710195,0.12346849,-0.006717521,0.098298624,-0.019749437,0.073918656,-0.03252358,252.49095,249.17233,334.70532,3.5225098,16.112333,0.32314113
9,34,10,0.001677722,0.028083336,0.011647116,0.010531917,0.0059043015,0.053960904,-0.0009905024,3.9050124,-0.89639175,6.546746,-2.9106343,0.10792181,-0.0019810048,0.10262513,-0.023557499,0.076839454,-0.034162246,252.45995,249.0403,334.13004,3.807026,16.112333,0.35795012
9,35,10,0.001677722,0.02728657,0.010506319,0.010426692,0.0063535604,0.051250167,-0.00080134685,3.8854558,-1.0683533,6.791251,-3.1032872,0.102500334,-0.0016026937,0.102111176,-0.028076706,0.079709224,-0.03642342,252.46849,249.07314,334.6041,4.1716404,16.112333,0.36309534
9,36,10,0.001677722,0.031984635,0.015688581,0.01012267,0.0061733844,0.06262703,-0.0038702455,3.8283904,-0.9825456,6.694264,-2.920463,0.12525406,-0.007740491,0.10061148,-0.025821654,0.07857089,-0.034277614,252.45041,249.06822,334.80164,3.9030087,16.112333,0.33756217
9,37,10,0.001677722,0.027614605,0.012393554,0.010317677,0.004903374,0.05566317,-0.0005991053,3.8650904,-0.6189979,5.9660754,-2.906544,0.11132634,-0.0011982106,0.10157596,-0.016267488,0.070024095,-0.034114234,252.39792,248.94357,334.19476,3.5255418,16.111082,0.33088598
9,38,10,0.001677722,0.026745364,0.011245694,0.0104341,0.00506557,0.053022858,-0.0008247947,3.8868353,-0.6551213,6.063947,-3.0830004,0.106045716,-0.0016495894,0.102147445,-0.017216822,0.07117282,-0.036185317,252.37317,248.76985,334.46042,3.7381217,16.111082,0.33865434
9,39,10,0.001677722,0.029582381,0.0143856015,0.010189114,0.0050076647,0.059969995,-0.004088027,3.8409345,-0.35847464,6.029188,-2.8045068,0.11993999,-0.008176054,0.100941144,-0.009420843,0.070764855,-0.032916624,252.34447,248.66125,334.2612,3.1629815,16.111082,0.31147274
9,40,10,0.001677722,0.029183034,0.0126230335,0.011208045,0.005351954,0.056176137,-0.00194936,4.0284095,-0.5167882,6.233004,-2.9999735,0.112352274,-0.00389872,0.10586806,-0.01358138,0.07315705,-0.035210818,252.27348,248.41635,333.28674,3.5167618,16.111082,0.3471532
9,41,10,0.001677722,0.027608316,0.012878254,0.010917938,0.0038121229,0.056741197,-0.001899418,3.9759321,-0.24028204,5.2604713,-2.6050377,0.11348239,-0.003798836,0.10448894,-0.006314699,0.06174239,-0.03057544,252.26799,248.39021,333.6257,2.8453197,16.109844,0.3085083
9,42,10,0.001677722,0.030290043,0.016453288,0.009997788,0.003838966,0.06413519,-0.005314617,3.8047018,-0.08690509,5.27896,-2.3621347,0.12827037,-0.010629234,0.09998894,-0.0022838998,0.06195939,-0.027724486,252.24176,248.34525,333.55106,2.4490397,16.109844,0.30384484
9,43,10,0.001677722,0.029050821,0.014721347,0.010129234,0.0042002406,0.06066578,-0.0030016562,3.8296316,-0.05767765,5.5217695,-2.5178049,0.12133156,-0.0060033123,0.1006441,-0.0015157898,0.06480926,-0.029551594,252.18611,248.1845,332.6748,2.5754826,16.109844,0.2994347
9,44,10,0.001677722,0.029257525,0.013861904,0.010435761,0.0049598585,0.058868293,-0.0034347195,3.887145,-0.17826499,6.00034,-2.8225121,0.117736585,-0.006869439,0.10215557,-0.004684868,0.07042626,-0.03312796,252.17227,248.05417,332.86984,3.0007772,16.109844,0.30971062
9,45,10,0.001677722,0.033252798,0.019736584,0.009933584,0.0035826298,0.07024348,-0.0072109457,3.7924654,0.35297483,5.099671,-1.7789798,0.14048696,-0.014421891,0.09966737,0.009276309,0.059855074,-0.020879969,252.20233,248.11926,332.9098,1.4260049,16.108644,0.24570467
9,46,10,0.001677722,0.027287655,0.014011366,0.009666929,0.0036093588,0.05918481,-0.004314164,3.7412174,0.04282616,5.1186595,-1.7963266,0.11836962,-0.008628328,0.098320544,0.0011254871,0.06007794,-0.021083564,252.236,248.30563,332.4782,1.7535005,16.108644,0.23515774
9,47,10,0.001677722,0.03047064,0.015823953,0.0110603785,0.0035863072,0.06289665,-0.00421904,4.0017843,-0.23221573,5.102288,-1.9194385,0.1257933,-0.00843808,0.105168335,-0.0061027147,0.059885785,-0.022528538,252.27315,248.45847,333.03824,2.1516542,16.108644,0.25372115
9,48,10,0.001677722,0.033175427,0.019257108,0.01028671,0.00363161,0.06938499,-0.006428587,3.8592856,0.017592518,5.134413,-1.8442624,0.13876998,-0.012857174,0.10142342,0.00046233757,0.06026284,-0.021646196,252.26567,248.49664,333.38077,1.8266698,16.108644,0.24688308
9,49,10,0.001677722,0.027961876,0.016510656,0.008765043,0.0026861764,0.0642469,-0.003183029,3.5624244,0.3627327,4.4157906,-0.7816028,0.1284938,-0.006366058,0.093621805,0.009532749,0.051828336,-0.009173706,252.23793,248.541,332.8136,0.4188701,16.107494,0.18434888
9,50,10,0.001677722,0.026672374,0.014898362,0.00903792,0.0027360923,0.061029423,-0.0029560758,3.6174536,0.19072764,4.45663,-0.98232526,0.122058846,-0.0059121517,0.09506798,0.0050123916,0.05230767,-0.011529595,252.23166,248.49341,333.1571,0.7915976,16.107494,0.20289189
9,51,10,0.001677722,0.029924521,0.018666042,0.008263299,0.0029951797,0.06831186,-0.0057471255,3.458959,0.14239803,4.6628633,-0.8887296,0.13662373,-0.011494251,0.09090269,0.003742271,0.054728236,-0.010431059,252.23328,248.54472,333.24338,0.7463316,16.107494,0.2015253
9,52,10,0.001677722,0.02939752,0.017533345,0.008532039,0.0033321357,0.06620677,-0.0031564955,3.514755,0.07560129,4.918159,-0.9813524,0.13241354,-0.006312991,0.092369035,0.0019868263,0.057724655,-0.011518176,252.19879,248.49524,332.6145,0.9057511,16.107494,0.20457084
9,53,10,0.001677722,0.025656452,0.0146467,0.008196835,0.0028129169,0.060511775,-0.0027839004,3.4450204,0.26473382,4.5187645,0.16291659,0.12102355,-0.0055678007,0.09053638,0.006957301,0.05303694,0.0019121595,252.17795,248.37248,332.95706,-0.4276504,16.10637,0.18932885
9,54,10,0.001677722,0.02947519,0.01823927,0.008361986,0.002873932,0.06752642,-0.0047436976,3.4795527,0.502811,4.5675097,0.4320499,0.13505284,-0.009487395,0.0914439,0.013214057,0.053609066,0.005070987,252.14543,248.20512,332.94742,-0.93486094,16.10637,0.17992854
9,55,10,0.001677722,0.027230224,0.014783536,0.009531573,0.0029151144,0.060793784,-0.0028171076,3.7149327,0.68821317,4.600118,0.4488211,0.12158757,-0.005634215,0.09762978,0.01808649,0.0539918,0.0052678334,252.11322,248.1345,332.3109,-1.1370343,16.10637,0.21758181
9,56,10,0.001677722,0.028031278,0.0149022965,0.010406271,0.0027227104,0.06103748,-0.00323276,3.8816488,0.6369567,4.4457183,0.30379605,0.12207496,-0.00646552,0.10201113,0.016739449,0.052179597,0.0035656677,252.09647,248.08817,332.5738,-0.94075274,16.10637,0.24276441
9,57,10,0.001677722,0.03158265,0.01774664,0.010598167,0.003237843,0.06660826,-0.004764024,3.9172747,0.84275496,4.8480725,1.433354,0.13321652,-0.009528048,0.1029474,0.022147905,0.056902047,0.016823342,252.04471,247.9225,332.28488,-2.276109,16.10528,0.25738612
9,58,10,0.001677722,0.0324442,0.017950874,0.011070757,0.0034225676,0.066990435,-0.0025237307,4.003661,0.6201689,4.9844503,1.4102962,0.13398087,-0.0050474615,0.105217665,0.016298264,0.058502715,0.01655271,252.02606,248.0105,331.51755,-2.0304651,16.10528,0.2560189
9,59,10,0.001677722,0.030954486,0.016622446,0.011045181,0.0032868588,0.06446403,-0.0025534383,3.9990342,0.44034535,4.88463,1.2356832,0.12892807,-0.0051068766,0.10509606,0.0115724355,0.057331134,0.014503272,252.06474,248.07942,332.14606,-1.6760285,16.10528,0.24510896
9,60,10,0.001677722,0.034056574,0.01954989,0.010902489,0.0036041974,0.06991046,-0.0059510246,3.973118,0.45284653,5.114998,1.4217187,0.13982092,-0.011902049,0.104414985,0.011900971,0.060034968,0.016686775,252.09174,248.1862,332.49323,-1.8745652,16.10528,0.25867927
9,61,10,0.001677722,0.032704256,0.018148763,0.010279856,0.0042756395,0.06735867,-0.00061985716,3.8579996,0.41699553,5.5711102,2.146275,0.13471735,-0.0012397143,0.101389624,0.010958794,0.065388374,0.025190927,252.06407,248.1158,331.988,-2.5632706,16.10423,0.26866513
9,62,10,0.001677722,0.029553115,0.015200055,0.010348065,0.0040049967,0.061644252,-9.686255e-5,3.8707774,0.36853603,5.3919063,2.0293236,0.123288505,-0.0001937251,0.10172544,0.009685257,0.063285045,0.023818262,252.03564,247.96768,332.47348,-2.3978596,16.10423,0.27446386
9,63,10,0.001677722,0.034590144,0.017684637,0.012753844,0.0041516614,0.0664918,-0.0030176574,4.2972364,0.6267365,5.489745,1.966092,0.1329836,-0.006035315,0.11293292,0.016470866,0.06443339,0.023076113,251.9428,247.54143,332.0734,-2.5928285,16.10423,0.2874662
9,64,10,0.001677722,0.034309935,0.015833976,0.014366123,0.0041098385,0.06291656,-0.00082241016,4.5607734,0.78897065,5.4620237,1.7799809,0.12583312,-0.0016448203,0.119858764,0.020734435,0.06410802,0.020891722,251.86707,247.26414,330.9987,-2.5689516,16.10423,0.29426584
9,65,10,0.001677722,0.03344475,0.015820632,0.0132807605,0.004343359,0.062890045,0.0006964123,4.3851066,0.711449,5.615055,1.9028946,0.12578009,0.0013928246,0.11524218,0.01869714,0.06590416,0.022334363,251.89873,247.32173,331.2819,-2.6143436,16.103218,0.25714004
9,66,10,0.001677722,0.036190737,0.020427251,0.011283513,0.0044799712,0.07146197,-0.0020944686,4.0419493,0.7094739,5.7026787,2.0363424,0.14292394,-0.004188937,0.10622388,0.018645229,0.06693259,0.023900647,251.96793,247.65504,331.753,-2.7458162,16.103218,0.26407403
9,67,10,0.001677722,0.03510172,0.019210353,0.011374625,0.004516738,0.06930071,0.0006783001,4.058235,0.36780038,5.726031,2.08304,0.13860142,0.0013566002,0.10665189,0.009665932,0.06720668,0.024448738,251.98862,247.95135,331.3458,-2.4508405,16.103218,0.2428845
9,68,10,0.001677722,0.034647945,0.018692864,0.011547377,0.0044077034,0.068360925,0.0010841469,4.0889363,0.24490434,5.6564946,2.093755,0.13672185,0.0021682938,0.107458726,0.0064361733,0.06639054,0.024574492,252.0264,248.03235,331.64154,-2.3386593,16.103218,0.22849765
9,69,10,0.001677722,0.038415518,0.021290714,0.012096303,0.0050284998,0.07295669,-0.00037627207,4.1849957,0.31776127,6.041717,2.1944377,0.14591338,-0.00075254415,0.10998319,0.008350884,0.070911914,0.025756218,252.07294,248.17093,331.74673,-2.512199,16.102247,0.20988944
9,70,10,0.001677722,0.03791986,0.020797877,0.012414393,0.0047075883,0.072107345,0.0020161034,4.2396636,0.29636836,5.845753,2.1198685,0.14421469,0.0040322067,0.111419894,0.007788668,0.06861187,0.024880994,252.1219,248.46547,331.66687,-2.4162369,16.102247,0.23254141
9,71,10,0.001677722,0.034039564,0.018812764,0.010693992,0.0045328066,0.068579815,0.0015782404,3.934944,-0.024505654,5.736207,2.089041,0.13715963,0.0031564808,0.10341176,-0.00064401614,0.06732612,0.024519166,252.16547,248.66556,332.28284,-2.0645354,16.102247,0.21251918
9,72,10,0.001677722,0.039664596,0.022884376,0.012003973,0.0047762464,0.075637914,-0.00096583477,4.168993,0.12031168,5.8882275,2.131088,0.15127583,-0.0019316695,0.10956264,0.003161834,0.06911039,0.02501268,252.1982,248.86093,332.47827,-2.2513998,16.102247,0.19921818
9,73,10,0.001677722,0.038082138,0.020543179,0.012508348,0.005030611,0.07166446,0.0043213814,4.2556767,-0.15032522,6.042986,1.8008591,0.14332892,0.008642763,0.111840725,-0.0039506014,0.0709268,0.02113676,252.19539,248.92334,331.95834,-1.6505339,16.101301,0.22561228
9,74,10,0.001677722,0.035558134,0.01920057,0.011527345,0.004830218,0.06928306,0.0036992638,4.085388,-0.22579871,5.921403,1.6594198,0.13856612,0.0073985276,0.107365474,-0.0059340713,0.06949977,0.019476691,252.21425,248.83,332.46817,-1.433621,16.101301,0.20202611
9,75,10,0.001677722,0.03746466,0.02074781,0.011983083,0.0047337683,0.0720205,0.0011070827,4.1653643,0.07595732,5.861985,1.8709686,0.144041,0.0022141654,0.10946727,0.0019961866,0.06880239,0.021959644,252.23619,248.92381,332.74554,-1.9469259,16.101301,0.20512387
9,76,10,0.001677722,0.037085347,0.020449156,0.0117521165,0.0048840735,0.07150027,0.0038405687,4.125026,-0.107953295,5.954322,1.9129429,0.14300054,0.0076811374,0.10840718,-0.0028370505,0.06988615,0.022452297,252.23796,249.13048,332.09082,-1.8049896,16.101301,0.22387236
9,77,10,0.001677722,0.038072016,0.021820474,0.011630992,0.0046205497,0.073858775,0.005866896,4.103714,-0.57280016,5.7914596,1.5765371,0.14771755,0.011733792,0.10784708,-0.015053397,0.06797463,0.018503884,252.28058,249.2732,332.6389,-1.003737,16.10038,0.26149634
9,78,10,0.001677722,0.036659777,0.019590238,0.0122873755,0.0047821645,0.069982566,0.0027321908,4.2179193,-0.21792911,5.891875,1.7274855,0.13996513,0.0054643815,0.110848434,-0.0057272557,0.0691532,0.02027557,252.31238,249.23604,332.9068,-1.5095564,16.10038,0.23340671
9,79,10,0.001677722,0.035932556,0.019777087,0.01137533,0.004780136,0.07031552,0.004646764,4.0583615,-0.15124199,5.8906245,1.6825478,0.14063103,0.009293528,0.106655195,-0.0039746948,0.06913853,0.019748136,252.32657,249.38533,332.3638,-1.5313058,16.10038,0.2180777
9,80,10,0.001677722,0.03533054,0.020232117,0.010701693,0.0043967348,0.07111982,0.0060923016,3.9363606,-0.33150992,5.6494527,1.6395736,0.14223965,0.012184603,0.10344899,-0.008712199,0.06630788,0.019243753,252.32927,249.4707,332.92654,-1.3080636,16.10038,0.21779309
9,81,10,0.001677722,0.03571735,0.021186411,0.010832224,0.0036987152,0.07277776,0.004440682,3.960295,-0.35829097,5.181633,1.3607395,0.14555553,0.008881364,0.10407797,-0.009416016,0.060817063,0.015971059,252.29393,249.41663,332.99472,-1.0024486,16.09952,0.21728748
9,82,10,0.001677722,0.032559276,0.017987248,0.010674989,0.003897039,0.06705827,0.006876462,3.9314466,-0.44889346,5.3187375,1.3619225,0.13411655,0.013752924,0.10331984,-0.011797083,0.06242627,0.015984947,252.25716,249.27153,332.19696,-0.9130291,16.09952,0.22732864
9,83,10,0.001677722,0.034864623,0.019775877,0.0112791285,0.0038096171,0.070313364,0.0063194507,4.041164,-0.5930469,5.258742,1.266459,0.14062673,0.012638901,0.10620324,-0.015585488,0.061722096,0.01486449,252.29521,249.37476,332.73938,-0.6734121,16.09952,0.22896324
9,84,10,0.001677722,0.03826732,0.022846576,0.011493585,0.0039271554,0.07557542,0.0036827447,4.0794015,-0.3326334,5.3392496,1.3825394,0.15115084,0.0073654894,0.10720814,-0.008741724,0.06266702,0.016226929,252.28125,249.25284,332.7978,-1.049906,16.09952,0.20979774
9,85,10,0.001677722,0.033714898,0.018502524,0.011807792,0.0034045822,0.06801199,0.005997208,4.134786,-0.18125257,4.971337,1.1647608,0.13602398,0.011994416,0.10866366,-0.0047633843,0.058348797,0.013670851,252.22656,248.97948,332.11508,-0.9835082,16.09873,0.19007415
9,86,10,0.001677722,0.033066127,0.018528631,0.011229243,0.003308254,0.06805996,0.007173288,4.032217,-0.16471311,4.9005027,1.152057,0.13611992,0.014346576,0.105968125,-0.0043287193,0.057517424,0.013521745,252.22984,248.9274,332.64914,-0.9873439,16.09873,0.18132024
9,87,10,0.001677722,0.03479262,0.020880394,0.010622932,0.0032892937,0.07225025,0.00480686,3.9218488,0.03532101,4.8864393,1.2645159,0.1445005,0.00961372,0.10306761,0.00092824927,0.057352364,0.0148416795,252.212,248.81668,332.87982,-1.2998369,16.09873,0.18020034
9,88,10,0.001677722,0.03168079,0.017369954,0.010956029,0.003354806,0.06589756,0.0073634493,3.982862,0.031717204,4.9348607,1.2477756,0.13179512,0.014726899,0.10467105,0.0008335395,0.057920687,0.014645197,252.16206,248.68408,332.19382,-1.2794927,16.09873,0.19792303
9,89,10,0.001677722,0.029521806,0.016724298,0.009990612,0.002806896,0.06466123,0.007536999,3.8033361,-0.08232603,4.513926,0.78219604,0.12932245,0.015073998,0.09995305,-0.0021635573,0.052980147,0.009180671,252.14485,248.60365,332.5876,-0.69987,16.097996,0.16478132
9,90,10,0.001677722,0.035122916,0.021914128,0.010278942,0.0029298423,0.07401711,0.0038953263,3.857828,0.08259358,4.611725,0.8482006,0.14803421,0.0077906526,0.10138512,0.0021705884,0.054128017,0.00995537,252.13368,248.52849,332.68143,-0.9307942,16.097996,0.164865
9,91,10,0.001677722,0.031941205,0.018347947,0.010571893,0.0030213646,0.0677273,0.0064868717,3.9124165,-0.04906248,4.683201,0.6532403,0.1354546,0.0129737435,0.10281971,-0.0012893804,0.05496694,0.0076671103,252.13313,248.60579,332.30255,-0.60417783,16.097996,0.18650606
9,92,10,0.001677722,0.031198952,0.0184262,0.009841109,0.0029316435,0.06787157,0.007285408,3.7747717,-0.12223259,4.6131415,0.47577903,0.13574314,0.014570816,0.099202365,-0.0032123171,0.054144654,0.00558424,252.18361,248.77875,333.13605,-0.35354644,16.097996,0.17754388
9,93,10,0.001677722,0.036320448,0.021943733,0.011476709,0.0029000037,0.074067086,0.0036855708,4.0764055,0.06566037,4.5881805,0.32784072,0.14813417,0.0073711416,0.1071294,0.0017255767,0.053851683,0.0038478808,252.2492,249.20845,333.57947,-0.3935011,16.097313,0.17771818
9,94,10,0.001677722,0.031737983,0.016934808,0.011966641,0.0028365345,0.065066904,0.0066065453,4.162505,-0.13879804,4.5376945,0.17473334,0.13013381,0.013213091,0.109392144,-0.0036476627,0.053259127,0.002050853,252.28548,249.45372,333.13574,-0.035935298,16.097313,0.20071658
9,95,10,0.001677722,0.031937752,0.018289464,0.011165007,0.002483283,0.06761927,0.0073260576,4.020668,-0.29532254,4.245749,0.18016334,0.13523854,0.014652115,0.105664596,-0.007761183,0.04983255,0.002114585,252.35428,249.67982,333.64758,0.1151592,16.097313,0.1985324
9,96,10,0.001677722,0.03460093,0.020860828,0.0113973245,0.0023427752,0.07221639,0.0046270657,4.0622826,-0.1909427,4.123885,0.26944166,0.14443278,0.0092541315,0.10675825,-0.0050180433,0.048402224,0.0031624495,252.32993,249.64622,333.73828,-0.07849896,16.097313,0.19028658
9,97,10,0.001677722,0.028463349,0.015350468,0.0106828995,0.0024299799,0.061948504,0.0075983773,3.9329033,-0.025535872,4.1999354,-0.023907516,0.12389701,0.015196755,0.10335811,-0.0006710911,0.049294826,-0.0002806039,252.21303,249.18951,332.80316,0.049443386,16.096676,0.19098283
9,98,10,0.001677722,0.027418861,0.015909325,0.009009466,0.002500071,0.06306609,0.006733355,3.611754,-0.012434391,4.2600765,-0.24129467,0.12613218,0.01346671,0.09491821,-0.00032678217,0.05000071,-0.0028320858,252.17772,248.87634,333.06528,0.25372905,16.096676,0.18032579
9,99,10,0.001677722,0.03553503,0.022609716,0.010236429,0.0026888833,0.07518264,0.0038882094,3.8498423,0.16774192,4.418015,-0.18801899,0.15036528,0.0077764187,0.10117524,0.004408319,0.051854443,-0.002206787,252.1865,248.87062,333.022,0.020277068,16.096676,0.19032876
9,100,10,0.001677722,0.030890666,0.01648057,0.011818847,0.0025912486,0.06418834,0.0064708893,4.1367207,0.18273191,4.337063,-0.17227188,0.12837668,0.012941779,0.10871452,0.0048022596,0.050904308,-0.002021963,252.21654,249.11888,332.59103,-0.010460034,16.096676,0.20627567
10,1,10,0.0013421776,0.066633396,0.017073689,0.042898912,0.006660798,0.065333165,0.006898451,7.8811903,1.0571973,6.9535146,1.0247298,0.13066633,0.013796902,0.20712052,0.027783528,0.08161371,0.0120273,253.41559,253.83649,339.99435,-2.0819273,16.09605,1.0512946
10,2,10,0.0013421776,0.07046815,0.020799372,0.042584553,0.0070842314,0.07210994,0.006166487,7.852261,1.0322245,7.1711297,0.95470935,0.14421988,0.012332974,0.20636025,0.027127242,0.084167875,0.011205472,253.44745,253.93979,339.9921,-1.986934,16.09605,1.0935533
10,3,10,0.0013421776,0.08196705,0.031790935,0.042809717,0.007366398,0.08915006,0.0028373504,7.8729935,0.98344666,7.312549,1.218868,0.17830013,0.0056747007,0.2069051,0.025845336,0.08582772,0.0143059045,253.47958,254.03212,340.3548,-2.2023146,16.09605,1.0976776
10,4,10,0.0013421776,0.069477245,0.018461684,0.043576505,0.007439052,0.06793689,0.006077095,7.9431877,0.8158175,7.348522,1.24634,0.13587378,0.01215419,0.20874986,0.02143998,0.08624994,0.014628349,253.45493,254.00685,339.9411,-2.0621576,16.09605,1.0920216
10,5,10,0.0013421776,0.060821064,0.020445725,0.03321813,0.0071572056,0.071494274,0.0052317344,6.9351554,0.93436515,7.207969,0.98054785,0.14298855,0.010463469,0.18225841,0.024555461,0.08460027,0.011508735,253.47072,254.01053,340.36462,-1.9149129,16.095467,0.855208
10,6,10,0.0013421776,0.06717342,0.026465796,0.0331603,0.007547328,0.08134156,0.0013008274,6.929117,1.1286014,7.4018083,1.2558452,0.16268311,0.0026016547,0.1820997,0.029660061,0.08687536,0.014739913,253.49496,254.05989,340.8343,-2.3844466,16.095467,0.87671894
10,7,10,0.0013421776,0.061900236,0.018269168,0.036156543,0.0074745254,0.06758174,0.0050682626,7.235393,1.0022415,7.366022,1.1445662,0.13516349,0.010136525,0.19014874,0.02633926,0.08645534,0.013433827,253.4988,254.10957,340.31738,-2.1468077,16.095467,0.9008545
10,8,10,0.0013421776,0.06821543,0.023952227,0.03664988,0.007613326,0.077382535,0.004520418,7.284587,0.98116034,7.4341,0.9500883,0.15476507,0.009040836,0.19144158,0.025785249,0.087254375,0.011151226,253.5411,254.26643,340.38123,-1.9312487,16.095467,0.8951501
10,9,10,0.0013421776,0.054472115,0.024602104,0.023485053,0.006384957,0.07842529,-0.0015652808,5.831288,0.9387334,6.80801,1.3132062,0.15685058,-0.0031305617,0.15324834,0.024670258,0.07990593,0.015413164,253.6289,254.69054,341.10318,-2.2519395,16.094841,0.5185537
10,10,10,0.0013421776,0.05326946,0.020599892,0.025818128,0.006851442,0.071763314,0.0014853097,6.1140785,0.8421242,7.0523233,1.3623394,0.14352663,0.0029706194,0.1606802,0.022131318,0.08277344,0.01598984,253.69421,255.02621,340.9781,-2.2044635,16.094841,0.51381946
10,11,10,0.0013421776,0.055374026,0.022910055,0.025362676,0.007101299,0.07568034,0.0019755072,6.059911,0.8045999,7.1797624,1.1804243,0.15136068,0.0039510145,0.15925664,0.02114518,0.0842692,0.013854693,253.73773,255.08438,341.22046,-1.9850242,16.094841,0.51560825
10,12,10,0.0013421776,0.06661242,0.034031235,0.025197394,0.0073837917,0.092237785,-0.001353982,6.0401325,0.9871094,7.321178,1.5267093,0.18447557,-0.002707964,0.15873687,0.0259416,0.08592899,0.017919062,253.74796,255.07758,341.3583,-2.5138187,16.094841,0.52697945
10,13,10,0.0013421776,0.047788974,0.020537127,0.021476548,0.0057753,0.0716539,1.6350337e-5,5.576361,0.96231097,6.4748316,1.5168562,0.1433078,3.2700675e-5,0.1465488,0.02528988,0.07599539,0.017803408,253.7036,254.97644,340.47403,-2.4791672,16.094172,0.3133533
10,14,10,0.0013421776,0.04960437,0.022390397,0.02137891,0.005835064,0.074817106,-0.00032546304,5.563672,0.8682191,6.5082464,1.2928141,0.14963421,-0.0006509261,0.14621529,0.022817116,0.07638759,0.015173813,253.73761,255.08168,340.75568,-2.1610332,16.094172,0.34202984
10,15,10,0.0013421776,0.06332205,0.035828047,0.021323096,0.006170906,0.09464149,-0.003156709,5.556404,0.76562834,6.6929207,1.4689269,0.18928298,-0.006313418,0.1460243,0.02012099,0.078555115,0.017240869,253.8018,255.37843,341.48273,-2.2345552,16.094172,0.36936787
10,16,10,0.0013421776,0.051988747,0.022874787,0.022689769,0.006424191,0.07562207,0.00076709583,5.7317038,0.660472,6.828895,1.6555645,0.15124413,0.0015341917,0.15063123,0.017357439,0.08015105,0.01943144,253.82516,255.60014,341.26593,-2.3160365,16.094172,0.36862054
10,17,10,0.0013421776,0.053866632,0.023674982,0.02498043,0.00521122,0.076933384,-0.0012065618,6.0140724,0.28119254,6.1505075,1.291456,0.15386677,-0.0024131236,0.15805198,0.007389844,0.07218878,0.015157877,253.87218,255.72751,341.67258,-1.5726485,16.093424,0.5937668
10,18,10,0.0013421776,0.059314437,0.03081809,0.023472628,0.0050237183,0.08777541,-0.004925639,5.829744,0.24089809,6.038845,1.4797962,0.17555082,-0.009851278,0.1532078,0.006330891,0.07087819,0.01736843,253.90392,255.90373,342.11508,-1.7206943,16.093424,0.565125
10,19,10,0.0013421776,0.05377243,0.02560183,0.023019647,0.005150956,0.08000286,-0.0024583407,5.7732186,0.35305637,6.1148405,1.5211796,0.16000572,-0.0049166814,0.15172227,0.009278445,0.07177016,0.017854154,253.85991,255.80319,341.47006,-1.8742359,16.093424,0.54027635
10,20,10,0.0013421776,0.05081685,0.024067832,0.021373443,0.00537557,0.07756905,-0.0023968208,5.562959,0.29327315,6.2467413,1.467536,0.1551381,-0.0047936416,0.14619659,0.0077073243,0.07331828,0.017224532,253.83424,255.61409,341.67465,-1.7608092,16.093424,0.496365
10,21,10,0.0013421776,0.06883077,0.040988944,0.023754563,0.0040872665,0.10122863,-0.0076330677,5.8646507,0.05956137,5.4470043,1.3811014,0.20245726,-0.015266135,0.15412515,0.001565295,0.06393173,0.01621005,253.83002,255.56924,341.93225,-1.4406627,16.092594,0.6359176
10,22,10,0.0013421776,0.048857756,0.01926383,0.025128396,0.004465529,0.0693971,-0.0045563197,6.031857,0.09675282,5.693478,1.3754436,0.1387942,-0.009112639,0.15851939,0.002542704,0.066824615,0.016143644,253.80167,255.48547,341.31668,-1.4721963,16.092594,0.6530738
10,23,10,0.0013421776,0.054005098,0.023046572,0.026141457,0.004817068,0.07590549,-0.004550332,6.1522436,0.20719598,5.9133363,1.2370639,0.15181097,-0.009100664,0.1616832,0.005445176,0.0694051,0.014519477,253.77864,255.26988,341.34036,-1.4442599,16.092594,0.65226555
10,24,10,0.0013421776,0.06801703,0.035892144,0.027451845,0.004673042,0.09472611,-0.007863397,6.3045545,0.4401037,5.824264,1.4627839,0.18945222,-0.015726794,0.16568598,0.01156608,0.06835965,0.017168762,253.73462,255.06128,341.18628,-1.9028876,16.092594,0.638093
10,25,10,0.0013421776,0.055047594,0.022036532,0.029198682,0.0038123792,0.07422353,-0.0055736485,6.50205,0.3762449,5.2606483,0.7507332,0.14844707,-0.011147297,0.17087622,0.009887853,0.061744466,0.008811388,253.65067,254.78886,340.1891,-1.1269782,16.091719,0.6568713
10,26,10,0.0013421776,0.05581322,0.02424208,0.027613029,0.003958111,0.07784934,-0.0043859975,6.3230367,0.23454046,5.3602524,0.5431872,0.15569869,-0.008771995,0.16617168,0.0061638043,0.06291352,0.006375411,253.66014,254.76918,340.71347,-0.77772766,16.091719,0.63291174
10,27,10,0.0013421776,0.06430966,0.03163371,0.028840618,0.0038353268,0.08892934,-0.0076080607,6.4620595,0.13410464,5.2764573,0.774837,0.17785868,-0.015216121,0.16982526,0.003524324,0.061930016,0.009094296,253.69017,254.88852,341.12988,-0.9089416,16.091719,0.6268092
10,28,10,0.0013421776,0.053529352,0.021830179,0.027911643,0.003787532,0.0738752,-0.005041274,6.3571343,0.21618436,5.243477,0.7700925,0.1477504,-0.010082548,0.16706778,0.0056814062,0.06154293,0.009038608,253.68353,254.90085,340.61823,-0.98627687,16.091719,0.6478961
10,29,10,0.0013421776,0.050132494,0.023698475,0.022733038,0.0037009825,0.076971546,-0.005574743,5.737166,-0.14527531,5.1832213,-0.30895048,0.15394309,-0.011149486,0.15077479,-0.0038178894,0.0608357,-0.0036261647,253.69093,254.88872,340.91138,0.45422578,16.09081,0.521538
10,30,10,0.0013421776,0.05477069,0.02791332,0.023102826,0.003754546,0.0835364,-0.00857402,5.783639,-0.10607671,5.220594,-0.1595372,0.1670728,-0.01714804,0.15199614,-0.0027877388,0.06127435,-0.0018724949,253.68932,254.88371,341.20532,0.2656139,16.09081,0.5364741
10,31,10,0.0013421776,0.049827557,0.021761023,0.024306692,0.0037598412,0.07375809,-0.0053614853,5.932416,0.12193838,5.224274,-0.044368476,0.14751618,-0.010722971,0.15590604,0.0032045841,0.061317544,-0.00052075554,253.63007,254.72069,340.39038,-0.0775699,16.09081,0.5563305
10,32,10,0.0013421776,0.048972122,0.023182819,0.021949217,0.00384009,0.076129526,-0.0056452476,5.6373906,0.029272003,5.279732,-0.18556082,0.15225905,-0.011290495,0.14815268,0.00076927984,0.06196846,-0.002177934,253.61636,254.6248,340.38513,0.15628882,16.09081,0.4906554
10,33,10,0.0013421776,0.05506547,0.032245986,0.019238358,0.0035811248,0.08978584,-0.009191715,5.2777967,-0.20106676,5.0986004,-0.6645129,0.17957167,-0.01838343,0.13870241,-0.0052841064,0.0598425,-0.0077994205,253.62962,254.69437,340.71835,0.8655796,16.08991,0.3097792
10,34,10,0.0013421776,0.041293968,0.019713016,0.01812231,0.003458643,0.07020152,-0.00618384,5.122423,-0.08121145,5.0106506,-0.6957387,0.14040305,-0.01236768,0.13461913,-0.002134265,0.05881023,-0.00816592,253.60258,254.61319,340.33286,0.7769501,16.08991,0.30094114
10,35,10,0.0013421776,0.04511585,0.025124706,0.016230801,0.0037603453,0.079253875,-0.0061535644,4.8477325,-0.2197757,5.224624,-0.8216874,0.15850775,-0.012307129,0.12740016,-0.005775785,0.061321653,-0.009644179,253.62239,254.65968,340.68198,1.0414631,16.08991,0.28187588
10,36,10,0.0013421776,0.05187342,0.031515658,0.016481234,0.0038765254,0.08876325,-0.008476743,4.884989,-0.17728227,5.304721,-0.526885,0.1775265,-0.016953485,0.12837926,-0.004659041,0.06226175,-0.0061840746,253.6423,254.66011,340.835,0.70416725,16.08991,0.2841651
10,37,10,0.0013421776,0.040883783,0.02157169,0.015231943,0.0040801493,0.07343652,-0.004766325,4.696197,-0.31430417,5.4422593,-1.3064811,0.14687304,-0.00953265,0.12341776,-0.008260024,0.06387605,-0.015334225,253.62788,254.708,340.20703,1.6207852,16.089066,0.22668217
10,38,10,0.0013421776,0.041273534,0.02349776,0.013532888,0.0042428877,0.0766449,-0.003824762,4.426535,-0.4451277,5.5497313,-1.4807196,0.1532898,-0.007649524,0.116330944,-0.011698119,0.06513745,-0.017379273,253.66603,254.78085,340.92844,1.9258473,16.089066,0.23292212
10,39,10,0.0013421776,0.049367048,0.029772889,0.015376539,0.0042176205,0.08627411,-0.007680815,4.7184353,-0.43849814,5.5331817,-1.1021062,0.17254822,-0.01536163,0.12400217,-0.011523889,0.06494321,-0.0129354745,253.6932,254.82118,341.268,1.5406044,16.089066,0.2544289
10,40,10,0.0013421776,0.042193376,0.021774217,0.016266849,0.0041523096,0.07378045,-0.004875349,4.8531127,-0.34435803,5.4901743,-1.1684357,0.1475609,-0.009750698,0.12754156,-0.009049856,0.06443842,-0.013713988,253.69107,254.82579,340.53128,1.5127938,16.089066,0.22430356
10,41,10,0.0013421776,0.043827437,0.024343269,0.0147690745,0.0047150925,0.07801165,-0.0023335908,4.624293,-0.6040231,5.8504105,-1.853279,0.1560233,-0.0046671815,0.12152808,-0.015873948,0.06866653,-0.02175202,253.74953,255.00801,341.01492,2.457302,16.08827,0.3809184
10,42,10,0.0013421776,0.048159152,0.028815778,0.014845626,0.0044977465,0.08487605,-0.00595421,4.636262,-0.8085293,5.7139797,-1.6048295,0.1697521,-0.01190842,0.12184263,-0.021248445,0.06706524,-0.018835962,253.82242,255.37326,341.3128,2.413359,16.08827,0.38229424
10,43,10,0.0013421776,0.044752598,0.024500897,0.015464321,0.004787376,0.07826381,-0.001990496,4.731884,-0.8164126,5.895084,-1.7401323,0.15652762,-0.003980992,0.12435562,-0.021455618,0.06919087,-0.020424014,253.80334,255.40822,340.6408,2.556545,16.08827,0.34328467
10,44,10,0.0013421776,0.040695194,0.022324981,0.013874814,0.004495401,0.07470773,-0.0027661743,4.482107,-0.79197973,5.7124896,-1.7906642,0.14941546,-0.0055323485,0.1177914,-0.020813504,0.06704775,-0.02101711,253.79303,255.3018,341.26843,2.582644,16.08827,0.3544914
10,45,10,0.0013421776,0.04621982,0.024962688,0.01670831,0.0045488165,0.078997925,-0.0026356883,4.9185257,-0.7039468,5.746328,-1.5854845,0.15799585,-0.0052713766,0.12926063,-0.018499972,0.06744491,-0.018608905,253.74649,255.05118,341.50522,2.2894313,16.087536,0.48981866
10,46,10,0.0013421776,0.03882252,0.017798826,0.016476033,0.0045476607,0.06670612,0.00029289932,4.8842177,-0.5745795,5.7455974,-1.7954277,0.13341224,0.00058579864,0.128359,-0.015100153,0.067436345,-0.021073015,253.64546,254.657,340.55035,2.370007,16.087536,0.49366778
10,47,10,0.0013421776,0.038932726,0.019144168,0.015370751,0.004417805,0.069181226,-0.0010611855,4.7175465,-0.42220476,5.662973,-2.0460646,0.13836245,-0.002122371,0.12397883,-0.011095692,0.06646657,-0.02401475,253.58183,254.23796,340.53717,2.4682693,16.087536,0.4980866
10,48,10,0.0013421776,0.04267558,0.021759035,0.016646316,0.0042702286,0.07375472,-0.0035249188,4.909392,-0.39732298,5.567584,-1.6888269,0.14750944,-0.0070498376,0.1290206,-0.010441797,0.065346986,-0.01982184,253.54568,254.02878,340.55106,2.08615,16.087536,0.5160477
10,49,10,0.0013421776,0.040335137,0.01846724,0.017623825,0.004244072,0.06794711,0.0015337633,5.0514817,-0.29758853,5.550506,-1.7001905,0.13589422,0.0030675265,0.13275476,-0.007820731,0.06514654,-0.019955212,253.47688,253.86415,339.53763,1.9977791,16.08688,0.55750436
10,50,10,0.0013421776,0.04274547,0.021478623,0.016948812,0.0043180343,0.073277935,0.0019587039,4.953798,-0.26247114,5.598662,-1.90636,0.14655587,0.0039174077,0.1301876,-0.0068978346,0.06571175,-0.022375034,253.47711,253.81854,339.80075,2.168831,16.08688,0.54778475
10,51,10,0.0013421776,0.045906574,0.024341144,0.017438987,0.0041264454,0.07800824,-0.0012233176,5.024922,-0.23332746,5.473048,-1.5951502,0.15601648,-0.0024466352,0.13205676,-0.0061319284,0.064237416,-0.018722348,253.49376,253.76834,339.97263,1.8284777,16.08688,0.5484456
10,52,10,0.0013421776,0.038787674,0.018460829,0.016167266,0.0041595795,0.06793532,0.001952134,4.838235,-0.33702743,5.494978,-1.8070043,0.13587064,0.003904268,0.12715057,-0.008857197,0.0644948,-0.021208895,253.48163,253.74352,339.2301,2.1440318,16.08688,0.5517879
10,53,10,0.0013421776,0.034352086,0.01869907,0.01171148,0.003941538,0.06837227,0.0043989215,4.1178885,-0.20667791,5.349018,-1.674708,0.13674454,0.008797843,0.108219594,-0.0054315776,0.06278167,-0.019656124,253.49272,253.7148,339.8097,1.8813859,16.086271,0.43023285
10,54,10,0.0013421776,0.041437592,0.024812954,0.012664886,0.003959751,0.07876064,0.0007165785,4.2822237,-0.0386136,5.361362,-1.2088219,0.15752128,0.001433157,0.112538375,-0.0010147769,0.06292655,-0.014187997,253.47717,253.61916,339.86893,1.2474355,16.086271,0.40606037
10,55,10,0.0013421776,0.03428781,0.016831845,0.013179286,0.004276678,0.0648688,0.0039727944,4.368322,-0.010107561,5.5717874,-1.3701544,0.1297376,0.007945589,0.11480107,-0.0002656296,0.06539632,-0.016081566,253.43951,253.50519,339.04736,1.3802619,16.086271,0.3966896
10,56,10,0.0013421776,0.034257606,0.018844776,0.0113856,0.0040272274,0.06863814,0.0037554689,4.0601926,-0.14564306,5.40685,-1.6524769,0.13727628,0.0075109378,0.106703326,-0.0038275598,0.06346044,-0.019395197,253.47404,253.58238,339.69824,1.79812,16.086271,0.39626467
10,57,10,0.0013421776,0.0365235,0.022888921,0.009753407,0.0038811716,0.075645424,0.0020254126,3.757914,0.048661474,5.3078985,-0.88831097,0.15129085,0.0040508253,0.09875934,0.0012788381,0.06229905,-0.010426146,253.51921,253.74234,340.24573,0.8396495,16.085684,0.252135
10,58,10,0.0013421776,0.032213222,0.01824875,0.009664544,0.004299929,0.06754397,0.0042033424,3.740756,-0.063746214,5.586912,-1.1132135,0.13508794,0.008406685,0.098308414,-0.0016752728,0.06557384,-0.013065839,253.5141,253.83865,339.47687,1.1769598,16.085684,0.23529907
10,59,10,0.0013421776,0.03004211,0.016745174,0.0094009,0.0038960346,0.06470157,0.004280145,3.6893802,-0.19577491,5.3180523,-1.1844047,0.12940314,0.00856029,0.09695824,-0.0051450343,0.062418222,-0.01390141,253.54944,253.9496,340.11682,1.3801796,16.085684,0.22650148
10,60,10,0.0013421776,0.036478687,0.02175068,0.010379975,0.004348031,0.07374056,0.0015685727,3.876741,-0.062198624,5.6180754,-0.86104935,0.14748111,0.0031371454,0.10188216,-0.0016346015,0.0659396,-0.010106176,253.53902,253.85571,340.22668,0.923248,16.085684,0.23812236
10,61,10,0.0013421776,0.02994983,0.01595985,0.009990985,0.0039989967,0.06316615,0.005645808,3.803407,0.255438,5.3878655,-0.5777032,0.1263323,0.011291616,0.09995491,0.0067130006,0.06323762,-0.0067805243,253.4823,253.61859,339.48666,0.32226518,16.085075,0.220679
10,62,10,0.0013421776,0.030159684,0.017861882,0.008602426,0.0036953741,0.066824175,0.005474109,3.5292237,0.10308549,5.179292,-0.91080683,0.13364835,0.010948218,0.09274927,0.0027091203,0.06078959,-0.01069018,253.49522,253.59828,339.6999,0.8077214,16.085075,0.19339235
10,63,10,0.0013421776,0.038552042,0.024838366,0.009726246,0.0039874315,0.07880096,0.00092127325,3.752678,0.081346914,5.3800697,-0.66295487,0.15760192,0.0018425465,0.09862173,0.0021378247,0.063146114,-0.007781132,253.48323,253.5369,339.60956,0.58160794,16.085075,0.22098254
10,64,10,0.0013421776,0.029288903,0.01519199,0.010045526,0.004051388,0.061627895,0.0045208354,3.8137743,0.20675042,5.4230437,-0.82535213,0.12325579,0.009041671,0.10022737,0.0054334775,0.06365051,-0.009687193,253.42099,253.3692,338.77664,0.6186017,16.085075,0.24241962
10,65,10,0.0013421776,0.029225184,0.015380564,0.010593463,0.0032511556,0.0620092,0.0041635637,3.916405,0.4553739,4.858029,-0.68453515,0.1240184,0.008327127,0.10292455,0.011967396,0.057018906,-0.008034419,253.36826,253.07253,339.15186,0.22916123,16.084444,0.30297965
10,66,10,0.0013421776,0.030382907,0.016419971,0.010617629,0.0033453067,0.06407022,0.0012251284,3.9208703,0.55929786,4.927869,-0.3261018,0.12814043,0.0024502568,0.10304188,0.01469855,0.057838626,-0.0038274701,253.30872,252.76405,339.149,-0.23319605,16.084444,0.304157
10,67,10,0.0013421776,0.027853224,0.013339903,0.0111235585,0.0033897627,0.05774925,0.0040852753,4.0131974,0.5975334,4.9605045,-0.5739495,0.1154985,0.008170551,0.10546828,0.01570339,0.058221668,-0.0067364736,253.22563,252.43951,338.18552,-0.023583889,16.084444,0.3359051
10,68,10,0.0013421776,0.029535133,0.015309794,0.010586285,0.0036390545,0.061866377,0.0042396053,3.9150782,0.49362972,5.1396728,-1.0891246,0.12373275,0.008479211,0.10288967,0.0129727665,0.060324576,-0.0127831055,253.18263,252.13895,338.3287,0.59549487,16.084444,0.3011915
10,69,10,0.0013421776,0.035952795,0.020457193,0.011973433,0.0035221698,0.07151432,0.00042743597,4.1636863,0.45470485,5.056457,-0.6629734,0.14302865,0.00085487193,0.10942318,0.011949804,0.05934787,-0.0077813487,253.1826,252.13068,338.25906,0.20826855,16.083778,0.34341654
10,70,10,0.0013421776,0.0293538,0.012687268,0.012752551,0.003913982,0.056318887,0.0033643572,4.2970185,0.40747833,5.3302875,-0.82532156,0.11263777,0.0067287143,0.11292719,0.010708681,0.062561825,-0.009686837,253.19223,252.29073,337.7016,0.41784322,16.083778,0.38426745
10,71,10,0.0013421776,0.031059528,0.014120839,0.01316233,0.003776358,0.059415568,0.003627986,4.365511,0.28190768,5.2357364,-0.93109286,0.118831135,0.007255972,0.1147272,0.007408641,0.06145208,-0.010928277,253.24199,252.41177,338.15326,0.6491852,16.083778,0.38040328
10,72,10,0.0013421776,0.031969596,0.016035404,0.012018754,0.0039154366,0.06331549,0.0010224986,4.171559,0.24033555,5.3312774,-0.58737206,0.12663098,0.0020449972,0.10963008,0.006316108,0.06257345,-0.006894013,253.28278,252.52965,338.67468,0.3470365,16.083778,0.3510489
10,73,10,0.0013421776,0.029529678,0.014411661,0.01195852,0.0031594976,0.060024288,0.0020866564,4.1610928,0.30241886,4.7890596,-0.47199565,0.120048575,0.004173313,0.10935502,0.007947681,0.056209408,-0.0055398345,253.25316,252.5093,337.84662,0.1695768,16.083075,0.36252376
10,74,10,0.0013421776,0.028218884,0.013628364,0.011805517,0.0027850044,0.058370292,0.0023814868,4.1343875,0.21398148,4.4962883,-0.57586086,0.116740584,0.0047629736,0.108653195,0.0056235115,0.05277314,-0.0067589055,253.2416,252.39108,338.0641,0.36187938,16.083075,0.3628094
10,75,10,0.0013421776,0.031262014,0.016506499,0.011818351,0.0029371625,0.06423881,-0.0011819362,4.136634,0.4644454,4.6174817,-0.23295142,0.12847762,-0.0023638725,0.10871224,0.012205799,0.054195594,-0.002734162,253.1852,252.06564,338.07498,-0.231494,16.083075,0.3723466
10,76,10,0.0013421776,0.030185428,0.014322277,0.012415479,0.0034476705,0.05983786,0.0019443348,4.239849,0.6454971,5.0026956,-0.7151239,0.11967572,0.0038886697,0.11142477,0.0169639,0.058716867,-0.00839344,253.12457,251.76738,337.1591,0.06962681,16.083075,0.40289044
10,77,10,0.0013421776,0.026426699,0.012357609,0.011115711,0.0029533792,0.055582393,-0.0012734849,4.0117817,0.13599357,4.6302114,-0.9694028,0.111164786,-0.0025469698,0.10543107,0.0035739595,0.054345,-0.011377926,253.17035,251.96204,337.689,0.8334092,16.082335,0.3127749
10,78,10,0.0013421776,0.030362919,0.015186381,0.012002962,0.0031735776,0.061616518,-0.0024753849,4.1688175,0.06351278,4.799719,-0.6889622,0.123233035,-0.0049507697,0.10955803,0.0016691396,0.056334514,-0.0080863815,253.20312,252.1833,338.1068,0.6254494,16.082335,0.339048
10,79,10,0.0013421776,0.028383454,0.012431958,0.012592895,0.0033586007,0.055749346,-8.269392e-7,4.2700353,0.101505704,4.9376516,-0.86284536,0.11149869,-1.6538784e-6,0.11221807,0.0026676029,0.057953436,-0.010127254,253.15846,252.12152,337.30612,0.76133966,16.082335,0.39358354
10,80,10,0.0013421776,0.028836599,0.012596332,0.012680711,0.0035595554,0.05611669,-0.0010999052,4.284898,0.0888154,5.0832224,-1.1888291,0.11223338,-0.0021998105,0.112608664,0.002334094,0.05966201,-0.013953339,253.13893,251.98041,337.6068,1.1000136,16.082335,0.4001203
10,81,10,0.0013421776,0.029569082,0.015574712,0.010947999,0.0030463717,0.062399343,-0.005888242,3.981402,0.27937248,4.7025414,-0.7032353,0.124798685,-0.011776484,0.10463268,0.0073420075,0.055193946,-0.008253906,253.10202,251.73714,337.47412,0.42386284,16.081564,0.27017775
10,82,10,0.0013421776,0.026221117,0.012342317,0.010883579,0.0029952207,0.05554799,-0.0033438774,3.9696715,0.23316205,4.6628947,-0.74458665,0.11109598,-0.0066877548,0.10432439,0.00612758,0.05472861,-0.008739246,253.04611,251.48012,336.52603,0.5114246,16.081564,0.27838674
10,83,10,0.0013421776,0.025185551,0.012074477,0.010730257,0.0023808188,0.054941963,-0.003059719,3.941611,-0.11529025,4.1572328,-0.7947366,0.10988393,-0.006119438,0.10358696,-0.0030298703,0.048793636,-0.009327859,253.02628,251.3243,336.99353,0.91002685,16.081564,0.28019866
10,84,10,0.0013421776,0.029713593,0.015307962,0.011384895,0.0030207378,0.061862674,-0.00547213,4.0600667,-0.04206509,4.682715,-0.8369411,0.12372535,-0.01094426,0.106700025,-0.0011054843,0.054961238,-0.009823215,252.9916,251.22987,337.0434,0.8790062,16.081564,0.31973982
10,85,10,0.0013421776,0.02431709,0.010908839,0.010379437,0.0030288137,0.052222695,-0.004865357,3.8766406,-0.101228654,4.68897,-0.9675048,0.10444539,-0.009730714,0.10187952,-0.0026603239,0.05503466,-0.011355648,252.9229,251.02237,336.17636,1.0687335,16.080776,0.20793667
10,86,10,0.0013421776,0.024004035,0.011182623,0.0098409215,0.0029804884,0.05287396,-0.0055265245,3.774736,-0.30641198,4.6514134,-1.1297563,0.10574792,-0.011053049,0.09920142,-0.008052619,0.05459385,-0.013260003,252.90219,250.9292,336.31717,1.4361683,16.080776,0.20807339
10,87,10,0.0013421776,0.028466143,0.015001691,0.010462437,0.0030020135,0.061240695,-0.0074028396,3.8921103,-0.06115796,4.6681795,-0.8285965,0.12248139,-0.014805679,0.102286056,-0.0016072543,0.054790635,-0.009725274,252.83444,250.61794,336.21835,0.8897544,16.080776,0.21666087
10,88,10,0.0013421776,0.025509791,0.011313647,0.011483968,0.0027121769,0.053182814,-0.005193413,4.0776944,-0.05031135,4.4371095,-0.8595418,0.10636563,-0.010386826,0.10716328,-0.0013221996,0.052078564,-0.01008848,252.7279,250.18999,335.2002,0.9098531,16.080776,0.22454292
10,89,10,0.0013421776,0.023813609,0.011285086,0.010138632,0.0023898906,0.053115644,-0.007250338,3.8314073,-0.25392467,4.165146,-0.71770155,0.10623129,-0.014500676,0.100690775,-0.00667323,0.048886508,-0.008423694,252.67583,249.91563,335.26538,0.9716262,16.079967,0.21854064
10,90,10,0.0013421776,0.026388545,0.013614799,0.010327849,0.0024458964,0.058341235,-0.00960312,3.8669946,-0.14038397,4.2136674,-0.49310884,0.11668247,-0.01920624,0.10162602,-0.0036893417,0.049456004,-0.0057876413,252.64697,249.7978,335.2863,0.6334928,16.079967,0.19693309
10,91,10,0.0013421776,0.026263673,0.012298273,0.011394714,0.002570685,0.05544879,-0.007398326,4.061817,-0.20355558,4.31982,-0.6047952,0.11089758,-0.014796652,0.106746025,-0.005349512,0.050701924,-0.007098508,252.59166,249.66312,334.3793,0.8083508,16.079967,0.20672244
10,92,10,0.0013421776,0.027286513,0.012757195,0.011861278,0.0026680406,0.056473877,-0.0067629274,4.1441402,-0.3210246,4.4008584,-0.9377041,0.112947755,-0.013525855,0.108909495,-0.008436641,0.05165308,-0.011005875,252.5505,249.4538,334.3556,1.2587287,16.079967,0.2679581
10,93,10,0.0013421776,0.027688978,0.013929864,0.011161356,0.002597759,0.059012424,-0.010342732,4.0200105,-0.046788283,4.3425083,-0.3434319,0.11802485,-0.020685464,0.10564732,-0.0012296113,0.050968215,-0.004030876,252.50015,249.1661,334.25308,0.39022017,16.079155,0.23953284
10,94,10,0.0013421776,0.027337585,0.013059738,0.011356452,0.0029213948,0.057139605,-0.008434975,4.054992,-0.16090135,4.6050706,-0.5767072,0.11427921,-0.01686995,0.10656665,-0.0042285477,0.054049928,-0.0067688385,252.46078,249.00714,333.5299,0.73760855,16.079155,0.23811303
10,95,10,0.0013421776,0.026957834,0.013127869,0.0106455,0.0031844662,0.057288457,-0.009259114,3.9260125,-0.3464369,4.8079453,-0.98734677,0.11457691,-0.018518228,0.10317703,-0.009104487,0.056431074,-0.011588533,252.49078,249.05272,333.88336,1.3337836,16.079155,0.24474245
10,96,10,0.0013421776,0.02774274,0.014210361,0.010159607,0.0033727726,0.05960361,-0.012039452,3.8353686,-0.28133205,4.9480577,-0.77579665,0.11920722,-0.024078904,0.100794874,-0.007393507,0.058075577,-0.009105562,252.51898,249.23068,334.09683,1.0571287,16.079155,0.23510076
10,97,10,0.0013421776,0.029005403,0.015374278,0.010713163,0.0029179626,0.061996527,-0.008563668,3.9384696,-0.3456433,4.602365,-0.2429776,0.123993054,-0.017127335,0.10350441,-0.009083631,0.05401817,-0.0028518378,252.51282,249.34213,333.64185,0.5886209,16.078344,0.24685709
10,98,10,0.0013421776,0.025749221,0.012353641,0.010747457,0.0026481226,0.055573467,-0.008955813,3.9447682,-0.46197453,4.384401,-0.4447235,0.111146934,-0.017911626,0.10366994,-0.012140854,0.051459912,-0.0052197403,252.51767,249.369,334.11124,0.906698,16.078344,0.25801587
10,99,10,0.0013421776,0.028115015,0.01499503,0.010334149,0.002785836,0.061227098,-0.010865006,3.8681743,-0.29968658,4.4969597,-0.24067643,0.122454196,-0.021730011,0.10165702,-0.007875871,0.05278102,-0.0028248308,252.49976,249.38333,334.30215,0.540363,16.078344,0.24590668
10,100,10,0.0013421776,0.027240489,0.013666275,0.0104216775,0.0031525355,0.05845142,-0.009641405,3.8845212,-0.32988635,4.78378,-0.37087882,0.11690284,-0.01928281,0.10208662,-0.00866953,0.056147445,-0.0043530217,252.43916,249.17683,333.68198,0.70076513,16.078344,0.24182819
